# HWR household_v1 locked asset
mtllib toy_duck.mtl

o rubberduck
usemtl rubber_duck_toy
v 0.00995196 -0.07899584 0.12308360
v 0.01293141 -0.07884451 0.12635643
v 0.00979364 -0.07329939 0.11641989
v 0.01409082 -0.07001532 0.11905135
v 0.01093186 -0.06507720 0.09956268
v 0.01012181 -0.07731015 0.12051772
v 0.01470606 -0.07516150 0.12313006
v 0.01673538 -0.05733081 0.10957853
v 0.01424118 -0.06161771 0.11480114
v 0.01169390 -0.06333180 0.09463190
v 0.01028039 -0.05881603 0.10580903
v 0.01871175 -0.05385277 0.10588388
v 0.01018965 -0.06163834 0.10805453
v 0.01029832 -0.05706932 0.10203417
v 0.01029832 -0.05706932 0.10203417
v 0.01076885 -0.06862457 0.10063558
v 0.01945151 -0.05242808 0.10122346
v 0.01945151 -0.05242808 0.10122346
v 0.01103854 -0.06145586 0.09966643
v 0.01219847 -0.05476712 0.09347165
v 0.01219847 -0.05476712 0.09347165
v 0.00995161 -0.06617505 0.11139505
v 0.01133221 -0.06955612 0.09645997
v -0.00000000 -0.06423702 0.09403087
v -0.00000000 -0.06537382 0.09895385
v -0.00000000 -0.07040549 0.10073983
v -0.00000000 -0.07212114 0.09622041
v -0.00000000 -0.08052604 0.12965569
v -0.00000000 -0.07227866 0.11999303
v -0.00000000 -0.07598780 0.12362094
v -0.00000000 -0.05575428 0.09302020
v -0.00000000 -0.05575428 0.09302020
v -0.00000000 -0.05575428 0.09302020
v -0.00000000 -0.07872960 0.12573392
v -0.00000000 -0.07000142 0.12774088
v -0.00000000 -0.06336245 0.12642335
v -0.00000000 -0.05720837 0.10237917
v -0.00000000 -0.05720837 0.10237917
v -0.00000000 -0.07594012 0.12942190
v -0.00000000 -0.06154564 0.11016250
v -0.00000000 -0.05918788 0.10707154
v -0.00000000 -0.06575966 0.11414510
v -0.00000000 -0.06195618 0.09938005
v 0.00629396 -0.06403562 0.09414028
v 0.00635879 -0.06524018 0.09900505
v 0.00632208 -0.06988487 0.10073375
v 0.00628911 -0.07148149 0.09628067
v 0.00720520 -0.08011960 0.12902196
v 0.00587126 -0.07263005 0.11890023
v 0.00608087 -0.07647907 0.12248385
v 0.00639461 -0.05569669 0.09308373
v 0.00639461 -0.05569669 0.09308373
v 0.00618441 -0.07886906 0.12467780
v 0.00729072 -0.06935323 0.12471721
v 0.00722237 -0.06235358 0.12266425
v 0.00638078 -0.05719979 0.10231660
v 0.00638078 -0.05719979 0.10231660
v 0.00746842 -0.07557600 0.12794759
v 0.00622974 -0.06148750 0.10982645
v 0.00632795 -0.05907863 0.10689119
v 0.00586123 -0.06578880 0.11361636
v 0.00650704 -0.06186869 0.09937846
v 0.02037783 -0.04879923 0.10631608
v 0.02037783 -0.04879923 0.10631608
v 0.02191332 -0.04715479 0.10109625
v 0.02191332 -0.04715479 0.10109625
v 0.02191332 -0.04715479 0.10109625
v 0.01669343 -0.05333273 0.11169223
v 0.01669343 -0.05333273 0.11169223
v 0.01371865 -0.05640424 0.11684161
v 0.01371865 -0.05640424 0.11684161
v -0.00000000 -0.05956335 0.12680811
v -0.00000000 -0.05956335 0.12680811
v -0.00000000 -0.05956335 0.12680811
v 0.00732832 -0.05798939 0.12300848
v 0.00732832 -0.05798939 0.12300848
v 0.01093849 -0.05905329 0.10034452
v -0.00000000 -0.05952806 0.10049120
v 0.00650417 -0.05948855 0.10042486
v 0.01959438 -0.05262084 0.10305691
v 0.01029372 -0.05718293 0.10407778
v -0.00000000 -0.05767270 0.10476954
v 0.00633817 -0.05759082 0.10469337
v 0.02097149 -0.05035760 0.09865068
v 0.02060769 -0.04984851 0.10365990
v 0.02114245 -0.04955128 0.10128567
v 0.02114245 -0.04955128 0.10128567
v 0.01534561 -0.06683567 0.10928577
v 0.01534561 -0.06683567 0.10928577
v 0.01569040 -0.06201199 0.10666274
v 0.01569040 -0.06201199 0.10666274
v 0.01521437 -0.07834811 0.11928733
v 0.01521437 -0.07834811 0.11928733
v 0.01252833 -0.08048022 0.12420061
v 0.01252833 -0.08048022 0.12420061
v 0.01531981 -0.07383086 0.11433645
v 0.01531981 -0.07383086 0.11433645
v 0.01618329 -0.05842617 0.10456179
v 0.01618329 -0.05842617 0.10456179
v 0.01629702 -0.06026171 0.10045051
v 0.01629702 -0.06026171 0.10045051
v 0.01596800 -0.06541656 0.10073652
v 0.01596800 -0.06541656 0.10073652
v 0.01628274 -0.05608220 0.10284507
v 0.01628274 -0.05608220 0.10284507
v 0.01635985 -0.05716846 0.10075364
v 0.01635985 -0.05716846 0.10075364
v 0.01563932 -0.05595292 0.10171412
v 0.01563932 -0.05595292 0.10171412
v 0.01563932 -0.05595292 0.10171412
v 0.01563932 -0.05595292 0.10171412
v 0.01440497 -0.07112394 0.10200338
v 0.01440497 -0.07112394 0.10200338
v 0.00733724 -0.07570757 0.10312257
v 0.00733724 -0.07570757 0.10312257
v -0.00000000 -0.07700403 0.10322158
v -0.00000000 -0.07700403 0.10322158
v 0.00688033 -0.08169750 0.12687556
v 0.00688033 -0.08169750 0.12687556
v -0.00000000 -0.08199228 0.12767417
v -0.00000000 -0.08199228 0.12767417
v 0.01456252 -0.07105067 0.09814591
v 0.01667510 -0.06278164 0.09608811
v 0.02031078 -0.05059071 0.09581572
v 0.02031078 -0.05059071 0.09581572
v 0.00733189 -0.07601511 0.09866151
v -0.00000000 -0.07733767 0.09866383
v 0.01735381 -0.06413368 0.09877581
v 0.01887605 -0.05624377 0.09855917
v 0.01536354 -0.07156363 0.10045668
v -0.00000000 -0.07838768 0.10146473
v 0.00760917 -0.07691041 0.10139813
v 0.01961712 -0.05332703 0.09963620
v -0.00000000 0.02067372 0.09436733
v -0.00000000 0.02067372 0.09436733
v -0.00000000 0.02864415 0.10830981
v -0.00000000 0.02864415 0.10830981
v 0.02483938 0.01356373 0.09921623
v 0.02960625 0.01564892 0.11880834
v 0.02801355 0.01528866 0.13031092
v -0.00000000 0.01427955 0.15107566
v -0.00000000 0.01427955 0.15107566
v 0.01920874 0.01476124 0.14382910
v -0.00000000 0.00540757 0.07921840
v -0.00000000 0.00540757 0.07921840
v -0.00000000 0.00540757 0.07921840
v -0.00000000 0.00540757 0.07921840
v 0.02222679 0.00129537 0.15006358
v 0.02357117 -0.01594748 0.15184659
v 0.02162446 -0.03325117 0.14803565
v 0.03353116 -0.03203342 0.13244366
v 0.03671243 -0.01465779 0.13471893
v 0.03415864 0.00276195 0.13374276
v 0.03116972 0.00321147 0.09879367
v 0.03437817 -0.01211944 0.09843841
v 0.03226488 -0.02869355 0.09880663
v 0.02720972 -0.02783207 0.09001214
v 0.02842850 -0.01331485 0.08884890
v 0.02526690 0.00177735 0.08992948
v 0.01694837 0.00036428 0.07976722
v 0.01694837 0.00036428 0.07976722
v 0.02246834 -0.01543104 0.07974286
v 0.02246834 -0.01543104 0.07974286
v 0.02143763 -0.02936314 0.07977729
v 0.02143763 -0.02936314 0.07977729
v 0.03512041 0.00394220 0.10858312
v 0.03811760 -0.01174553 0.10812025
v 0.03535078 -0.02977788 0.10742706
v 0.03639298 -0.03131989 0.11866104
v 0.03971476 -0.01282991 0.12085327
v 0.03674426 0.00387768 0.12081387
v -0.00000000 -0.00024286 0.15830293
v -0.00000000 -0.00024286 0.15830293
v -0.00000000 -0.01762255 0.15987765
v -0.00000000 -0.01762255 0.15987765
v -0.00000000 -0.03575770 0.15440787
v -0.00000000 -0.03575770 0.15440787
v 0.00680679 -0.04964746 0.09091306
v 0.00928312 -0.05508826 0.12616434
v 0.02360753 -0.04449127 0.10046107
v 0.01286826 -0.04833901 0.09175461
v 0.02284571 -0.04634457 0.10663247
v -0.00000000 -0.05644251 0.13018565
v -0.00000000 -0.05644251 0.13018565
v -0.00000000 -0.05010223 0.09076458
v -0.00000000 -0.05010223 0.09076458
v 0.01595808 -0.05342699 0.11883004
v 0.02064829 -0.04566044 0.09494648
v 0.01904256 -0.05038255 0.11275455
v 0.00807771 0.02543872 0.10228538
v 0.02807998 0.01518854 0.10822544
v -0.00000000 0.02595696 0.10121347
v -0.00000000 0.02595696 0.10121347
v -0.00000000 0.03004456 0.11620325
v -0.00000000 0.03004456 0.11620325
v -0.00000000 0.02997823 0.12510354
v -0.00000000 0.02997823 0.12510354
v -0.00000000 0.02777177 0.13471985
v -0.00000000 0.02777177 0.13471985
v 0.00970004 0.02861765 0.11621691
v 0.01013074 0.02845417 0.12504168
v 0.00924517 0.02706901 0.13307200
v 0.01440023 0.02010750 0.09813059
v 0.01491651 0.02241009 0.13808498
v -0.00000000 0.02254188 0.14346568
v -0.00000000 0.02254188 0.14346568
v 0.02021732 0.02330514 0.12697784
v 0.02033183 0.02373643 0.11680814
v 0.01878209 0.02265478 0.10781538
v -0.00000000 0.01279089 0.08675237
v -0.00000000 0.01279089 0.08675237
v 0.01286602 0.01228056 0.08891457
v 0.02091353 0.01052053 0.09185838
v -0.00000000 -0.04778863 0.08031699
v -0.00000000 -0.04778863 0.08031699
v -0.00000000 -0.04778863 0.08031699
v -0.00000000 -0.04778863 0.08031699
v 0.02555953 -0.04578725 0.12577894
v 0.02357226 -0.03759811 0.09238685
v 0.02873796 -0.04350899 0.11543020
v 0.01015878 -0.04501675 0.08004358
v 0.01015878 -0.04501675 0.08004358
v 0.01634604 -0.04725115 0.13805706
v 0.02793782 -0.03829957 0.09944787
v 0.01706598 -0.03914454 0.08013900
v 0.01706598 -0.03914454 0.08013900
v 0.02958383 -0.04037330 0.10664922
v -0.00000000 -0.04880984 0.14333550
v -0.00000000 -0.04880984 0.14333550
v -0.00000000 -0.05422235 0.07598353
v -0.00000000 -0.05422235 0.07598353
v -0.00000000 -0.07027173 0.06513959
v -0.00000000 -0.07027173 0.06513959
v -0.00000000 -0.08096000 0.05097637
v -0.00000000 -0.08096000 0.05097637
v -0.00000000 -0.08405693 0.03484467
v -0.00000000 -0.08405693 0.03484467
v -0.00000000 -0.07876412 0.01661410
v -0.00000000 -0.07876412 0.01661410
v -0.00000000 -0.06305911 0.00032211
v -0.00000000 -0.06305911 0.00032211
v -0.00000000 -0.06305911 0.00032211
v -0.00000000 -0.01913844 0.00002607
v -0.00000000 0.03699190 0.00002607
v -0.00000000 0.07443339 0.00539031
v -0.00000000 0.07443339 0.00539031
v -0.00000000 0.08076461 0.02198588
v -0.00000000 0.08076461 0.02198588
v -0.00000000 0.08335456 0.05122673
v -0.00000000 0.08335456 0.05122673
v -0.00000000 0.07753884 0.06473143
v -0.00000000 0.07753884 0.06473143
v -0.00000000 0.07275451 0.07501336
v -0.00000000 0.07275451 0.07501336
v -0.00000000 0.07275451 0.07501336
v -0.00000000 0.07275451 0.07501336
v -0.00000000 0.08353432 0.03694276
v -0.00000000 0.08353432 0.03694276
v 0.03331641 -0.06061168 0.01529143
v 0.05498398 -0.01777374 0.01872991
v 0.05498398 -0.01777374 0.01872991
v 0.05661033 0.00303378 0.01552644
v 0.05661033 0.00303378 0.01552644
v 0.05269387 0.03609103 0.01926833
v 0.05269387 0.03609103 0.01926833
v 0.02342210 0.07179662 0.02038658
v 0.01119746 -0.05128247 0.00001091
v 0.03359941 -0.01880104 0.00032300
v 0.03359941 -0.01880104 0.00032300
v 0.03717343 0.00269365 0.00032332
v 0.03717343 0.00269365 0.00032332
v 0.03461528 0.03783055 0.00035429
v 0.03461528 0.03783055 0.00035429
v 0.00930269 0.06159596 0.00013075
v 0.03262949 -0.06699361 0.03469870
v 0.05477007 -0.02799508 0.03548326
v 0.05477007 -0.02799508 0.03548326
v 0.02454839 0.07343442 0.03653386
v 0.02935929 -0.06486349 0.05248977
v 0.05170876 -0.02078308 0.05322123
v 0.05170876 -0.02078308 0.05322123
v 0.05200961 0.00158307 0.05679569
v 0.05200961 0.00158307 0.05679569
v 0.04706185 0.03604377 0.05168835
v 0.04706185 0.03604377 0.05168835
v 0.02230272 0.07367710 0.05196908
v 0.02507105 -0.05611000 0.06563661
v 0.03646544 -0.02109643 0.06901517
v 0.03704030 0.00195888 0.06969103
v 0.03174706 0.03429535 0.06796018
v 0.01536260 0.07017239 0.06490995
v 0.01960553 -0.04353445 0.07582756
v 0.02623732 -0.01651032 0.07704919
v 0.02131931 0.00411619 0.07791719
v 0.01447383 0.03290651 0.07647617
v 0.00830802 0.06701163 0.07518576
v 0.00830802 0.06701163 0.07518576
v -0.00000000 0.05122539 0.00002607
v 0.04822364 0.04652803 0.02415254
v 0.04822364 0.04652803 0.02415254
v 0.02649366 0.05391080 0.00044711
v 0.02649366 0.05391080 0.00044711
v 0.04607998 0.04917546 0.03582933
v 0.04607998 0.04917546 0.03582933
v 0.04447817 0.04683119 0.04722471
v 0.04447817 0.04683119 0.04722471
v 0.02523229 0.05266934 0.06609480
v 0.01026266 0.05055768 0.07782362
v 0.01026266 0.05055768 0.07782362
v -0.00000000 0.04542604 0.08107170
v -0.00000000 0.04542604 0.08107170
v -0.00000000 0.04542604 0.08107170
v -0.00000000 0.04542604 0.08107170
v -0.00000000 0.06904766 0.09481810
v -0.00000000 0.06904766 0.09481810
v -0.00000000 0.06904766 0.09481810
v -0.00000000 0.06904766 0.09481810
v 0.00383037 0.06779789 0.09394626
v 0.00415717 0.06309423 0.09506903
v -0.00000000 0.06255835 0.09625926
v -0.00000000 0.06255835 0.09625926
v -0.00000000 0.06255835 0.09625926
v -0.00000000 0.06255835 0.09625926
v 0.00674561 0.05807675 0.08757940
v -0.00000000 0.05446264 0.08867557
v -0.00000000 0.05446264 0.08867557
v -0.00000000 0.07111564 0.08579851
v -0.00000000 0.07111564 0.08579851
v 0.00598357 0.06746006 0.08559296
v 0.04396803 -0.04370996 0.01499910
v 0.02735005 -0.03929593 0.00032300
v 0.02735005 -0.03929593 0.00032300
v 0.04435616 -0.05056755 0.03506267
v 0.03978493 -0.04759618 0.05456005
v 0.03301737 -0.04022193 0.06705747
v 0.02455149 -0.03189413 0.07614989
v -0.00000000 -0.03872718 0.00002607
v 0.01113861 -0.05068315 0.07564229
v 0.03410304 -0.03998324 0.00360260
v 0.04133306 -0.01919578 0.00350229
v 0.04458135 0.00259463 0.00348637
v 0.04105896 0.03748156 0.00376701
v 0.03292891 0.05450490 0.00431709
v 0.01616500 0.06895900 0.00498235
v 0.02386103 -0.05496560 0.00367406
v -0.00000000 0.06810227 0.00074556
v -0.00000000 0.06810227 0.00074556
v -0.00000000 0.06810227 0.00074556
v -0.00000000 -0.06876817 0.00399159
v -0.00000000 -0.06876817 0.00399159
v 0.00900274 0.02735927 0.10840629
v 0.05524214 0.02072414 0.01626496
v 0.05524214 0.02072414 0.01626496
v 0.04383267 0.02051454 0.00352992
v 0.05021299 0.02008502 0.05512229
v 0.05021299 0.02008502 0.05512229
v 0.03498705 0.01873590 0.06906102
v 0.01763232 0.01871611 0.07683220
v -0.00000000 0.03246717 0.07843112
v -0.00000000 0.03246717 0.07843112
v -0.00000000 0.01888127 0.07821269
v -0.00000000 0.01888127 0.07821269
v -0.00000000 0.00948443 0.07862474
v -0.00000000 0.00948443 0.07862474
v -0.00000000 -0.05084005 0.00002517
v 0.01772874 -0.07332925 0.01589349
v 0.01253921 -0.06484497 0.00381781
v 0.01705980 -0.07911996 0.03470897
v 0.01539895 -0.07634175 0.05151074
v 0.01327828 -0.06618035 0.06520419
v 0.00647521 -0.05764690 0.00000000
v 0.01742310 0.00146369 0.08347426
v 0.02369355 -0.01482225 0.08298949
v 0.02268190 -0.02857628 0.08386269
v -0.00000000 0.00528920 0.08162989
v -0.00000000 0.00528920 0.08162989
v 0.01685684 -0.03958864 0.08590876
v -0.00000000 -0.04684069 0.08505653
v -0.00000000 -0.04684069 0.08505653
v 0.00900663 -0.04500473 0.08502616
v 0.01774859 -0.03868793 0.00001270
v 0.02236386 -0.01878249 0.00001270
v 0.03714538 0.02073523 0.00032830
v 0.03714538 0.02073523 0.00032830
v 0.02352041 0.03746893 0.00002052
v 0.01737408 0.05244957 0.00004372
v 0.01189060 0.06515988 0.00065564
v 0.01189060 0.06515988 0.00065564
v 0.01818126 -0.05290121 0.00032255
v 0.01818126 -0.05290121 0.00032255
v -0.00000000 0.06233802 0.00011834
v 0.00895213 -0.06067842 0.00032121
v 0.00895213 -0.06067842 0.00032121
v -0.00000000 -0.05835997 0.00000913
v 0.02528624 0.00266687 0.00001278
v 0.02544259 0.02065048 0.00001402
v -0.00000000 0.02056263 0.00002607
v -0.00000000 0.00256347 0.00002607
v 0.05114880 -0.02299084 0.01431133
v 0.05332064 0.00246966 0.01130671
v 0.05214669 0.02062692 0.01161716
v 0.04964123 0.03714283 0.01310405
v 0.04735773 -0.02660011 0.05753914
v 0.04843963 0.00109909 0.06116451
v 0.04670620 0.01980723 0.05994328
v 0.04313372 0.03653777 0.05791860
v 0.05183024 -0.03512995 0.03542920
v 0.04205692 0.05421031 0.01824396
v 0.03712174 0.05461127 0.05329230
v 0.04014897 0.05794217 0.03609273
v 0.05742740 -0.02009759 0.03539161
v 0.05982143 0.00211626 0.03535461
v 0.05753620 0.02030507 0.03539220
v 0.05269949 0.03512997 0.03547885
v 0.05524249 0.00256476 0.05171290
v 0.04980270 0.03515337 0.04745386
v 0.05866945 0.00371321 0.01994451
v 0.05399440 0.03520402 0.02331644
v 0.04895565 0.04385349 0.03564125
v 0.05719326 0.02082215 0.02065599
v 0.05332415 0.02030222 0.05036608
v 0.05683398 -0.01410313 0.02133124
v 0.05439457 -0.01646119 0.05021283
v 0.05034239 0.04299776 0.02613524
v 0.04732591 0.04317269 0.04494128
v -0.00995197 -0.07899583 0.12308360
v -0.01293141 -0.07884451 0.12635641
v -0.00979364 -0.07329938 0.11641989
v -0.01409082 -0.07001532 0.11905133
v -0.01093186 -0.06507721 0.09956268
v -0.01012181 -0.07731014 0.12051772
v -0.01470606 -0.07516150 0.12313006
v -0.01673538 -0.05733081 0.10957853
v -0.01424118 -0.06161771 0.11480114
v -0.01169391 -0.06333180 0.09463190
v -0.01028039 -0.05881603 0.10580903
v -0.01871175 -0.05385278 0.10588388
v -0.01018966 -0.06163834 0.10805455
v -0.01029833 -0.05706931 0.10203417
v -0.01029833 -0.05706931 0.10203417
v -0.01076885 -0.06862456 0.10063558
v -0.01945152 -0.05242808 0.10122346
v -0.01945152 -0.05242808 0.10122346
v -0.01103854 -0.06145586 0.09966643
v -0.01219847 -0.05476712 0.09347165
v -0.01219847 -0.05476712 0.09347165
v -0.00995162 -0.06617505 0.11139503
v -0.01133221 -0.06955611 0.09645996
v -0.00629396 -0.06403562 0.09414028
v -0.00635879 -0.06524018 0.09900505
v -0.00632209 -0.06988488 0.10073374
v -0.00628911 -0.07148149 0.09628068
v -0.00720521 -0.08011960 0.12902194
v -0.00587127 -0.07263006 0.11890023
v -0.00608088 -0.07647907 0.12248385
v -0.00639462 -0.05569669 0.09308373
v -0.00639462 -0.05569669 0.09308373
v -0.00618442 -0.07886906 0.12467780
v -0.00729072 -0.06935323 0.12471723
v -0.00722238 -0.06235357 0.12266424
v -0.00638078 -0.05719979 0.10231659
v -0.00638078 -0.05719979 0.10231659
v -0.00746842 -0.07557600 0.12794759
v -0.00622974 -0.06148750 0.10982645
v -0.00632795 -0.05907863 0.10689119
v -0.00586124 -0.06578880 0.11361636
v -0.00650704 -0.06186870 0.09937846
v -0.02037784 -0.04879923 0.10631608
v -0.02037784 -0.04879923 0.10631608
v -0.02191332 -0.04715478 0.10109625
v -0.02191332 -0.04715478 0.10109625
v -0.02191332 -0.04715478 0.10109625
v -0.01669343 -0.05333273 0.11169223
v -0.01669343 -0.05333273 0.11169223
v -0.01371865 -0.05640424 0.11684159
v -0.01371865 -0.05640424 0.11684159
v -0.00732832 -0.05798939 0.12300848
v -0.00732832 -0.05798939 0.12300848
v -0.01093849 -0.05905328 0.10034452
v -0.00650418 -0.05948855 0.10042486
v -0.01959438 -0.05262084 0.10305691
v -0.01029373 -0.05718294 0.10407778
v -0.00633818 -0.05759083 0.10469337
v -0.02097149 -0.05035760 0.09865068
v -0.02060769 -0.04984851 0.10365990
v -0.02114245 -0.04955128 0.10128568
v -0.02114245 -0.04955128 0.10128568
v -0.01534562 -0.06683567 0.10928577
v -0.01534562 -0.06683567 0.10928577
v -0.01569040 -0.06201200 0.10666274
v -0.01569040 -0.06201200 0.10666274
v -0.01521437 -0.07834811 0.11928733
v -0.01521437 -0.07834811 0.11928733
v -0.01252834 -0.08048021 0.12420061
v -0.01252834 -0.08048021 0.12420061
v -0.01531982 -0.07383087 0.11433645
v -0.01531982 -0.07383087 0.11433645
v -0.01618329 -0.05842617 0.10456179
v -0.01618329 -0.05842617 0.10456179
v -0.01629702 -0.06026171 0.10045052
v -0.01629702 -0.06026171 0.10045052
v -0.01596800 -0.06541656 0.10073652
v -0.01596800 -0.06541656 0.10073652
v -0.01628274 -0.05608220 0.10284508
v -0.01628274 -0.05608220 0.10284508
v -0.01635986 -0.05716846 0.10075364
v -0.01635986 -0.05716846 0.10075364
v -0.01563932 -0.05595291 0.10171412
v -0.01563932 -0.05595291 0.10171412
v -0.01563932 -0.05595291 0.10171412
v -0.01563932 -0.05595291 0.10171412
v -0.01440497 -0.07112394 0.10200338
v -0.01440497 -0.07112394 0.10200338
v -0.00733724 -0.07570757 0.10312256
v -0.00733724 -0.07570757 0.10312256
v -0.00688034 -0.08169751 0.12687556
v -0.00688034 -0.08169751 0.12687556
v -0.01456252 -0.07105067 0.09814591
v -0.01667510 -0.06278164 0.09608811
v -0.02031079 -0.05059071 0.09581572
v -0.02031079 -0.05059071 0.09581572
v -0.00733189 -0.07601510 0.09866151
v -0.01735381 -0.06413368 0.09877581
v -0.01887606 -0.05624377 0.09855917
v -0.01536354 -0.07156363 0.10045668
v -0.00760918 -0.07691041 0.10139814
v -0.01961712 -0.05332703 0.09963620
v -0.02483939 0.01356373 0.09921623
v -0.02960625 0.01564892 0.11880833
v -0.02801356 0.01528866 0.13031092
v -0.01920874 0.01476124 0.14382910
v -0.02222680 0.00129537 0.15006356
v -0.02357117 -0.01594748 0.15184660
v -0.02162446 -0.03325118 0.14803565
v -0.03353117 -0.03203342 0.13244366
v -0.03671243 -0.01465779 0.13471893
v -0.03415864 0.00276195 0.13374276
v -0.03116972 0.00321147 0.09879367
v -0.03437817 -0.01211944 0.09843841
v -0.03226488 -0.02869355 0.09880663
v -0.02720972 -0.02783207 0.09001214
v -0.02842851 -0.01331485 0.08884890
v -0.02526690 0.00177735 0.08992948
v -0.01694837 0.00036428 0.07976722
v -0.01694837 0.00036428 0.07976722
v -0.02246834 -0.01543104 0.07974286
v -0.02246834 -0.01543104 0.07974286
v -0.02143763 -0.02936314 0.07977729
v -0.02143763 -0.02936314 0.07977729
v -0.03512041 0.00394220 0.10858313
v -0.03811760 -0.01174553 0.10812025
v -0.03535078 -0.02977788 0.10742706
v -0.03639299 -0.03131989 0.11866104
v -0.03971476 -0.01282991 0.12085328
v -0.03674426 0.00387768 0.12081387
v -0.00680679 -0.04964746 0.09091306
v -0.00928312 -0.05508826 0.12616434
v -0.02360754 -0.04449127 0.10046107
v -0.01286827 -0.04833901 0.09175460
v -0.02284571 -0.04634457 0.10663247
v -0.01595808 -0.05342699 0.11883004
v -0.02064829 -0.04566045 0.09494648
v -0.01904256 -0.05038255 0.11275455
v -0.00807771 0.02543872 0.10228538
v -0.02807998 0.01518854 0.10822543
v -0.00970005 0.02861765 0.11621691
v -0.01013074 0.02845418 0.12504167
v -0.00924518 0.02706901 0.13307200
v -0.01440024 0.02010750 0.09813058
v -0.01491651 0.02241009 0.13808498
v -0.02021733 0.02330514 0.12697784
v -0.02033184 0.02373643 0.11680816
v -0.01878209 0.02265478 0.10781538
v -0.01286602 0.01228056 0.08891456
v -0.02091353 0.01052053 0.09185839
v -0.02555954 -0.04578726 0.12577894
v -0.02357226 -0.03759812 0.09238685
v -0.02873797 -0.04350899 0.11543020
v -0.01015878 -0.04501676 0.08004358
v -0.01015878 -0.04501676 0.08004358
v -0.01634605 -0.04725115 0.13805706
v -0.02793782 -0.03829957 0.09944787
v -0.01706598 -0.03914454 0.08013899
v -0.01706598 -0.03914454 0.08013899
v -0.02958383 -0.04037330 0.10664923
v -0.03331642 -0.06061168 0.01529143
v -0.05498399 -0.01777374 0.01872991
v -0.05498399 -0.01777374 0.01872991
v -0.05661033 0.00303378 0.01552645
v -0.05661033 0.00303378 0.01552645
v -0.05269388 0.03609104 0.01926833
v -0.05269388 0.03609104 0.01926833
v -0.02342210 0.07179662 0.02038658
v -0.01119746 -0.05128247 0.00001091
v -0.03359942 -0.01880104 0.00032300
v -0.03359942 -0.01880104 0.00032300
v -0.03717343 0.00269365 0.00032331
v -0.03717343 0.00269365 0.00032331
v -0.03461529 0.03783055 0.00035429
v -0.03461529 0.03783055 0.00035429
v -0.00930270 0.06159596 0.00013075
v -0.03262949 -0.06699361 0.03469870
v -0.05477007 -0.02799508 0.03548326
v -0.05477007 -0.02799508 0.03548326
v -0.02454840 0.07343442 0.03653386
v -0.02935930 -0.06486349 0.05248977
v -0.05170877 -0.02078308 0.05322123
v -0.05170877 -0.02078308 0.05322123
v -0.05200961 0.00158307 0.05679569
v -0.05200961 0.00158307 0.05679569
v -0.04706186 0.03604377 0.05168835
v -0.04706186 0.03604377 0.05168835
v -0.02230272 0.07367709 0.05196908
v -0.02507106 -0.05611000 0.06563662
v -0.03646544 -0.02109643 0.06901517
v -0.03704031 0.00195888 0.06969103
v -0.03174707 0.03429535 0.06796018
v -0.01536260 0.07017240 0.06490995
v -0.01960553 -0.04353445 0.07582756
v -0.02623732 -0.01651032 0.07704919
v -0.02131931 0.00411619 0.07791719
v -0.01447384 0.03290651 0.07647617
v -0.00830803 0.06701163 0.07518576
v -0.00830803 0.06701163 0.07518576
v -0.04822365 0.04652803 0.02415254
v -0.04822365 0.04652803 0.02415254
v -0.02649366 0.05391080 0.00044711
v -0.02649366 0.05391080 0.00044711
v -0.04607998 0.04917546 0.03582932
v -0.04607998 0.04917546 0.03582932
v -0.04447818 0.04683118 0.04722470
v -0.04447818 0.04683118 0.04722470
v -0.02523230 0.05266934 0.06609480
v -0.01026266 0.05055769 0.07782361
v -0.01026266 0.05055769 0.07782361
v -0.00383038 0.06779789 0.09394626
v -0.00415717 0.06309423 0.09506903
v -0.00674562 0.05807675 0.08757940
v -0.00598357 0.06746006 0.08559296
v -0.04396803 -0.04370996 0.01499910
v -0.02735006 -0.03929593 0.00032300
v -0.02735006 -0.03929593 0.00032300
v -0.04435617 -0.05056755 0.03506267
v -0.03978494 -0.04759618 0.05456005
v -0.03301738 -0.04022194 0.06705747
v -0.02455149 -0.03189413 0.07614990
v -0.01113862 -0.05068315 0.07564229
v -0.03410304 -0.03998323 0.00360261
v -0.04133306 -0.01919578 0.00350229
v -0.04458134 0.00259463 0.00348636
v -0.04105897 0.03748156 0.00376701
v -0.03292892 0.05450490 0.00431709
v -0.01616501 0.06895901 0.00498235
v -0.02386103 -0.05496560 0.00367406
v -0.00900275 0.02735927 0.10840629
v -0.05524214 0.02072414 0.01626496
v -0.05524214 0.02072414 0.01626496
v -0.04383266 0.02051454 0.00352992
v -0.05021300 0.02008502 0.05512229
v -0.05021300 0.02008502 0.05512229
v -0.03498706 0.01873590 0.06906102
v -0.01763233 0.01871611 0.07683220
v -0.01772875 -0.07332925 0.01589349
v -0.01253922 -0.06484497 0.00381781
v -0.01705981 -0.07911996 0.03470897
v -0.01539895 -0.07634176 0.05151074
v -0.01327828 -0.06618035 0.06520419
v -0.00647522 -0.05764690 0.00000000
v -0.01742310 0.00146369 0.08347426
v -0.02369355 -0.01482225 0.08298948
v -0.02268191 -0.02857628 0.08386269
v -0.01685684 -0.03958864 0.08590876
v -0.00900663 -0.04500474 0.08502616
v -0.01774859 -0.03868793 0.00001270
v -0.02236386 -0.01878249 0.00001270
v -0.03714538 0.02073523 0.00032830
v -0.03714538 0.02073523 0.00032830
v -0.02352041 0.03746892 0.00002052
v -0.01737408 0.05244957 0.00004372
v -0.01189061 0.06515988 0.00065564
v -0.01189061 0.06515988 0.00065564
v -0.01818126 -0.05290121 0.00032255
v -0.01818126 -0.05290121 0.00032255
v -0.00895214 -0.06067842 0.00032121
v -0.00895214 -0.06067842 0.00032121
v -0.02528624 0.00266687 0.00001278
v -0.02544260 0.02065048 0.00001402
v -0.05114880 -0.02299084 0.01431133
v -0.05332064 0.00246966 0.01130670
v -0.05214670 0.02062692 0.01161716
v -0.04964123 0.03714283 0.01310405
v -0.04735773 -0.02660011 0.05753914
v -0.04843963 0.00109909 0.06116451
v -0.04670620 0.01980723 0.05994328
v -0.04313373 0.03653777 0.05791860
v -0.05183025 -0.03512995 0.03542920
v -0.04205692 0.05421031 0.01824396
v -0.03712174 0.05461127 0.05329230
v -0.04014897 0.05794217 0.03609273
v -0.05742740 -0.02009759 0.03539161
v -0.05982143 0.00211626 0.03535461
v -0.05753620 0.02030507 0.03539220
v -0.05269949 0.03512997 0.03547885
v -0.05524250 0.00256476 0.05171290
v -0.04980271 0.03515337 0.04745386
v -0.05866946 0.00371321 0.01994451
v -0.05399441 0.03520402 0.02331644
v -0.04895565 0.04385349 0.03564125
v -0.05719327 0.02082215 0.02065599
v -0.05332415 0.02030222 0.05036608
v -0.05683398 -0.01410313 0.02133124
v -0.05439457 -0.01646119 0.05021283
v -0.05034239 0.04299776 0.02613524
v -0.04732592 0.04317269 0.04494128
v 0.01596358 -0.07680927 0.12068742
v 0.01548819 -0.06412881 0.10774066
v 0.01548819 -0.06412881 0.10774066
v 0.01455187 -0.07286671 0.12110414
v 0.01428211 -0.07959485 0.12187642
v 0.01428211 -0.07959485 0.12187642
v 0.01542757 -0.07650028 0.11683294
v 0.01542757 -0.07650028 0.11683294
v 0.01390237 -0.06623204 0.11686730
v 0.01576738 -0.05925019 0.11165664
v 0.01954185 -0.05241642 0.10206503
v 0.01593606 -0.06012089 0.10560557
v 0.01593606 -0.06012089 0.10560557
v 0.01776455 -0.05541386 0.10766519
v 0.01611114 -0.06265922 0.10048555
v 0.01611114 -0.06265922 0.10048555
v 0.01527761 -0.07033305 0.11164602
v 0.01527761 -0.07033305 0.11164602
v 0.01786857 -0.05853530 0.09982179
v 0.01635796 -0.05701206 0.10362388
v 0.01635796 -0.05701206 0.10362388
v 0.01785684 -0.05431672 0.10143533
v 0.01785684 -0.05431672 0.10143533
v 0.01593330 -0.05638613 0.10118544
v 0.01593330 -0.05638613 0.10118544
v 0.01799949 -0.05708963 0.09551058
v 0.01571500 -0.07204945 0.11606781
v 0.01313579 -0.07983803 0.12544949
v 0.01743215 -0.06328081 0.09734122
v 0.01404151 -0.07728865 0.12513724
v 0.01786969 -0.05650755 0.10502046
v 0.01571422 -0.06829028 0.10129083
v 0.01571422 -0.06829028 0.10129083
v 0.01596342 -0.06739565 0.09715031
v 0.01572629 -0.06478509 0.11118064
v 0.01524372 -0.07161185 0.10155866
v 0.01670360 -0.06006042 0.10782812
v 0.00325460 -0.06419230 0.09405609
v 0.00866564 -0.06508581 0.09913540
v 0.00355650 -0.07673401 0.10324103
v 0.00355650 -0.07673401 0.10324103
v 0.00353315 -0.07706088 0.09866473
v 0.01067786 -0.07941922 0.12782377
v 0.00773156 -0.07285773 0.11783514
v 0.00808377 -0.07676253 0.12156177
v 0.00333208 -0.05573949 0.09303810
v 0.00333208 -0.05573949 0.09303810
v 0.00350257 -0.08193752 0.12747486
v 0.00350257 -0.08193752 0.12747486
v 0.00359740 -0.06977097 0.12684874
v 0.00358886 -0.06302148 0.12532102
v 0.00348366 -0.05720785 0.10237134
v 0.00348366 -0.05720785 0.10237134
v 0.01939248 -0.05128921 0.10650581
v 0.00361961 -0.07589248 0.12910728
v 0.00341430 -0.06153839 0.11011854
v 0.00347706 -0.05917438 0.10704901
v 0.00318178 -0.06577665 0.11403608
v 0.00348985 -0.06194376 0.09938020
v -0.00000000 -0.08187159 0.12880778
v -0.00000000 -0.05981520 0.09345840
v -0.00000000 -0.06350719 0.09898770
v -0.00000000 -0.06755956 0.09954393
v -0.00000000 -0.06022202 0.10853026
v -0.00000000 -0.07450572 0.12213209
v -0.00000000 -0.07723964 0.12476574
v -0.00000000 -0.07821856 0.10002614
v -0.00000000 -0.06840669 0.09501300
v -0.00000000 -0.06328733 0.11191405
v -0.00000000 -0.06652791 0.12690679
v -0.00000000 -0.05817433 0.10133246
v -0.00000000 -0.07314617 0.12865450
v -0.00000000 -0.07845542 0.12982819
v -0.00000000 -0.06906468 0.11708099
v -0.00000000 -0.05836250 0.10587712
v 0.00900632 -0.06374326 0.09430814
v 0.00339584 -0.06534382 0.09896348
v 0.01130853 -0.07372971 0.10267500
v 0.01130853 -0.07372971 0.10267500
v 0.01138356 -0.07396813 0.09858757
v 0.00358671 -0.08046083 0.12955249
v 0.00321287 -0.07239920 0.11967961
v 0.00330128 -0.07616068 0.12327295
v 0.00911375 -0.05553205 0.09317769
v 0.00911375 -0.05553205 0.09317769
v 0.00997926 -0.08119278 0.12584072
v 0.00997926 -0.08119278 0.12584072
v 0.01101862 -0.06921079 0.12204443
v 0.01086005 -0.06181795 0.11924434
v 0.00838345 -0.05716789 0.10218743
v 0.00838345 -0.05716789 0.10218743
v 0.02154889 -0.04829595 0.10124900
v 0.02154889 -0.04829595 0.10124900
v 0.01151755 -0.07498865 0.12578556
v 0.00816259 -0.06141906 0.10911069
v 0.00825573 -0.05888120 0.10648539
v 0.00781699 -0.06581405 0.11276031
v 0.00880461 -0.06169331 0.09941027
v 0.00708048 -0.08147675 0.12816391
v 0.00644431 -0.05816154 0.10126274
v 0.00604092 -0.06325130 0.11152392
v 0.00757451 -0.07676061 0.09999255
v 0.00608758 -0.07760079 0.12366075
v 0.00599288 -0.07498214 0.12096140
v 0.00631377 -0.06013610 0.10826664
v 0.00723275 -0.06573142 0.12338894
v 0.00623159 -0.06730185 0.09957985
v 0.00618128 -0.06803397 0.09511057
v 0.00638139 -0.05972069 0.09353664
v 0.00645923 -0.06341240 0.09902222
v 0.00740902 -0.07266451 0.12639065
v 0.00736713 -0.07809124 0.12892047
v 0.00580899 -0.06924165 0.11625965
v 0.00633226 -0.05825438 0.10576147
v 0.02047583 -0.05154171 0.09895338
v 0.01537659 -0.05515206 0.11416836
v 0.01537659 -0.05515206 0.11416836
v 0.01666770 -0.05502339 0.11089974
v 0.01375895 -0.05822275 0.11603053
v -0.00000000 -0.06110128 0.12646927
v 0.00365916 -0.05901114 0.12566331
v 0.00365916 -0.05901114 0.12566331
v 0.00723470 -0.05976253 0.12264480
v 0.01089024 -0.05720762 0.11988748
v 0.01089024 -0.05720762 0.11988748
v 0.01849613 -0.05102859 0.10915982
v 0.01849613 -0.05102859 0.10915982
v 0.01644874 -0.05843439 0.10052433
v 0.01644874 -0.05843439 0.10052433
v -0.00000000 -0.06072711 0.09986907
v 0.00652404 -0.06065830 0.09982869
v 0.00349908 -0.05952343 0.10048290
v 0.00875654 -0.05937341 0.10031530
v 0.01933676 -0.05300030 0.10433121
v 0.01588813 -0.05578802 0.10224069
v 0.01588813 -0.05578802 0.10224069
v -0.00000000 -0.05714644 0.10357207
v 0.00634861 -0.05710700 0.10351100
v 0.02151912 -0.04736672 0.10372781
v 0.02151912 -0.04736672 0.10372781
v 0.00347833 -0.05766286 0.10476001
v 0.01837939 -0.05451599 0.10276935
v 0.00828169 -0.05741510 0.10450219
v 0.02108214 -0.05001143 0.09763494
v 0.02025349 -0.05095365 0.10345450
v 0.02049899 -0.05086661 0.10122017
v 0.02049899 -0.05086661 0.10122017
v 0.02112725 -0.04986994 0.09970330
v 0.02088764 -0.04959734 0.10273581
v 0.02060534 -0.04922769 0.10460927
v 0.01008822 -0.06353186 0.10950402
v 0.01010510 -0.07831172 0.12203433
v 0.00995455 -0.07577145 0.11866071
v 0.01024658 -0.06008691 0.10683640
v 0.01099530 -0.06314595 0.09949626
v 0.00981594 -0.06976356 0.11384369
v 0.01030751 -0.05784655 0.10494228
v 0.01060714 -0.05791291 0.10107810
v 0.01084179 -0.06701627 0.10001966
v 0.00327985 -0.07028962 0.10075322
v 0.00326838 -0.07878665 0.12541806
v 0.00891984 -0.06919748 0.10064614
v 0.00846261 -0.07890166 0.12380635
v 0.01105882 -0.06016831 0.09991418
v 0.01023496 -0.05686236 0.10308016
v 0.01293039 -0.06693763 0.10975932
v 0.01310240 -0.06221688 0.10694974
v 0.01119367 -0.07988981 0.12340134
v 0.01284813 -0.07822518 0.11947302
v 0.01281247 -0.07398074 0.11481637
v 0.01327190 -0.05894974 0.10497679
v 0.01377236 -0.06111837 0.10021159
v 0.01364821 -0.06532423 0.10033844
v 0.01324695 -0.05687066 0.10340010
v 0.01288986 -0.05678945 0.10189902
v 0.01288986 -0.05678945 0.10189902
v 0.01366741 -0.05837778 0.10062345
v 0.01250443 -0.06983439 0.10142185
v 0.00680244 -0.07306183 0.10222006
v -0.00000000 -0.07399009 0.10228117
v -0.00000000 -0.08063209 0.12665857
v 0.00651346 -0.08053154 0.12570737
v 0.01197529 -0.05890610 0.09393135
v 0.01151790 -0.06713853 0.09564455
v 0.00316289 -0.07197554 0.09622282
v 0.00924360 -0.07058599 0.09641442
v 0.01294092 -0.07038299 0.09718336
v 0.01451960 -0.06289331 0.09519631
v 0.01619217 -0.05302016 0.09417021
v 0.01619217 -0.05302016 0.09417021
v -0.00000000 -0.07522423 0.09742250
v 0.00678561 -0.07421910 0.09744949
v 0.01704268 -0.06495856 0.10009367
v 0.01980363 -0.05373728 0.09709199
v 0.01806930 -0.05984308 0.09844888
v 0.01526341 -0.07139632 0.09925918
v -0.00000000 -0.07825260 0.10277283
v 0.00757518 -0.07679793 0.10267721
v 0.01193403 -0.07463015 0.10108039
v 0.00363721 -0.07808222 0.10147646
v 0.01684243 -0.06807520 0.09956471
v 0.01954385 -0.05274715 0.10040474
v 0.01941385 -0.05424902 0.09898949
v 0.01832172 -0.05535492 0.10035574
v 0.02176543 -0.04781280 0.09834242
v 0.02176543 -0.04781280 0.09834242
v -0.00000000 0.02948944 0.11214428
v -0.00000000 0.02948944 0.11214428
v 0.02939494 0.01552679 0.12430055
v 0.01047572 0.01444139 0.14899408
v 0.02489855 0.01504159 0.13714837
v 0.00640981 -0.05245479 0.09241111
v 0.00773343 -0.05675964 0.12370125
v 0.03135360 0.00971452 0.13218455
v 0.02247315 -0.04609445 0.10084244
v 0.02044359 0.01700324 0.09878547
v 0.01229083 -0.05152413 0.09295886
v 0.02113231 -0.04770287 0.10664788
v 0.03352637 0.01032752 0.11995173
v -0.00000000 -0.05828413 0.12749739
v -0.00000000 -0.05828413 0.12749739
v 0.02084821 0.00873947 0.14716641
v 0.02322458 -0.00709279 0.15165490
v 0.02302676 -0.02480436 0.15068871
v 0.03009470 -0.03955689 0.12953026
v 0.03581252 -0.02361506 0.13410152
v 0.03607033 -0.00559828 0.13459642
v 0.02834804 0.00902718 0.09913450
v 0.03334677 -0.00390947 0.09852435
v 0.03385312 -0.02089093 0.09856316
v 0.02549526 -0.03310179 0.09109480
v 0.02831065 -0.02107467 0.08918523
v 0.02732692 -0.00537451 0.08917932
v 0.02201313 -0.00672327 0.08310184
v 0.02381070 -0.02219390 0.08326872
v 0.03729975 -0.00329556 0.10842099
v 0.03731232 -0.02116441 0.10779885
v 0.03310083 -0.03826325 0.11708457
v 0.03873557 -0.02243076 0.11997825
v 0.03895191 -0.00389832 0.12113669
v -0.00000000 0.00765240 0.15502457
v -0.00000000 0.00765240 0.15502457
v -0.00000000 -0.00868203 0.16000000
v -0.00000000 -0.00868203 0.16000000
v -0.00000000 -0.02697212 0.15793004
v -0.00000000 -0.02697212 0.15793004
v 0.02467052 -0.02807776 0.08658632
v 0.02571862 -0.01411637 0.08544081
v 0.02191305 0.00127178 0.08655949
v 0.01157037 -0.03483880 0.15278724
v 0.01259087 -0.01701811 0.15771233
v 0.01192300 0.00028489 0.15601042
v 0.03616240 -0.03056916 0.11269399
v 0.03924137 -0.01210876 0.11423976
v 0.03626922 0.00403706 0.11455177
v 0.03576097 -0.03177079 0.12512901
v 0.03914018 -0.01378276 0.12738999
v 0.03628012 0.00339947 0.12691301
v 0.03407725 -0.02919954 0.10300462
v 0.03654871 -0.01178376 0.10309452
v 0.03341992 0.00368112 0.10346333
v 0.02987394 -0.02813203 0.09429356
v 0.03150707 -0.01263610 0.09345110
v 0.02838662 0.00251212 0.09414610
v 0.02894755 -0.03236708 0.14064884
v 0.03163716 -0.01524896 0.14346625
v 0.02962451 0.00210870 0.14197733
v 0.01819767 0.00142637 0.07910560
v 0.02226249 -0.03001175 0.07835193
v 0.00882477 0.00458300 0.08214901
v 0.00784599 -0.04695460 0.08820550
v 0.01253552 -0.05199771 0.13151225
v 0.02556602 -0.04179004 0.09995023
v 0.01447932 -0.04432725 0.08935294
v 0.02595264 -0.04385946 0.10656977
v -0.00000000 -0.05330056 0.13611810
v -0.00000000 -0.05330056 0.13611810
v -0.00000000 -0.05258538 0.09229829
v -0.00000000 -0.05258538 0.09229829
v 0.01406168 -0.05512912 0.11743680
v 0.02021998 -0.04800914 0.09547166
v 0.01707505 -0.05205304 0.11215350
v 0.00355392 -0.04997153 0.09080266
v 0.01313208 -0.05430459 0.12250956
v 0.02277183 -0.04474104 0.09751570
v 0.00966543 -0.04917099 0.09114343
v 0.02368129 -0.04503155 0.10352522
v 0.01762335 -0.05213394 0.11566392
v 0.02101746 -0.04829119 0.10973998
v 0.00479708 -0.05598216 0.12902418
v 0.01693115 -0.04702594 0.09300706
v 0.00539382 0.02756438 0.13411923
v 0.01384084 0.02539752 0.10809877
v 0.00501554 0.02963697 0.12498572
v -0.00000000 0.02367495 0.09788422
v -0.00000000 0.02367495 0.09788422
v 0.00473001 0.02971859 0.11619467
v -0.00000000 0.03022578 0.12051947
v -0.00000000 0.03022578 0.12051947
v -0.00000000 0.02922493 0.12991353
v -0.00000000 0.02922493 0.12991353
v 0.00469417 0.02580412 0.10157578
v 0.02908972 0.01554053 0.11337410
v 0.02670072 0.01457532 0.10361599
v 0.03197682 0.01008837 0.10849601
v 0.01188142 0.02525786 0.13525662
v -0.00000000 0.02547906 0.13927731
v -0.00000000 0.02547906 0.13927731
v 0.00986506 0.02783829 0.12961314
v 0.01001430 0.02872229 0.12050413
v 0.01534006 0.02627820 0.12574133
v -0.00000000 0.02753839 0.10466806
v -0.00000000 0.02753839 0.10466806
v 0.00860324 0.02637783 0.10482982
v 0.01502657 0.02660513 0.11636272
v 0.00442149 0.02837281 0.10839754
v -0.00000000 0.00842405 0.08379996
v -0.00000000 0.00842405 0.08379996
v 0.01732069 0.01910552 0.14086226
v -0.00000000 0.01904281 0.14728308
v -0.00000000 0.01904281 0.14728308
v 0.02437657 0.01971662 0.12853185
v 0.02520615 0.02009054 0.11767794
v 0.02360654 0.01930658 0.10791156
v 0.01969074 0.02337619 0.11224405
v 0.02060972 0.02368166 0.12165955
v 0.01866155 0.02277478 0.13274002
v 0.00829534 0.02243531 0.14197022
v 0.01745995 0.02163624 0.10334449
v 0.01328757 0.01626531 0.09294690
v 0.02276196 0.00726290 0.09084838
v -0.00000000 0.01700438 0.09047259
v -0.00000000 0.01700438 0.09047259
v 0.01437384 0.00748354 0.08594498
v 0.02256105 0.01206336 0.09487486
v 0.01768549 0.01148306 0.09046233
v 0.00678407 0.01268514 0.08744182
v -0.00000000 -0.04806544 0.08811558
v -0.00000000 -0.04806544 0.08811558
v 0.02027824 -0.05040242 0.12186111
v 0.02184110 -0.04200186 0.09380708
v 0.02345722 -0.04755087 0.11389681
v 0.02352931 -0.01564452 0.07877732
v 0.01942742 -0.04088039 0.14376671
v 0.03022795 -0.03425015 0.09908268
v 0.02046754 -0.03404108 0.08467191
v 0.03276062 -0.03598050 0.10698620
v -0.00000000 -0.04302929 0.14955550
v -0.00000000 -0.04302929 0.14955550
v 0.00471405 -0.04633279 0.08501778
v 0.02192561 -0.04648560 0.13216215
v 0.02610941 -0.03768559 0.09587570
v 0.01269289 -0.04300777 0.08525371
v 0.02909881 -0.03917971 0.10294347
v 0.02762801 -0.04481893 0.12026144
v 0.02940887 -0.04191845 0.11085671
v 0.00874031 -0.04826391 0.14196421
v 0.02038274 -0.03826164 0.08917294
v -0.00000000 -0.06188267 0.07131441
v -0.00000000 -0.06188267 0.07131441
v -0.00000000 -0.07667554 0.05827502
v -0.00000000 -0.07667554 0.05827502
v -0.00000000 -0.08349133 0.04327242
v -0.00000000 -0.08349133 0.04327242
v -0.00000000 -0.08241236 0.02559000
v -0.00000000 -0.08241236 0.02559000
v -0.00000000 -0.07368577 0.00918252
v -0.00000000 -0.07368577 0.00918252
v -0.00000000 0.02895954 0.00002606
v -0.00000000 0.05741655 0.00003760
v -0.00000000 0.07788957 0.01293828
v -0.00000000 0.07788957 0.01293828
v -0.00000000 0.08405693 0.04403111
v -0.00000000 0.08405693 0.04403111
v -0.00000000 0.08083164 0.05832064
v -0.00000000 0.08083164 0.05832064
v -0.00000000 0.07472114 0.07006059
v -0.00000000 0.07472114 0.07006059
v -0.00000000 0.08253412 0.02988189
v -0.00000000 0.08253412 0.02988189
v 0.04767140 -0.03420229 0.01474525
v 0.05248430 -0.00913533 0.01159110
v 0.05121953 0.02890864 0.01218797
v 0.03321548 0.06372875 0.01917418
v 0.03817789 -0.03012098 0.00354946
v 0.04350409 -0.00799444 0.00348462
v 0.04277858 0.02897166 0.00361182
v 0.02509122 0.06246267 0.00465079
v 0.04870562 -0.04212008 0.03527400
v 0.04837359 0.03549747 0.05005540
v 0.05148291 0.02020745 0.05358607
v 0.03371897 0.06527678 0.03628638
v 0.04376884 -0.03798353 0.05596671
v 0.04798992 -0.01174929 0.06085799
v 0.04518337 0.02812469 0.05899816
v 0.03028989 0.06484586 0.05267143
v 0.03519881 -0.03124953 0.06808800
v 0.03710343 -0.00938114 0.06955946
v 0.03363377 0.02625710 0.06859747
v 0.02090519 0.06209134 0.06535689
v 0.02744889 -0.06128821 0.05947193
v 0.04201215 -0.02367863 0.06409604
v 0.04358830 0.00137586 0.06508013
v 0.03852401 0.03556826 0.06271483
v 0.01928242 0.07224275 0.05884418
v 0.03100390 -0.06700127 0.04418431
v 0.05004261 -0.03379381 0.04681718
v 0.05352237 0.03555163 0.02076209
v 0.04945108 0.04447727 0.02518694
v 0.02388962 0.07393144 0.04440735
v 0.03405170 -0.06438608 0.02457368
v 0.05218500 -0.03151058 0.02436503
v 0.04756481 0.04653448 0.03573144
v 0.04613891 0.04471079 0.04599405
v 0.02470413 0.07272324 0.02863445
v 0.02903632 -0.05729826 0.00826308
v 0.04626225 -0.02039254 0.00765998
v 0.04922348 0.00249682 0.00731904
v 0.04556139 0.03735358 0.00819280
v 0.02001750 0.07054438 0.01182005
v 0.02582968 -0.02483379 0.07656430
v 0.02539720 -0.00660351 0.07745964
v 0.01606001 0.02553456 0.07658165
v 0.01038674 0.05997076 0.07624971
v 0.01038674 0.05997076 0.07624971
v 0.02322608 0.03341916 0.07286863
v 0.02978132 0.00281710 0.07422578
v 0.03085623 -0.01850682 0.07357478
v 0.02221715 -0.04946067 0.07135714
v 0.01137552 0.06822060 0.07020811
v 0.01579979 -0.04756575 0.07567791
v -0.00000000 -0.02968307 0.00002606
v -0.00000000 0.04440280 0.00002606
v 0.04670216 0.04533996 0.01457656
v 0.03808627 0.04605273 0.00401080
v 0.05328186 0.00222764 0.05524789
v 0.04035651 0.04511259 0.05651846
v 0.02889260 0.04319715 0.06705002
v 0.01254509 0.04107594 0.07665275
v 0.01789266 0.05139158 0.07182577
v 0.03737346 0.05458899 0.01001881
v 0.04117822 0.05716103 0.02746891
v 0.03869981 0.05762062 0.04463806
v 0.03149534 0.05402787 0.06031033
v 0.00411757 0.06563269 0.09506621
v 0.00757769 0.05498269 0.08277797
v -0.00000000 0.05854944 0.09312795
v -0.00000000 0.05854944 0.09312795
v -0.00000000 0.07168594 0.08033143
v -0.00000000 0.07168594 0.08033143
v 0.00488179 0.06792534 0.09071346
v -0.00000000 0.06625752 0.09678430
v -0.00000000 0.06625752 0.09678430
v 0.00546325 0.06095029 0.09227496
v -0.00000000 0.05028925 0.08437777
v -0.00000000 0.05028925 0.08437777
v -0.00000000 0.07048503 0.09089152
v -0.00000000 0.07048503 0.09089152
v 0.00680434 0.06692104 0.08029381
v 0.00731928 0.06276322 0.08642347
v 0.03927552 -0.05255558 0.01514815
v 0.02921843 -0.04820769 0.00363916
v 0.03901031 -0.05909459 0.03484933
v 0.03503260 -0.05672712 0.05337777
v 0.02962834 -0.04867996 0.06621334
v 0.02249848 -0.03821420 0.07594485
v -0.00000000 -0.04561783 0.00002595
v 0.02853596 -0.03567940 0.07217371
v 0.03942574 -0.04116793 0.00805683
v 0.04534648 -0.04765475 0.02440724
v 0.04235635 -0.05020829 0.04551216
v 0.03675694 -0.04422428 0.06146651
v 0.01213346 0.07814126 0.02149412
v 0.00782622 0.07304470 0.00526661
v 0.01293591 0.08048610 0.03680744
v 0.01187891 0.08054548 0.05143627
v 0.00816533 0.07558673 0.06474753
v 0.02600067 -0.06763992 0.01552334
v 0.01832909 -0.06053127 0.00372936
v 0.02519815 -0.07377117 0.03465989
v 0.02271312 -0.07140232 0.05191728
v 0.01951003 -0.06189455 0.06533156
v 0.00576070 -0.05316295 0.07583601
v 0.00459081 0.07132560 0.07493866
v 0.00459081 0.07132560 0.07493866
v 0.01218535 -0.01899254 0.00002439
v 0.01285799 0.03714964 0.00002537
v 0.00942158 0.05161765 0.00002827
v 0.00492129 0.04650789 0.08049345
v 0.00492129 0.04650789 0.08049345
v 0.00222628 0.06873184 0.09464069
v 0.00222628 0.06873184 0.09464069
v 0.00245948 0.06271852 0.09602548
v 0.00245948 0.06271852 0.09602548
v 0.00332624 0.07026680 0.08559471
v 0.00399303 0.05529593 0.08839123
v 0.00957783 -0.03867094 0.00002439
v -0.00000000 -0.04980784 0.07860798
v -0.00000000 -0.04980784 0.07860798
v 0.01054184 -0.04663448 0.07825707
v 0.01793081 -0.04034791 0.07838765
v 0.00935376 0.02813788 0.11221267
v 0.03084743 -0.02964345 0.00032300
v 0.03084743 -0.02964345 0.00032300
v 0.03579047 -0.00775812 0.00032303
v 0.03579047 -0.00775812 0.00032303
v 0.03630466 0.02930651 0.00033735
v 0.03630466 0.02930651 0.00033735
v 0.01940481 0.06047059 0.00054991
v 0.01940481 0.06047059 0.00054991
v 0.03152706 0.04617904 0.00038494
v 0.03152706 0.04617904 0.00038494
v 0.02296886 -0.04697283 0.00032294
v 0.02296886 -0.04697283 0.00032294
v 0.00553535 0.06750839 0.00072327
v 0.00553535 0.06750839 0.00072327
v 0.01349856 -0.05746696 0.00032171
v 0.01349856 -0.05746696 0.00032171
v 0.01060660 0.02363670 0.10070286
v 0.00702851 0.02054610 0.09530281
v 0.05303027 0.01212712 0.01137140
v 0.04455166 0.01193684 0.00349601
v 0.05300080 -0.01889610 0.05201294
v 0.04792125 0.01126911 0.06070968
v 0.03621701 0.01106785 0.06946928
v 0.01947209 0.01203496 0.07721891
v 0.03752457 0.01204708 0.00032442
v 0.03752457 0.01204708 0.00032442
v 0.01394557 0.02058660 0.00002456
v 0.02661328 0.01860477 0.07361027
v 0.04821864 0.02054371 0.00745848
v 0.05598098 -0.02548152 0.03543990
v 0.05586228 -0.01609737 0.01974594
v 0.04191623 0.01925766 0.06419531
v -0.00000000 0.02541493 0.07817114
v -0.00000000 0.02541493 0.07817114
v -0.00000000 0.01347915 0.07840775
v -0.00000000 0.01347915 0.07840775
v 0.00874966 0.01883384 0.07807609
v 0.00684845 0.03258608 0.07810887
v 0.01058026 0.00843468 0.07866401
v -0.00000000 0.03935169 0.07922069
v -0.00000000 0.03935169 0.07922069
v -0.00000000 0.00695420 0.07881171
v -0.00000000 0.00695420 0.07881171
v -0.00000000 -0.05503870 0.00002183
v 0.00594143 -0.05091786 0.00002306
v 0.00897264 -0.07727423 0.01636682
v 0.00637879 -0.06771656 0.00393183
v 0.00859833 -0.08272532 0.03479656
v 0.00776796 -0.07969818 0.05114665
v 0.00671304 -0.06913829 0.06515238
v 0.00446415 -0.06249518 0.00032166
v 0.00446415 -0.06249518 0.00032166
v 0.01546631 -0.06882288 0.00867974
v 0.01795945 -0.07709125 0.02503456
v 0.01620525 -0.07875197 0.04358014
v 0.01441432 -0.07229199 0.05866373
v 0.01210928 -0.05805648 0.07111428
v 0.02101575 -0.00691185 0.07983266
v 0.02101575 -0.00691185 0.07983266
v 0.00946693 0.00432451 0.07943796
v 0.00946693 0.00432451 0.07943796
v 0.02247279 -0.02298850 0.07969737
v 0.02247279 -0.02298850 0.07969737
v 0.01957452 -0.03476495 0.07998657
v 0.01957452 -0.03476495 0.07998657
v 0.01400538 -0.04246727 0.08008901
v 0.01400538 -0.04246727 0.08008901
v 0.00535483 -0.04697368 0.08019409
v 0.00535483 -0.04697368 0.08019409
v -0.00000000 -0.04680666 0.08239221
v -0.00000000 -0.04680666 0.08239221
v 0.00973897 -0.04444101 0.08223309
v 0.01672187 -0.03878742 0.08240184
v 0.02159520 -0.02898802 0.08157423
v 0.02257518 -0.01523637 0.08109365
v 0.01669369 -0.00004334 0.08101475
v -0.00000000 0.00453984 0.08012483
v -0.00000000 0.00453984 0.08012483
v 0.03036815 -0.03952441 0.00126858
v 0.03729777 -0.01882019 0.00125604
v 0.04075298 0.00266279 0.00125427
v 0.03767831 0.03768901 0.00131065
v 0.02951156 0.05429551 0.00144322
v 0.01359367 0.06709598 0.00166974
v 0.02053953 -0.05369243 0.00127745
v -0.00000000 0.07105643 0.00178255
v -0.00000000 0.07105643 0.00178255
v -0.00000000 -0.06538937 0.00131709
v -0.00000000 -0.06538937 0.00131709
v 0.04037958 0.02062028 0.00126314
v 0.01044719 -0.06234291 0.00129526
v 0.02030922 -0.02940420 0.00001270
v 0.02410656 -0.00779682 0.00001270
v 0.02484458 0.02915242 0.00001628
v 0.01279277 0.05818704 0.00007592
v 0.02106542 0.04536877 0.00002818
v 0.01454029 -0.04589079 0.00001248
v 0.00513489 0.06217028 0.00011831
v 0.00834004 -0.05527090 0.00000669
v 0.02565744 0.01200439 0.00001305
v 0.00365293 -0.05812653 0.00000646
v 0.02349387 -0.03896177 0.00003143
v 0.02914448 -0.01875793 0.00003143
v 0.03263545 0.00269790 0.00003166
v 0.03277359 0.02072792 0.00003524
v 0.03043405 0.03773913 0.00005393
v 0.02282568 0.05327229 0.00012064
v 0.01035889 0.06330222 0.00027517
v 0.01524137 -0.05203587 0.00003015
v -0.00000000 0.06556255 0.00033515
v 0.00754850 -0.05903823 0.00002570
v -0.00000000 -0.06090071 0.00002887
v 0.01384946 0.00260188 0.00002440
v -0.00000000 -0.00804812 0.00002607
v -0.00000000 0.01195195 0.00002607
v 0.05582987 -0.00771501 0.01588341
v 0.05582987 -0.00771501 0.01588341
v 0.05418872 0.02872814 0.01758704
v 0.05418872 0.02872814 0.01758704
v 0.05166058 -0.01022501 0.05645440
v 0.05166058 -0.01022501 0.05645440
v 0.04872100 0.02836858 0.05345615
v 0.04872100 0.02836858 0.05345615
v 0.05320721 -0.02680367 0.04556493
v 0.05320721 -0.02680367 0.04556493
v 0.05501141 -0.02482133 0.02575199
v 0.05501141 -0.02482133 0.02575199
v 0.05041117 0.04223113 0.02110004
v 0.05041117 0.04223113 0.02110004
v 0.04537848 0.04243280 0.05001671
v 0.04537848 0.04243280 0.05001671
v 0.04696974 0.04861460 0.02935960
v 0.04696974 0.04861460 0.02935960
v 0.04497930 0.04882330 0.04222104
v 0.04497930 0.04882330 0.04222104
v 0.05625424 0.01239513 0.01566990
v 0.05625424 0.01239513 0.01566990
v 0.05146368 0.01151494 0.05624184
v 0.05146368 0.01151494 0.05624184
v 0.05554427 0.00262569 0.01398090
v 0.05391761 -0.01952239 0.01738349
v 0.05175284 0.03668196 0.01687529
v 0.05423499 0.02066901 0.01452497
v 0.05044183 -0.02273478 0.05467726
v 0.05086418 0.00116829 0.05849576
v 0.04907061 0.02002622 0.05699012
v 0.04565211 0.03657183 0.05419413
v 0.05362805 -0.03067900 0.03549155
v 0.04650692 0.04934266 0.02211982
v 0.04207374 0.04972250 0.04946719
v 0.04395311 0.05270323 0.03594500
v 0.05897219 -0.00978806 0.03536205
v 0.05516118 0.02822367 0.03542712
v 0.05789077 0.00224806 0.04453977
v 0.05131829 0.03508855 0.04229282
v 0.05979871 0.00290005 0.02650465
v 0.05367909 0.03511890 0.02858046
v 0.05062114 0.04025109 0.03555361
v 0.05925893 0.01197619 0.03536668
v 0.05787703 0.02056652 0.02699496
v 0.05569734 0.02027135 0.04386158
v 0.05774397 -0.00654821 0.02014491
v 0.05574689 0.02848439 0.02186332
v 0.05481938 -0.00849167 0.05153874
v 0.05159786 0.02819336 0.04894229
v 0.05593309 -0.01929632 0.04449937
v 0.05733814 -0.01771785 0.02658762
v 0.05192359 0.04019573 0.02467975
v 0.04823201 0.04030860 0.04622060
v 0.04976161 0.04358594 0.02984206
v 0.04797889 0.04370214 0.04135634
v 0.05836920 0.01279795 0.02009145
v 0.05468695 0.01208628 0.05128349
v 0.05621253 0.02083164 0.01762599
v 0.05755729 0.00361127 0.01683153
v -0.01596358 -0.07680927 0.12068742
v -0.01548819 -0.06412881 0.10774066
v -0.01548819 -0.06412881 0.10774066
v -0.01455187 -0.07286670 0.12110414
v -0.01428212 -0.07959486 0.12187642
v -0.01428212 -0.07959486 0.12187642
v -0.01542758 -0.07650028 0.11683294
v -0.01542758 -0.07650028 0.11683294
v -0.01390238 -0.06623204 0.11686730
v -0.01576739 -0.05925018 0.11165664
v -0.01954186 -0.05241642 0.10206503
v -0.01593607 -0.06012089 0.10560557
v -0.01593607 -0.06012089 0.10560557
v -0.01776456 -0.05541386 0.10766519
v -0.01611114 -0.06265922 0.10048555
v -0.01611114 -0.06265922 0.10048555
v -0.01527761 -0.07033305 0.11164602
v -0.01527761 -0.07033305 0.11164602
v -0.01786858 -0.05853530 0.09982179
v -0.01635796 -0.05701206 0.10362388
v -0.01635796 -0.05701206 0.10362388
v -0.01785684 -0.05431672 0.10143533
v -0.01785684 -0.05431672 0.10143533
v -0.01593331 -0.05638613 0.10118544
v -0.01593331 -0.05638613 0.10118544
v -0.01799950 -0.05708963 0.09551058
v -0.01571501 -0.07204946 0.11606781
v -0.01313580 -0.07983804 0.12544949
v -0.01743215 -0.06328081 0.09734122
v -0.01404151 -0.07728865 0.12513726
v -0.01786969 -0.05650756 0.10502046
v -0.01571423 -0.06829028 0.10129082
v -0.01571423 -0.06829028 0.10129082
v -0.01596342 -0.06739565 0.09715031
v -0.01572630 -0.06478509 0.11118064
v -0.01524372 -0.07161185 0.10155866
v -0.01670360 -0.06006042 0.10782812
v -0.00325460 -0.06419230 0.09405610
v -0.00866565 -0.06508581 0.09913540
v -0.00355650 -0.07673401 0.10324103
v -0.00355650 -0.07673401 0.10324103
v -0.00353315 -0.07706088 0.09866473
v -0.01067787 -0.07941923 0.12782377
v -0.00773156 -0.07285774 0.11783514
v -0.00808378 -0.07676252 0.12156177
v -0.00333208 -0.05573949 0.09303810
v -0.00333208 -0.05573949 0.09303810
v -0.00350257 -0.08193752 0.12747486
v -0.00350257 -0.08193752 0.12747486
v -0.00359741 -0.06977098 0.12684873
v -0.00358886 -0.06302148 0.12532102
v -0.00348366 -0.05720785 0.10237135
v -0.00348366 -0.05720785 0.10237135
v -0.01939249 -0.05128921 0.10650579
v -0.00361962 -0.07589248 0.12910730
v -0.00341430 -0.06153839 0.11011854
v -0.00347706 -0.05917437 0.10704899
v -0.00318179 -0.06577665 0.11403606
v -0.00348986 -0.06194376 0.09938021
v -0.00900633 -0.06374326 0.09430813
v -0.00339584 -0.06534383 0.09896349
v -0.01130854 -0.07372971 0.10267499
v -0.01130854 -0.07372971 0.10267499
v -0.01138356 -0.07396812 0.09858756
v -0.00358672 -0.08046084 0.12955249
v -0.00321288 -0.07239920 0.11967961
v -0.00330129 -0.07616068 0.12327295
v -0.00911376 -0.05553205 0.09317769
v -0.00911376 -0.05553205 0.09317769
v -0.00997927 -0.08119278 0.12584074
v -0.00997927 -0.08119278 0.12584074
v -0.01101863 -0.06921079 0.12204443
v -0.01086005 -0.06181795 0.11924434
v -0.00838346 -0.05716789 0.10218743
v -0.00838346 -0.05716789 0.10218743
v -0.02154890 -0.04829595 0.10124900
v -0.02154890 -0.04829595 0.10124900
v -0.01151756 -0.07498866 0.12578556
v -0.00816259 -0.06141906 0.10911070
v -0.00825573 -0.05888120 0.10648537
v -0.00781699 -0.06581406 0.11276031
v -0.00880462 -0.06169330 0.09941027
v -0.00708049 -0.08147675 0.12816392
v -0.00644432 -0.05816154 0.10126274
v -0.00604092 -0.06325131 0.11152394
v -0.00757451 -0.07676061 0.09999254
v -0.00608758 -0.07760079 0.12366074
v -0.00599289 -0.07498213 0.12096140
v -0.00631378 -0.06013610 0.10826664
v -0.00723276 -0.06573142 0.12338894
v -0.00623160 -0.06730185 0.09957985
v -0.00618128 -0.06803397 0.09511057
v -0.00638139 -0.05972069 0.09353664
v -0.00645923 -0.06341240 0.09902223
v -0.00740902 -0.07266451 0.12639067
v -0.00736714 -0.07809124 0.12892049
v -0.00580899 -0.06924165 0.11625965
v -0.00633226 -0.05825438 0.10576147
v -0.02047583 -0.05154170 0.09895338
v -0.01537659 -0.05515206 0.11416836
v -0.01537659 -0.05515206 0.11416836
v -0.01666770 -0.05502338 0.11089974
v -0.01375895 -0.05822275 0.11603055
v -0.00365916 -0.05901115 0.12566331
v -0.00365916 -0.05901115 0.12566331
v -0.00723470 -0.05976253 0.12264478
v -0.01089025 -0.05720762 0.11988748
v -0.01089025 -0.05720762 0.11988748
v -0.01849613 -0.05102859 0.10915982
v -0.01849613 -0.05102859 0.10915982
v -0.01644875 -0.05843439 0.10052433
v -0.01644875 -0.05843439 0.10052433
v -0.00652404 -0.06065829 0.09982870
v -0.00349909 -0.05952342 0.10048290
v -0.00875654 -0.05937341 0.10031530
v -0.01933677 -0.05300030 0.10433121
v -0.01588814 -0.05578802 0.10224069
v -0.01588814 -0.05578802 0.10224069
v -0.00634861 -0.05710701 0.10351100
v -0.02151913 -0.04736672 0.10372782
v -0.02151913 -0.04736672 0.10372782
v -0.00347834 -0.05766286 0.10476001
v -0.01837939 -0.05451599 0.10276934
v -0.00828169 -0.05741510 0.10450219
v -0.02108215 -0.05001143 0.09763495
v -0.02025350 -0.05095365 0.10345450
v -0.02049900 -0.05086661 0.10122018
v -0.02049900 -0.05086661 0.10122018
v -0.02112725 -0.04986994 0.09970330
v -0.02088764 -0.04959735 0.10273581
v -0.02060534 -0.04922769 0.10460927
v -0.01008822 -0.06353186 0.10950402
v -0.01010510 -0.07831171 0.12203431
v -0.00995455 -0.07577145 0.11866069
v -0.01024658 -0.06008692 0.10683640
v -0.01099530 -0.06314595 0.09949626
v -0.00981594 -0.06976356 0.11384367
v -0.01030751 -0.05784655 0.10494228
v -0.01060715 -0.05791291 0.10107810
v -0.01084180 -0.06701626 0.10001967
v -0.00327985 -0.07028961 0.10075323
v -0.00326838 -0.07878666 0.12541808
v -0.00891985 -0.06919749 0.10064615
v -0.00846261 -0.07890166 0.12380637
v -0.01105882 -0.06016831 0.09991418
v -0.01023496 -0.05686236 0.10308016
v -0.01293040 -0.06693762 0.10975930
v -0.01310241 -0.06221687 0.10694974
v -0.01119367 -0.07988981 0.12340136
v -0.01284814 -0.07822518 0.11947302
v -0.01281247 -0.07398075 0.11481637
v -0.01327191 -0.05894975 0.10497678
v -0.01377236 -0.06111836 0.10021160
v -0.01364821 -0.06532423 0.10033844
v -0.01324696 -0.05687066 0.10340010
v -0.01288987 -0.05678945 0.10189902
v -0.01288987 -0.05678945 0.10189902
v -0.01366741 -0.05837778 0.10062345
v -0.01250443 -0.06983440 0.10142186
v -0.00680244 -0.07306183 0.10222006
v -0.00651347 -0.08053154 0.12570738
v -0.01197529 -0.05890610 0.09393134
v -0.01151790 -0.06713853 0.09564455
v -0.00316289 -0.07197554 0.09622282
v -0.00924360 -0.07058599 0.09641442
v -0.01294093 -0.07038299 0.09718336
v -0.01451960 -0.06289331 0.09519631
v -0.01619217 -0.05302017 0.09417020
v -0.01619217 -0.05302017 0.09417020
v -0.00678562 -0.07421910 0.09744949
v -0.01704268 -0.06495856 0.10009367
v -0.01980363 -0.05373728 0.09709199
v -0.01806930 -0.05984308 0.09844888
v -0.01526342 -0.07139631 0.09925918
v -0.00757518 -0.07679793 0.10267721
v -0.01193404 -0.07463015 0.10108038
v -0.00363721 -0.07808222 0.10147645
v -0.01684243 -0.06807519 0.09956470
v -0.01954386 -0.05274715 0.10040475
v -0.01941385 -0.05424902 0.09898949
v -0.01832173 -0.05535491 0.10035575
v -0.02176543 -0.04781280 0.09834241
v -0.02176543 -0.04781280 0.09834241
v -0.02939494 0.01552679 0.12430057
v -0.01047573 0.01444139 0.14899408
v -0.02489856 0.01504159 0.13714837
v -0.00640981 -0.05245479 0.09241111
v -0.00773343 -0.05675964 0.12370124
v -0.03135360 0.00971452 0.13218455
v -0.02247315 -0.04609445 0.10084244
v -0.02044360 0.01700324 0.09878547
v -0.01229083 -0.05152413 0.09295886
v -0.02113231 -0.04770287 0.10664788
v -0.03352637 0.01032752 0.11995173
v -0.02084822 0.00873947 0.14716643
v -0.02322458 -0.00709279 0.15165490
v -0.02302676 -0.02480435 0.15068871
v -0.03009471 -0.03955689 0.12953026
v -0.03581252 -0.02361506 0.13410152
v -0.03607033 -0.00559828 0.13459642
v -0.02834804 0.00902718 0.09913450
v -0.03334677 -0.00390947 0.09852436
v -0.03385312 -0.02089093 0.09856316
v -0.02549526 -0.03310179 0.09109480
v -0.02831066 -0.02107467 0.08918523
v -0.02732692 -0.00537451 0.08917932
v -0.02201313 -0.00672327 0.08310184
v -0.02381070 -0.02219390 0.08326872
v -0.03729975 -0.00329556 0.10842097
v -0.03731232 -0.02116441 0.10779885
v -0.03310083 -0.03826325 0.11708457
v -0.03873558 -0.02243076 0.11997823
v -0.03895191 -0.00389832 0.12113669
v -0.02467052 -0.02807776 0.08658633
v -0.02571862 -0.01411637 0.08544081
v -0.02191305 0.00127178 0.08655950
v -0.01157037 -0.03483880 0.15278724
v -0.01259087 -0.01701811 0.15771232
v -0.01192300 0.00028489 0.15601042
v -0.03616240 -0.03056916 0.11269401
v -0.03924138 -0.01210876 0.11423976
v -0.03626924 0.00403706 0.11455177
v -0.03576097 -0.03177079 0.12512901
v -0.03914018 -0.01378276 0.12738999
v -0.03628012 0.00339947 0.12691301
v -0.03407726 -0.02919954 0.10300461
v -0.03654871 -0.01178376 0.10309452
v -0.03341992 0.00368112 0.10346333
v -0.02987395 -0.02813203 0.09429356
v -0.03150707 -0.01263610 0.09345110
v -0.02838662 0.00251212 0.09414610
v -0.02894756 -0.03236708 0.14064884
v -0.03163716 -0.01524896 0.14346623
v -0.02962451 0.00210870 0.14197733
v -0.01819767 0.00142637 0.07910560
v -0.02226249 -0.03001175 0.07835193
v -0.00882477 0.00458300 0.08214901
v -0.00784600 -0.04695461 0.08820550
v -0.01253552 -0.05199770 0.13151227
v -0.02556602 -0.04179003 0.09995023
v -0.01447932 -0.04432725 0.08935294
v -0.02595264 -0.04385946 0.10656977
v -0.01406169 -0.05512912 0.11743680
v -0.02021998 -0.04800914 0.09547166
v -0.01707506 -0.05205304 0.11215350
v -0.00355393 -0.04997154 0.09080266
v -0.01313209 -0.05430460 0.12250956
v -0.02277183 -0.04474103 0.09751570
v -0.00966544 -0.04917099 0.09114343
v -0.02368129 -0.04503155 0.10352522
v -0.01762335 -0.05213394 0.11566392
v -0.02101746 -0.04829119 0.10973998
v -0.00479709 -0.05598216 0.12902418
v -0.01693116 -0.04702594 0.09300706
v -0.00539382 0.02756438 0.13411923
v -0.01384084 0.02539752 0.10809877
v -0.00501555 0.02963697 0.12498574
v -0.00473001 0.02971859 0.11619467
v -0.00469418 0.02580412 0.10157578
v -0.02908972 0.01554053 0.11337410
v -0.02670073 0.01457532 0.10361599
v -0.03197683 0.01008837 0.10849601
v -0.01188142 0.02525786 0.13525662
v -0.00986507 0.02783829 0.12961314
v -0.01001430 0.02872229 0.12050411
v -0.01534007 0.02627820 0.12574133
v -0.00860325 0.02637782 0.10482982
v -0.01502657 0.02660513 0.11636272
v -0.00442149 0.02837281 0.10839754
v -0.01732069 0.01910552 0.14086226
v -0.02437658 0.01971662 0.12853184
v -0.02520615 0.02009054 0.11767795
v -0.02360655 0.01930658 0.10791156
v -0.01969075 0.02337619 0.11224403
v -0.02060972 0.02368166 0.12165955
v -0.01866155 0.02277478 0.13274002
v -0.00829534 0.02243531 0.14197020
v -0.01745995 0.02163624 0.10334449
v -0.01328757 0.01626531 0.09294690
v -0.02276197 0.00726290 0.09084839
v -0.01437385 0.00748354 0.08594499
v -0.02256105 0.01206336 0.09487487
v -0.01768550 0.01148306 0.09046234
v -0.00678407 0.01268514 0.08744182
v -0.02027825 -0.05040242 0.12186111
v -0.02184110 -0.04200186 0.09380708
v -0.02345723 -0.04755087 0.11389681
v -0.02352931 -0.01564452 0.07877732
v -0.01942743 -0.04088040 0.14376672
v -0.03022796 -0.03425015 0.09908268
v -0.02046754 -0.03404108 0.08467190
v -0.03276062 -0.03598051 0.10698620
v -0.00471405 -0.04633279 0.08501778
v -0.02192561 -0.04648561 0.13216215
v -0.02610942 -0.03768559 0.09587570
v -0.01269290 -0.04300777 0.08525371
v -0.02909881 -0.03917971 0.10294347
v -0.02762802 -0.04481893 0.12026144
v -0.02940888 -0.04191845 0.11085669
v -0.00874032 -0.04826391 0.14196419
v -0.02038274 -0.03826164 0.08917296
v -0.04767140 -0.03420229 0.01474525
v -0.05248431 -0.00913533 0.01159110
v -0.05121953 0.02890864 0.01218796
v -0.03321548 0.06372875 0.01917418
v -0.03817789 -0.03012098 0.00354946
v -0.04350409 -0.00799444 0.00348462
v -0.04277858 0.02897166 0.00361182
v -0.02509123 0.06246267 0.00465079
v -0.04870562 -0.04212007 0.03527400
v -0.04837360 0.03549747 0.05005540
v -0.05148291 0.02020745 0.05358607
v -0.03371898 0.06527678 0.03628638
v -0.04376885 -0.03798353 0.05596671
v -0.04798993 -0.01174929 0.06085799
v -0.04518337 0.02812469 0.05899816
v -0.03028989 0.06484586 0.05267143
v -0.03519881 -0.03124953 0.06808799
v -0.03710344 -0.00938114 0.06955946
v -0.03363377 0.02625710 0.06859747
v -0.02090519 0.06209134 0.06535689
v -0.02744890 -0.06128822 0.05947193
v -0.04201215 -0.02367863 0.06409603
v -0.04358830 0.00137586 0.06508013
v -0.03852402 0.03556825 0.06271483
v -0.01928243 0.07224274 0.05884418
v -0.03100390 -0.06700127 0.04418431
v -0.05004261 -0.03379381 0.04681718
v -0.05352237 0.03555163 0.02076209
v -0.04945109 0.04447727 0.02518694
v -0.02388962 0.07393144 0.04440735
v -0.03405170 -0.06438609 0.02457368
v -0.05218501 -0.03151057 0.02436503
v -0.04756482 0.04653448 0.03573144
v -0.04613891 0.04471079 0.04599405
v -0.02470413 0.07272323 0.02863445
v -0.02903632 -0.05729826 0.00826308
v -0.04626225 -0.02039254 0.00765999
v -0.04922348 0.00249682 0.00731904
v -0.04556139 0.03735359 0.00819280
v -0.02001751 0.07054438 0.01182005
v -0.02582969 -0.02483379 0.07656430
v -0.02539721 -0.00660351 0.07745963
v -0.01606002 0.02553455 0.07658165
v -0.01038674 0.05997076 0.07624970
v -0.01038674 0.05997076 0.07624970
v -0.02322609 0.03341916 0.07286864
v -0.02978133 0.00281710 0.07422578
v -0.03085623 -0.01850681 0.07357477
v -0.02221716 -0.04946067 0.07135714
v -0.01137552 0.06822061 0.07020811
v -0.01579980 -0.04756575 0.07567791
v -0.04670216 0.04533995 0.01457656
v -0.03808627 0.04605273 0.00401080
v -0.05328187 0.00222764 0.05524789
v -0.04035651 0.04511258 0.05651846
v -0.02889261 0.04319715 0.06705002
v -0.01254509 0.04107594 0.07665274
v -0.01789266 0.05139158 0.07182577
v -0.03737347 0.05458898 0.01001881
v -0.04117822 0.05716103 0.02746891
v -0.03869982 0.05762062 0.04463806
v -0.03149534 0.05402788 0.06031032
v -0.00411757 0.06563269 0.09506619
v -0.00757769 0.05498268 0.08277797
v -0.00488180 0.06792534 0.09071346
v -0.00546326 0.06095029 0.09227496
v -0.00680434 0.06692104 0.08029381
v -0.00731928 0.06276322 0.08642347
v -0.03927553 -0.05255558 0.01514815
v -0.02921844 -0.04820769 0.00363916
v -0.03901031 -0.05909459 0.03484933
v -0.03503261 -0.05672712 0.05337777
v -0.02962834 -0.04867996 0.06621334
v -0.02249848 -0.03821421 0.07594485
v -0.02853597 -0.03567940 0.07217371
v -0.03942574 -0.04116792 0.00805682
v -0.04534649 -0.04765476 0.02440724
v -0.04235635 -0.05020829 0.04551216
v -0.03675694 -0.04422428 0.06146651
v -0.01213347 0.07814126 0.02149412
v -0.00782622 0.07304469 0.00526661
v -0.01293591 0.08048609 0.03680744
v -0.01187892 0.08054548 0.05143627
v -0.00816533 0.07558672 0.06474753
v -0.02600067 -0.06763992 0.01552333
v -0.01832909 -0.06053127 0.00372936
v -0.02519815 -0.07377117 0.03465989
v -0.02271312 -0.07140232 0.05191728
v -0.01951004 -0.06189455 0.06533156
v -0.00576070 -0.05316295 0.07583601
v -0.00459082 0.07132560 0.07493865
v -0.00459082 0.07132560 0.07493865
v -0.01218536 -0.01899254 0.00002439
v -0.01285800 0.03714964 0.00002537
v -0.00942158 0.05161765 0.00002827
v -0.00492129 0.04650789 0.08049345
v -0.00492129 0.04650789 0.08049345
v -0.00222628 0.06873183 0.09464069
v -0.00222628 0.06873183 0.09464069
v -0.00245948 0.06271851 0.09602548
v -0.00245948 0.06271851 0.09602548
v -0.00332625 0.07026681 0.08559471
v -0.00399304 0.05529593 0.08839122
v -0.00957784 -0.03867094 0.00002439
v -0.01054184 -0.04663447 0.07825707
v -0.01793081 -0.04034791 0.07838765
v -0.00935377 0.02813788 0.11221267
v -0.03084743 -0.02964345 0.00032300
v -0.03084743 -0.02964345 0.00032300
v -0.03579047 -0.00775812 0.00032303
v -0.03579047 -0.00775812 0.00032303
v -0.03630466 0.02930651 0.00033735
v -0.03630466 0.02930651 0.00033735
v -0.01940482 0.06047059 0.00054992
v -0.01940482 0.06047059 0.00054992
v -0.03152706 0.04617904 0.00038493
v -0.03152706 0.04617904 0.00038493
v -0.02296886 -0.04697283 0.00032294
v -0.02296886 -0.04697283 0.00032294
v -0.00553536 0.06750838 0.00072327
v -0.00553536 0.06750838 0.00072327
v -0.01349856 -0.05746695 0.00032171
v -0.01349856 -0.05746695 0.00032171
v -0.01060660 0.02363671 0.10070286
v -0.00702851 0.02054610 0.09530281
v -0.05303027 0.01212712 0.01137140
v -0.04455166 0.01193684 0.00349602
v -0.05300081 -0.01889610 0.05201294
v -0.04792126 0.01126910 0.06070968
v -0.03621701 0.01106785 0.06946928
v -0.01947209 0.01203496 0.07721891
v -0.03752457 0.01204708 0.00032442
v -0.03752457 0.01204708 0.00032442
v -0.01394557 0.02058660 0.00002455
v -0.02661328 0.01860477 0.07361027
v -0.04821864 0.02054371 0.00745848
v -0.05598099 -0.02548152 0.03543990
v -0.05586228 -0.01609737 0.01974594
v -0.04191623 0.01925766 0.06419531
v -0.00874967 0.01883384 0.07807608
v -0.00684845 0.03258608 0.07810887
v -0.01058026 0.00843468 0.07866402
v -0.00594144 -0.05091786 0.00002306
v -0.00897265 -0.07727423 0.01636682
v -0.00637880 -0.06771656 0.00393183
v -0.00859834 -0.08272532 0.03479656
v -0.00776797 -0.07969818 0.05114665
v -0.00671304 -0.06913829 0.06515238
v -0.00446416 -0.06249518 0.00032166
v -0.00446416 -0.06249518 0.00032166
v -0.01546631 -0.06882288 0.00867974
v -0.01795945 -0.07709124 0.02503456
v -0.01620526 -0.07875197 0.04358014
v -0.01441433 -0.07229200 0.05866373
v -0.01210929 -0.05805647 0.07111428
v -0.02101575 -0.00691185 0.07983266
v -0.02101575 -0.00691185 0.07983266
v -0.00946694 0.00432451 0.07943796
v -0.00946694 0.00432451 0.07943796
v -0.02247280 -0.02298850 0.07969737
v -0.02247280 -0.02298850 0.07969737
v -0.01957453 -0.03476495 0.07998657
v -0.01957453 -0.03476495 0.07998657
v -0.01400538 -0.04246727 0.08008901
v -0.01400538 -0.04246727 0.08008901
v -0.00535484 -0.04697368 0.08019408
v -0.00535484 -0.04697368 0.08019408
v -0.00973898 -0.04444101 0.08223309
v -0.01672188 -0.03878742 0.08240184
v -0.02159521 -0.02898802 0.08157423
v -0.02257519 -0.01523637 0.08109366
v -0.01669369 -0.00004334 0.08101475
v -0.03036815 -0.03952441 0.00126858
v -0.03729777 -0.01882019 0.00125604
v -0.04075298 0.00266279 0.00125427
v -0.03767831 0.03768901 0.00131064
v -0.02951156 0.05429551 0.00144322
v -0.01359367 0.06709598 0.00166974
v -0.02053953 -0.05369243 0.00127746
v -0.04037957 0.02062028 0.00126314
v -0.01044719 -0.06234291 0.00129526
v -0.02030923 -0.02940420 0.00001270
v -0.02410657 -0.00779682 0.00001270
v -0.02484458 0.02915242 0.00001628
v -0.01279278 0.05818704 0.00007592
v -0.02106542 0.04536877 0.00002818
v -0.01454030 -0.04589078 0.00001248
v -0.00513489 0.06217029 0.00011831
v -0.00834004 -0.05527090 0.00000669
v -0.02565745 0.01200440 0.00001305
v -0.00365293 -0.05812653 0.00000646
v -0.02349387 -0.03896177 0.00003143
v -0.02914449 -0.01875793 0.00003143
v -0.03263544 0.00269790 0.00003166
v -0.03277359 0.02072792 0.00003524
v -0.03043405 0.03773912 0.00005392
v -0.02282568 0.05327229 0.00012064
v -0.01035889 0.06330222 0.00027517
v -0.01524137 -0.05203587 0.00003015
v -0.00754850 -0.05903823 0.00002570
v -0.01384947 0.00260188 0.00002440
v -0.05582987 -0.00771501 0.01588341
v -0.05582987 -0.00771501 0.01588341
v -0.05418872 0.02872814 0.01758704
v -0.05418872 0.02872814 0.01758704
v -0.05166058 -0.01022501 0.05645440
v -0.05166058 -0.01022501 0.05645440
v -0.04872100 0.02836858 0.05345615
v -0.04872100 0.02836858 0.05345615
v -0.05320722 -0.02680368 0.04556493
v -0.05320722 -0.02680368 0.04556493
v -0.05501142 -0.02482133 0.02575199
v -0.05501142 -0.02482133 0.02575199
v -0.05041118 0.04223113 0.02110004
v -0.05041118 0.04223113 0.02110004
v -0.04537848 0.04243280 0.05001671
v -0.04537848 0.04243280 0.05001671
v -0.04696974 0.04861460 0.02935960
v -0.04696974 0.04861460 0.02935960
v -0.04497930 0.04882330 0.04222104
v -0.04497930 0.04882330 0.04222104
v -0.05625424 0.01239513 0.01566991
v -0.05625424 0.01239513 0.01566991
v -0.05146368 0.01151494 0.05624184
v -0.05146368 0.01151494 0.05624184
v -0.05554428 0.00262569 0.01398090
v -0.05391762 -0.01952239 0.01738349
v -0.05175284 0.03668196 0.01687529
v -0.05423500 0.02066901 0.01452497
v -0.05044184 -0.02273478 0.05467726
v -0.05086419 0.00116829 0.05849577
v -0.04907062 0.02002621 0.05699013
v -0.04565211 0.03657183 0.05419413
v -0.05362806 -0.03067900 0.03549155
v -0.04650693 0.04934266 0.02211982
v -0.04207375 0.04972249 0.04946719
v -0.04395311 0.05270323 0.03594500
v -0.05897220 -0.00978807 0.03536205
v -0.05516118 0.02822367 0.03542712
v -0.05789078 0.00224806 0.04453977
v -0.05131830 0.03508855 0.04229282
v -0.05979871 0.00290005 0.02650465
v -0.05367910 0.03511890 0.02858046
v -0.05062115 0.04025109 0.03555361
v -0.05925893 0.01197619 0.03536668
v -0.05787704 0.02056651 0.02699496
v -0.05569734 0.02027135 0.04386158
v -0.05774398 -0.00654821 0.02014491
v -0.05574690 0.02848439 0.02186332
v -0.05481938 -0.00849167 0.05153874
v -0.05159786 0.02819336 0.04894229
v -0.05593309 -0.01929633 0.04449937
v -0.05733814 -0.01771785 0.02658762
v -0.05192360 0.04019573 0.02467975
v -0.04823202 0.04030860 0.04622060
v -0.04976161 0.04358594 0.02984206
v -0.04797890 0.04370214 0.04135634
v -0.05836920 0.01279795 0.02009145
v -0.05468696 0.01208628 0.05128349
v -0.05621253 0.02083164 0.01762600
v -0.05755730 0.00361127 0.01683153
v 0.00770871 -0.06936589 0.11528018
v 0.00829913 -0.05701476 0.10336552
v 0.00359016 -0.06624686 0.12586281
v 0.01119080 -0.07740422 0.12726191
v 0.01809057 -0.05423478 0.10203041
v 0.01135721 -0.07232995 0.12395261
v 0.01730027 -0.05816157 0.10640223
v 0.01616641 -0.06211944 0.10930358
v 0.00346006 -0.06349010 0.09899330
v 0.00909619 -0.05951644 0.09365139
v 0.01602495 -0.07477484 0.11837520
v 0.01855779 -0.05811509 0.09690251
v 0.01501125 -0.07849475 0.12320091
v 0.00330312 -0.06749956 0.09955540
v 0.01346810 -0.06764034 0.10081252
v 0.00316433 -0.06912810 0.11686741
v 0.00346897 -0.06021135 0.10849706
v 0.00327509 -0.07467106 0.12178153
v 0.00326978 -0.07736773 0.12442679
v 0.00362420 -0.07791668 0.10003212
v 0.01086201 -0.06549420 0.12031132
v 0.00329167 -0.06328450 0.11185528
v 0.00882235 -0.06049411 0.09977859
v 0.01040942 -0.08081006 0.12711969
v 0.00356568 -0.08179734 0.12867459
v 0.00350037 -0.06071844 0.09986406
v 0.01283220 -0.07047303 0.11214982
v 0.02040322 -0.05087979 0.10233004
v 0.00799855 -0.06322399 0.11073634
v 0.00858022 -0.06701461 0.09965215
v 0.01186522 -0.07450136 0.09979965
v 0.00819183 -0.07781467 0.12280237
v 0.00789948 -0.07526651 0.11993888
v 0.00823677 -0.06000073 0.10769363
v 0.00893800 -0.06755514 0.09530110
v 0.00331651 -0.05979552 0.09347858
v 0.00875711 -0.06326308 0.09912691
v 0.00361219 -0.07301342 0.12804781
v 0.00360695 -0.07841714 0.12967872
v 0.00347964 -0.05714201 0.10356443
v 0.02118296 -0.04841106 0.10327022
v 0.01809787 -0.05292851 0.10862211
v 0.01546089 -0.05684306 0.11326535
v 0.00359753 -0.06064038 0.12533533
v 0.01082792 -0.05903696 0.11935072
v 0.02051486 -0.05114931 0.10006026
v 0.00349160 -0.05817319 0.10132374
v 0.00857294 -0.05810898 0.10113507
v 0.01805447 -0.05466439 0.10085859
v 0.00347759 -0.05834923 0.10586266
v 0.01828633 -0.05527338 0.10378024
v 0.00826936 -0.05803994 0.10548559
v 0.02001502 -0.05086709 0.10479470
v 0.02152063 -0.04878463 0.09906170
v 0.01302142 -0.06424819 0.10811158
v 0.01234462 -0.07925444 0.12158881
v 0.01290432 -0.07655525 0.11724708
v 0.01318696 -0.06046972 0.10591657
v 0.01370715 -0.06308359 0.10017389
v 0.01332904 -0.05770301 0.10415587
v 0.01323123 -0.05742499 0.10118062
v 0.01402998 -0.06715942 0.09626360
v 0.00340085 -0.07379252 0.10229830
v 0.00337300 -0.08062364 0.12639224
v 0.01007187 -0.07168019 0.10190873
v 0.00919400 -0.08028402 0.12473256
v 0.01381705 -0.05957676 0.10033147
v 0.01298763 -0.05657768 0.10264963
v 0.01668416 -0.06837341 0.10075121
v 0.01534082 -0.05777930 0.09451083
v 0.00333077 -0.07500683 0.09742058
v 0.01028748 -0.07269426 0.09748487
v 0.01185584 -0.07456364 0.10224883
v 0.01741136 -0.06149931 0.09980915
v 0.00362712 -0.07795157 0.10278990
v 0.00316529 -0.06832007 0.09502889
v 0.01823593 -0.05654501 0.10000845
v 0.02036000 -0.05197162 0.09791451
v 0.01675295 -0.06771651 0.09828894
v 0.02746342 0.00929610 0.13973786
v 0.02227232 0.01843566 0.10335904
v 0.03042403 0.00968807 0.10363406
v 0.03315454 0.01009084 0.12575859
v 0.03305145 0.01031487 0.11407738
v 0.01126279 0.00802746 0.15279603
v 0.02272916 -0.03342944 0.08766616
v 0.02575634 -0.02158659 0.08578565
v 0.02437563 -0.00615612 0.08572166
v 0.01040857 -0.04225274 0.14808931
v 0.01230542 -0.02617652 0.15603303
v 0.01241623 -0.00812715 0.15771163
v 0.03321332 -0.03714591 0.11173831
v 0.03832874 -0.02171690 0.11356881
v 0.03846733 -0.00342067 0.11459700
v 0.03225895 -0.03904082 0.12290162
v 0.03816388 -0.02309593 0.12662719
v 0.03841486 -0.00471935 0.12747850
v 0.03177976 -0.03505219 0.10292524
v 0.03586705 -0.02093582 0.10303968
v 0.03561649 -0.00346884 0.10325192
v 0.02808428 -0.03347905 0.09503119
v 0.03118446 -0.02088712 0.09370869
v 0.03046030 -0.00457753 0.09365270
v 0.02596155 -0.04003130 0.13701697
v 0.03088389 -0.02402718 0.14271254
v 0.03112768 -0.00630322 0.14323112
v 0.02230035 -0.00659272 0.07901238
v 0.02335705 -0.02345711 0.07851497
v 0.00334497 -0.05254514 0.09233080
v 0.01130343 -0.05596426 0.12053870
v 0.02204473 -0.04662469 0.09794596
v 0.00912839 -0.05226214 0.09255681
v 0.02221573 -0.04643769 0.10376673
v 0.01567456 -0.05386078 0.11471353
v 0.01912601 -0.04979671 0.10947112
v 0.00390707 -0.05775454 0.12635992
v 0.01644323 -0.04991537 0.09385082
v 0.01288895 0.02442226 0.10411974
v 0.00670233 0.02533979 0.13819188
v 0.00490866 0.02988056 0.12046775
v 0.00503326 0.02892999 0.12964851
v 0.01447729 0.02569954 0.13081469
v 0.00434968 0.02730794 0.10481747
v 0.01538956 0.02662339 0.12087449
v 0.00691066 0.01688591 0.09128863
v 0.02460035 0.01985519 0.11269092
v 0.02525152 0.02000632 0.12285736
v 0.00953973 0.01903252 0.14545250
v 0.00456345 0.02918919 0.11218535
v 0.00765443 0.00814084 0.08442363
v 0.01919725 0.00713752 0.08805119
v 0.01849708 0.01467090 0.09421422
v 0.02573552 0.00807961 0.09468039
v 0.00409692 -0.04775873 0.08812463
v 0.01712640 -0.05124328 0.12679814
v 0.02421543 -0.04159448 0.09677406
v 0.01110240 -0.04578468 0.08848683
v 0.02617381 -0.04254765 0.10318757
v 0.02213909 -0.04917581 0.11764560
v 0.02486774 -0.04565132 0.11018366
v 0.00662702 -0.05285786 0.13486217
v 0.01831562 -0.04299378 0.09124773
v 0.01557328 -0.06844095 0.11354343
v 0.01008934 0.07585222 0.01259556
v 0.01294449 0.07959053 0.02949444
v 0.01267029 0.08103808 0.04413154
v 0.01025433 0.07843892 0.05846030
v 0.03983778 -0.03462320 0.06282505
v 0.04321874 -0.01087592 0.06494664
v 0.04052753 0.02723084 0.06354703
v 0.02621414 0.06367303 0.05943449
v 0.02126052 -0.06759944 0.05897474
v 0.04674290 -0.04134259 0.04634679
v 0.04688569 0.04111387 0.04846102
v 0.05669539 -0.00671880 0.01714991
v 0.03253207 0.06544891 0.04474986
v 0.02393005 -0.07363444 0.04382378
v 0.04929327 -0.03892315 0.02428281
v 0.05725348 0.01270686 0.01698586
v 0.04997289 0.02826273 0.05186353
v 0.03426768 0.06462726 0.02775920
v 0.02645300 -0.07142839 0.02474636
v 0.04326920 -0.03135408 0.00789322
v 0.04826255 -0.00861418 0.00737032
v 0.04721977 0.02891733 0.00771926
v 0.02946692 0.06312198 0.01094145
v 0.02827978 0.01135994 0.07398273
v 0.02590097 -0.04307303 0.07167547
v 0.02073289 0.04207532 0.07239570
v 0.03077798 -0.00776235 0.07405308
v 0.02258483 -0.06370057 0.00842340
v 0.01754418 -0.05436344 0.07115989
v 0.00613044 0.07306280 0.07002398
v 0.00777999 -0.04565826 0.00002422
v 0.01147025 0.04472716 0.00002633
v 0.01510924 0.06058885 0.07091698
v 0.04253614 0.04591244 0.00895845
v 0.05139554 0.04095687 0.02248995
v 0.04659943 0.04626106 0.04155676
v 0.03551339 0.04452017 0.06158356
v 0.00694708 0.05761555 0.00004199
v 0.00583084 0.03988081 0.07873767
v 0.00323673 0.05906489 0.09292131
v 0.00591144 0.06444672 0.09145309
v 0.00273304 0.06991846 0.09074077
v 0.00827100 0.06103595 0.08132713
v 0.00214597 0.06615604 0.09655975
v 0.00379846 0.07053440 0.08017044
v 0.00438263 0.05138557 0.08395888
v 0.03013784 -0.02769254 0.07287560
v 0.03467494 -0.04979734 0.00816226
v 0.04032439 -0.05632633 0.02448786
v 0.03713067 -0.05900841 0.04475618
v 0.03263929 -0.05328188 0.06031052
v 0.00552103 -0.04885311 0.07845578
v 0.01466834 -0.04387887 0.07828870
v 0.02044731 -0.03568323 0.07836298
v 0.01449384 0.02617183 0.11215664
v 0.01102171 -0.02955363 0.00002439
v 0.03426127 -0.02972904 0.00126194
v 0.03951259 -0.00776615 0.00125386
v 0.03940450 0.02915121 0.00127960
v 0.02189811 0.06156453 0.00155561
v 0.03465373 0.04617607 0.00136219
v 0.02564339 -0.04743713 0.00127314
v 0.00639114 0.07015952 0.00175177
v 0.00590207 0.02357955 0.09860280
v 0.01549283 -0.05866625 0.00128427
v 0.01360870 0.02901881 0.00002484
v 0.02505462 0.02572944 0.07325705
v 0.04903772 0.01201052 0.00734941
v 0.05294834 -0.00907588 0.05494744
v 0.05604214 -0.02253715 0.02623083
v 0.04304001 0.01110907 0.06475125
v 0.00777155 0.02544486 0.07796092
v 0.00988064 0.01303730 0.07834057
v 0.01009861 0.00576175 0.07896113
v 0.04092776 0.01197809 0.00125623
v 0.00445127 -0.05501725 0.00001901
v 0.00785902 -0.07235540 0.00900969
v 0.00906398 -0.08096584 0.02540006
v 0.00816996 -0.08220684 0.04336958
v 0.00726999 -0.07547595 0.05839822
v 0.00617783 -0.06078025 0.07122630
v 0.00512360 -0.04613402 0.08230838
v 0.01350820 -0.04206986 0.08234286
v 0.01952084 -0.03436203 0.08204156
v 0.02267980 -0.02264857 0.08123640
v 0.02092484 -0.00703721 0.08112383
v 0.00919581 0.00359591 0.08046632
v 0.00526813 -0.06461369 0.00130957
v 0.02664116 -0.02948871 0.00003143
v 0.03123830 -0.00775261 0.00003146
v 0.03203454 0.02928520 0.00004174
v 0.01665437 0.05926916 0.00019569
v 0.02746004 0.04590090 0.00007595
v 0.01951693 -0.04640392 0.00003127
v 0.00490894 0.06514271 0.00032029
v 0.01125044 -0.05623782 0.00002759
v 0.03305636 0.01204732 0.00003245
v 0.00381303 -0.06047856 0.00002744
v 0.01317619 -0.00794920 0.00002440
v 0.01406406 0.01196672 0.00002444
v 0.05477892 -0.00862288 0.01435789
v 0.05327263 0.02883966 0.01550832
v 0.05046587 -0.01123674 0.05812982
v 0.04753215 0.02843272 0.05564702
v 0.05200712 -0.02933105 0.04629228
v 0.05394827 -0.02721758 0.02507104
v 0.04917289 0.04382793 0.01865773
v 0.04347084 0.04401950 0.05260564
v 0.04502411 0.05199349 0.02836908
v 0.04263527 0.05227863 0.04345139
v 0.05519171 0.01221898 0.01408923
v 0.05032942 0.01135938 0.05796669
v 0.05723250 -0.00941333 0.04455334
v 0.05353608 0.02817549 0.04309750
v 0.05883811 -0.00827824 0.02651457
v 0.05587346 0.02834090 0.02772342
v 0.05155510 0.04014066 0.02931987
v 0.04946175 0.04020296 0.04169527
v 0.05937290 0.01239660 0.02662350
v 0.05730341 0.01199258 0.04433143
v 0.05448870 -0.02439136 0.04496489
v 0.05273693 0.01185181 0.05471168
v 0.05505410 0.02861175 0.01903498
v 0.04835915 0.04610102 0.02982097
v 0.02205979 0.01936662 0.13482959
v -0.00770871 -0.06936590 0.11528018
v -0.00829913 -0.05701476 0.10336552
v -0.00359016 -0.06624685 0.12586281
v -0.01119081 -0.07740421 0.12726191
v -0.01809058 -0.05423477 0.10203041
v -0.01135722 -0.07232994 0.12395261
v -0.01730028 -0.05816157 0.10640223
v -0.01616642 -0.06211944 0.10930358
v -0.00346006 -0.06349010 0.09899330
v -0.00909619 -0.05951644 0.09365139
v -0.01602495 -0.07477485 0.11837522
v -0.01855779 -0.05811509 0.09690251
v -0.01501125 -0.07849475 0.12320092
v -0.00330313 -0.06749956 0.09955540
v -0.01346810 -0.06764034 0.10081252
v -0.00316434 -0.06912810 0.11686743
v -0.00346898 -0.06021134 0.10849706
v -0.00327509 -0.07467105 0.12178153
v -0.00326978 -0.07736773 0.12442681
v -0.00362421 -0.07791668 0.10003212
v -0.01086202 -0.06549420 0.12031132
v -0.00329167 -0.06328450 0.11185528
v -0.00882235 -0.06049411 0.09977859
v -0.01040942 -0.08081006 0.12711969
v -0.00356569 -0.08179734 0.12867457
v -0.00350037 -0.06071844 0.09986406
v -0.01283221 -0.07047303 0.11214982
v -0.02040322 -0.05087979 0.10233005
v -0.00799856 -0.06322398 0.11073634
v -0.00858023 -0.06701461 0.09965215
v -0.01186523 -0.07450137 0.09979965
v -0.00819184 -0.07781467 0.12280237
v -0.00789948 -0.07526651 0.11993890
v -0.00823677 -0.06000074 0.10769365
v -0.00893800 -0.06755515 0.09530110
v -0.00331652 -0.05979552 0.09347858
v -0.00875711 -0.06326309 0.09912690
v -0.00361219 -0.07301343 0.12804781
v -0.00360696 -0.07841715 0.12967872
v -0.00347964 -0.05714202 0.10356444
v -0.02118297 -0.04841106 0.10327022
v -0.01809787 -0.05292852 0.10862211
v -0.01546090 -0.05684306 0.11326533
v -0.00359754 -0.06064038 0.12533533
v -0.01082793 -0.05903697 0.11935072
v -0.02051487 -0.05114931 0.10006026
v -0.00349161 -0.05817319 0.10132375
v -0.00857295 -0.05810899 0.10113507
v -0.01805447 -0.05466440 0.10085859
v -0.00347760 -0.05834923 0.10586267
v -0.01828633 -0.05527338 0.10378025
v -0.00826936 -0.05803994 0.10548558
v -0.02001502 -0.05086709 0.10479469
v -0.02152064 -0.04878463 0.09906170
v -0.01302142 -0.06424819 0.10811158
v -0.01234462 -0.07925443 0.12158881
v -0.01290432 -0.07655525 0.11724708
v -0.01318696 -0.06046972 0.10591657
v -0.01370715 -0.06308359 0.10017389
v -0.01332904 -0.05770301 0.10415587
v -0.01323123 -0.05742499 0.10118061
v -0.01402998 -0.06715941 0.09626360
v -0.00340085 -0.07379251 0.10229830
v -0.00337301 -0.08062365 0.12639224
v -0.01007187 -0.07168018 0.10190873
v -0.00919400 -0.08028401 0.12473256
v -0.01381706 -0.05957676 0.10033149
v -0.01298763 -0.05657769 0.10264964
v -0.01668417 -0.06837342 0.10075121
v -0.01534083 -0.05777930 0.09451083
v -0.00333077 -0.07500682 0.09742057
v -0.01028749 -0.07269426 0.09748487
v -0.01185585 -0.07456364 0.10224883
v -0.01741136 -0.06149931 0.09980915
v -0.00362712 -0.07795157 0.10278990
v -0.00316529 -0.06832007 0.09502890
v -0.01823593 -0.05654502 0.10000845
v -0.02036001 -0.05197161 0.09791449
v -0.01675295 -0.06771651 0.09828894
v -0.02746342 0.00929610 0.13973786
v -0.02227232 0.01843566 0.10335904
v -0.03042403 0.00968807 0.10363406
v -0.03315454 0.01009084 0.12575859
v -0.03305145 0.01031487 0.11407736
v -0.01126279 0.00802745 0.15279603
v -0.02272916 -0.03342944 0.08766616
v -0.02575635 -0.02158659 0.08578565
v -0.02437563 -0.00615612 0.08572166
v -0.01040857 -0.04225274 0.14808931
v -0.01230542 -0.02617653 0.15603303
v -0.01241624 -0.00812715 0.15771162
v -0.03321332 -0.03714591 0.11173831
v -0.03832875 -0.02171690 0.11356881
v -0.03846733 -0.00342067 0.11459700
v -0.03225895 -0.03904082 0.12290162
v -0.03816388 -0.02309593 0.12662721
v -0.03841486 -0.00471935 0.12747850
v -0.03177976 -0.03505219 0.10292524
v -0.03586705 -0.02093582 0.10303967
v -0.03561650 -0.00346884 0.10325192
v -0.02808428 -0.03347905 0.09503119
v -0.03118446 -0.02088712 0.09370869
v -0.03046030 -0.00457753 0.09365268
v -0.02596156 -0.04003130 0.13701697
v -0.03088390 -0.02402718 0.14271254
v -0.03112769 -0.00630322 0.14323112
v -0.02230036 -0.00659272 0.07901238
v -0.02335705 -0.02345711 0.07851497
v -0.00334498 -0.05254514 0.09233079
v -0.01130343 -0.05596425 0.12053870
v -0.02204473 -0.04662469 0.09794596
v -0.00912840 -0.05226215 0.09255681
v -0.02221574 -0.04643769 0.10376673
v -0.01567456 -0.05386078 0.11471353
v -0.01912602 -0.04979672 0.10947112
v -0.00390708 -0.05775455 0.12635992
v -0.01644324 -0.04991537 0.09385081
v -0.01288895 0.02442226 0.10411975
v -0.00670233 0.02533979 0.13819188
v -0.00490866 0.02988056 0.12046777
v -0.00503327 0.02892999 0.12964850
v -0.01447729 0.02569954 0.13081469
v -0.00434969 0.02730794 0.10481747
v -0.01538956 0.02662339 0.12087449
v -0.00691066 0.01688591 0.09128863
v -0.02460035 0.01985518 0.11269094
v -0.02525153 0.02000632 0.12285734
v -0.00953973 0.01903252 0.14545250
v -0.00456345 0.02918919 0.11218535
v -0.00765443 0.00814084 0.08442363
v -0.01919725 0.00713752 0.08805119
v -0.01849708 0.01467091 0.09421422
v -0.02573552 0.00807961 0.09468039
v -0.00409693 -0.04775873 0.08812465
v -0.01712641 -0.05124328 0.12679812
v -0.02421544 -0.04159448 0.09677406
v -0.01110240 -0.04578469 0.08848683
v -0.02617381 -0.04254765 0.10318756
v -0.02213909 -0.04917581 0.11764560
v -0.02486775 -0.04565132 0.11018366
v -0.00662702 -0.05285786 0.13486217
v -0.01831562 -0.04299378 0.09124773
v -0.01557328 -0.06844095 0.11354343
v -0.01008934 0.07585221 0.01259556
v -0.01294450 0.07959052 0.02949444
v -0.01267029 0.08103809 0.04413154
v -0.01025433 0.07843892 0.05846030
v -0.03983779 -0.03462320 0.06282505
v -0.04321874 -0.01087592 0.06494664
v -0.04052754 0.02723085 0.06354703
v -0.02621415 0.06367303 0.05943449
v -0.02126052 -0.06759943 0.05897474
v -0.04674291 -0.04134259 0.04634679
v -0.04688570 0.04111388 0.04846102
v -0.05669540 -0.00671880 0.01714991
v -0.03253207 0.06544891 0.04474986
v -0.02393006 -0.07363444 0.04382378
v -0.04929328 -0.03892315 0.02428281
v -0.05725348 0.01270686 0.01698586
v -0.04997289 0.02826273 0.05186353
v -0.03426768 0.06462725 0.02775920
v -0.02645300 -0.07142839 0.02474636
v -0.04326920 -0.03135408 0.00789322
v -0.04826255 -0.00861418 0.00737032
v -0.04721977 0.02891733 0.00771926
v -0.02946692 0.06312198 0.01094145
v -0.02827978 0.01135994 0.07398273
v -0.02590098 -0.04307303 0.07167547
v -0.02073289 0.04207532 0.07239570
v -0.03077798 -0.00776235 0.07405308
v -0.02258483 -0.06370057 0.00842339
v -0.01754418 -0.05436345 0.07115989
v -0.00613044 0.07306280 0.07002398
v -0.00778000 -0.04565826 0.00002422
v -0.01147025 0.04472716 0.00002633
v -0.01510925 0.06058886 0.07091698
v -0.04253614 0.04591244 0.00895845
v -0.05139555 0.04095687 0.02248995
v -0.04659943 0.04626106 0.04155677
v -0.03551340 0.04452017 0.06158356
v -0.00694709 0.05761555 0.00004199
v -0.00583084 0.03988082 0.07873767
v -0.00323673 0.05906489 0.09292131
v -0.00591145 0.06444672 0.09145308
v -0.00273304 0.06991846 0.09074075
v -0.00827101 0.06103595 0.08132713
v -0.00214597 0.06615604 0.09655975
v -0.00379847 0.07053441 0.08017044
v -0.00438264 0.05138556 0.08395888
v -0.03013785 -0.02769253 0.07287560
v -0.03467494 -0.04979734 0.00816226
v -0.04032438 -0.05632633 0.02448786
v -0.03713067 -0.05900840 0.04475618
v -0.03263930 -0.05328188 0.06031052
v -0.00552103 -0.04885311 0.07845579
v -0.01466834 -0.04387887 0.07828870
v -0.02044731 -0.03568323 0.07836298
v -0.01449384 0.02617183 0.11215664
v -0.01102171 -0.02955363 0.00002439
v -0.03426128 -0.02972904 0.00126194
v -0.03951258 -0.00776615 0.00125386
v -0.03940450 0.02915122 0.00127960
v -0.02189811 0.06156453 0.00155561
v -0.03465373 0.04617607 0.00136219
v -0.02564340 -0.04743713 0.00127314
v -0.00639114 0.07015952 0.00175177
v -0.00590208 0.02357955 0.09860280
v -0.01549283 -0.05866625 0.00128427
v -0.01360871 0.02901881 0.00002484
v -0.02505462 0.02572944 0.07325704
v -0.04903772 0.01201052 0.00734941
v -0.05294834 -0.00907588 0.05494744
v -0.05604214 -0.02253715 0.02623083
v -0.04304002 0.01110907 0.06475125
v -0.00777155 0.02544486 0.07796092
v -0.00988064 0.01303730 0.07834057
v -0.01009861 0.00576175 0.07896113
v -0.04092775 0.01197809 0.00125623
v -0.00445128 -0.05501725 0.00001901
v -0.00785903 -0.07235540 0.00900969
v -0.00906399 -0.08096583 0.02540006
v -0.00816996 -0.08220684 0.04336958
v -0.00727000 -0.07547595 0.05839822
v -0.00617783 -0.06078025 0.07122630
v -0.00512361 -0.04613403 0.08230837
v -0.01350820 -0.04206986 0.08234286
v -0.01952085 -0.03436203 0.08204156
v -0.02267980 -0.02264857 0.08123640
v -0.02092485 -0.00703721 0.08112384
v -0.00919582 0.00359591 0.08046631
v -0.00526813 -0.06461369 0.00130957
v -0.02664116 -0.02948871 0.00003143
v -0.03123830 -0.00775261 0.00003146
v -0.03203454 0.02928520 0.00004174
v -0.01665438 0.05926917 0.00019569
v -0.02746005 0.04590090 0.00007595
v -0.01951694 -0.04640392 0.00003127
v -0.00490894 0.06514271 0.00032029
v -0.01125045 -0.05623782 0.00002760
v -0.03305636 0.01204732 0.00003245
v -0.00381304 -0.06047856 0.00002743
v -0.01317619 -0.00794920 0.00002439
v -0.01406406 0.01196672 0.00002443
v -0.05477893 -0.00862289 0.01435788
v -0.05327263 0.02883966 0.01550832
v -0.05046587 -0.01123674 0.05812982
v -0.04753215 0.02843272 0.05564702
v -0.05200712 -0.02933106 0.04629228
v -0.05394827 -0.02721759 0.02507104
v -0.04917289 0.04382793 0.01865773
v -0.04347084 0.04401950 0.05260564
v -0.04502411 0.05199350 0.02836908
v -0.04263527 0.05227863 0.04345139
v -0.05519172 0.01221898 0.01408923
v -0.05032943 0.01135938 0.05796670
v -0.05723250 -0.00941333 0.04455334
v -0.05353609 0.02817549 0.04309750
v -0.05883811 -0.00827824 0.02651457
v -0.05587346 0.02834090 0.02772342
v -0.05155510 0.04014067 0.02931987
v -0.04946176 0.04020296 0.04169527
v -0.05937291 0.01239660 0.02662350
v -0.05730341 0.01199258 0.04433143
v -0.05448870 -0.02439136 0.04496489
v -0.05273693 0.01185181 0.05471168
v -0.05505410 0.02861175 0.01903498
v -0.04835916 0.04610102 0.02982097
v -0.02205979 0.01936662 0.13482959
vt 0.97449785 0.12653446
vt 0.53911805 0.16359377
vt 0.94290507 0.12364745
vt 0.59428310 0.12976807
vt 0.92504102 0.39805555
vt 0.96364349 0.12378228
vt 0.56001616 0.14552909
vt 0.67355961 0.07268304
vt 0.64779687 0.10811824
vt 0.79488355 0.27276921
vt 0.87851340 0.12567878
vt 0.69459981 0.04795343
vt 0.89154905 0.12533969
vt 0.86145318 0.13014424
vt 0.88238573 0.39309990
vt 0.94224781 0.39746946
vt 0.70349842 0.01652002
vt 0.82538283 0.37829792
vt 0.90828532 0.39919597
vt 0.73900801 0.70619237
vt 0.84674364 0.27937788
vt 0.91175902 0.12485397
vt 0.75885701 0.26450568
vt 0.79606962 0.20361227
vt 0.92530972 0.34835947
vt 0.95018047 0.34810293
vt 0.75005335 0.20361233
vt 0.53115356 0.23912728
vt 0.94839036 0.17268664
vt 0.96676445 0.17268664
vt 0.71101618 0.68776625
vt 0.85399097 0.20361227
vt 0.95249099 0.74223179
vt 0.97893924 0.17268664
vt 0.59843707 0.23912722
vt 0.64213109 0.23912722
vt 0.86304724 0.17268664
vt 0.88003135 0.34882641
vt 0.56018865 0.23912728
vt 0.89654845 0.17268664
vt 0.88275331 0.17268670
vt 0.91717225 0.17268664
vt 0.90891981 0.34852850
vt 0.79555559 0.24051976
vt 0.92509937 0.37711227
vt 0.94807178 0.37703568
vt 0.75205326 0.23688680
vt 0.53329980 0.19788980
vt 0.94684702 0.14480281
vt 0.96574426 0.14443314
vt 0.72730988 0.69941008
vt 0.85092080 0.24930257
vt 0.97736287 0.14470726
vt 0.60117209 0.18419248
vt 0.64536548 0.17567432
vt 0.86292481 0.14041448
vt 0.88072199 0.38230371
vt 0.56108308 0.19394398
vt 0.89557004 0.14464980
vt 0.88201076 0.14398760
vt 0.91595030 0.14585298
vt 0.90915489 0.37826329
vt 0.73446780 0.04880553
vt 0.79821813 0.74544263
vt 0.73851907 0.01693028
vt 0.78226894 0.74849236
vt 0.85714740 0.40070200
vt 0.69601846 0.08722413
vt 0.81555128 0.72705543
vt 0.68075728 0.11706686
vt 0.83081996 0.71956515
vt 0.66409433 0.23912716
vt 0.77869636 0.73465580
vt 0.88481104 0.69534248
vt 0.67766571 0.17460120
vt 0.85730779 0.70957458
vt 0.89653069 0.39936769
vt 0.89657265 0.34865582
vt 0.89713758 0.37870252
vt 0.70136881 0.02986968
vt 0.86963195 0.12598658
vt 0.87292129 0.17268664
vt 0.87245566 0.14392281
vt 0.84473842 0.37162888
vt 0.71899974 0.03199255
vt 0.72225511 0.01836109
vt 0.84112138 0.39244831
vt 0.61239117 0.05424792
vt 0.90551585 0.08584964
vt 0.63780653 0.05042559
vt 0.88995951 0.09175891
vt 0.53246796 0.10875571
vt 0.96556991 0.08733082
vt 0.52160454 0.15157890
vt 0.98534489 0.11073297
vt 0.56433642 0.08435804
vt 0.94128430 0.08545673
vt 0.65937066 0.03926134
vt 0.87490994 0.09297872
vt 0.77679086 0.34207428
vt 0.90609890 0.42802024
vt 0.75247580 0.32335436
vt 0.92938668 0.42691457
vt 0.67782563 0.02800053
vt 0.86150736 0.09386098
vt 0.79455155 0.35692203
vt 0.88929176 0.42959797
vt 0.66716939 0.02219278
vt 0.78527647 0.36701924
vt 0.86034662 0.10330415
vt 0.88437474 0.42105269
vt 0.72126889 0.30290252
vt 0.95916718 0.42696124
vt 0.68667120 0.24700427
vt 0.98881036 0.38130987
vt 0.68212968 0.20361227
vt 0.99222243 0.34766936
vt 0.50899523 0.19292974
vt 0.99419320 0.14036500
vt 0.50813985 0.23912728
vt 0.99649984 0.17268664
vt 0.74514246 0.28110528
vt 0.78956002 0.30535233
vt 0.76349872 0.73676980
vt 0.86990511 0.35797167
vt 0.72363162 0.24112135
vt 0.71844774 0.20361233
vt 0.77144152 0.31753504
vt 0.81206679 0.34744465
vt 0.73284155 0.29050624
vt 0.70004874 0.20361233
vt 0.70687991 0.24528563
vt 0.82331717 0.36501825
vt 0.74027795 0.97702587
vt 0.92322898 0.45297229
vt 0.78956443 0.99093568
vt 0.87394255 0.43906236
vt 0.77226919 0.91055512
vt 0.81817901 0.90776801
vt 0.84310538 0.90731257
vt 0.73146254 0.48864585
vt 0.93204445 0.94135237
vt 0.88020462 0.91415215
vt 0.31515226 0.67654282
vt 0.35416186 0.73680866
vt 0.67368448 0.94405818
vt 0.98982251 0.48594010
vt 0.89379412 0.88129854
vt 0.89929658 0.84224963
vt 0.89589596 0.80122757
vt 0.85154408 0.80568880
vt 0.85177934 0.84258538
vt 0.84875917 0.87795138
vt 0.77283037 0.88167524
vt 0.77280015 0.84501380
vt 0.77388471 0.80506057
vt 0.74449211 0.80322444
vt 0.74192297 0.84280682
vt 0.74390590 0.88450921
vt 0.31141943 0.71869254
vt 0.69073600 0.89924943
vt 0.30376571 0.65622282
vt 0.70095569 0.83373773
vt 0.30046785 0.61177325
vt 0.70053059 0.79333127
vt 0.79641014 0.88031316
vt 0.79633337 0.84588194
vt 0.79621232 0.80547512
vt 0.82127661 0.80501109
vt 0.82274306 0.84451628
vt 0.82176816 0.87900287
vt 0.70252115 0.53966379
vt 0.96098572 0.89033425
vt 0.69522947 0.59024262
vt 0.96827763 0.83975554
vt 0.71003133 0.65519881
vt 0.95347565 0.77479935
vt 0.71509176 0.71366924
vt 0.86254865 0.72079760
vt 0.77867240 0.75541443
vt 0.73064816 0.72652847
vt 0.79737020 0.75222945
vt 0.77661812 0.72794986
vt 0.88688904 0.70204830
vt 0.70203334 0.69988680
vt 0.96147364 0.73011112
vt 0.83516306 0.73045397
vt 0.75766361 0.74531025
vt 0.81620562 0.73956507
vt 0.77562380 0.96418589
vt 0.79497594 0.90941322
vt 0.76691204 0.98619163
vt 0.89659494 0.44380653
vt 0.81448865 0.99304235
vt 0.84901834 0.43695581
vt 0.82111162 0.43877459
vt 0.84239537 0.99122357
vt 0.78837311 0.44876909
vt 0.87513381 0.98122907
vt 0.81438893 0.96496099
vt 0.83753705 0.96171957
vt 0.85927874 0.95850813
vt 0.76508081 0.94135350
vt 0.86849606 0.93738544
vt 0.75673288 0.46584260
vt 0.90677398 0.96415544
vt 0.83830720 0.93301189
vt 0.81478053 0.93559521
vt 0.79299527 0.93724686
vt 0.70861870 0.96087778
vt 0.95488828 0.46912038
vt 0.73231709 0.92962307
vt 0.74906480 0.91006017
vt 0.32300362 0.52953207
vt 0.34631038 0.88381946
vt 0.67368448 0.72167403
vt 0.98982251 0.70832402
vt 0.84429914 0.76670241
vt 0.74923074 0.77293825
vt 0.81833094 0.77097291
vt 0.30679333 0.55505377
vt 0.68551356 0.74554789
vt 0.88158917 0.75932378
vt 0.77533674 0.77764529
vt 0.30206209 0.57814336
vt 0.69492489 0.76393723
vt 0.79581666 0.77617931
vt 0.73698044 0.69332433
vt 0.92652661 0.73667383
vt 0.31261861 0.51597476
vt 0.35669544 0.89737666
vt 0.25774652 0.45815271
vt 0.41156739 0.95519900
vt 0.20381647 0.42865837
vt 0.46549743 0.98469329
vt 0.15346710 0.41827726
vt 0.51584697 0.99507451
vt 0.08663369 0.42423213
vt 0.58268046 0.98911965
vt 0.01196235 0.46382725
vt 0.13751726 0.81617844
vt 0.65735197 0.94952452
vt 0.13575703 0.75838166
vt 0.13353373 0.68538022
vt 0.03273307 0.96583468
vt 0.63658118 0.44751698
vt 0.10744794 0.98946375
vt 0.56186628 0.42388785
vt 0.19207864 0.98916239
vt 0.47723550 0.42418921
vt 0.24336271 0.96414292
vt 0.42595142 0.44920874
vt 0.27553231 0.94388968
vt 0.39378205 0.46946204
vt 0.48940581 0.74907506
vt 0.58003056 0.67858166
vt 0.14801180 0.99259585
vt 0.52130246 0.42075574
vt 0.08675866 0.53276575
vt 0.08411162 0.65057600
vt 0.26039678 0.05906630
vt 0.26226234 0.18582624
vt 0.08405834 0.71373397
vt 0.28906447 0.35730875
vt 0.09783512 0.79816628
vt 0.09686042 0.91508842
vt 0.14968096 0.79980314
vt 0.01766767 0.64352041
vt 0.17365099 0.75705779
vt 0.02033370 0.71242124
vt 0.17722647 0.72751403
vt 0.02969800 0.81608957
vt 0.17320871 0.68273896
vt 0.14317641 0.65306318
vt 0.14275621 0.52681834
vt 0.37941146 0.01805669
vt 0.13930415 0.63164943
vt 0.14276350 0.91122270
vt 0.19031096 0.53153586
vt 0.49696949 0.04131979
vt 0.18818527 0.64462578
vt 0.49702856 0.18361104
vt 0.18571506 0.71034604
vt 0.46320486 0.36200213
vt 0.17229713 0.79488629
vt 0.18626559 0.91026896
vt 0.23325269 0.54780519
vt 0.23849057 0.64877665
vt 0.23935854 0.71035200
vt 0.23557295 0.79866028
vt 0.23031500 0.91055149
vt 0.28176382 0.57119650
vt 0.28576139 0.65735465
vt 0.29675522 0.72132814
vt 0.29163283 0.80830801
vt 0.26838845 0.91209817
vt 0.51302385 0.75838405
vt 0.13297012 0.66687357
vt 0.30486113 0.41760498
vt 0.10641808 0.82583302
vt 0.03451465 0.86884022
vt 0.16427730 0.66109103
vt 0.13776074 0.82407016
vt 0.37687808 0.41963238
vt 0.44534117 0.42337286
vt 0.16725700 0.82373106
vt 0.23230682 0.85287064
vt 0.29325661 0.86538023
vt 0.55259460 0.75838405
vt 0.32711270 0.85663837
vt 0.34220150 0.55671316
vt 0.49196917 0.68064022
vt 0.57746726 0.75113368
vt 0.51002878 0.70099890
vt 0.51656324 0.69536543
vt 0.55287325 0.62487203
vt 0.55940765 0.63050556
vt 0.51916784 0.70512003
vt 0.53580952 0.70521283
vt 0.52446949 0.62906700
vt 0.53290886 0.62393999
vt 0.53652757 0.69443333
vt 0.54496688 0.69956034
vt 0.54141641 0.73234797
vt 0.50645763 0.65565866
vt 0.56297863 0.72615200
vt 0.49873006 0.72140741
vt 0.57070619 0.65091413
vt 0.51671934 0.73099917
vt 0.08305949 0.58502454
vt 0.02374076 0.57412082
vt 0.16805600 0.78578556
vt 0.14028095 0.57716793
vt 0.19123237 0.58336401
vt 0.23367295 0.59642762
vt 0.28232327 0.60969216
vt 0.13653295 0.78385895
vt 0.28994328 0.53984272
vt 0.04019321 0.58202964
vt 0.03845109 0.64618272
vt 0.03877421 0.70960307
vt 0.04497823 0.81027979
vt 0.04975012 0.86292911
vt 0.04757286 0.92168206
vt 0.04100227 0.52948344
vt 0.01196235 0.95071393
vt 0.13230236 0.64494777
vt 0.65735197 0.46263814
vt 0.02765768 0.45243561
vt 0.64165640 0.96091580
vt 0.79325914 0.96514261
vt 0.26039678 0.27335876
vt 0.08373087 0.75725418
vt 0.04018288 0.76130754
vt 0.49168047 0.27134967
vt 0.18320476 0.75209594
vt 0.23806159 0.75549722
vt 0.29377902 0.76460987
vt 0.33236724 0.59391838
vt 0.33694690 0.81943297
vt 0.32111675 0.64207321
vt 0.34819731 0.77127814
vt 0.31683236 0.66500992
vt 0.35248163 0.74834156
vt 0.13701275 0.79961282
vt 0.08846703 0.48014235
vt 0.04073282 0.48701000
vt 0.14642930 0.47424626
vt 0.19554254 0.48177356
vt 0.24244738 0.50437498
vt 0.14455417 0.80824459
vt 0.70808035 0.89925534
vt 0.71334469 0.84007281
vt 0.71585780 0.79692543
vt 0.68286687 0.94522846
vt 0.98063993 0.48476964
vt 0.71460223 0.75859332
vt 0.68690735 0.71574104
vt 0.97659957 0.71425688
vt 0.69985205 0.73408085
vt 0.15680656 0.78319037
vt 0.16162801 0.75713032
vt 0.02272724 0.76447153
vt 0.17586023 0.70510471
vt 0.16034864 0.68394053
vt 0.15284257 0.66467005
vt 0.02605586 0.92577642
vt 0.14422829 0.64620435
vt 0.02337452 0.52418619
vt 0.15753123 0.80299145
vt 0.13253008 0.65242535
vt 0.02222185 0.48699367
vt 0.14712231 0.81362790
vt 0.13731061 0.80939329
vt 0.16404931 0.72913337
vt 0.16331495 0.70574439
vt 0.13418446 0.70674676
vt 0.13489741 0.73015606
vt 0.07858491 0.64251196
vt 0.06887589 0.70945311
vt 0.06994569 0.75825107
vt 0.07656106 0.80236208
vt 0.19387223 0.63858134
vt 0.20059022 0.70618439
vt 0.19806662 0.75298834
vt 0.19399056 0.79617006
vt 0.13859577 0.61827075
vt 0.09179407 0.84951448
vt 0.18415867 0.84522563
vt 0.13907377 0.85283995
vt 0.37982345 0.06988347
vt 0.37966079 0.17572153
vt 0.37863117 0.26441216
vt 0.37753743 0.34218037
vt 0.46557990 0.17964441
vt 0.44210729 0.34709668
vt 0.29270786 0.18368024
vt 0.31078291 0.34455085
vt 0.37664753 0.39107955
vt 0.29591796 0.27021170
vt 0.45856211 0.26894569
vt 0.29953253 0.09494185
vt 0.45916167 0.08542514
vt 0.32422158 0.38750052
vt 0.42773208 0.39104021
vt 0.97449785 0.21883881
vt 0.53911817 0.31466073
vt 0.94290507 0.22172582
vt 0.59428322 0.34848636
vt 0.92401600 0.29867947
vt 0.96364349 0.22159106
vt 0.56001621 0.33272541
vt 0.67355984 0.40557122
vt 0.64779699 0.37013614
vt 0.79488361 0.13445544
vt 0.87851340 0.21969455
vt 0.69459999 0.43030083
vt 0.89154899 0.22003365
vt 0.86145318 0.21522903
vt 0.88147205 0.30451369
vt 0.94123125 0.29891062
vt 0.70349866 0.46173406
vt 0.82538283 0.02892667
vt 0.90724039 0.29788482
vt 0.84674364 0.12784666
vt 0.92449892 0.72380555
vt 0.91175908 0.22051936
vt 0.75885701 0.14271897
vt 0.79555565 0.16670489
vt 0.92450631 0.31961715
vt 0.94747543 0.31921983
vt 0.75205332 0.17033792
vt 0.53329986 0.28036469
vt 0.94684708 0.20057046
vt 0.96574426 0.20094013
vt 0.85092080 0.15792203
vt 0.93619698 0.73058796
vt 0.97736287 0.20066607
vt 0.60117221 0.29406202
vt 0.64536554 0.30258012
vt 0.86292481 0.20495880
vt 0.88003135 0.31534195
vt 0.56108320 0.28431058
vt 0.89557010 0.20072347
vt 0.88201070 0.20138574
vt 0.91595030 0.19952029
vt 0.90854150 0.31879514
vt 0.73446780 0.42944854
vt 0.86528879 0.68455541
vt 0.73851907 0.46132386
vt 0.85714740 0.00652272
vt 0.88123810 0.68150556
vt 0.69601858 0.39103019
vt 0.84795558 0.70294261
vt 0.68075740 0.36118746
vt 0.83268702 0.71043277
vt 0.67766583 0.30365306
vt 0.80619937 0.72042346
vt 0.89548475 0.29795563
vt 0.89651781 0.31860387
vt 0.70136905 0.44838464
vt 0.86963189 0.21938670
vt 0.87245572 0.20145053
vt 0.84473842 0.03559577
vt 0.71899980 0.44626164
vt 0.72225511 0.45989305
vt 0.84112138 0.01477629
vt 0.61239135 0.42400646
vt 0.90551585 0.25952369
vt 0.63780677 0.42782879
vt 0.88995951 0.25361437
vt 0.53246820 0.36949873
vt 0.96556991 0.25804245
vt 0.52160466 0.32667565
vt 0.98534489 0.23464030
vt 0.56433648 0.39389634
vt 0.94128430 0.25991654
vt 0.65937084 0.43899286
vt 0.87490994 0.25239456
vt 0.77679086 0.06515044
vt 0.90446007 0.26911175
vt 0.75247580 0.08387017
vt 0.92776573 0.26973695
vt 0.67782587 0.45025373
vt 0.86150736 0.25151229
vt 0.79455143 0.05030257
vt 0.88762397 0.26788104
vt 0.66716963 0.45606148
vt 0.78527647 0.04020554
vt 0.86034662 0.24206918
vt 0.88288420 0.27652597
vt 0.72126889 0.10432208
vt 0.95753890 0.26907611
vt 0.68667120 0.16022027
vt 0.98811728 0.31410635
vt 0.50899529 0.28532475
vt 0.99419320 0.20500827
vt 0.74514252 0.12611932
vt 0.78956014 0.10187227
vt 0.86990511 0.04925293
vt 0.90000820 0.69322824
vt 0.72363168 0.16610330
vt 0.77144158 0.08968961
vt 0.81206685 0.05977994
vt 0.73284161 0.11671829
vt 0.70687997 0.16193897
vt 0.82331705 0.04220641
vt 0.89123785 0.51944292
vt 0.84532797 0.52223015
vt 0.82040167 0.52268559
vt 0.78330237 0.51584601
vt 0.76971298 0.54869968
vt 0.76421052 0.58774859
vt 0.76761127 0.62877077
vt 0.81196302 0.62430930
vt 0.81172752 0.58741277
vt 0.81474793 0.55204678
vt 0.89067680 0.54832292
vt 0.89070690 0.58498430
vt 0.88962239 0.62493753
vt 0.91901487 0.62677366
vt 0.92158413 0.58719128
vt 0.91960114 0.54548895
vt 0.35789463 0.69465905
vt 0.97277093 0.53074861
vt 0.36554843 0.75712866
vt 0.96255130 0.59626031
vt 0.36884621 0.80157828
vt 0.96297640 0.63666677
vt 0.86709702 0.54968494
vt 0.86717373 0.58411622
vt 0.86729491 0.62452298
vt 0.84223062 0.62498713
vt 0.84076399 0.58548188
vt 0.84173882 0.55099529
vt 0.94841546 0.71632892
vt 0.80095851 0.70920062
vt 0.88483483 0.67458367
vt 0.93285906 0.70346975
vt 0.86613685 0.67776871
vt 0.82834411 0.69954419
vt 0.90584356 0.68468791
vt 0.84730148 0.69043297
vt 0.88788337 0.46581233
vt 0.86853123 0.52058488
vt 0.84911799 0.46503723
vt 0.82596999 0.46827877
vt 0.80422843 0.47149003
vt 0.89842641 0.48864478
vt 0.79501098 0.49261278
vt 0.82519996 0.49698627
vt 0.84872663 0.49440289
vt 0.87051183 0.49275142
vt 0.93118989 0.50037509
vt 0.91444224 0.51993793
vt 0.81920797 0.66329575
vt 0.91427630 0.65705979
vt 0.84517622 0.65902537
vt 0.36252066 0.85829777
vt 0.97799331 0.68445003
vt 0.78191805 0.67067450
vt 0.88817042 0.65235281
vt 0.36725190 0.83520830
vt 0.96858209 0.66606081
vt 0.86769056 0.65381885
vt 0.58255553 0.88058585
vt 0.00860390 0.04733306
vt 0.58520246 0.76277554
vt 0.01046932 0.17409301
vt 0.58525574 0.69961751
vt 0.03727148 0.34557545
vt 0.57147890 0.61518520
vt 0.57245380 0.49826336
vt 0.12437961 0.80057377
vt 0.09785272 0.75936621
vt 0.65164644 0.76983094
vt 0.09248599 0.73009485
vt 0.64898038 0.70093030
vt 0.09377156 0.68515825
vt 0.63961625 0.59726202
vt 0.12194232 0.65370989
vt 0.52655786 0.88653338
vt 0.12761842 0.00632358
vt 0.53000987 0.78170192
vt 0.52655071 0.50212890
vt 0.47900310 0.88181579
vt 0.24517637 0.02958655
vt 0.48112869 0.76872569
vt 0.24523559 0.17187774
vt 0.48359895 0.70300531
vt 0.21141201 0.35026908
vt 0.49701703 0.61846519
vt 0.48304859 0.50308257
vt 0.43606132 0.86554635
vt 0.43082356 0.76457500
vt 0.42995551 0.70299959
vt 0.43374121 0.61469120
vt 0.43899921 0.50279999
vt 0.38755020 0.84215498
vt 0.38355273 0.75599688
vt 0.37255886 0.69202340
vt 0.37768131 0.60504353
vt 0.40092576 0.50125337
vt 0.55641240 0.68789065
vt 0.05306827 0.40587187
vt 0.56289595 0.58751851
vt 0.10136904 0.66300696
vt 0.63479948 0.54451126
vt 0.12508510 0.40789920
vt 0.53155345 0.58928144
vt 0.19354825 0.41163981
vt 0.50205708 0.58962053
vt 0.43700737 0.56048077
vt 0.37605751 0.54797101
vt 0.51684159 0.68789065
vt 0.55026847 0.63462669
vt 0.53362679 0.63471949
vt 0.52801991 0.66185457
vt 0.55271703 0.66050565
vt 0.58625460 0.82832706
vt 0.10518554 0.78770024
vt 0.64557320 0.83923042
vt 0.52903318 0.83618361
vt 0.47808164 0.82998759
vt 0.43564108 0.81692404
vt 0.38699073 0.80365950
vt 0.37937078 0.87350887
vt 0.62912095 0.83132190
vt 0.63086307 0.76716888
vt 0.63053989 0.70374852
vt 0.62433594 0.60307187
vt 0.61956412 0.55042243
vt 0.62174141 0.49166965
vt 0.62831193 0.88386822
vt 0.87024790 0.46485555
vt 0.00860387 0.26162565
vt 0.58558327 0.65609741
vt 0.62913126 0.65204400
vt 0.23988754 0.25961649
vt 0.48610926 0.66125560
vt 0.43125254 0.65785438
vt 0.37553510 0.64874154
vt 0.58084714 0.93320924
vt 0.62858140 0.92634159
vt 0.52288485 0.93910539
vt 0.47377145 0.93157810
vt 0.42686662 0.90897655
vt 0.13001056 0.80868745
vt 0.95542669 0.53074282
vt 0.95016235 0.58992541
vt 0.94764924 0.63307261
vt 0.94890487 0.67140472
vt 0.96365488 0.69591731
vt 0.11625622 0.78442544
vt 0.10985786 0.75870699
vt 0.09248601 0.70764393
vt 0.64658689 0.64888006
vt 0.10668089 0.68557495
vt 0.11300038 0.66588354
vt 0.12047498 0.64692783
vt 0.64325827 0.48757517
vt 0.11673789 0.80423379
vt 0.64593959 0.88916504
vt 0.12777479 0.81421709
vt 0.64709228 0.92635787
vt 0.10573727 0.73090929
vt 0.10504697 0.70751894
vt 0.59072924 0.77083969
vt 0.60043818 0.70389837
vt 0.59936845 0.65510058
vt 0.59275311 0.61098951
vt 0.47544193 0.77477014
vt 0.46872389 0.70716721
vt 0.47124752 0.66036332
vt 0.47532365 0.61718154
vt 0.53071839 0.79508072
vt 0.57752007 0.56383711
vt 0.48515552 0.56812608
vt 0.53024042 0.56051177
vt 0.12803049 0.05815029
vt 0.12786785 0.16398823
vt 0.12683825 0.25267893
vt 0.12574448 0.33044714
vt 0.21378694 0.16791111
vt 0.19031425 0.33536351
vt 0.04091495 0.17194700
vt 0.05898995 0.33281755
vt 0.12485455 0.37934637
vt 0.04412510 0.25847864
vt 0.20676914 0.25721240
vt 0.04773962 0.08320862
vt 0.20736864 0.07369196
vt 0.07242867 0.37576729
vt 0.17593913 0.37930691
vt 0.54995137 0.12686992
vt 0.62509894 0.05233675
vt 0.89773774 0.08880430
vt 0.57502449 0.13764620
vt 0.52703631 0.13016731
vt 0.97545755 0.09903193
vt 0.54840225 0.09655690
vt 0.95342726 0.08639377
vt 0.61885291 0.11973548
vt 0.66214305 0.08653307
vt 0.70159465 0.02328628
vt 0.64858866 0.04484344
vt 0.88243484 0.09236884
vt 0.68511200 0.05982715
vt 0.76463342 0.33271432
vt 0.91774297 0.42746741
vt 0.58836383 0.06930298
vt 0.92340016 0.08565319
vt 0.79362404 0.34473151
vt 0.66859823 0.03363091
vt 0.86820877 0.09341991
vt 0.68533397 0.01935643
vt 0.80532968 0.37265861
vt 0.78991401 0.36197066
vt 0.88683331 0.42532539
vt 0.82240784 0.32380164
vt 0.58217239 0.10587287
vt 0.53187948 0.15814626
vt 0.78157967 0.31361246
vt 0.54772925 0.15529537
vt 0.67722565 0.04396516
vt 0.73687238 0.31312847
vt 0.94427705 0.42693794
vt 0.76409459 0.29349160
vt 0.62848204 0.08127570
vt 0.72685611 0.29425633
vt 0.65635985 0.06201661
vt 0.79588193 0.22267753
vt 0.92463821 0.38756162
vt 0.68440050 0.22530830
vt 0.99051654 0.36448967
vt 0.71953511 0.22160113
vt 0.53662366 0.17815262
vt 0.94498754 0.13496983
vt 0.96450710 0.13445342
vt 0.71916312 0.69358826
vt 0.85245597 0.22645748
vt 0.50856757 0.21602857
vt 0.99534667 0.15652585
vt 0.59963226 0.21181035
vt 0.64321607 0.20749742
vt 0.86298609 0.15655059
vt 0.88037682 0.36556512
vt 0.71117026 0.05030119
vt 0.56027561 0.21722662
vt 0.89642632 0.15741926
vt 0.88266122 0.15693694
vt 0.91694534 0.15825921
vt 0.90911382 0.36447567
vt 0.51930988 0.23912728
vt 0.82380724 0.20361233
vt 0.91635978 0.34845185
vt 0.93599838 0.34824932
vt 0.88908213 0.17268670
vt 0.95936882 0.17268664
vt 0.97268248 0.17268664
vt 0.70828688 0.20361233
vt 0.77137113 0.20361233
vt 0.90533274 0.17268670
vt 0.62127465 0.23912722
vt 0.88883632 0.34873557
vt 0.57794046 0.23912728
vt 0.54467320 0.23912728
vt 0.93292618 0.17268670
vt 0.87759274 0.17268664
vt 0.79531789 0.25655675
vt 0.92535955 0.36371911
vt 0.70397019 0.27495348
vt 0.97398889 0.40413558
vt 0.73189920 0.26248240
vt 0.53154641 0.21844947
vt 0.94800782 0.15765548
vt 0.96652579 0.15749431
vt 0.73315907 0.70280129
vt 0.84883231 0.26434028
vt 0.51529998 0.17225432
vt 0.98976922 0.12554902
vt 0.60014707 0.15633732
vt 0.64714235 0.14340281
vt 0.86218911 0.13527936
vt 0.88155407 0.38770187
vt 0.73038721 0.01764572
vt 0.84913445 0.39657521
vt 0.56241524 0.16887546
vt 0.89359903 0.13546920
vt 0.88045615 0.13513744
vt 0.91396385 0.13619733
vt 0.90882838 0.38879204
vt 0.52169466 0.19641042
vt 0.88950235 0.37897468
vt 0.90426433 0.14540350
vt 0.71446115 0.24339139
vt 0.97152650 0.14485323
vt 0.95809388 0.14438093
vt 0.88820887 0.14418387
vt 0.62417644 0.17911899
vt 0.93514013 0.37650788
vt 0.77197063 0.23788106
vt 0.82231295 0.24378246
vt 0.91644293 0.37777233
vt 0.57967019 0.18943930
vt 0.54595959 0.19696164
vt 0.93146217 0.14549661
vt 0.87699592 0.14391565
vt 0.83661956 0.36848837
vt 0.68838799 0.10214549
vt 0.82318568 0.72331035
vt 0.68734348 0.08033013
vt 0.66893625 0.11585414
vt 0.65681839 0.23912722
vt 0.67088008 0.20686424
vt 0.87105942 0.70245862
vt 0.66219026 0.17481852
vt 0.67921156 0.14583409
vt 0.84406400 0.71456993
vt 0.71524316 0.06801486
vt 0.80688477 0.73624909
vt 0.78567135 0.34949821
vt 0.89769542 0.42880911
vt 0.90281695 0.34859145
vt 0.90322006 0.37857479
vt 0.89682019 0.36481464
vt 0.89728069 0.38914776
vt 0.69967842 0.03795761
vt 0.67249757 0.02509665
vt 0.86092710 0.09858257
vt 0.86805910 0.17268664
vt 0.86770076 0.14368182
vt 0.73649353 0.03286791
vt 0.79024363 0.74696761
vt 0.87285137 0.15690291
vt 0.68829292 0.02901745
vt 0.87146288 0.13509983
vt 0.85168201 0.36762214
vt 0.71214646 0.03135109
vt 0.71287686 0.01744056
vt 0.83325219 0.38537318
vt 0.84391391 0.37975383
vt 0.72048151 0.02630877
vt 0.72365803 0.03751904
vt 0.90012944 0.12517214
vt 0.97008789 0.12504888
vt 0.95496213 0.12337780
vt 0.88442838 0.12552595
vt 0.91606128 0.39860916
vt 0.92724180 0.12425798
vt 0.87376010 0.12575710
vt 0.88983554 0.39775681
vt 0.93432778 0.39765567
vt 0.94982255 0.36310911
vt 0.97852033 0.15800661
vt 0.94487906 0.38894498
vt 0.97574759 0.13392794
vt 0.90222001 0.39962953
vt 0.86557668 0.12680393
vt 0.90984017 0.10758936
vt 0.89046174 0.10994703
vt 0.97824901 0.12029111
vt 0.96394640 0.10846287
vt 0.94120914 0.10654354
vt 0.87674028 0.11100984
vt 0.90763563 0.41262382
vt 0.92712295 0.41155905
vt 0.86668754 0.11206526
vt 0.86089993 0.11672419
vt 0.88338029 0.40707636
vt 0.89416939 0.41275752
vt 0.94905967 0.40692794
vt 0.96542698 0.37940156
vt 0.96927190 0.34790611
vt 0.98687851 0.17268664
vt 0.98481750 0.14314961
vt 0.82154870 0.27890074
vt 0.77263087 0.26780677
vt 0.75051033 0.22029066
vt 0.75497991 0.25282282
vt 0.75219017 0.27230299
vt 0.79356319 0.29042178
vt 0.75125349 0.72148114
vt 0.85832447 0.31867480
vt 0.73232436 0.20361233
vt 0.73599166 0.23843169
vt 0.76136988 0.32043302
vt 0.83293712 0.34990942
vt 0.79382211 0.33275515
vt 0.73882174 0.28685743
vt 0.69179124 0.20361227
vt 0.69893372 0.24699593
vt 0.71773058 0.26923233
vt 0.70143086 0.22356004
vt 0.75078237 0.30505562
vt 0.82319903 0.37185133
vt 0.82103533 0.35768092
vt 0.80769414 0.36089563
vt 0.77288395 0.74263120
vt 0.86352628 0.37933683
vt 0.80202663 0.99198914
vt 0.86148059 0.43800914
vt 0.82988811 0.90717268
vt 0.90515584 0.92440677
vt 0.85956895 0.90901893
vt 0.72127289 0.70542145
vt 0.85853356 0.71231443
vt 0.84608972 0.89343858
vt 0.78034550 0.74968320
vt 0.76947922 0.92418379
vt 0.73613888 0.71659863
vt 0.79799300 0.74635798
vt 0.82018143 0.89381438
vt 0.77765727 0.73130286
vt 0.88585007 0.69869548
vt 0.88736391 0.89897150
vt 0.89774352 0.86220759
vt 0.89881057 0.82182133
vt 0.84870440 0.78663200
vt 0.85234284 0.82424819
vt 0.85061175 0.86074543
vt 0.77307212 0.89679378
vt 0.77264977 0.86442345
vt 0.77328569 0.82419562
vt 0.74640793 0.78755200
vt 0.74283487 0.82186484
vt 0.74233806 0.86450976
vt 0.71098417 0.86737055
vt 0.71504909 0.81682533
vt 0.79644805 0.86418903
vt 0.79631746 0.82520276
vt 0.81984079 0.78768259
vt 0.82227951 0.82456142
vt 0.82261020 0.86270982
vt 0.71699190 0.51415485
vt 0.94651520 0.91584343
vt 0.69887543 0.56495327
vt 0.96463180 0.86504495
vt 0.70263052 0.62272078
vt 0.96087682 0.80727750
vt 0.72903305 0.80007786
vt 0.72621047 0.84142143
vt 0.72702235 0.88914257
vt 0.92306685 0.79148632
vt 0.93095392 0.84050512
vt 0.92450231 0.88538468
vt 0.80821699 0.80520755
vt 0.80925006 0.84545404
vt 0.80901873 0.87969148
vt 0.83520275 0.80530053
vt 0.83604729 0.84333926
vt 0.83413732 0.87822568
vt 0.78538811 0.80536038
vt 0.78486925 0.84568924
vt 0.78474915 0.88099551
vt 0.75998026 0.80467033
vt 0.75811476 0.84402949
vt 0.75926012 0.88248247
vt 0.87184507 0.80519003
vt 0.87276661 0.84262270
vt 0.86847383 0.87885088
vt 0.30988601 0.71501249
vt 0.29493099 0.61241502
vt 0.69576472 0.92545736
vt 0.70771849 0.72421366
vt 0.87122607 0.73781848
vt 0.77687073 0.76544553
vt 0.72350490 0.74078739
vt 0.79646355 0.76296556
vt 0.75679940 0.71063721
vt 0.90670800 0.71936119
vt 0.70652479 0.69382662
vt 0.95698237 0.73617154
vt 0.83309597 0.72241813
vt 0.76063168 0.73814243
vt 0.81565124 0.73201013
vt 0.70833480 0.70726937
vt 0.84794062 0.72611195
vt 0.76907498 0.75200903
vt 0.72172034 0.71951574
vt 0.78796256 0.75548035
vt 0.82507604 0.73454159
vt 0.80693036 0.74615526
vt 0.87723047 0.71375477
vt 0.74370527 0.73591167
vt 0.86584002 0.96763134
vt 0.79320645 0.95136648
vt 0.83975333 0.97605717
vt 0.75359505 0.98160887
vt 0.90991211 0.44838947
vt 0.81462222 0.97896451
vt 0.82844210 0.99213314
vt 0.83506507 0.43786526
vt 0.80474246 0.44377190
vt 0.85876465 0.98622644
vt 0.77163553 0.97316569
vt 0.80646944 0.90859270
vt 0.78397673 0.91008610
vt 0.79592609 0.89521331
vt 0.86316347 0.94914961
vt 0.77255309 0.45730591
vt 0.89095402 0.97269237
vt 0.84961587 0.95970482
vt 0.82567704 0.96363121
vt 0.83715475 0.94711804
vt 0.77823830 0.98856378
vt 0.88526887 0.44143450
vt 0.78322905 0.96443963
vt 0.81428528 0.95029902
vt 0.79199076 0.97811657
vt 0.69574291 0.95305324
vt 0.96776426 0.47694504
vt 0.87402129 0.92628133
vt 0.74409783 0.47724426
vt 0.91940928 0.95275402
vt 0.84040105 0.92008376
vt 0.81620300 0.92151290
vt 0.79374820 0.92331243
vt 0.80394918 0.93661380
vt 0.82599336 0.93422884
vt 0.85239130 0.93304557
vt 0.88665110 0.94841003
vt 0.78118622 0.93795627
vt 0.74758255 0.93628687
vt 0.74634099 0.90036398
vt 0.72444838 0.96895194
vt 0.93905878 0.46104640
vt 0.71925235 0.91801322
vt 0.75927210 0.91066277
vt 0.74197996 0.91790283
vt 0.72123098 0.94442558
vt 0.69447041 0.70781398
vt 0.96903670 0.72218406
vt 0.83925682 0.74647850
vt 0.75343513 0.75790960
vt 0.81709754 0.75367200
vt 0.29806095 0.65869969
vt 0.89011592 0.78058153
vt 0.77444732 0.79017293
vt 0.71561688 0.77886957
vt 0.79587883 0.78971303
vt 0.72350597 0.67426169
vt 0.94000125 0.75573671
vt 0.69363594 0.72431386
vt 0.86168033 0.76438087
vt 0.76342738 0.77644563
vt 0.70595104 0.74419814
vt 0.78570187 0.77751404
vt 0.83031994 0.76866013
vt 0.80677670 0.77373290
vt 0.90290648 0.74962193
vt 0.73263758 0.76652992
vt 0.28518260 0.48706377
vt 0.38413146 0.92628795
vt 0.23078153 0.44340557
vt 0.43853244 0.96994621
vt 0.17864183 0.42346787
vt 0.49067226 0.98988396
vt 0.12005042 0.42125475
vt 0.54926378 0.99209720
vt 0.05714569 0.43833393
vt 0.61216849 0.97501791
vt 0.13385187 0.69582617
vt 0.13272506 0.65882701
vt 0.07009052 0.97764933
vt 0.59922385 0.43570244
vt 0.17004524 0.99087924
vt 0.49926904 0.42247248
vt 0.21772069 0.97665274
vt 0.45159352 0.43669903
vt 0.25944752 0.95401633
vt 0.40986675 0.45933539
vt 0.12772989 0.99102992
vt 0.54158443 0.42232186
vt 0.08073109 0.61188948
vt 0.06991079 0.67843699
vt 0.07267541 0.78030109
vt 0.09401570 0.88230950
vt 0.03924533 0.61319911
vt 0.03840425 0.67901129
vt 0.04219636 0.78568703
vt 0.04947343 0.89286077
vt 0.13929833 0.60007012
vt 0.45723623 0.35215485
vt 0.47817993 0.27081370
vt 0.14060277 0.87815034
vt 0.19274428 0.60925341
vt 0.20073287 0.67473674
vt 0.19611897 0.77420747
vt 0.18519001 0.87735611
vt 0.23617680 0.62135261
vt 0.23943344 0.68008929
vt 0.23691757 0.77605379
vt 0.23032467 0.88189459
vt 0.21096520 0.53818208
vt 0.21621670 0.64404261
vt 0.21687731 0.70759016
vt 0.21187019 0.79691547
vt 0.20829950 0.91043639
vt 0.16790034 0.52744937
vt 0.16719940 0.62196976
vt 0.29494238 0.34880078
vt 0.31733453 0.39761454
vt 0.16443571 0.91049242
vt 0.11500297 0.52985996
vt 0.10851471 0.62462270
vt 0.37646765 0.40672815
vt 0.43403149 0.40184742
vt 0.12081312 0.91258770
vt 0.06085720 0.53204262
vt 0.05534449 0.64569831
vt 0.05407623 0.70945174
vt 0.06041606 0.80635130
vt 0.07046032 0.91879511
vt 0.28399339 0.63172162
vt 0.28814214 0.68773699
vt 0.29282546 0.78532910
vt 0.28082255 0.88873929
vt 0.53280932 0.75838417
vt 0.26363286 0.80291218
vt 0.26623079 0.71461183
vt 0.26384416 0.65360194
vt 0.25904936 0.56017989
vt 0.25165179 0.91043258
vt 0.28469145 0.55504352
vt 0.13617471 0.77209610
vt 0.13324024 0.67574328
vt 0.08147492 0.82479119
vt 0.04791093 0.83557528
vt 0.48608872 0.17914915
vt 0.19144635 0.81927162
vt 0.23411480 0.82461482
vt 0.29043055 0.83440602
vt 0.26005718 0.85774416
vt 0.06774206 0.85748857
vt 0.11664703 0.85339844
vt 0.16104662 0.85157478
vt 0.20824647 0.84947574
vt 0.52744263 0.70767230
vt 0.54580909 0.74516857
vt 0.51546359 0.64236289
vt 0.55397278 0.71285629
vt 0.49406797 0.73524129
vt 0.57536840 0.66474789
vt 0.51821357 0.71791095
vt 0.52654541 0.69489944
vt 0.54289109 0.62440604
vt 0.53791612 0.71875149
vt 0.49921340 0.66814947
vt 0.57022297 0.73864293
vt 0.50437945 0.71120322
vt 0.56505698 0.64070988
vt 0.51572984 0.74411231
vt 0.52881932 0.73278683
vt 0.08511461 0.55883700
vt 0.04068884 0.55418831
vt 0.14140029 0.55244303
vt 0.19016826 0.55734771
vt 0.23240593 0.57173210
vt 0.28125721 0.58948487
vt 0.13680591 0.79282093
vt 0.25954509 0.60378468
vt 0.05853760 0.58479464
vt 0.11127730 0.58093530
vt 0.16738513 0.57844186
vt 0.21187454 0.58950800
vt 0.09990117 0.95025027
vt 0.04408742 0.94581193
vt 0.14546837 0.95001000
vt 0.18908101 0.94713646
vt 0.23435850 0.93802905
vt 0.08791260 0.50647849
vt 0.04133428 0.50729674
vt 0.14446042 0.50068289
vt 0.19221392 0.50648272
vt 0.23672801 0.52553236
vt 0.29769382 0.52497989
vt 0.27196041 0.92799401
vt 0.50121486 0.75372958
vt 0.15002535 0.75775719
vt 0.14835051 0.68472278
vt 0.14387824 0.66602921
vt 0.31018469 0.86100936
vt 0.56503099 0.75475895
vt 0.51459831 0.70305955
vt 0.51786560 0.70024282
vt 0.53616858 0.69982314
vt 0.54038823 0.70238668
vt 0.50706512 0.72721529
vt 0.55250090 0.72974372
vt 0.14759432 0.78344882
vt 0.31781113 0.52275342
vt 0.35150293 0.89059812
vt 0.30206561 0.54961801
vt 0.29507840 0.57701147
vt 0.80366009 0.96543169
vt 0.02070422 0.60882068
vt 0.17085351 0.77142179
vt 0.01900068 0.67797089
vt 0.17543876 0.74228603
vt 0.02621262 0.79028070
vt 0.17453448 0.69392192
vt 0.03028526 0.89730847
vt 0.15425283 0.65364772
vt 0.03210633 0.84246504
vt 0.16874303 0.67191511
vt 0.02355764 0.54915357
vt 0.16279362 0.79438853
vt 0.01900910 0.93824518
vt 0.13826534 0.64557612
vt 0.02279819 0.50558996
vt 0.15232679 0.80830979
vt 0.77174330 0.95550221
vt 0.75131553 0.95878929
vt 0.06892604 0.73544437
vt 0.03920743 0.73655695
vt 0.47148860 0.07042229
vt 0.19948757 0.73144382
vt 0.23887247 0.73477578
vt 0.29479641 0.74480414
vt 0.02153047 0.73844647
vt 0.17654337 0.71630943
vt 0.15032504 0.70622367
vt 0.26531491 0.75942934
vt 0.05510196 0.75965494
vt 0.37957573 0.04150122
vt 0.28673452 0.08226687
vt 0.21500304 0.75361556
vt 0.32674205 0.61799586
vt 0.34257215 0.79535562
vt 0.31897458 0.65354162
vt 0.35033953 0.75980991
vt 0.32101375 0.76968360
vt 0.31569195 0.81334418
vt 0.32528886 0.73907757
vt 0.33202982 0.83803564
vt 0.33728439 0.57531577
vt 0.31599233 0.67077643
vt 0.35332179 0.74257511
vt 0.13717906 0.80507362
vt 0.14379606 0.79950762
vt 0.08827513 0.45367151
vt 0.03774429 0.46823490
vt 0.14877042 0.44743037
vt 0.19971091 0.45662147
vt 0.24975368 0.48317581
vt 0.01709210 0.47541046
vt 0.14231980 0.81490326
vt 0.06156917 0.48406315
vt 0.11779907 0.47618109
vt 0.17209597 0.47617769
vt 0.21835048 0.49072993
vt 0.26826972 0.52284110
vt 0.30759260 0.68745780
vt 0.69584590 0.86649370
vt 0.33279067 0.72775060
vt 0.68221027 0.92165387
vt 0.30211684 0.63399816
vt 0.70074320 0.81353462
vt 0.30126500 0.59495836
vt 0.69772780 0.77863443
vt 0.30442774 0.56659859
vt 0.69021934 0.75474262
vt 0.31489849 0.54229295
vt 0.67959905 0.73361099
vt 0.68029594 0.71870762
vt 0.98321110 0.71129048
vt 0.69237036 0.74055284
vt 0.70244789 0.76297373
vt 0.70665973 0.79532456
vt 0.70508367 0.83858180
vt 0.69616812 0.89665997
vt 0.67827570 0.94464332
vt 0.98523122 0.48535490
vt 0.02938182 0.57921314
vt 0.02705103 0.64518493
vt 0.02799934 0.70988494
vt 0.03531345 0.81349307
vt 0.03908229 0.86663640
vt 0.03365457 0.92234969
vt 0.02964185 0.52740008
vt 0.02234771 0.95827436
vt 0.64696664 0.45507759
vt 0.01981001 0.45813143
vt 0.64950418 0.95522022
vt 0.03012662 0.76289666
vt 0.02839198 0.48838186
vt 0.15955015 0.77102125
vt 0.16319627 0.74278122
vt 0.16221404 0.69471008
vt 0.14735933 0.65737224
vt 0.15728587 0.67375022
vt 0.15331884 0.79267341
vt 0.13842191 0.65246332
vt 0.14658277 0.80508965
vt 0.16400224 0.71697903
vt 0.14142051 0.80896425
vt 0.16301148 0.78354537
vt 0.16882806 0.75690669
vt 0.17186934 0.72875535
vt 0.17107314 0.70538855
vt 0.16774800 0.68332398
vt 0.15875025 0.66329545
vt 0.14402705 0.65063429
vt 0.15406422 0.80076993
vt 0.13240282 0.64824671
vt 0.14571363 0.81015408
vt 0.13741286 0.81275082
vt 0.15104899 0.72961414
vt 0.13531773 0.74395752
vt 0.13452552 0.71794558
vt 0.08408499 0.68215507
vt 0.26132959 0.12244630
vt 0.27473065 0.31533378
vt 0.09078301 0.77771026
vt 0.49699908 0.11246538
vt 0.18695019 0.67748600
vt 0.47744271 0.31667590
vt 0.17775096 0.77349120
vt 0.43819052 0.02968824
vt 0.16374473 0.63813764
vt 0.31990415 0.03856152
vt 0.11170789 0.64111280
vt 0.29696283 0.38745689
vt 0.10212661 0.81199980
vt 0.45427307 0.39268756
vt 0.16977708 0.80930877
vt 0.12208942 0.82495165
vt 0.34086964 0.41861868
vt 0.15250888 0.82390070
vt 0.41110969 0.42150265
vt 0.26132959 0.22959256
vt 0.08389461 0.73549420
vt 0.49435458 0.22748041
vt 0.18445992 0.73122108
vt 0.07823496 0.71011060
vt 0.08765457 0.65244049
vt 0.08833615 0.79914510
vt 0.07952446 0.75740993
vt 0.18503088 0.64793372
vt 0.19119641 0.70628482
vt 0.18810621 0.75259972
vt 0.18191345 0.79486609
vt 0.13839063 0.62919289
vt 0.10256000 0.83199000
vt 0.17190661 0.82930708
vt 0.13813572 0.83611625
vt 0.37987044 0.11932784
vt 0.37806970 0.30533850
vt 0.42790478 0.17714655
vt 0.41393143 0.34380615
vt 0.33103850 0.17947406
vt 0.34033856 0.34240794
vt 0.37703964 0.37039328
vt 0.37920484 0.22305650
vt 0.33262923 0.26668799
vt 0.42360267 0.26590443
vt 0.29347399 0.13223445
vt 0.30278295 0.30942273
vt 0.46529067 0.12469405
vt 0.45065033 0.31001043
vt 0.42891893 0.07301682
vt 0.33029306 0.07944292
vt 0.31730980 0.37173831
vt 0.43494597 0.37526309
vt 0.34474769 0.38978827
vt 0.40794891 0.39199102
vt 0.29317400 0.22950470
vt 0.46331820 0.22723126
vt 0.27529109 0.27215064
vt 0.27195561 0.18364859
vt 0.54995149 0.35138458
vt 0.62509912 0.42591769
vt 0.89773774 0.25656903
vt 0.57502449 0.34060824
vt 0.52703649 0.34808725
vt 0.97545755 0.24634141
vt 0.54840237 0.38169754
vt 0.95342726 0.25897956
vt 0.61885309 0.35851896
vt 0.66214329 0.39172125
vt 0.70159501 0.45496786
vt 0.64858884 0.43341088
vt 0.88243484 0.25300443
vt 0.68511218 0.41842711
vt 0.76463342 0.07451034
vt 0.91611302 0.26942444
vt 0.58836395 0.40895152
vt 0.92340016 0.25972021
vt 0.79362404 0.06249315
vt 0.66859847 0.44462335
vt 0.86820877 0.25195342
vt 0.68533415 0.45889783
vt 0.80532968 0.03456610
vt 0.78991401 0.04525405
vt 0.88525414 0.27220345
vt 0.82240790 0.08342290
vt 0.58217251 0.37238157
vt 0.53187960 0.32010823
vt 0.78157973 0.09361219
vt 0.54772937 0.32295913
vt 0.67722583 0.43428910
vt 0.73687238 0.09409618
vt 0.94265240 0.26940656
vt 0.76409453 0.11373299
vt 0.62848222 0.39697862
vt 0.72685617 0.11296821
vt 0.65636003 0.41623771
vt 0.79588199 0.18454713
vt 0.92382979 0.30917954
vt 0.68440050 0.18191630
vt 0.99017000 0.33088791
vt 0.71953517 0.18562353
vt 0.53662372 0.30010188
vt 0.94498760 0.21040350
vt 0.96450704 0.21091986
vt 0.85245597 0.18076718
vt 0.94434404 0.73640990
vt 0.50856763 0.26222605
vt 0.99534667 0.18884748
vt 0.59963226 0.26644409
vt 0.64321613 0.27075696
vt 0.86298609 0.18882275
vt 0.88003141 0.33208418
vt 0.71117038 0.42795306
vt 0.56027573 0.26102799
vt 0.89642626 0.18795401
vt 0.88266122 0.18843639
vt 0.91694534 0.18711412
vt 0.90878487 0.33258069
vt 0.79531789 0.15066785
vt 0.92504281 0.33300209
vt 0.70397019 0.13227117
vt 0.97282821 0.29159129
vt 0.73189920 0.14474225
vt 0.53154647 0.25980508
vt 0.94800782 0.18771785
vt 0.96652579 0.18787897
vt 0.84883231 0.14288437
vt 0.93034804 0.72719687
vt 0.51530004 0.30600023
vt 0.98976922 0.21982431
vt 0.60014725 0.32191718
vt 0.64714247 0.33485156
vt 0.86218911 0.21009398
vt 0.88075185 0.30992788
vt 0.73038721 0.46060848
vt 0.84913445 0.01064950
vt 0.56241536 0.30937910
vt 0.89359903 0.20990413
vt 0.88045621 0.21023583
vt 0.91396391 0.20917600
vt 0.90799791 0.30827552
vt 0.52169466 0.28184414
vt 0.88887852 0.31848925
vt 0.90426433 0.19996983
vt 0.71446115 0.16383320
vt 0.97152650 0.20052016
vt 0.95809388 0.20099241
vt 0.88820887 0.20118946
vt 0.62417662 0.29913545
vt 0.93455738 0.32001430
vt 0.77197063 0.16934359
vt 0.82231295 0.16344219
vt 0.91583818 0.31913573
vt 0.57967031 0.28881526
vt 0.54595971 0.28129292
vt 0.93146211 0.19987667
vt 0.87699598 0.20145768
vt 0.83661956 0.03873622
vt 0.68838811 0.37610888
vt 0.84032142 0.70668775
vt 0.68734372 0.39792418
vt 0.66893643 0.36240017
vt 0.67088020 0.27139014
vt 0.79244792 0.72753966
vt 0.66219038 0.30343592
vt 0.67921162 0.33242029
vt 0.81944329 0.71542817
vt 0.71524328 0.41023946
vt 0.85662222 0.69374907
vt 0.78567123 0.05772650
vt 0.89604211 0.26849639
vt 0.90260148 0.31860614
vt 0.89648688 0.33249533
vt 0.89644533 0.30815792
vt 0.69967854 0.44029665
vt 0.67249787 0.45315766
vt 0.86092710 0.24679077
vt 0.86770076 0.20169151
vt 0.73649353 0.44538617
vt 0.87326354 0.68303055
vt 0.87285137 0.18847042
vt 0.68829316 0.44923681
vt 0.87146282 0.21027350
vt 0.85168195 0.03960252
vt 0.71214658 0.44690317
vt 0.71287698 0.46081364
vt 0.83325219 0.02185148
vt 0.84391397 0.02747089
vt 0.72048151 0.45194542
vt 0.72365803 0.44073516
vt 0.90012944 0.22020119
vt 0.97008795 0.22032440
vt 0.95496213 0.22199553
vt 0.88442838 0.21984738
vt 0.91502684 0.29831123
vt 0.92724186 0.22111535
vt 0.87376010 0.21961623
vt 0.88882428 0.29970419
vt 0.93330902 0.29888773
vt 0.94951302 0.33310741
vt 0.97852033 0.18736672
vt 0.94403774 0.30737901
vt 0.97574759 0.21144533
vt 0.90116739 0.29757649
vt 0.86557668 0.21856940
vt 0.90984011 0.23778397
vt 0.89046174 0.23542625
vt 0.97824901 0.22508216
vt 0.96394640 0.23691040
vt 0.94120914 0.23882979
vt 0.87674028 0.23436350
vt 0.90631396 0.28447324
vt 0.92581910 0.28513592
vt 0.86668760 0.23330808
vt 0.86089993 0.22864914
vt 0.88217819 0.29051983
vt 0.89284790 0.28461730
vt 0.94784653 0.28931367
vt 0.96477818 0.31649661
vt 0.98481750 0.20222372
vt 0.82154864 0.12832385
vt 0.77263087 0.13941795
vt 0.75051028 0.18693399
vt 0.75497991 0.15440190
vt 0.75219017 0.13492167
vt 0.79356331 0.11680287
vt 0.85832447 0.08854979
vt 0.91225368 0.70851696
vt 0.73599166 0.16879302
vt 0.76137000 0.08679163
vt 0.83293712 0.05731517
vt 0.79382211 0.07446945
vt 0.73882169 0.12036717
vt 0.69893366 0.16022861
vt 0.71773058 0.13799220
vt 0.70143092 0.18366450
vt 0.75078237 0.10216898
vt 0.82319903 0.03537333
vt 0.82103533 0.04954374
vt 0.80769408 0.04632902
vt 0.86352628 0.02788782
vt 0.89062327 0.68736696
vt 0.83361912 0.52282548
vt 0.75835127 0.50559145
vt 0.80393809 0.52097923
vt 0.94223422 0.72457671
vt 0.80497354 0.71768367
vt 0.81741750 0.53655958
vt 0.88316160 0.68031484
vt 0.89402783 0.50581437
vt 0.92736828 0.71339947
vt 0.86551404 0.68364006
vt 0.84332573 0.53618383
vt 0.77614319 0.53102666
vt 0.76576364 0.56779057
vt 0.76469654 0.60817683
vt 0.81480283 0.64336616
vt 0.81116426 0.60575002
vt 0.81289530 0.56925279
vt 0.89043492 0.53320444
vt 0.89085734 0.56557477
vt 0.89022148 0.60580248
vt 0.91709918 0.64244604
vt 0.92067224 0.60813338
vt 0.92116898 0.56548840
vt 0.95252299 0.56262767
vt 0.94845808 0.61317277
vt 0.86705899 0.56580913
vt 0.86718971 0.60479546
vt 0.84366643 0.64231563
vt 0.84122771 0.60543674
vt 0.84089684 0.56728846
vt 0.93447411 0.62992024
vt 0.93729663 0.58857679
vt 0.93648463 0.54085559
vt 0.74044031 0.63851202
vt 0.73255318 0.58949316
vt 0.73900479 0.54461342
vt 0.85529017 0.62479061
vt 0.85425699 0.58454418
vt 0.85448837 0.55030668
vt 0.82830441 0.62469757
vt 0.82745981 0.58665895
vt 0.82936984 0.55177253
vt 0.87811911 0.62463772
vt 0.87863773 0.58430892
vt 0.87875789 0.54900259
vt 0.90352702 0.62532783
vt 0.90539235 0.58596861
vt 0.90424699 0.54751581
vt 0.79166204 0.62480807
vt 0.79074043 0.58737564
vt 0.79503340 0.55114740
vt 0.35942808 0.69833893
vt 0.37438312 0.80093658
vt 0.96774220 0.50454086
vt 0.95578855 0.70578432
vt 0.79228115 0.69217980
vt 0.88663644 0.66455257
vt 0.94000214 0.68921077
vt 0.86704373 0.66703260
vt 0.83041126 0.70758009
vt 0.90287536 0.69185567
vt 0.84785587 0.69798797
vt 0.95517224 0.72272879
vt 0.81556648 0.70388633
vt 0.89443219 0.67798907
vt 0.94178689 0.71048242
vt 0.87554449 0.67451787
vt 0.83843118 0.69545662
vt 0.85657668 0.68384290
vt 0.78627682 0.71624345
vt 0.91980183 0.69408637
vt 0.79766721 0.46236682
vt 0.87030053 0.47863168
vt 0.82375377 0.45394111
vt 0.84888482 0.45103371
vt 0.89187169 0.45683259
vt 0.85703766 0.52140558
vt 0.87953031 0.51991206
vt 0.86758089 0.53478491
vt 0.80034357 0.48084867
vt 0.81389129 0.47029346
vt 0.83783013 0.46636701
vt 0.82635236 0.48288023
vt 0.88027817 0.46555865
vt 0.84922183 0.47969913
vt 0.87151647 0.45188165
vt 0.78948569 0.50371683
vt 0.82310623 0.50991446
vt 0.84730417 0.50848532
vt 0.86975884 0.50668573
vt 0.85955805 0.49338448
vt 0.83751380 0.49576938
vt 0.81111586 0.49695265
vt 0.77685589 0.48158813
vt 0.88232088 0.49204195
vt 0.91592455 0.49371135
vt 0.91716617 0.52963424
vt 0.94425464 0.51198494
vt 0.90423506 0.51933545
vt 0.92152703 0.51209539
vt 0.94227606 0.48557264
vt 0.82425040 0.68351972
vt 0.91007209 0.67208850
vt 0.84640974 0.67632622
vt 0.37125319 0.75465190
vt 0.77339131 0.64941674
vt 0.88905984 0.63982522
vt 0.94789022 0.65112841
vt 0.86762851 0.64028513
vt 0.96987098 0.70568413
vt 0.80182689 0.66561741
vt 0.90007979 0.65355247
vt 0.95755595 0.68579996
vt 0.87780547 0.65248406
vt 0.83318710 0.66133821
vt 0.85673046 0.65626526
vt 0.76060081 0.68037629
vt 0.93086952 0.66346806
vt 0.58858299 0.80146205
vt 0.59940332 0.73491460
vt 0.59663868 0.63305068
vt 0.57529849 0.53104222
vt 0.63006884 0.80015236
vt 0.63090992 0.73434031
vt 0.62711793 0.62766463
vt 0.61984074 0.52049077
vt 0.53001583 0.81328154
vt 0.20544328 0.34042168
vt 0.22638701 0.25908047
vt 0.52871138 0.53520137
vt 0.47656983 0.80409825
vt 0.46858120 0.73861492
vt 0.47319523 0.63914424
vt 0.48412421 0.53599554
vt 0.43313727 0.79199904
vt 0.42988065 0.73326242
vt 0.43239662 0.63729787
vt 0.43898949 0.53145689
vt 0.45834887 0.87516958
vt 0.45309734 0.76930910
vt 0.45243675 0.70576149
vt 0.45744407 0.61643624
vt 0.46101466 0.50291514
vt 0.50141382 0.88590229
vt 0.50211465 0.79138178
vt 0.04314942 0.33706754
vt 0.06554160 0.38588130
vt 0.50487846 0.50285918
vt 0.55431110 0.88349181
vt 0.56079936 0.78872883
vt 0.12467466 0.39499485
vt 0.18223855 0.39011419
vt 0.54850107 0.50076395
vt 0.60845703 0.88130903
vt 0.61396968 0.76765329
vt 0.61523789 0.70389974
vt 0.60889804 0.60700035
vt 0.59885389 0.49455655
vt 0.38532069 0.78163004
vt 0.38117197 0.72561449
vt 0.37648872 0.62802249
vt 0.38849169 0.52461225
vt 0.53662705 0.68789071
vt 0.40568122 0.61043936
vt 0.40308329 0.69873977
vt 0.40546995 0.75974965
vt 0.41026476 0.85317159
vt 0.41766244 0.50291908
vt 0.38462260 0.85830802
vt 0.58783931 0.58856034
vt 0.62140322 0.57777625
vt 0.23429573 0.16741592
vt 0.47786790 0.59407997
vt 0.43519941 0.58873659
vt 0.37888363 0.57894552
vt 0.40925705 0.55560732
vt 0.60157210 0.55586308
vt 0.55266720 0.55995321
vt 0.50826764 0.56177676
vt 0.46106786 0.56387579
vt 0.54199368 0.63717896
vt 0.52362722 0.67467523
vt 0.55122268 0.64741760
vt 0.53152025 0.64825803
vt 0.55370647 0.67361897
vt 0.54061705 0.66229355
vt 0.58419955 0.85451466
vt 0.62862533 0.85916328
vt 0.52791381 0.86090863
vt 0.47914585 0.85600394
vt 0.43690810 0.84161943
vt 0.38805687 0.82386667
vt 0.40976900 0.80956692
vt 0.61077660 0.82855684
vt 0.55803680 0.83241642
vt 0.50192899 0.83490968
vt 0.45743948 0.82384366
vt 0.56941307 0.46310145
vt 0.62522680 0.46753979
vt 0.52384591 0.46334159
vt 0.48023316 0.46621519
vt 0.43495572 0.47532272
vt 0.58140159 0.90687317
vt 0.62797999 0.90605497
vt 0.52485371 0.91266888
vt 0.47710016 0.90686905
vt 0.43258601 0.88781917
vt 0.37162030 0.88837159
vt 0.39735395 0.48535776
vt 0.56822151 0.68323624
vt 0.12147718 0.75862658
vt 0.11870442 0.68562567
vt 0.12203084 0.66669464
vt 0.35912952 0.55234212
vt 0.50440544 0.68426543
vt 0.55157089 0.62974936
vt 0.55483812 0.63256615
vt 0.52904820 0.63189334
vt 0.53326786 0.62932974
vt 0.56237131 0.65672195
vt 0.51693541 0.65925038
vt 0.12546714 0.78412271
vt 0.36724845 0.86373359
vt 0.37423566 0.83634001
vt 0.85984689 0.46456647
vt 0.10151915 0.77353334
vt 0.64860988 0.80453074
vt 0.09516937 0.74473065
vt 0.65031350 0.73538071
vt 0.09312879 0.69640118
vt 0.64310163 0.62307119
vt 0.11092202 0.65496749
vt 0.63902891 0.51604331
vt 0.09757031 0.67408270
vt 0.63720793 0.57088673
vt 0.11096172 0.79596710
vt 0.64575648 0.86419779
vt 0.12638868 0.64593786
vt 0.65030515 0.47510672
vt 0.12225635 0.80922556
vt 0.64651603 0.90776157
vt 0.89176393 0.47449619
vt 0.91219163 0.47120893
vt 0.60038805 0.67790741
vt 0.63010675 0.67679465
vt 0.21969558 0.05868912
vt 0.46982661 0.68190789
vt 0.43044162 0.67857587
vt 0.37451774 0.66854739
vt 0.09248601 0.71886945
vt 0.64778370 0.67490524
vt 0.11804198 0.70720685
vt 0.40399921 0.65392220
vt 0.61421216 0.65369684
vt 0.12778272 0.02976805
vt 0.03494159 0.07053363
vt 0.45431110 0.65973610
vt 0.34830037 0.64366782
vt 0.35362223 0.60000724
vt 0.34402522 0.67427379
vt 0.13023563 0.79992068
vt 0.58103907 0.95968032
vt 0.63156992 0.94511682
vt 0.52054375 0.96592152
vt 0.46960315 0.95673025
vt 0.41956031 0.93017578
vt 0.13264604 0.81519789
vt 0.65222216 0.93794119
vt 0.60774511 0.92928863
vt 0.55151510 0.93717057
vt 0.49721816 0.93717408
vt 0.45096353 0.92262185
vt 0.40104434 0.89051050
vt 0.36172158 0.72589397
vt 0.96766126 0.56350452
vt 0.33652344 0.68560100
vt 0.98129678 0.50834435
vt 0.36719736 0.77935356
vt 0.96276397 0.61646360
vt 0.36804911 0.81839341
vt 0.96577930 0.65136385
vt 0.36488631 0.84675312
vt 0.97328782 0.67525548
vt 0.35441554 0.87105864
vt 0.98390794 0.69638705
vt 0.97113651 0.68944526
vt 0.96105909 0.66702443
vt 0.95684749 0.63467348
vt 0.95842350 0.59141624
vt 0.96733880 0.53333819
vt 0.63993233 0.83413821
vt 0.64226317 0.76816654
vt 0.64131480 0.70346671
vt 0.63400078 0.59985852
vt 0.63023186 0.54671526
vt 0.63565964 0.49100214
vt 0.63967228 0.88595152
vt 0.63918751 0.65045500
vt 0.64092219 0.92496979
vt 0.11277720 0.77244562
vt 0.10741927 0.74447989
vt 0.10547434 0.69643801
vt 0.11802937 0.65826553
vt 0.10911789 0.67521715
vt 0.12031458 0.79367858
vt 0.12665150 0.65282184
vt 0.12779374 0.80566186
vt 0.10504461 0.71877462
vt 0.13318221 0.80921519
vt 0.11008441 0.78515714
vt 0.10265753 0.75892192
vt 0.09790877 0.73100781
vt 0.09728151 0.70763600
vt 0.09925776 0.68540990
vt 0.10701998 0.66487092
vt 0.12094545 0.65133727
vt 0.12006328 0.80180544
vt 0.12896949 0.81066388
vt 0.11874279 0.73059797
vt 0.00953661 0.11071306
vt 0.58522916 0.73119664
vt 0.02293768 0.30360055
vt 0.57853115 0.63564140
vt 0.24520601 0.10073221
vt 0.48236388 0.73586553
vt 0.22564980 0.30494285
vt 0.49156323 0.63986045
vt 0.18639742 0.01795512
vt 0.50556934 0.77521390
vt 0.06811117 0.02682835
vt 0.55760622 0.77223885
vt 0.04516988 0.37572372
vt 0.56718749 0.60135192
vt 0.20248015 0.38095450
vt 0.49953711 0.60404289
vt 0.08907669 0.40688562
vt 0.54722476 0.58840013
vt 0.15931669 0.40976954
vt 0.51680535 0.58945101
vt 0.00953660 0.21785939
vt 0.58541960 0.67785752
vt 0.24256159 0.21574712
vt 0.48485416 0.68213052
vt 0.59107918 0.70324105
vt 0.58165956 0.76091111
vt 0.58097798 0.61420655
vt 0.58978969 0.65594172
vt 0.48428315 0.76541775
vt 0.47811767 0.70706671
vt 0.48120794 0.66075194
vt 0.48740071 0.61848551
vt 0.53092343 0.78415859
vt 0.56675416 0.58136177
vt 0.49740759 0.58404469
vt 0.53117841 0.57723546
vt 0.12807752 0.10759461
vt 0.12627679 0.29360527
vt 0.17611189 0.16541332
vt 0.16213849 0.33207297
vt 0.07924554 0.16774082
vt 0.08854563 0.33067477
vt 0.12524663 0.35866004
vt 0.12741190 0.21132326
vt 0.08083634 0.25495476
vt 0.17180973 0.25417113
vt 0.04168109 0.12050116
vt 0.05099007 0.29768956
vt 0.21349768 0.11296088
vt 0.19885737 0.29827714
vt 0.17712598 0.06128365
vt 0.07850011 0.06770968
vt 0.06551686 0.36000502
vt 0.18315302 0.36352980
vt 0.09295481 0.37805498
vt 0.15615599 0.38025773
vt 0.04138110 0.21777153
vt 0.21152532 0.21549797
vt 0.02349818 0.26041758
vt 0.02016265 0.17191529
vt 0.92948663 0.13572127
vt 0.86693436 0.13519526
vt 0.62242472 0.20921218
vt 0.54838121 0.17475247
vt 0.68770146 0.02381659
vt 0.57950282 0.16287798
vt 0.66747487 0.05290556
vt 0.64430505 0.07086492
vt 0.91650116 0.36416185
vt 0.82133543 0.26052427
vt 0.56390327 0.11604035
vt 0.80967116 0.33137310
vt 0.53970313 0.14140546
vt 0.93589246 0.36322868
vt 0.93827331 0.41089380
vt 0.93259358 0.15806639
vt 0.88897824 0.15708566
vt 0.95905900 0.15741634
vt 0.97238785 0.15785688
vt 0.70955533 0.22259843
vt 0.62400103 0.14887494
vt 0.90517646 0.15793693
vt 0.90307075 0.38917744
vt 0.52597380 0.17650342
vt 0.51977223 0.21751475
vt 0.90304387 0.36467445
vt 0.92526650 0.10687882
vt 0.71209127 0.02434027
vt 0.90225923 0.13596791
vt 0.93396091 0.38718355
vt 0.72428465 0.26645207
vt 0.97035301 0.13469040
vt 0.95654243 0.13449305
vt 0.88640028 0.13521183
vt 0.77279425 0.25333554
vt 0.82330674 0.22444671
vt 0.91611320 0.38822281
vt 0.57859296 0.21476799
vt 0.54478413 0.21844041
vt 0.86800015 0.15687203
vt 0.72825378 0.02916795
vt 0.70063704 0.06464863
vt 0.67676163 0.09607381
vt 0.65877682 0.20689845
vt 0.66498756 0.14360654
vt 0.83474725 0.37642193
vt 0.88909870 0.36503017
vt 0.88993996 0.38855684
vt 0.80740792 0.36696768
vt 0.87751210 0.15688974
vt 0.68442398 0.03585047
vt 0.87572676 0.13509101
vt 0.71317589 0.03946722
vt 0.85312039 0.38038570
vt 0.89878494 0.10878217
vt 0.97201467 0.11311632
vt 0.95392078 0.10678208
vt 0.88319033 0.11061901
vt 0.91674674 0.41203189
vt 0.87121791 0.11131167
vt 0.88871479 0.41048729
vt 0.76933867 0.28177065
vt 0.96856022 0.36366487
vt 0.98632610 0.15749151
vt 0.95833051 0.39500749
vt 0.98217577 0.13054293
vt 0.90036112 0.41313672
vt 0.86352593 0.11401725
vt 0.74376106 0.30888766
vt 0.82399601 0.30300093
vt 0.73312545 0.22062486
vt 0.74178153 0.25691974
vt 0.71109176 0.27192366
vt 0.77881098 0.33286917
vt 0.69326055 0.22450888
vt 0.77148765 0.22112072
vt 0.80317086 0.35382092
vt 0.83848017 0.36115944
vt 0.75772786 0.30071163
vt 0.86421967 0.89495736
vt 0.78232026 0.92391938
vt 0.78468513 0.89599431
vt 0.83219105 0.89329547
vt 0.80795711 0.89448595
vt 0.91546267 0.90628541
vt 0.73025525 0.78306943
vt 0.72758305 0.81936097
vt 0.72559869 0.86578989
vt 0.91439670 0.77005047
vt 0.92853159 0.81576508
vt 0.92949945 0.86351430
vt 0.80738467 0.78871423
vt 0.80885535 0.82499546
vt 0.80938649 0.86363429
vt 0.83313423 0.78708804
vt 0.83608937 0.82427913
vt 0.83540916 0.86149591
vt 0.78541476 0.79016852
vt 0.78515923 0.82486653
vt 0.78474486 0.86444724
vt 0.76142496 0.78968805
vt 0.75875628 0.82336247
vt 0.75840890 0.86423999
vt 0.86789471 0.78537530
vt 0.87321734 0.82409376
vt 0.87126404 0.86111534
vt 0.30114973 0.68798035
vt 0.29625684 0.63378489
vt 0.71408439 0.69991755
vt 0.84503347 0.71771514
vt 0.77117604 0.74566817
vt 0.72789085 0.71017504
vt 0.78914869 0.74977893
vt 0.82385343 0.72672135
vt 0.80696875 0.73943764
vt 0.87238210 0.70591623
vt 0.74800593 0.72714275
vt 0.78238809 0.95170343
vt 0.87674141 0.95887661
vt 0.82687795 0.97798115
vt 0.85316652 0.97283393
vt 0.84990042 0.94622189
vt 0.78143781 0.97647804
vt 0.82532597 0.94881296
vt 0.73669416 0.95198536
vt 0.80496329 0.92249727
vt 0.82765454 0.92053825
vt 0.89576125 0.93751705
vt 0.80305994 0.97892761
vt 0.70727748 0.93462133
vt 0.73266500 0.90679830
vt 0.75505525 0.92278820
vt 0.76000732 0.89779210
vt 0.70121801 0.71610856
vt 0.85417753 0.74301302
vt 0.76623958 0.76309812
vt 0.71421266 0.73211783
vt 0.78666925 0.76536959
vt 0.82739156 0.74974108
vt 0.80673569 0.75855321
vt 0.88899052 0.72966278
vt 0.73795933 0.74987406
vt 0.60552853 0.09372681
vt 0.07057361 0.94860131
vt 0.12406576 0.95040286
vt 0.16694899 0.94906604
vt 0.21208467 0.94305587
vt 0.21414846 0.61552626
vt 0.21726443 0.67656678
vt 0.21352963 0.77449125
vt 0.20735158 0.87920582
vt 0.21370171 0.51405269
vt 0.16763608 0.60236651
vt 0.44777951 0.38246626
vt 0.27312812 0.12982935
vt 0.16295712 0.87741339
vt 0.16957448 0.50183457
vt 0.10933531 0.60487515
vt 0.27224702 0.23029780
vt 0.46819383 0.31324112
vt 0.11787458 0.87957877
vt 0.11651906 0.50321132
vt 0.05689907 0.61416197
vt 0.05419702 0.67862040
vt 0.05725889 0.78286755
vt 0.06965015 0.88773501
vt 0.26597124 0.73883963
vt 0.25831681 0.58132935
vt 0.26237676 0.82936138
vt 0.26521918 0.68435967
vt 0.06161522 0.50763154
vt 0.26247057 0.54096395
vt 0.25397715 0.93295592
vt 0.14573142 0.79260170
vt 0.14648327 0.67491645
vt 0.25507617 0.88503414
vt 0.06412105 0.83073264
vt 0.30379373 0.37799120
vt 0.40880007 0.40735161
vt 0.21014912 0.82193893
vt 0.14076355 0.65832144
vt 0.31278181 0.83680028
vt 0.54637545 0.71626031
vt 0.52789670 0.71940583
vt 0.51069218 0.71495849
vt 0.53057116 0.74571162
vt 0.52701145 0.70028877
vt 0.50405920 0.74025685
vt 0.55864674 0.74243611
vt 0.26173538 0.62717193
vt 0.05984361 0.55758286
vt 0.11323708 0.55578524
vt 0.16729562 0.55314815
vt 0.21053012 0.56359202
vt 0.30907750 0.53604811
vt 0.29756451 0.56287539
vt 0.29440629 0.59360892
vt 0.80372769 0.95113361
vt 0.14901054 0.77153659
vt 0.02814248 0.61127639
vt 0.02723396 0.67863286
vt 0.03246209 0.78812808
vt 0.03732827 0.89566070
vt 0.03793091 0.83935380
vt 0.02969943 0.55150217
vt 0.02861225 0.94217145
vt 0.76229763 0.96664536
vt 0.02952076 0.50662714
vt 0.14955270 0.69527042
vt 0.26456925 0.78003448
vt 0.05424101 0.73591691
vt 0.48527744 0.12066048
vt 0.32615885 0.05392313
vt 0.21607901 0.73249871
vt 0.31854561 0.79052931
vt 0.32287222 0.75253993
vt 0.32926327 0.73162144
vt 0.02882434 0.73735750
vt 0.14223647 0.80489171
vt 0.06008730 0.46108127
vt 0.11891604 0.44897777
vt 0.17516029 0.45014942
vt 0.22427364 0.46739203
vt 0.27597189 0.50487024
vt 0.68646574 0.72971892
vt 0.69777107 0.75100780
vt 0.70527303 0.77810568
vt 0.70659542 0.81511277
vt 0.70163918 0.86720330
vt 0.68785489 0.92197430
vt 0.02496408 0.47261524
vt 0.16629796 0.77099073
vt 0.17074798 0.74247932
vt 0.16984007 0.69427747
vt 0.15142031 0.65575027
vt 0.16410574 0.67278880
vt 0.15869208 0.79326820
vt 0.13790657 0.64859372
vt 0.14974716 0.80633187
vt 0.17182936 0.71664953
vt 0.14162651 0.81206584
vt 0.15073849 0.74335909
vt 0.15086402 0.71742868
vt 0.07935291 0.68028951
vt 0.08337332 0.77862960
vt 0.19146302 0.67592484
vt 0.18511635 0.77386516
vt 0.16517156 0.63299775
vt 0.11013655 0.63575995
vt 0.09358962 0.81789744
vt 0.17881653 0.81428808
vt 0.11888795 0.83636534
vt 0.15690161 0.83497173
vt 0.07825742 0.73525530
vt 0.18992610 0.73104799
vt 0.42849970 0.12102056
vt 0.41892579 0.30688977
vt 0.33087522 0.12544686
vt 0.33621228 0.30661321
vt 0.34325773 0.36995864
vt 0.41014275 0.37194496
vt 0.33123276 0.22586071
vt 0.42646891 0.22451293
vt 0.43255442 0.04614460
vt 0.48361140 0.22783267
vt 0.28433383 0.31228745
vt 0.34343287 0.40486026
vt 0.85562551 0.92113930
vt 0.92948675 0.20965207
vt 0.86693436 0.21017808
vt 0.62242484 0.26904225
vt 0.54838133 0.30350208
vt 0.68770182 0.45443761
vt 0.57950300 0.31537652
vt 0.66747504 0.42534876
vt 0.64430523 0.40738946
vt 0.91617703 0.33274209
vt 0.82133538 0.14670032
vt 0.56390345 0.36221409
vt 0.80967116 0.07585156
vt 0.53970325 0.33684909
vt 0.93558353 0.33327520
vt 0.93698078 0.28557110
vt 0.93259352 0.18730688
vt 0.88897836 0.18828768
vt 0.95905900 0.18795693
vt 0.97238779 0.18751645
vt 0.70955527 0.18462616
vt 0.62400115 0.32937950
vt 0.90517640 0.18743640
vt 0.90223360 0.30800879
vt 0.52597380 0.30175114
vt 0.51977223 0.26073980
vt 0.90271211 0.33250719
vt 0.92526662 0.23849452
vt 0.71209133 0.45391393
vt 0.90225923 0.20940542
vt 0.93315822 0.30936521
vt 0.72428459 0.14077252
vt 0.97035301 0.21068287
vt 0.95654243 0.21088028
vt 0.88640034 0.21016145
vt 0.77279425 0.15388912
vt 0.82330674 0.18277788
vt 0.91529298 0.30869424
vt 0.57859296 0.26348650
vt 0.54478419 0.25981414
vt 0.86800009 0.18850124
vt 0.72825378 0.44908625
vt 0.70063710 0.41360557
vt 0.67676181 0.38218051
vt 0.65877682 0.27135599
vt 0.66498774 0.33464777
vt 0.83474714 0.03080273
vt 0.88876259 0.33243906
vt 0.88911837 0.30890012
vt 0.80740792 0.04025698
vt 0.87751210 0.18848360
vt 0.68442428 0.44240385
vt 0.87572676 0.21028233
vt 0.71317595 0.43878698
vt 0.85312045 0.02683896
vt 0.89878488 0.23659116
vt 0.97201461 0.23225701
vt 0.95392078 0.23859119
vt 0.88319033 0.23475432
vt 0.91543531 0.28487712
vt 0.87121791 0.23406166
vt 0.88744116 0.28699958
vt 0.76933885 0.12545401
vt 0.96823537 0.33216536
vt 0.98632616 0.18788177
vt 0.95736134 0.30104041
vt 0.98217571 0.21483034
vt 0.89903039 0.28411049
vt 0.86352587 0.23135608
vt 0.74376106 0.09833688
vt 0.82399601 0.10422373
vt 0.73312545 0.18659979
vt 0.74178159 0.15030491
vt 0.71109176 0.13530087
vt 0.77881104 0.07435548
vt 0.69326049 0.18271571
vt 0.77148765 0.18610394
vt 0.80317080 0.05340379
vt 0.83848011 0.04606515
vt 0.75772786 0.10651296
vt 0.79928750 0.53504086
vt 0.88118672 0.50607890
vt 0.87882203 0.53400385
vt 0.83131605 0.53670263
vt 0.85554999 0.53551209
vt 0.74804431 0.52371275
vt 0.93325198 0.64692855
vt 0.93592411 0.61063719
vt 0.93790841 0.56420833
vt 0.74911052 0.65994781
vt 0.73497546 0.61423308
vt 0.73400772 0.56648391
vt 0.85612249 0.64128405
vt 0.85465187 0.60500270
vt 0.85412043 0.56636393
vt 0.83037281 0.64291024
vt 0.82741767 0.60571903
vt 0.82809800 0.56850225
vt 0.87809247 0.63982970
vt 0.87834781 0.60513175
vt 0.87876225 0.56555092
vt 0.90208226 0.64031005
vt 0.90475082 0.60663557
vt 0.90509814 0.56575811
vt 0.79561228 0.64462286
vt 0.79028982 0.60590446
vt 0.79224300 0.56888282
vt 0.36816442 0.72537124
vt 0.37305731 0.77956671
vt 0.94942260 0.73008060
vt 0.81847364 0.71228290
vt 0.89233112 0.68432987
vt 0.93561631 0.71982300
vt 0.87435842 0.68021911
vt 0.83965361 0.70327681
vt 0.85653830 0.69056058
vt 0.79112506 0.72408187
vt 0.91550124 0.70285541
vt 0.88111895 0.47829491
vt 0.78676569 0.47112161
vt 0.83662903 0.45201707
vt 0.81034058 0.45716429
vt 0.81360680 0.48377639
vt 0.88206947 0.45352018
vt 0.83818114 0.48118526
vt 0.92681289 0.47801280
vt 0.85854375 0.50750089
vt 0.83585250 0.50945997
vt 0.76774591 0.49248117
vt 0.86044717 0.45107067
vt 0.95622957 0.49537683
vt 0.93084204 0.52319974
vt 0.90845174 0.50720996
vt 0.90349984 0.53220606
vt 0.96228909 0.71388942
vt 0.80932969 0.68698525
vt 0.89726752 0.66689998
vt 0.94929445 0.69788021
vt 0.87683791 0.66462868
vt 0.83611560 0.68025714
vt 0.85677135 0.67144507
vt 0.77451670 0.70033556
vt 0.92554778 0.68012387
vt 0.60552865 0.38452762
vt 0.59874064 0.46475053
vt 0.54524851 0.46294880
vt 0.50236523 0.46428561
vt 0.45722955 0.47029567
vt 0.45516559 0.79782540
vt 0.45204964 0.73678482
vt 0.45578453 0.63886029
vt 0.46196264 0.53414583
vt 0.45561230 0.89929903
vt 0.50167799 0.81098503
vt 0.19598660 0.37073308
vt 0.02133518 0.11809611
vt 0.50635707 0.53593820
vt 0.49973965 0.91151714
vt 0.55997878 0.80847627
vt 0.02045411 0.21856469
vt 0.21640086 0.30150789
vt 0.55143958 0.53377283
vt 0.55279505 0.91014040
vt 0.61241508 0.79918963
vt 0.61511713 0.73473114
vt 0.61205530 0.63048416
vt 0.59966403 0.52561653
vt 0.40334278 0.67451197
vt 0.41099721 0.83202207
vt 0.40693742 0.58399010
vt 0.40409490 0.72899181
vt 0.60769904 0.90572006
vt 0.40684345 0.87238759
vt 0.41533712 0.48039567
vt 0.12788358 0.79314530
vt 0.11997144 0.67572397
vt 0.41423807 0.52831727
vt 0.60519320 0.58261889
vt 0.05200079 0.36625803
vt 0.15700711 0.39561832
vt 0.45916510 0.59141260
vt 0.12467068 0.65881157
vt 0.35653234 0.57655120
vt 0.52306086 0.64576697
vt 0.54153967 0.64891237
vt 0.55874419 0.64446509
vt 0.53886515 0.67521828
vt 0.54242492 0.62979537
vt 0.56537718 0.66976345
vt 0.51078963 0.67194265
vt 0.40757871 0.78617960
vt 0.60947061 0.85576868
vt 0.55607706 0.85756642
vt 0.50201851 0.86020350
vt 0.45878392 0.84975958
vt 0.36023653 0.87730342
vt 0.37174958 0.85047615
vt 0.37490779 0.81974268
vt 0.85977942 0.47886461
vt 0.12332860 0.77231872
vt 0.64117163 0.80207509
vt 0.64208025 0.73471868
vt 0.63685220 0.62522358
vt 0.63198596 0.51769090
vt 0.63138330 0.57399774
vt 0.63961476 0.86184937
vt 0.64070201 0.47118032
vt 0.90120959 0.46335286
vt 0.63979346 0.90672451
vt 0.11814632 0.69622689
vt 0.40474486 0.63331699
vt 0.61507314 0.67743462
vt 0.23348442 0.10892725
vt 0.07436591 0.04218990
vt 0.45323509 0.68085307
vt 0.35076857 0.62282223
vt 0.34644186 0.66081160
vt 0.34005079 0.68173003
vt 0.64048976 0.67599416
vt 0.13211994 0.80519986
vt 0.60922700 0.95227045
vt 0.55039811 0.96437407
vt 0.49415374 0.96320236
vt 0.44504040 0.94595963
vt 0.39334220 0.90848136
vt 0.97704124 0.70027918
vt 0.96573591 0.67899024
vt 0.95823407 0.65189230
vt 0.95691162 0.61488527
vt 0.96186787 0.56279486
vt 0.97565198 0.50802386
vt 0.64435023 0.94073641
vt 0.10604002 0.77282590
vt 0.09986319 0.74463814
vt 0.09783614 0.69647038
vt 0.11387720 0.65689367
vt 0.10225214 0.67467248
vt 0.11498747 0.79459906
vt 0.12693042 0.64892805
vt 0.12471083 0.80709445
vt 0.09721196 0.71892196
vt 0.13316539 0.81232351
vt 0.11988913 0.74429852
vt 0.11818586 0.71842378
vt 0.58996117 0.73306209
vt 0.58594084 0.63472205
vt 0.47785103 0.73742676
vt 0.48419783 0.63948649
vt 0.50414252 0.78035378
vt 0.55917758 0.77759159
vt 0.57572448 0.59545416
vt 0.49049771 0.59906358
vt 0.55042624 0.57698625
vt 0.51241261 0.57837993
vt 0.59105664 0.67809635
vt 0.47938800 0.68230367
vt 0.17670672 0.10928732
vt 0.16713282 0.29515648
vt 0.07908227 0.11371362
vt 0.08441936 0.29488003
vt 0.09146479 0.35822535
vt 0.15834974 0.36021173
vt 0.07943982 0.21412748
vt 0.17467596 0.21277970
vt 0.18076141 0.03441149
vt 0.23181844 0.21609944
vt 0.03254092 0.30055434
vt 0.09163993 0.39312708
vt 0.80788153 0.50885892
f 61/61 811/811 1954/1954
f 61/61 1954/1954 827/827
f 811/811 22/22 870/870
f 811/811 870/870 1954/1954
f 1954/1954 870/870 3/3
f 1954/1954 3/3 758/758
f 827/827 1954/1954 758/758
f 827/827 758/758 49/49
f 83/83 852/852 1955/1955
f 83/83 1955/1955 857/857
f 852/852 56/56 804/804
f 852/852 804/804 1955/1955
f 1955/1955 804/804 14/14
f 1955/1955 14/14 879/879
f 857/857 1955/1955 879/879
f 857/857 879/879 81/81
f 36/36 784/784 1956/1956
f 36/36 1956/1956 765/765
f 784/784 35/35 764/764
f 784/784 764/764 1956/1956
f 1956/1956 764/764 54/54
f 1956/1956 54/54 820/820
f 765/765 1956/1956 820/820
f 765/765 820/820 55/55
f 58/58 826/826 1957/1957
f 58/58 1957/1957 808/808
f 826/826 48/48 757/757
f 826/826 757/757 1957/1957
f 1957/1957 757/757 2/2
f 1957/1957 2/2 744/744
f 808/808 1957/1957 744/744
f 808/808 744/744 7/7
f 104/104 849/849 1958/1958
f 104/104 1958/1958 856/856
f 849/849 108/108 736/736
f 849/849 736/736 1958/1958
f 1958/1958 736/736 17/17
f 1958/1958 17/17 725/725
f 856/856 1958/1958 725/725
f 856/856 725/725 80/80
f 54/54 825/825 1959/1959
f 54/54 1959/1959 802/802
f 825/825 58/58 808/808
f 825/825 808/808 1959/1959
f 1959/1959 808/808 7/7
f 1959/1959 7/7 718/718
f 802/802 1959/1959 718/718
f 802/802 718/718 4/4
f 90/90 726/726 1960/1960
f 90/90 1960/1960 751/751
f 726/726 98/98 745/745
f 726/726 745/745 1960/1960
f 1960/1960 745/745 12/12
f 1960/1960 12/12 728/728
f 751/751 1960/1960 728/728
f 751/751 728/728 8/8
f 90/90 751/751 1961/1961
f 90/90 1961/1961 716/716
f 751/751 8/8 724/724
f 751/751 724/724 1961/1961
f 1961/1961 724/724 9/9
f 1961/1961 9/9 749/749
f 716/716 1961/1961 749/749
f 716/716 749/749 88/88
f 62/62 773/773 1962/1962
f 62/62 1962/1962 824/824
f 773/773 43/43 776/776
f 773/773 776/776 1962/1962
f 1962/1962 776/776 25/25
f 1962/1962 25/25 791/791
f 824/824 1962/1962 791/791
f 824/824 791/791 45/45
f 52/52 799/799 1963/1963
f 52/52 1963/1963 823/823
f 799/799 21/21 897/897
f 799/799 897/897 1963/1963
f 1963/1963 897/897 10/10
f 1963/1963 10/10 790/790
f 823/823 1963/1963 790/790
f 823/823 790/790 44/44
f 92/92 721/721 1964/1964
f 92/92 1964/1964 715/715
f 721/721 96/96 741/741
f 721/721 741/741 1964/1964
f 1964/1964 741/741 4/4
f 1964/1964 4/4 718/718
f 715/715 1964/1964 718/718
f 715/715 718/718 7/7
f 125/125 908/908 1965/1965
f 125/125 1965/1965 740/740
f 908/908 129/129 909/909
f 908/908 909/909 1965/1965
f 1965/1965 909/909 128/128
f 1965/1965 128/128 743/743
f 740/740 1965/1965 743/743
f 740/740 743/743 123/123
f 94/94 719/719 1966/1966
f 94/94 1966/1966 742/742
f 719/719 92/92 715/715
f 719/719 715/715 1966/1966
f 1966/1966 715/715 7/7
f 1966/1966 7/7 744/744
f 742/742 1966/1966 744/744
f 742/742 744/744 2/2
f 25/25 777/777 1967/1967
f 25/25 1967/1967 791/791
f 777/777 26/26 874/874
f 777/777 874/874 1967/1967
f 1967/1967 874/874 46/46
f 1967/1967 46/46 821/821
f 791/791 1967/1967 821/821
f 791/791 821/821 45/45
f 5/5 873/873 1968/1968
f 5/5 1968/1968 887/887
f 873/873 16/16 892/892
f 873/873 892/892 1968/1968
f 1968/1968 892/892 113/113
f 1968/1968 113/113 747/747
f 887/887 1968/1968 747/747
f 887/887 747/747 103/103
f 29/29 788/788 1969/1969
f 29/29 1969/1969 796/796
f 788/788 42/42 772/772
f 788/788 772/772 1969/1969
f 1969/1969 772/772 61/61
f 1969/1969 61/61 827/827
f 796/796 1969/1969 827/827
f 796/796 827/827 49/49
f 59/59 770/770 1970/1970
f 59/59 1970/1970 819/819
f 770/770 40/40 778/778
f 770/770 778/778 1970/1970
f 1970/1970 778/778 41/41
f 1970/1970 41/41 771/771
f 819/819 1970/1970 771/771
f 819/819 771/771 60/60
f 50/50 797/797 1971/1971
f 50/50 1971/1971 818/818
f 797/797 30/30 779/779
f 797/797 779/779 1971/1971
f 1971/1971 779/779 29/29
f 1971/1971 29/29 796/796
f 818/818 1971/1971 796/796
f 818/818 796/796 49/49
f 53/53 875/875 1972/1972
f 53/53 1972/1972 817/817
f 875/875 34/34 780/780
f 875/875 780/780 1972/1972
f 1972/1972 780/780 30/30
f 1972/1972 30/30 797/797
f 817/817 1972/1972 797/797
f 817/817 797/797 50/50
f 132/132 914/914 1973/1973
f 132/132 1973/1973 816/816
f 914/914 131/131 781/781
f 914/914 781/781 1973/1973
f 1973/1973 781/781 127/127
f 1973/1973 127/127 756/756
f 816/816 1973/1973 756/756
f 816/816 756/756 126/126
f 9/9 803/803 1974/1974
f 9/9 1974/1974 723/723
f 803/803 55/55 820/820
f 803/803 820/820 1974/1974
f 1974/1974 820/820 54/54
f 1974/1974 54/54 802/802
f 723/723 1974/1974 802/802
f 723/723 802/802 4/4
f 61/61 772/772 1975/1975
f 61/61 1975/1975 815/815
f 772/772 42/42 783/783
f 772/772 783/783 1975/1975
f 1975/1975 783/783 40/40
f 1975/1975 40/40 770/770
f 815/815 1975/1975 770/770
f 815/815 770/770 59/59
f 79/79 845/845 1976/1976
f 79/79 1976/1976 847/847
f 845/845 62/62 812/812
f 845/845 812/812 1976/1976
f 1976/1976 812/812 19/19
f 1976/1976 19/19 878/878
f 847/847 1976/1976 878/878
f 847/847 878/878 77/77
f 118/118 800/800 1977/1977
f 118/118 1977/1977 813/813
f 800/800 94/94 742/742
f 800/800 742/742 1977/1977
f 1977/1977 742/742 2/2
f 1977/1977 2/2 757/757
f 813/813 1977/1977 757/757
f 813/813 757/757 48/48
f 120/120 762/762 1978/1978
f 120/120 1978/1978 774/774
f 762/762 118/118 813/813
f 762/762 813/813 1978/1978
f 1978/1978 813/813 48/48
f 1978/1978 48/48 795/795
f 774/774 1978/1978 795/795
f 774/774 795/795 28/28
f 78/78 844/844 1979/1979
f 78/78 1979/1979 846/846
f 844/844 43/43 773/773
f 844/844 773/773 1979/1979
f 1979/1979 773/773 62/62
f 1979/1979 62/62 845/845
f 846/846 1979/1979 845/845
f 846/846 845/845 79/79
f 3/3 870/870 1980/1980
f 3/3 1980/1980 884/884
f 870/870 22/22 880/880
f 870/870 880/880 1980/1980
f 1980/1980 880/880 89/89
f 1980/1980 89/89 732/732
f 884/884 1980/1980 732/732
f 884/884 732/732 97/97
f 80/80 725/725 1981/1981
f 80/80 1981/1981 859/859
f 725/725 17/17 860/860
f 725/725 860/860 1981/1981
f 1981/1981 860/860 86/86
f 1981/1981 86/86 863/863
f 859/859 1981/1981 863/863
f 859/859 863/863 85/85
f 22/22 811/811 1982/1982
f 22/22 1982/1982 865/865
f 811/811 61/61 815/815
f 811/811 815/815 1982/1982
f 1982/1982 815/815 59/59
f 1982/1982 59/59 809/809
f 865/865 1982/1982 809/809
f 865/865 809/809 13/13
f 5/5 753/753 1983/1983
f 5/5 1983/1983 873/873
f 753/753 45/45 821/821
f 753/753 821/821 1983/1983
f 1983/1983 821/821 46/46
f 1983/1983 46/46 876/876
f 873/873 1983/1983 876/876
f 873/873 876/876 16/16
f 130/130 913/913 1984/1984
f 130/130 1984/1984 910/910
f 913/913 132/132 816/816
f 913/913 816/816 1984/1984
f 1984/1984 816/816 126/126
f 1984/1984 126/126 794/794
f 910/910 1984/1984 794/794
f 910/910 794/794 122/122
f 1/1 877/877 1985/1985
f 1/1 1985/1985 866/866
f 877/877 53/53 817/817
f 877/877 817/817 1985/1985
f 1985/1985 817/817 50/50
f 1985/1985 50/50 759/759
f 866/866 1985/1985 759/759
f 866/866 759/759 6/6
f 6/6 759/759 1986/1986
f 6/6 1986/1986 867/867
f 759/759 50/50 818/818
f 759/759 818/818 1986/1986
f 1986/1986 818/818 49/49
f 1986/1986 49/49 758/758
f 867/867 1986/1986 758/758
f 867/867 758/758 3/3
f 13/13 809/809 1987/1987
f 13/13 1987/1987 868/868
f 809/809 59/59 819/819
f 809/809 819/819 1987/1987
f 1987/1987 819/819 60/60
f 1987/1987 60/60 810/810
f 868/868 1987/1987 810/810
f 868/868 810/810 11/11
f 23/23 900/900 1988/1988
f 23/23 1988/1988 898/898
f 900/900 47/47 822/822
f 900/900 822/822 1988/1988
f 1988/1988 822/822 44/44
f 1988/1988 44/44 790/790
f 898/898 1988/1988 790/790
f 898/898 790/790 10/10
f 32/32 761/761 1989/1989
f 32/32 1989/1989 775/775
f 761/761 52/52 823/823
f 761/761 823/823 1989/1989
f 1989/1989 823/823 44/44
f 1989/1989 44/44 752/752
f 775/775 1989/1989 752/752
f 775/775 752/752 24/24
f 19/19 812/812 1990/1990
f 19/19 1990/1990 869/869
f 812/812 62/62 824/824
f 812/812 824/824 1990/1990
f 1990/1990 824/824 45/45
f 1990/1990 45/45 753/753
f 869/869 1990/1990 753/753
f 869/869 753/753 5/5
f 35/35 786/786 1991/1991
f 35/35 1991/1991 764/764
f 786/786 39/39 769/769
f 786/786 769/769 1991/1991
f 1991/1991 769/769 58/58
f 1991/1991 58/58 825/825
f 764/764 1991/1991 825/825
f 764/764 825/825 54/54
f 39/39 787/787 1992/1992
f 39/39 1992/1992 769/769
f 787/787 28/28 795/795
f 787/787 795/795 1992/1992
f 1992/1992 795/795 48/48
f 1992/1992 48/48 826/826
f 769/769 1992/1992 826/826
f 769/769 826/826 58/58
f 82/82 851/851 1993/1993
f 82/82 1993/1993 855/855
f 851/851 37/37 766/766
f 851/851 766/766 1993/1993
f 1993/1993 766/766 56/56
f 1993/1993 56/56 852/852
f 855/855 1993/1993 852/852
f 855/855 852/852 83/83
f 85/85 863/863 1994/1994
f 85/85 1994/1994 864/864
f 863/863 86/86 806/806
f 863/863 806/806 1994/1994
f 1994/1994 806/806 65/65
f 1994/1994 65/65 853/853
f 864/864 1994/1994 853/853
f 864/864 853/853 63/63
f 68/68 832/832 1995/1995
f 68/68 1995/1995 840/840
f 832/832 8/8 728/728
f 832/832 728/728 1995/1995
f 1995/1995 728/728 12/12
f 1995/1995 12/12 768/768
f 840/840 1995/1995 768/768
f 840/840 768/768 63/63
f 9/9 724/724 1996/1996
f 9/9 1996/1996 833/833
f 724/724 8/8 832/832
f 724/724 832/832 1996/1996
f 1996/1996 832/832 68/68
f 1996/1996 68/68 830/830
f 833/833 1996/1996 830/830
f 833/833 830/830 70/70
f 75/75 835/835 1997/1997
f 75/75 1997/1997 837/837
f 835/835 72/72 834/834
f 835/835 834/834 1997/1997
f 1997/1997 834/834 36/36
f 1997/1997 36/36 765/765
f 837/837 1997/1997 765/765
f 837/837 765/765 55/55
f 55/55 803/803 1998/1998
f 55/55 1998/1998 837/837
f 803/803 9/9 833/833
f 803/803 833/833 1998/1998
f 1998/1998 833/833 70/70
f 1998/1998 70/70 838/838
f 837/837 1998/1998 838/838
f 837/837 838/838 75/75
f 18/18 916/916 1999/1999
f 18/18 1999/1999 861/861
f 916/916 133/133 829/829
f 916/916 829/829 1999/1999
f 1999/1999 829/829 84/84
f 1999/1999 84/84 862/862
f 861/861 1999/1999 862/862
f 861/861 862/862 87/87
f 38/38 785/785 2000/2000
f 38/38 2000/2000 767/767
f 785/785 78/78 846/846
f 785/785 846/846 2000/2000
f 2000/2000 846/846 79/79
f 2000/2000 79/79 814/814
f 767/767 2000/2000 814/814
f 767/767 814/814 57/57
f 57/57 814/814 2001/2001
f 57/57 2001/2001 805/805
f 814/814 79/79 847/847
f 814/814 847/847 2001/2001
f 2001/2001 847/847 77/77
f 2001/2001 77/77 872/872
f 805/805 2001/2001 872/872
f 805/805 872/872 15/15
f 109/109 738/738 2002/2002
f 109/109 2002/2002 737/737
f 738/738 106/106 918/918
f 738/738 918/918 2002/2002
f 2002/2002 918/918 133/133
f 2002/2002 133/133 916/916
f 737/737 2002/2002 916/916
f 737/737 916/916 18/18
f 41/41 789/789 2003/2003
f 41/41 2003/2003 771/771
f 789/789 82/82 855/855
f 789/789 855/855 2003/2003
f 2003/2003 855/855 83/83
f 2003/2003 83/83 828/828
f 771/771 2003/2003 828/828
f 771/771 828/828 60/60
f 98/98 734/734 2004/2004
f 98/98 2004/2004 745/745
f 734/734 104/104 856/856
f 734/734 856/856 2004/2004
f 2004/2004 856/856 80/80
f 2004/2004 80/80 848/848
f 745/745 2004/2004 848/848
f 745/745 848/848 12/12
f 60/60 828/828 2005/2005
f 60/60 2005/2005 810/810
f 828/828 83/83 857/857
f 828/828 857/857 2005/2005
f 2005/2005 857/857 81/81
f 2005/2005 81/81 871/871
f 810/810 2005/2005 871/871
f 810/810 871/871 11/11
f 12/12 848/848 2006/2006
f 12/12 2006/2006 768/768
f 848/848 80/80 859/859
f 848/848 859/859 2006/2006
f 2006/2006 859/859 85/85
f 2006/2006 85/85 864/864
f 768/768 2006/2006 864/864
f 768/768 864/864 63/63
f 87/87 862/862 2007/2007
f 87/87 2007/2007 807/807
f 862/862 84/84 858/858
f 862/862 858/858 2007/2007
f 2007/2007 858/858 125/125
f 2007/2007 125/125 920/920
f 807/807 2007/2007 920/920
f 807/807 920/920 67/67
f 22/22 865/865 2008/2008
f 22/22 2008/2008 880/880
f 865/865 13/13 881/881
f 865/865 881/881 2008/2008
f 2008/2008 881/881 91/91
f 2008/2008 91/91 717/717
f 880/880 2008/2008 717/717
f 880/880 717/717 89/89
f 1/1 866/866 2009/2009
f 1/1 2009/2009 882/882
f 866/866 6/6 883/883
f 866/866 883/883 2009/2009
f 2009/2009 883/883 93/93
f 2009/2009 93/93 720/720
f 882/882 2009/2009 720/720
f 882/882 720/720 95/95
f 6/6 867/867 2010/2010
f 6/6 2010/2010 883/883
f 867/867 3/3 884/884
f 867/867 884/884 2010/2010
f 2010/2010 884/884 97/97
f 2010/2010 97/97 722/722
f 883/883 2010/2010 722/722
f 883/883 722/722 93/93
f 13/13 868/868 2011/2011
f 13/13 2011/2011 881/881
f 868/868 11/11 885/885
f 868/868 885/885 2011/2011
f 2011/2011 885/885 99/99
f 2011/2011 99/99 727/727
f 881/881 2011/2011 727/727
f 881/881 727/727 91/91
f 19/19 869/869 2012/2012
f 19/19 2012/2012 886/886
f 869/869 5/5 887/887
f 869/869 887/887 2012/2012
f 2012/2012 887/887 103/103
f 2012/2012 103/103 730/730
f 886/886 2012/2012 730/730
f 886/886 730/730 101/101
f 11/11 871/871 2013/2013
f 11/11 2013/2013 885/885
f 871/871 81/81 888/888
f 871/871 888/888 2013/2013
f 2013/2013 888/888 105/105
f 2013/2013 105/105 735/735
f 885/885 2013/2013 735/735
f 885/885 735/735 99/99
f 15/15 872/872 2014/2014
f 15/15 2014/2014 890/890
f 872/872 77/77 891/891
f 872/872 891/891 2014/2014
f 2014/2014 891/891 107/107
f 2014/2014 107/107 739/739
f 890/890 2014/2014 739/739
f 890/890 739/739 111/111
f 23/23 898/898 2015/2015
f 23/23 2015/2015 901/901
f 898/898 10/10 902/902
f 898/898 902/902 2015/2015
f 2015/2015 902/902 123/123
f 2015/2015 123/123 748/748
f 901/901 2015/2015 748/748
f 901/901 748/748 122/122
f 46/46 874/874 2016/2016
f 46/46 2016/2016 893/893
f 874/874 26/26 894/894
f 874/874 894/894 2016/2016
f 2016/2016 894/894 117/117
f 2016/2016 117/117 755/755
f 893/893 2016/2016 755/755
f 893/893 755/755 115/115
f 34/34 875/875 2017/2017
f 34/34 2017/2017 895/895
f 875/875 53/53 896/896
f 875/875 896/896 2017/2017
f 2017/2017 896/896 119/119
f 2017/2017 119/119 763/763
f 895/895 2017/2017 763/763
f 895/895 763/763 121/121
f 16/16 876/876 2018/2018
f 16/16 2018/2018 892/892
f 876/876 46/46 893/893
f 876/876 893/893 2018/2018
f 2018/2018 893/893 115/115
f 2018/2018 115/115 793/793
f 892/892 2018/2018 793/793
f 892/892 793/793 113/113
f 53/53 877/877 2019/2019
f 53/53 2019/2019 896/896
f 877/877 1/1 882/882
f 877/877 882/882 2019/2019
f 2019/2019 882/882 95/95
f 2019/2019 95/95 801/801
f 896/896 2019/2019 801/801
f 896/896 801/801 119/119
f 77/77 878/878 2020/2020
f 77/77 2020/2020 891/891
f 878/878 19/19 886/886
f 878/878 886/886 2020/2020
f 2020/2020 886/886 101/101
f 2020/2020 101/101 843/843
f 891/891 2020/2020 843/843
f 891/891 843/843 107/107
f 81/81 879/879 2021/2021
f 81/81 2021/2021 888/888
f 879/879 14/14 889/889
f 879/879 889/889 2021/2021
f 2021/2021 889/889 110/110
f 2021/2021 110/110 850/850
f 888/888 2021/2021 850/850
f 888/888 850/850 105/105
f 128/128 907/907 2022/2022
f 128/128 2022/2022 915/915
f 907/907 102/102 746/746
f 907/907 746/746 2022/2022
f 2022/2022 746/746 112/112
f 2022/2022 112/112 750/750
f 915/915 2022/2022 750/750
f 915/915 750/750 130/130
f 10/10 897/897 2023/2023
f 10/10 2023/2023 902/902
f 897/897 21/21 904/904
f 897/897 904/904 2023/2023
f 2023/2023 904/904 125/125
f 2023/2023 125/125 740/740
f 902/902 2023/2023 740/740
f 902/902 740/740 123/123
f 27/27 899/899 2024/2024
f 27/27 2024/2024 905/905
f 899/899 47/47 906/906
f 899/899 906/906 2024/2024
f 2024/2024 906/906 126/126
f 2024/2024 126/126 756/756
f 905/905 2024/2024 756/756
f 905/905 756/756 127/127
f 47/47 900/900 2025/2025
f 47/47 2025/2025 906/906
f 900/900 23/23 901/901
f 900/900 901/901 2025/2025
f 2025/2025 901/901 122/122
f 2025/2025 122/122 794/794
f 906/906 2025/2025 794/794
f 906/906 794/794 126/126
f 112/112 792/792 2026/2026
f 112/112 2026/2026 750/750
f 792/792 114/114 912/912
f 792/792 912/912 2026/2026
f 2026/2026 912/912 132/132
f 2026/2026 132/132 913/913
f 750/750 2026/2026 913/913
f 750/750 913/913 130/130
f 128/128 909/909 2027/2027
f 128/128 2027/2027 907/907
f 909/909 129/129 733/733
f 909/909 733/733 2027/2027
f 2027/2027 733/733 100/100
f 2027/2027 100/100 729/729
f 907/907 2027/2027 729/729
f 907/907 729/729 102/102
f 114/114 754/754 2028/2028
f 114/114 2028/2028 912/912
f 754/754 116/116 911/911
f 754/754 911/911 2028/2028
f 2028/2028 911/911 131/131
f 2028/2028 131/131 914/914
f 912/912 2028/2028 914/914
f 912/912 914/914 132/132
f 24/24 752/752 2029/2029
f 24/24 2029/2029 782/782
f 752/752 44/44 822/822
f 752/752 822/822 2029/2029
f 2029/2029 822/822 47/47
f 2029/2029 47/47 899/899
f 782/782 2029/2029 899/899
f 782/782 899/899 27/27
f 106/106 842/842 2030/2030
f 106/106 2030/2030 918/918
f 842/842 100/100 733/733
f 842/842 733/733 2030/2030
f 2030/2030 733/733 129/129
f 2030/2030 129/129 917/917
f 918/918 2030/2030 917/917
f 918/918 917/917 133/133
f 133/133 917/917 2031/2031
f 133/133 2031/2031 829/829
f 917/917 129/129 908/908
f 917/917 908/908 2031/2031
f 2031/2031 908/908 125/125
f 2031/2031 125/125 858/858
f 829/829 2031/2031 858/858
f 829/829 858/858 84/84
f 123/123 743/743 2032/2032
f 123/123 2032/2032 748/748
f 743/743 128/128 915/915
f 743/743 915/915 2032/2032
f 2032/2032 915/915 130/130
f 2032/2032 130/130 910/910
f 748/748 2032/2032 910/910
f 748/748 910/910 122/122
f 148/148 981/981 2033/2033
f 148/148 2033/2033 936/936
f 981/981 153/153 928/928
f 981/981 928/928 2033/2033
f 2033/2033 928/928 140/140
f 2033/2033 140/140 925/925
f 936/936 2033/2033 925/925
f 936/936 925/925 143/143
f 203/203 1043/1043 2034/2034
f 203/203 2034/2034 930/930
f 1043/1043 209/209 1038/1038
f 1043/1043 1038/1038 2034/2034
f 2034/2034 1038/1038 191/191
f 2034/2034 191/191 1018/1018
f 930/930 2034/2034 1018/1018
f 930/930 1018/1018 138/138
f 166/166 975/975 2035/2035
f 166/166 2035/2035 1019/1019
f 975/975 154/154 942/942
f 975/975 942/942 2035/2035
f 2035/2035 942/942 138/138
f 2035/2035 138/138 1018/1018
f 1019/1019 2035/2035 1018/1018
f 1019/1019 1018/1018 191/191
f 153/153 972/972 2036/2036
f 153/153 2036/2036 928/928
f 972/972 171/171 933/933
f 972/972 933/933 2036/2036
f 2036/2036 933/933 139/139
f 2036/2036 139/139 923/923
f 928/928 2036/2036 923/923
f 928/928 923/923 140/140
f 171/171 969/969 2037/2037
f 171/171 2037/2037 933/933
f 969/969 166/166 1019/1019
f 969/969 1019/1019 2037/2037
f 2037/2037 1019/1019 191/191
f 2037/2037 191/191 1017/1017
f 933/933 2037/2037 1017/1017
f 933/933 1017/1017 139/139
f 173/173 966/966 2038/2038
f 173/173 2038/2038 956/956
f 966/966 148/148 936/936
f 966/966 936/936 2038/2038
f 2038/2038 936/936 143/143
f 2038/2038 143/143 924/924
f 956/956 2038/2038 924/924
f 956/956 924/924 142/142
f 219/219 1072/1072 2039/2039
f 219/219 2039/2039 945/945
f 1072/1072 377/377 1060/1060
f 1072/1072 1060/1060 2039/2039
f 2039/2039 1060/1060 374/374
f 2039/2039 374/374 961/961
f 945/945 2039/2039 961/961
f 945/945 961/961 157/157
f 157/157 961/961 2040/2040
f 157/157 2040/2040 946/946
f 961/961 374/374 949/949
f 961/961 949/949 2040/2040
f 2040/2040 949/949 373/373
f 2040/2040 373/373 962/962
f 946/946 2040/2040 962/962
f 946/946 962/962 158/158
f 158/158 962/962 2041/2041
f 158/158 2041/2041 947/947
f 962/962 373/373 948/948
f 962/962 948/948 2041/2041
f 2041/2041 948/948 372/372
f 2041/2041 372/372 963/963
f 947/947 2041/2041 963/963
f 947/947 963/963 159/159
f 229/229 1071/1071 2042/2042
f 229/229 2042/2042 1063/1063
f 1071/1071 223/223 1058/1058
f 1071/1071 1058/1058 2042/2042
f 2042/2042 1058/1058 150/150
f 2042/2042 150/150 964/964
f 1063/1063 2042/2042 964/964
f 1063/1063 964/964 177/177
f 177/177 964/964 2043/2043
f 177/177 2043/2043 960/960
f 964/964 150/150 938/938
f 964/964 938/938 2043/2043
f 2043/2043 938/938 149/149
f 2043/2043 149/149 965/965
f 960/960 2043/2043 965/965
f 960/960 965/965 175/175
f 175/175 965/965 2044/2044
f 175/175 2044/2044 958/958
f 965/965 149/149 937/937
f 965/965 937/937 2044/2044
f 2044/2044 937/937 148/148
f 2044/2044 148/148 966/966
f 958/958 2044/2044 966/966
f 958/958 966/966 173/173
f 220/220 1070/1070 2045/2045
f 220/220 2045/2045 952/952
f 1070/1070 227/227 1061/1061
f 1070/1070 1061/1061 2045/2045
f 2045/2045 1061/1061 168/168
f 2045/2045 168/168 967/967
f 952/952 2045/2045 967/967
f 952/952 967/967 169/169
f 169/169 967/967 2046/2046
f 169/169 2046/2046 953/953
f 967/967 168/168 951/951
f 967/967 951/951 2046/2046
f 2046/2046 951/951 167/167
f 2046/2046 167/167 968/968
f 953/953 2046/2046 968/968
f 953/953 968/968 170/170
f 170/170 968/968 2047/2047
f 170/170 2047/2047 954/954
f 968/968 167/167 950/950
f 968/968 950/950 2047/2047
f 2047/2047 950/950 166/166
f 2047/2047 166/166 969/969
f 954/954 2047/2047 969/969
f 954/954 969/969 171/171
f 218/218 1069/1069 2048/2048
f 218/218 2048/2048 939/939
f 1069/1069 220/220 952/952
f 1069/1069 952/952 2048/2048
f 2048/2048 952/952 169/169
f 2048/2048 169/169 970/970
f 939/939 2048/2048 970/970
f 939/939 970/970 151/151
f 151/151 970/970 2049/2049
f 151/151 2049/2049 940/940
f 970/970 169/169 953/953
f 970/970 953/953 2049/2049
f 2049/2049 953/953 170/170
f 2049/2049 170/170 971/971
f 940/940 2049/2049 971/971
f 940/940 971/971 152/152
f 152/152 971/971 2050/2050
f 152/152 2050/2050 941/941
f 971/971 170/170 954/954
f 971/971 954/954 2050/2050
f 2050/2050 954/954 171/171
f 2050/2050 171/171 972/972
f 941/941 2050/2050 972/972
f 941/941 972/972 153/153
f 227/227 1068/1068 2051/2051
f 227/227 2051/2051 1061/1061
f 1068/1068 224/224 1059/1059
f 1068/1068 1059/1059 2051/2051
f 2051/2051 1059/1059 156/156
f 2051/2051 156/156 973/973
f 1061/1061 2051/2051 973/973
f 1061/1061 973/973 168/168
f 168/168 973/973 2052/2052
f 168/168 2052/2052 951/951
f 973/973 156/156 944/944
f 973/973 944/944 2052/2052
f 2052/2052 944/944 155/155
f 2052/2052 155/155 974/974
f 951/951 2052/2052 974/974
f 951/951 974/974 167/167
f 167/167 974/974 2053/2053
f 167/167 2053/2053 950/950
f 974/974 155/155 943/943
f 974/974 943/943 2053/2053
f 2053/2053 943/943 154/154
f 2053/2053 154/154 975/975
f 950/950 2053/2053 975/975
f 950/950 975/975 166/166
f 224/224 1066/1066 2054/2054
f 224/224 2054/2054 1059/1059
f 1066/1066 219/219 945/945
f 1066/1066 945/945 2054/2054
f 2054/2054 945/945 157/157
f 2054/2054 157/157 976/976
f 1059/1059 2054/2054 976/976
f 1059/1059 976/976 156/156
f 156/156 976/976 2055/2055
f 156/156 2055/2055 944/944
f 976/976 157/157 946/946
f 976/976 946/946 2055/2055
f 2055/2055 946/946 158/158
f 2055/2055 158/158 977/977
f 944/944 2055/2055 977/977
f 944/944 977/977 155/155
f 155/155 977/977 2056/2056
f 155/155 2056/2056 943/943
f 977/977 158/158 947/947
f 977/977 947/947 2056/2056
f 2056/2056 947/947 159/159
f 2056/2056 159/159 978/978
f 943/943 2056/2056 978/978
f 943/943 978/978 154/154
f 223/223 1065/1065 2057/2057
f 223/223 2057/2057 1058/1058
f 1065/1065 218/218 939/939
f 1065/1065 939/939 2057/2057
f 2057/2057 939/939 151/151
f 2057/2057 151/151 979/979
f 1058/1058 2057/2057 979/979
f 1058/1058 979/979 150/150
f 150/150 979/979 2058/2058
f 150/150 2058/2058 938/938
f 979/979 151/151 940/940
f 979/979 940/940 2058/2058
f 2058/2058 940/940 152/152
f 2058/2058 152/152 980/980
f 938/938 2058/2058 980/980
f 938/938 980/980 149/149
f 149/149 980/980 2059/2059
f 149/149 2059/2059 937/937
f 980/980 152/152 941/941
f 980/980 941/941 2059/2059
f 2059/2059 941/941 153/153
f 2059/2059 153/153 981/981
f 937/937 2059/2059 981/981
f 937/937 981/981 148/148
f 160/160 1274/1274 2060/2060
f 160/160 2060/2060 982/982
f 1274/1274 162/162 1057/1057
f 1274/1274 1057/1057 2060/2060
f 2060/2060 1057/1057 293/293
f 2060/2060 293/293 1136/1136
f 982/982 2060/2060 1136/1136
f 982/982 1136/1136 294/294
f 162/162 1278/1278 2061/2061
f 162/162 2061/2061 1057/1057
f 1278/1278 164/164 983/983
f 1278/1278 983/983 2061/2061
f 2061/2061 983/983 336/336
f 2061/2061 336/336 1135/1135
f 1057/1057 2061/2061 1135/1135
f 1057/1057 1135/1135 293/293
f 51/51 760/760 2062/2062
f 51/51 2062/2062 926/926
f 760/760 31/31 992/992
f 760/760 992/992 2062/2062
f 2062/2062 992/992 185/185
f 2062/2062 185/185 997/997
f 926/926 2062/2062 997/997
f 926/926 997/997 178/178
f 76/76 839/839 2063/2063
f 76/76 2063/2063 927/927
f 839/839 71/71 994/994
f 839/839 994/994 2063/2063
f 2063/2063 994/994 187/187
f 2063/2063 187/187 998/998
f 927/927 2063/2063 998/998
f 927/927 998/998 179/179
f 66/66 919/919 2064/2064
f 66/66 2064/2064 929/929
f 919/919 124/124 995/995
f 919/919 995/995 2064/2064
f 2064/2064 995/995 188/188
f 2064/2064 188/188 999/999
f 929/929 2064/2064 999/999
f 929/929 999/999 180/180
f 20/20 798/798 2065/2065
f 20/20 2065/2065 931/931
f 798/798 51/51 926/926
f 798/798 926/926 2065/2065
f 2065/2065 926/926 178/178
f 2065/2065 178/178 1000/1000
f 931/931 2065/2065 1000/1000
f 931/931 1000/1000 181/181
f 64/64 854/854 2066/2066
f 64/64 2066/2066 932/932
f 854/854 66/66 929/929
f 854/854 929/929 2066/2066
f 2066/2066 929/929 180/180
f 2066/2066 180/180 1001/1001
f 932/932 2066/2066 1001/1001
f 932/932 1001/1001 182/182
f 71/71 831/831 2067/2067
f 71/71 2067/2067 994/994
f 831/831 69/69 996/996
f 831/831 996/996 2067/2067
f 2067/2067 996/996 189/189
f 2067/2067 189/189 1002/1002
f 994/994 2067/2067 1002/1002
f 994/994 1002/1002 187/187
f 69/69 841/841 2068/2068
f 69/69 2068/2068 996/996
f 841/841 64/64 932/932
f 841/841 932/932 2068/2068
f 2068/2068 932/932 182/182
f 2068/2068 182/182 1003/1003
f 996/996 2068/2068 1003/1003
f 996/996 1003/1003 189/189
f 74/74 836/836 2069/2069
f 74/74 2069/2069 935/935
f 836/836 76/76 927/927
f 836/836 927/927 2069/2069
f 2069/2069 927/927 179/179
f 2069/2069 179/179 1004/1004
f 935/935 2069/2069 1004/1004
f 935/935 1004/1004 184/184
f 124/124 903/903 2070/2070
f 124/124 2070/2070 995/995
f 903/903 20/20 931/931
f 903/903 931/931 2070/2070
f 2070/2070 931/931 181/181
f 2070/2070 181/181 1005/1005
f 995/995 2070/2070 1005/1005
f 995/995 1005/1005 188/188
f 209/209 1043/1043 2071/2071
f 209/209 2071/2071 1007/1007
f 1043/1043 203/203 1233/1233
f 1043/1043 1233/1233 2071/2071
f 2071/2071 1233/1233 190/190
f 2071/2071 190/190 1028/1028
f 1007/1007 2071/2071 1028/1028
f 1007/1007 1028/1028 351/351
f 204/204 1020/1020 2072/2072
f 204/204 2072/2072 1042/1042
f 1020/1020 202/202 1006/1006
f 1020/1020 1006/1006 2072/2072
f 2072/2072 1006/1006 199/199
f 2072/2072 199/199 1022/1022
f 1042/1042 2072/2072 1022/1022
f 1042/1042 1022/1022 206/206
f 200/200 1011/1011 2073/2073
f 200/200 2073/2073 1024/1024
f 1011/1011 194/194 1012/1012
f 1011/1011 1012/1012 2073/2073
f 2073/2073 1012/1012 197/197
f 2073/2073 197/197 1008/1008
f 1024/1024 2073/2073 1008/1008
f 1024/1024 1008/1008 201/201
f 201/201 1008/1008 2074/2074
f 201/201 2074/2074 1023/1023
f 1008/1008 197/197 1015/1015
f 1008/1008 1015/1015 2074/2074
f 2074/2074 1015/1015 199/199
f 2074/2074 199/199 1006/1006
f 1023/1023 2074/2074 1006/1006
f 1023/1023 1006/1006 202/202
f 204/204 1041/1041 2075/2075
f 204/204 2075/2075 1020/1020
f 1041/1041 207/207 1025/1025
f 1041/1041 1025/1025 2075/2075
f 2075/2075 1025/1025 201/201
f 2075/2075 201/201 1023/1023
f 1020/1020 2075/2075 1023/1023
f 1020/1020 1023/1023 202/202
f 351/351 1028/1028 2076/2076
f 351/351 2076/2076 1030/1030
f 1028/1028 190/190 1016/1016
f 1028/1028 1016/1016 2076/2076
f 2076/2076 1016/1016 192/192
f 2076/2076 192/192 1026/1026
f 1030/1030 2076/2076 1026/1026
f 1030/1030 1026/1026 136/136
f 207/207 1040/1040 2077/2077
f 207/207 2077/2077 1025/1025
f 1040/1040 208/208 1029/1029
f 1040/1040 1029/1029 2077/2077
f 2077/2077 1029/1029 200/200
f 2077/2077 200/200 1024/1024
f 1025/1025 2077/2077 1024/1024
f 1025/1025 1024/1024 201/201
f 203/203 1044/1044 2078/2078
f 203/203 2078/2078 1234/1234
f 1044/1044 212/212 1051/1051
f 1044/1044 1051/1051 2078/2078
f 2078/2078 1051/1051 210/210
f 2078/2078 210/210 1046/1046
f 1234/1234 2078/2078 1046/1046
f 1234/1234 1046/1046 134/134
f 191/191 1038/1038 2079/2079
f 191/191 2079/2079 1017/1017
f 1038/1038 209/209 1039/1039
f 1038/1038 1039/1039 2079/2079
f 2079/2079 1039/1039 208/208
f 2079/2079 208/208 1037/1037
f 1017/1017 2079/2079 1037/1037
f 1017/1017 1037/1037 139/139
f 140/140 923/923 2080/2080
f 140/140 2080/2080 1036/1036
f 923/923 139/139 1037/1037
f 923/923 1037/1037 2080/2080
f 2080/2080 1037/1037 208/208
f 2080/2080 208/208 1040/1040
f 1036/1036 2080/2080 1040/1040
f 1036/1036 1040/1040 207/207
f 143/143 1033/1033 2081/2081
f 143/143 2081/2081 924/924
f 1033/1033 204/204 1042/1042
f 1033/1033 1042/1042 2081/2081
f 2081/2081 1042/1042 206/206
f 2081/2081 206/206 1035/1035
f 924/924 2081/2081 1035/1035
f 924/924 1035/1035 142/142
f 200/200 1216/1216 2082/2082
f 200/200 2082/2082 1011/1011
f 1216/1216 351/351 1030/1030
f 1216/1216 1030/1030 2082/2082
f 2082/2082 1030/1030 136/136
f 2082/2082 136/136 921/921
f 1011/1011 2082/2082 921/921
f 1011/1011 921/921 194/194
f 372/372 984/984 2083/2083
f 372/372 2083/2083 1048/1048
f 984/984 375/375 1031/1031
f 984/984 1031/1031 2083/2083
f 2083/2083 1031/1031 210/210
f 2083/2083 210/210 1051/1051
f 1048/1048 2083/2083 1051/1051
f 1048/1048 1051/1051 212/212
f 213/213 1045/1045 2084/2084
f 213/213 2084/2084 1050/1050
f 1045/1045 159/159 963/963
f 1045/1045 963/963 2084/2084
f 2084/2084 963/963 372/372
f 2084/2084 372/372 1048/1048
f 1050/1050 2084/2084 1048/1048
f 1050/1050 1048/1048 212/212
f 138/138 1049/1049 2085/2085
f 138/138 2085/2085 930/930
f 1049/1049 213/213 1050/1050
f 1049/1049 1050/1050 2085/2085
f 2085/2085 1050/1050 212/212
f 2085/2085 212/212 1044/1044
f 930/930 2085/2085 1044/1044
f 930/930 1044/1044 203/203
f 154/154 978/978 2086/2086
f 154/154 2086/2086 942/942
f 978/978 159/159 1045/1045
f 978/978 1045/1045 2086/2086
f 2086/2086 1045/1045 213/213
f 2086/2086 213/213 1049/1049
f 942/942 2086/2086 1049/1049
f 942/942 1049/1049 138/138
f 178/178 997/997 2087/2087
f 178/178 2087/2087 985/985
f 997/997 185/185 1052/1052
f 997/997 1052/1052 2087/2087
f 2087/2087 1052/1052 378/378
f 2087/2087 378/378 1064/1064
f 985/985 2087/2087 1064/1064
f 985/985 1064/1064 380/380
f 179/179 998/998 2088/2088
f 179/179 2088/2088 986/986
f 998/998 187/187 1054/1054
f 998/998 1054/1054 2088/2088
f 2088/2088 1054/1054 218/218
f 2088/2088 218/218 1065/1065
f 986/986 2088/2088 1065/1065
f 986/986 1065/1065 223/223
f 180/180 999/999 2089/2089
f 180/180 2089/2089 987/987
f 999/999 188/188 1055/1055
f 999/999 1055/1055 2089/2089
f 2089/2089 1055/1055 219/219
f 2089/2089 219/219 1066/1066
f 987/987 2089/2089 1066/1066
f 987/987 1066/1066 224/224
f 181/181 1000/1000 2090/2090
f 181/181 2090/2090 988/988
f 1000/1000 178/178 985/985
f 1000/1000 985/985 2090/2090
f 2090/2090 985/985 380/380
f 2090/2090 380/380 1067/1067
f 988/988 2090/2090 1067/1067
f 988/988 1067/1067 377/377
f 182/182 1001/1001 2091/2091
f 182/182 2091/2091 989/989
f 1001/1001 180/180 987/987
f 1001/1001 987/987 2091/2091
f 2091/2091 987/987 224/224
f 2091/2091 224/224 1068/1068
f 989/989 2091/2091 1068/1068
f 989/989 1068/1068 227/227
f 187/187 1002/1002 2092/2092
f 187/187 2092/2092 1054/1054
f 1002/1002 189/189 1056/1056
f 1002/1002 1056/1056 2092/2092
f 2092/2092 1056/1056 220/220
f 2092/2092 220/220 1069/1069
f 1054/1054 2092/2092 1069/1069
f 1054/1054 1069/1069 218/218
f 189/189 1003/1003 2093/2093
f 189/189 2093/2093 1056/1056
f 1003/1003 182/182 989/989
f 1003/1003 989/989 2093/2093
f 2093/2093 989/989 227/227
f 2093/2093 227/227 1070/1070
f 1056/1056 2093/2093 1070/1070
f 1056/1056 1070/1070 220/220
f 184/184 1004/1004 2094/2094
f 184/184 2094/2094 991/991
f 1004/1004 179/179 986/986
f 1004/1004 986/986 2094/2094
f 2094/2094 986/986 223/223
f 2094/2094 223/223 1071/1071
f 991/991 2094/2094 1071/1071
f 991/991 1071/1071 229/229
f 188/188 1005/1005 2095/2095
f 188/188 2095/2095 1055/1055
f 1005/1005 181/181 988/988
f 1005/1005 988/988 2095/2095
f 2095/2095 988/988 377/377
f 2095/2095 377/377 1072/1072
f 1055/1055 2095/2095 1072/1072
f 1055/1055 1072/1072 219/219
f 9/9 723/723 2096/2096
f 9/9 2096/2096 749/749
f 723/723 4/4 741/741
f 723/723 741/741 2096/2096
f 2096/2096 741/741 96/96
f 2096/2096 96/96 731/731
f 749/749 2096/2096 731/731
f 749/749 731/731 88/88
f 266/266 1134/1134 2097/2097
f 266/266 2097/2097 1187/1187
f 1134/1134 344/344 1188/1188
f 1134/1134 1188/1188 2097/2097
f 2097/2097 1188/1188 245/245
f 2097/2097 245/245 1085/1085
f 1187/1187 2097/2097 1085/1085
f 1187/1187 1085/1085 247/247
f 278/278 1129/1129 2098/2098
f 278/278 2098/2098 1189/1189
f 1129/1129 266/266 1187/1187
f 1129/1129 1187/1187 2098/2098
f 2098/2098 1187/1187 247/247
f 2098/2098 247/247 1093/1093
f 1189/1189 2098/2098 1093/1093
f 1189/1189 1093/1093 257/257
f 286/286 1124/1124 2099/2099
f 286/286 2099/2099 1190/1190
f 1124/1124 278/278 1189/1189
f 1124/1124 1189/1189 2099/2099
f 2099/2099 1189/1189 257/257
f 2099/2099 257/257 1087/1087
f 1190/1190 2099/2099 1087/1087
f 1190/1190 1087/1087 249/249
f 291/291 1119/1119 2100/2100
f 291/291 2100/2100 1191/1191
f 1119/1119 286/286 1190/1190
f 1119/1119 1190/1190 2100/2100
f 2100/2100 1190/1190 249/249
f 2100/2100 249/249 1089/1089
f 1191/1191 2100/2100 1089/1089
f 1191/1191 1089/1089 251/251
f 335/335 1186/1186 2101/2101
f 335/335 2101/2101 1111/1111
f 1186/1186 334/334 1107/1107
f 1186/1186 1107/1107 2101/2101
f 2101/2101 1107/1107 403/403
f 2101/2101 403/403 1116/1116
f 1111/1111 2101/2101 1116/1116
f 1111/1111 1116/1116 288/288
f 288/288 1116/1116 2102/2102
f 288/288 2102/2102 1112/1112
f 1116/1116 403/403 1108/1108
f 1116/1116 1108/1108 2102/2102
f 2102/2102 1108/1108 404/404
f 2102/2102 404/404 1117/1117
f 1112/1112 2102/2102 1117/1117
f 1112/1112 1117/1117 289/289
f 357/357 1248/1248 2103/2103
f 357/357 2103/2103 1113/1113
f 1248/1248 405/405 1109/1109
f 1248/1248 1109/1109 2103/2103
f 2103/2103 1109/1109 406/406
f 2103/2103 406/406 1118/1118
f 1113/1113 2103/2103 1118/1118
f 1113/1113 1118/1118 290/290
f 307/307 1158/1158 2104/2104
f 307/307 2104/2104 1114/1114
f 1158/1158 409/409 1110/1110
f 1158/1158 1110/1110 2104/2104
f 2104/2104 1110/1110 286/286
f 2104/2104 286/286 1119/1119
f 1114/1114 2104/2104 1119/1119
f 1114/1114 1119/1119 291/291
f 370/370 1272/1272 2105/2105
f 370/370 2105/2105 1196/1196
f 1272/1272 369/369 1195/1195
f 1272/1272 1195/1195 2105/2105
f 2105/2105 1195/1195 279/279
f 2105/2105 279/279 1115/1115
f 1196/1196 2105/2105 1115/1115
f 1196/1196 1115/1115 287/287
f 334/334 1185/1185 2106/2106
f 334/334 2106/2106 1107/1107
f 1185/1185 333/333 1103/1103
f 1185/1185 1103/1103 2106/2106
f 2106/2106 1103/1103 407/407
f 2106/2106 407/407 1121/1121
f 1107/1107 2106/2106 1121/1121
f 1107/1107 1121/1121 403/403
f 305/305 1346/1346 2107/2107
f 305/305 2107/2107 1128/1128
f 1346/1346 284/284 1104/1104
f 1346/1346 1104/1104 2107/2107
f 2107/2107 1104/1104 416/416
f 2107/2107 416/416 1385/1385
f 1128/1128 2107/2107 1385/1385
f 1128/1128 1385/1385 425/425
f 261/261 1333/1333 2108/2108
f 261/261 2108/2108 1247/1247
f 1333/1333 262/262 1391/1391
f 1333/1333 1391/1391 2108/2108
f 2108/2108 1391/1391 417/417
f 2108/2108 417/417 1378/1378
f 1247/1247 2108/2108 1378/1378
f 1247/1247 1378/1378 422/422
f 409/409 1157/1157 2109/2109
f 409/409 2109/2109 1110/1110
f 1157/1157 410/410 1106/1106
f 1157/1157 1106/1106 2109/2109
f 2109/2109 1106/1106 278/278
f 2109/2109 278/278 1124/1124
f 1110/1110 2109/2109 1124/1124
f 1110/1110 1124/1124 286/286
f 369/369 1271/1271 2110/2110
f 369/369 2110/2110 1195/1195
f 1271/1271 368/368 1194/1194
f 1271/1271 1194/1194 2110/2110
f 2110/2110 1194/1194 275/275
f 2110/2110 275/275 1120/1120
f 1195/1195 2110/2110 1120/1120
f 1195/1195 1120/1120 279/279
f 333/333 1184/1184 2111/2111
f 333/333 2111/2111 1103/1103
f 1184/1184 330/330 1095/1095
f 1184/1184 1095/1095 2111/2111
f 2111/2111 1095/1095 399/399
f 2111/2111 399/399 1126/1126
f 1103/1103 2111/2111 1126/1126
f 1103/1103 1126/1126 407/407
f 262/262 1352/1352 2112/2112
f 262/262 2112/2112 1391/1391
f 1352/1352 352/352 1390/1390
f 1352/1352 1390/1390 2112/2112
f 2112/2112 1390/1390 420/420
f 2112/2112 420/420 1388/1388
f 1391/1391 2112/2112 1388/1388
f 1391/1391 1388/1388 417/417
f 284/284 1338/1338 2113/2113
f 284/284 2113/2113 1104/1104
f 1338/1338 355/355 1105/1105
f 1338/1338 1105/1105 2113/2113
f 2113/2113 1105/1105 421/421
f 2113/2113 421/421 1381/1381
f 1104/1104 2113/2113 1381/1381
f 1104/1104 1381/1381 416/416
f 410/410 1156/1156 2114/2114
f 410/410 2114/2114 1106/1106
f 1156/1156 408/408 1098/1098
f 1156/1156 1098/1098 2114/2114
f 2114/2114 1098/1098 266/266
f 2114/2114 266/266 1129/1129
f 1106/1106 2114/2114 1129/1129
f 1106/1106 1129/1129 278/278
f 368/368 1270/1270 2115/2115
f 368/368 2115/2115 1194/1194
f 1270/1270 366/366 1192/1192
f 1270/1270 1192/1192 2115/2115
f 2115/2115 1192/1192 259/259
f 2115/2115 259/259 1125/1125
f 1194/1194 2115/2115 1125/1125
f 1194/1194 1125/1125 275/275
f 330/330 1183/1183 2116/2116
f 330/330 2116/2116 1095/1095
f 1183/1183 339/339 1099/1099
f 1183/1183 1099/1099 2116/2116
f 2116/2116 1099/1099 340/340
f 2116/2116 340/340 1131/1131
f 1095/1095 2116/2116 1131/1131
f 1095/1095 1131/1131 399/399
f 399/399 1131/1131 2117/2117
f 399/399 2117/2117 1096/1096
f 1131/1131 340/340 1100/1100
f 1131/1131 1100/1100 2117/2117
f 2117/2117 1100/1100 341/341
f 2117/2117 341/341 1132/1132
f 1096/1096 2117/2117 1132/1132
f 1096/1096 1132/1132 400/400
f 401/401 1245/1245 2118/2118
f 401/401 2118/2118 1097/1097
f 1245/1245 354/354 1101/1101
f 1245/1245 1101/1101 2118/2118
f 2118/2118 1101/1101 342/342
f 2118/2118 342/342 1133/1133
f 1097/1097 2118/2118 1133/1133
f 1097/1097 1133/1133 402/402
f 408/408 1155/1155 2119/2119
f 408/408 2119/2119 1098/1098
f 1155/1155 343/343 1102/1102
f 1155/1155 1102/1102 2119/2119
f 2119/2119 1102/1102 344/344
f 2119/2119 344/344 1134/1134
f 1098/1098 2119/2119 1134/1134
f 1098/1098 1134/1134 266/266
f 357/357 1244/1244 2120/2120
f 357/357 2120/2120 1239/1239
f 1244/1244 358/358 1240/1240
f 1244/1244 1240/1240 2120/2120
f 2120/2120 1240/1240 294/294
f 2120/2120 294/294 1141/1141
f 1239/1239 2120/2120 1141/1141
f 1239/1239 1141/1141 289/289
f 335/335 1182/1182 2121/2121
f 335/335 2121/2121 1179/1179
f 1182/1182 336/336 1180/1180
f 1182/1182 1180/1180 2121/2121
f 2121/2121 1180/1180 292/292
f 2121/2121 292/292 1143/1143
f 1179/1179 2121/2121 1143/1143
f 1179/1179 1143/1143 287/287
f 307/307 1154/1154 2122/2122
f 307/307 2122/2122 1152/1152
f 1154/1154 308/308 1153/1153
f 1154/1154 1153/1153 2122/2122
f 2122/2122 1153/1153 295/295
f 2122/2122 295/295 1140/1140
f 1152/1152 2122/2122 1140/1140
f 1152/1152 1140/1140 290/290
f 289/289 1141/1141 2123/2123
f 289/289 2123/2123 1112/1112
f 1141/1141 294/294 1136/1136
f 1141/1141 1136/1136 2123/2123
f 2123/2123 1136/1136 293/293
f 2123/2123 293/293 1142/1142
f 1112/1112 2123/2123 1142/1142
f 1112/1112 1142/1142 288/288
f 366/366 1269/1269 2124/2124
f 366/366 2124/2124 1192/1192
f 1269/1269 367/367 1193/1193
f 1269/1269 1193/1193 2124/2124
f 2124/2124 1193/1193 345/345
f 2124/2124 345/345 1130/1130
f 1192/1192 2124/2124 1130/1130
f 1192/1192 1130/1130 259/259
f 338/338 1273/1273 2125/2125
f 338/338 2125/2125 1145/1145
f 1273/1273 370/370 1196/1196
f 1273/1273 1196/1196 2125/2125
f 2125/2125 1196/1196 287/287
f 2125/2125 287/287 1143/1143
f 1145/1145 2125/2125 1143/1143
f 1145/1145 1143/1143 292/292
f 251/251 1091/1091 2126/2126
f 251/251 2126/2126 1191/1191
f 1091/1091 253/253 1198/1198
f 1091/1091 1198/1198 2126/2126
f 2126/2126 1198/1198 296/296
f 2126/2126 296/296 1144/1144
f 1191/1191 2126/2126 1144/1144
f 1191/1191 1144/1144 291/291
f 337/337 1211/1211 2127/2127
f 337/337 2127/2127 1181/1181
f 1211/1211 381/381 1313/1313
f 1211/1211 1313/1313 2127/2127
f 2127/2127 1313/1313 267/267
f 2127/2127 267/267 1261/1261
f 1181/1181 2127/2127 1261/1261
f 1181/1181 1261/1261 365/365
f 298/298 1202/1202 2128/2128
f 298/298 2128/2128 1147/1147
f 1202/1202 386/386 1312/1312
f 1202/1202 1312/1312 2128/2128
f 2128/2128 1312/1312 385/385
f 2128/2128 385/385 1201/1201
f 1147/1147 2128/2128 1201/1201
f 1147/1147 1201/1201 244/244
f 291/291 1144/1144 2129/2129
f 291/291 2129/2129 1114/1114
f 1144/1144 296/296 1138/1138
f 1144/1144 1138/1138 2129/2129
f 2129/2129 1138/1138 308/308
f 2129/2129 308/308 1154/1154
f 1114/1114 2129/2129 1154/1154
f 1114/1114 1154/1154 307/307
f 402/402 1133/1133 2130/2130
f 402/402 2130/2130 1148/1148
f 1133/1133 342/342 1149/1149
f 1133/1133 1149/1149 2130/2130
f 2130/2130 1149/1149 343/343
f 2130/2130 343/343 1155/1155
f 1148/1148 2130/2130 1155/1155
f 1148/1148 1155/1155 408/408
f 264/264 1344/1344 2131/2131
f 264/264 2131/2131 1122/1122
f 1344/1344 299/299 1123/1123
f 1344/1344 1123/1123 2131/2131
f 2131/2131 1123/1123 424/424
f 2131/2131 424/424 1384/1384
f 1122/1122 2131/2131 1384/1384
f 1122/1122 1384/1384 418/418
f 304/304 1351/1351 2132/2132
f 304/304 2132/2132 1127/1127
f 1351/1351 305/305 1128/1128
f 1351/1351 1128/1128 2132/2132
f 2132/2132 1128/1128 425/425
f 2132/2132 425/425 1387/1387
f 1127/1127 2132/2132 1387/1387
f 1127/1127 1387/1387 419/419
f 290/290 1118/1118 2133/2133
f 290/290 2133/2133 1152/1152
f 1118/1118 406/406 1151/1151
f 1118/1118 1151/1151 2133/2133
f 2133/2133 1151/1151 409/409
f 2133/2133 409/409 1158/1158
f 1152/1152 2133/2133 1158/1158
f 1152/1152 1158/1158 307/307
f 391/391 1314/1314 2134/2134
f 391/391 2134/2134 1084/1084
f 1314/1314 274/274 1311/1311
f 1314/1314 1311/1311 2134/2134
f 2134/2134 1311/1311 386/386
f 2134/2134 386/386 1202/1202
f 1084/1084 2134/2134 1202/1202
f 1084/1084 1202/1202 298/298
f 310/310 1256/1256 2135/2135
f 310/310 2135/2135 1203/1203
f 1256/1256 360/360 1254/1254
f 1256/1256 1254/1254 2135/2135
f 2135/2135 1254/1254 295/295
f 2135/2135 295/295 1153/1153
f 1203/1203 2135/2135 1153/1153
f 1203/1203 1153/1153 308/308
f 324/324 1168/1168 2136/2136
f 324/324 2136/2136 1210/1210
f 1168/1168 319/319 1208/1208
f 1168/1168 1208/1208 2136/2136
f 2136/2136 1208/1208 323/323
f 2136/2136 323/323 1162/1162
f 1210/1210 2136/2136 1162/1162
f 1210/1210 1162/1162 326/326
f 329/329 1165/1165 2137/2137
f 329/329 2137/2137 1174/1174
f 1165/1165 318/318 1159/1159
f 1165/1165 1159/1159 2137/2137
f 2137/2137 1159/1159 319/319
f 2137/2137 319/319 1168/1168
f 1174/1174 2137/2137 1168/1168
f 1174/1174 1168/1168 324/324
f 327/327 1171/1171 2138/2138
f 327/327 2138/2138 1209/1209
f 1171/1171 314/314 1205/1205
f 1171/1171 1205/1205 2138/2138
f 2138/2138 1205/1205 318/318
f 2138/2138 318/318 1165/1165
f 1209/1209 2138/2138 1165/1165
f 1209/1209 1165/1165 329/329
f 297/297 1173/1173 2139/2139
f 297/297 2139/2139 1139/1139
f 1173/1173 329/329 1174/1174
f 1173/1173 1174/1174 2139/2139
f 2139/2139 1174/1174 324/324
f 2139/2139 324/324 1160/1160
f 1139/1139 2139/2139 1160/1160
f 1139/1139 1160/1160 309/309
f 322/322 1207/1207 2140/2140
f 322/322 2140/2140 1166/1166
f 1207/1207 319/319 1159/1159
f 1207/1207 1159/1159 2140/2140
f 2140/2140 1159/1159 318/318
f 2140/2140 318/318 1206/1206
f 1166/1166 2140/2140 1206/1206
f 1166/1166 1206/1206 315/315
f 255/255 1163/1163 2141/2141
f 255/255 2141/2141 1199/1199
f 1163/1163 327/327 1209/1209
f 1163/1163 1209/1209 2141/2141
f 2141/2141 1209/1209 329/329
f 2141/2141 329/329 1173/1173
f 1199/1199 2141/2141 1173/1173
f 1199/1199 1173/1173 297/297
f 309/309 1160/1160 2142/2142
f 309/309 2142/2142 1204/1204
f 1160/1160 324/324 1210/1210
f 1160/1160 1210/1210 2142/2142
f 2142/2142 1210/1210 326/326
f 2142/2142 326/326 1170/1170
f 1204/1204 2142/2142 1170/1170
f 1204/1204 1170/1170 313/313
f 288/288 1142/1142 2143/2143
f 288/288 2143/2143 1111/1111
f 1142/1142 293/293 1135/1135
f 1142/1142 1135/1135 2143/2143
f 2143/2143 1135/1135 336/336
f 2143/2143 336/336 1182/1182
f 1111/1111 2143/2143 1182/1182
f 1111/1111 1182/1182 335/335
f 259/259 1130/1130 2144/2144
f 259/259 2144/2144 1175/1175
f 1130/1130 345/345 1176/1176
f 1130/1130 1176/1176 2144/2144
f 2144/2144 1176/1176 339/339
f 2144/2144 339/339 1183/1183
f 1175/1175 2144/2144 1183/1183
f 1175/1175 1183/1183 330/330
f 275/275 1125/1125 2145/2145
f 275/275 2145/2145 1177/1177
f 1125/1125 259/259 1175/1175
f 1125/1125 1175/1175 2145/2145
f 2145/2145 1175/1175 330/330
f 2145/2145 330/330 1184/1184
f 1177/1177 2145/2145 1184/1184
f 1177/1177 1184/1184 333/333
f 279/279 1120/1120 2146/2146
f 279/279 2146/2146 1178/1178
f 1120/1120 275/275 1177/1177
f 1120/1120 1177/1177 2146/2146
f 2146/2146 1177/1177 333/333
f 2146/2146 333/333 1185/1185
f 1178/1178 2146/2146 1185/1185
f 1178/1178 1185/1185 334/334
f 287/287 1115/1115 2147/2147
f 287/287 2147/2147 1179/1179
f 1115/1115 279/279 1178/1178
f 1115/1115 1178/1178 2147/2147
f 2147/2147 1178/1178 334/334
f 2147/2147 334/334 1186/1186
f 1179/1179 2147/2147 1186/1186
f 1179/1179 1186/1186 335/335
f 221/221 1284/1284 2148/2148
f 221/221 2148/2148 1214/1214
f 1284/1284 214/214 1212/1212
f 1284/1284 1212/1212 2148/2148
f 2148/2148 1212/1212 230/230
f 2148/2148 230/230 1197/1197
f 1214/1214 2148/2148 1197/1197
f 1214/1214 1197/1197 338/338
f 225/225 1282/1282 2149/2149
f 225/225 2149/2149 1215/1215
f 1282/1282 221/221 1214/1214
f 1282/1282 1214/1214 2149/2149
f 2149/2149 1214/1214 338/338
f 2149/2149 338/338 1145/1145
f 1215/1215 2149/2149 1145/1145
f 1215/1215 1145/1145 292/292
f 336/336 983/983 2150/2150
f 336/336 2150/2150 1180/1180
f 983/983 164/164 1280/1280
f 983/983 1280/1280 2150/2150
f 2150/2150 1280/1280 225/225
f 2150/2150 225/225 1215/1215
f 1180/1180 2150/2150 1215/1215
f 1180/1180 1215/1215 292/292
f 208/208 1039/1039 2151/2151
f 208/208 2151/2151 1029/1029
f 1039/1039 209/209 1007/1007
f 1039/1039 1007/1007 2151/2151
f 2151/2151 1007/1007 351/351
f 2151/2151 351/351 1216/1216
f 1029/1029 2151/2151 1216/1216
f 1029/1029 1216/1216 200/200
f 243/243 1200/1200 2152/2152
f 243/243 2152/2152 1146/1146
f 1200/1200 382/382 1308/1308
f 1200/1200 1308/1308 2152/2152
f 2152/2152 1308/1308 381/381
f 2152/2152 381/381 1211/1211
f 1146/1146 2152/2152 1211/1211
f 1146/1146 1211/1211 337/337
f 331/331 1217/1217 2153/2153
f 331/331 2153/2153 1295/1295
f 1217/1217 268/268 1296/1296
f 1217/1217 1296/1296 2153/2153
f 2153/2153 1296/1296 340/340
f 2153/2153 340/340 1099/1099
f 1295/1295 2153/2153 1099/1099
f 1295/1295 1099/1099 339/339
f 268/268 1219/1219 2154/2154
f 268/268 2154/2154 1296/1296
f 1219/1219 270/270 1297/1297
f 1219/1219 1297/1297 2154/2154
f 2154/2154 1297/1297 341/341
f 2154/2154 341/341 1100/1100
f 1296/1296 2154/2154 1100/1100
f 1296/1296 1100/1100 340/340
f 383/383 1221/1221 2155/2155
f 383/383 2155/2155 1306/1306
f 1221/1221 272/272 1298/1298
f 1221/1221 1298/1298 2155/2155
f 2155/2155 1298/1298 342/342
f 2155/2155 342/342 1101/1101
f 1306/1306 2155/2155 1101/1101
f 1306/1306 1101/1101 354/354
f 301/301 1223/1223 2156/2156
f 301/301 2156/2156 1299/1299
f 1223/1223 387/387 1300/1300
f 1223/1223 1300/1300 2156/2156
f 2156/2156 1300/1300 344/344
f 2156/2156 344/344 1102/1102
f 1299/1299 2156/2156 1102/1102
f 1299/1299 1102/1102 343/343
f 272/272 1225/1225 2157/2157
f 272/272 2157/2157 1298/1298
f 1225/1225 301/301 1299/1299
f 1225/1225 1299/1299 2157/2157
f 2157/2157 1299/1299 343/343
f 2157/2157 343/343 1149/1149
f 1298/1298 2157/2157 1149/1149
f 1298/1298 1149/1149 342/342
f 389/389 1227/1227 2158/2158
f 389/389 2158/2158 1301/1301
f 1227/1227 331/331 1295/1295
f 1227/1227 1295/1295 2158/2158
f 2158/2158 1295/1295 339/339
f 2158/2158 339/339 1176/1176
f 1301/1301 2158/2158 1176/1176
f 1301/1301 1176/1176 345/345
f 387/387 1229/1229 2159/2159
f 387/387 2159/2159 1300/1300
f 1229/1229 346/346 1302/1302
f 1229/1229 1302/1302 2159/2159
f 2159/2159 1302/1302 245/245
f 2159/2159 245/245 1188/1188
f 1300/1300 2159/2159 1188/1188
f 1300/1300 1188/1188 344/344
f 190/190 1233/1233 2160/2160
f 190/190 2160/2160 1016/1016
f 1233/1233 203/203 1234/1234
f 1233/1233 1234/1234 2160/2160
f 2160/2160 1234/1234 134/134
f 2160/2160 134/134 1009/1009
f 1016/1016 2160/2160 1009/1009
f 1016/1016 1009/1009 192/192
f 392/392 1231/1231 2161/2161
f 392/392 2161/2161 1307/1307
f 1231/1231 389/389 1301/1301
f 1231/1231 1301/1301 2161/2161
f 2161/2161 1301/1301 345/345
f 2161/2161 345/345 1193/1193
f 1307/1307 2161/2161 1193/1193
f 1307/1307 1193/1193 367/367
f 244/244 1201/1201 2162/2162
f 244/244 2162/2162 1083/1083
f 1201/1201 385/385 1310/1310
f 1201/1201 1310/1310 2162/2162
f 2162/2162 1310/1310 396/396
f 2162/2162 396/396 1243/1243
f 1083/1083 2162/2162 1243/1243
f 1083/1083 1243/1243 397/397
f 290/290 1140/1140 2163/2163
f 290/290 2163/2163 1113/1113
f 1140/1140 295/295 1137/1137
f 1140/1140 1137/1137 2163/2163
f 2163/2163 1137/1137 358/358
f 2163/2163 358/358 1244/1244
f 1113/1113 2163/2163 1244/1244
f 1113/1113 1244/1244 357/357
f 400/400 1132/1132 2164/2164
f 400/400 2164/2164 1235/1235
f 1132/1132 341/341 1236/1236
f 1132/1132 1236/1236 2164/2164
f 2164/2164 1236/1236 354/354
f 2164/2164 354/354 1245/1245
f 1235/1235 2164/2164 1245/1245
f 1235/1235 1245/1245 401/401
f 282/282 1336/1336 2165/2165
f 282/282 2165/2165 1150/1150
f 1336/1336 280/280 1237/1237
f 1336/1336 1237/1237 2165/2165
f 2165/2165 1237/1237 423/423
f 2165/2165 423/423 1380/1380
f 1150/1150 2165/2165 1380/1380
f 1150/1150 1380/1380 415/415
f 276/276 1342/1342 2166/2166
f 276/276 2166/2166 1246/1246
f 1342/1342 261/261 1247/1247
f 1342/1342 1247/1247 2166/2166
f 2166/2166 1247/1247 422/422
f 2166/2166 422/422 1383/1383
f 1246/1246 2166/2166 1383/1383
f 1246/1246 1383/1383 411/411
f 289/289 1117/1117 2167/2167
f 289/289 2167/2167 1239/1239
f 1117/1117 404/404 1238/1238
f 1117/1117 1238/1238 2167/2167
f 2167/2167 1238/1238 405/405
f 2167/2167 405/405 1248/1248
f 1239/1239 2167/2167 1248/1248
f 1239/1239 1248/1248 357/357
f 295/295 1254/1254 2168/2168
f 295/295 2168/2168 1137/1137
f 1254/1254 360/360 1250/1250
f 1254/1254 1250/1250 2168/2168
f 2168/2168 1250/1250 362/362
f 2168/2168 362/362 1253/1253
f 1137/1137 2168/2168 1253/1253
f 1137/1137 1253/1253 358/358
f 358/358 1253/1253 2169/2169
f 358/358 2169/2169 1240/1240
f 1253/1253 362/362 1252/1252
f 1253/1253 1252/1252 2169/2169
f 2169/2169 1252/1252 364/364
f 2169/2169 364/364 1255/1255
f 1240/1240 2169/2169 1255/1255
f 1240/1240 1255/1255 294/294
f 294/294 1255/1255 2170/2170
f 294/294 2170/2170 982/982
f 1255/1255 364/364 1259/1259
f 1255/1255 1259/1259 2170/2170
f 2170/2170 1259/1259 145/145
f 2170/2170 145/145 1276/1276
f 982/982 2170/2170 1276/1276
f 982/982 1276/1276 160/160
f 270/270 1241/1241 2171/2171
f 270/270 2171/2171 1297/1297
f 1241/1241 383/383 1306/1306
f 1241/1241 1306/1306 2171/2171
f 2171/2171 1306/1306 354/354
f 2171/2171 354/354 1236/1236
f 1297/1297 2171/2171 1236/1236
f 1297/1297 1236/1236 341/341
f 365/365 1261/1261 2172/2172
f 365/365 2172/2172 1260/1260
f 1261/1261 267/267 1315/1315
f 1261/1261 1315/1315 2172/2172
f 2172/2172 1315/1315 371/371
f 2172/2172 371/371 1317/1317
f 1260/1260 2172/2172 1317/1317
f 1260/1260 1317/1317 394/394
f 238/238 1081/1081 2173/2173
f 238/238 2173/2173 1262/1262
f 1081/1081 349/349 1263/1263
f 1081/1081 1263/1263 2173/2173
f 2173/2173 1263/1263 367/367
f 2173/2173 367/367 1269/1269
f 1262/1262 2173/2173 1269/1269
f 1262/1262 1269/1269 366/366
f 236/236 1079/1079 2174/2174
f 236/236 2174/2174 1264/1264
f 1079/1079 238/238 1262/1262
f 1079/1079 1262/1262 2174/2174
f 2174/2174 1262/1262 366/366
f 2174/2174 366/366 1270/1270
f 1264/1264 2174/2174 1270/1270
f 1264/1264 1270/1270 368/368
f 234/234 1077/1077 2175/2175
f 234/234 2175/2175 1265/1265
f 1077/1077 236/236 1264/1264
f 1077/1077 1264/1264 2175/2175
f 2175/2175 1264/1264 368/368
f 2175/2175 368/368 1271/1271
f 1265/1265 2175/2175 1271/1271
f 1265/1265 1271/1271 369/369
f 232/232 1075/1075 2176/2176
f 232/232 2176/2176 1266/1266
f 1075/1075 234/234 1265/1265
f 1075/1075 1265/1265 2176/2176
f 2176/2176 1265/1265 369/369
f 2176/2176 369/369 1272/1272
f 1266/1266 2176/2176 1272/1272
f 1266/1266 1272/1272 370/370
f 230/230 1073/1073 2177/2177
f 230/230 2177/2177 1197/1197
f 1073/1073 232/232 1266/1266
f 1073/1073 1266/1266 2177/2177
f 2177/2177 1266/1266 370/370
f 2177/2177 370/370 1273/1273
f 1197/1197 2177/2177 1273/1273
f 1197/1197 1273/1273 338/338
f 216/216 1285/1285 2178/2178
f 216/216 2178/2178 1286/1286
f 1285/1285 222/222 1288/1288
f 1285/1285 1288/1288 2178/2178
f 2178/2178 1288/1288 380/380
f 2178/2178 380/380 1064/1064
f 1286/1286 2178/2178 1064/1064
f 1286/1286 1064/1064 378/378
f 222/222 1283/1283 2179/2179
f 222/222 2179/2179 1288/1288
f 1283/1283 226/226 1289/1289
f 1283/1283 1289/1289 2179/2179
f 2179/2179 1289/1289 377/377
f 2179/2179 377/377 1067/1067
f 1288/1288 2179/2179 1067/1067
f 1288/1288 1067/1067 380/380
f 226/226 1281/1281 2180/2180
f 226/226 2180/2180 1289/1289
f 1281/1281 165/165 1290/1290
f 1281/1281 1290/1290 2180/2180
f 2180/2180 1290/1290 374/374
f 2180/2180 374/374 1060/1060
f 1289/1289 2180/2180 1060/1060
f 1289/1289 1060/1060 377/377
f 165/165 1279/1279 2181/2181
f 165/165 2181/2181 1290/1290
f 1279/1279 163/163 1291/1291
f 1279/1279 1291/1291 2181/2181
f 2181/2181 1291/1291 373/373
f 2181/2181 373/373 949/949
f 1290/1290 2181/2181 949/949
f 1290/1290 949/949 374/374
f 163/163 1275/1275 2182/2182
f 163/163 2182/2182 1291/1291
f 1275/1275 161/161 1292/1292
f 1275/1275 1292/1292 2182/2182
f 2182/2182 1292/1292 372/372
f 2182/2182 372/372 948/948
f 1291/1291 2182/2182 948/948
f 1291/1291 948/948 373/373
f 161/161 1277/1277 2183/2183
f 161/161 2183/2183 1292/1292
f 1277/1277 146/146 1293/1293
f 1277/1277 1293/1293 2183/2183
f 2183/2183 1293/1293 375/375
f 2183/2183 375/375 984/984
f 1292/1292 2183/2183 984/984
f 1292/1292 984/984 372/372
f 240/240 1267/1267 2184/2184
f 240/240 2184/2184 1304/1304
f 1267/1267 392/392 1307/1307
f 1267/1267 1307/1307 2184/2184
f 2184/2184 1307/1307 367/367
f 2184/2184 367/367 1263/1263
f 1304/1304 2184/2184 1263/1263
f 1304/1304 1263/1263 349/349
f 381/381 1308/1308 2185/2185
f 381/381 2185/2185 1318/1318
f 1308/1308 382/382 1319/1319
f 1308/1308 1319/1319 2185/2185
f 2185/2185 1319/1319 269/269
f 2185/2185 269/269 1218/1218
f 1318/1318 2185/2185 1218/1218
f 1318/1318 1218/1218 332/332
f 382/382 1309/1309 2186/2186
f 382/382 2186/2186 1319/1319
f 1309/1309 395/395 1320/1320
f 1309/1309 1320/1320 2186/2186
f 2186/2186 1320/1320 271/271
f 2186/2186 271/271 1220/1220
f 1319/1319 2186/2186 1220/1220
f 1319/1319 1220/1220 269/269
f 396/396 1310/1310 2187/2187
f 396/396 2187/2187 1321/1321
f 1310/1310 385/385 1322/1322
f 1310/1310 1322/1322 2187/2187
f 2187/2187 1322/1322 273/273
f 2187/2187 273/273 1222/1222
f 1321/1321 2187/2187 1222/1222
f 1321/1321 1222/1222 384/384
f 386/386 1311/1311 2188/2188
f 386/386 2188/2188 1323/1323
f 1311/1311 274/274 1324/1324
f 1311/1311 1324/1324 2188/2188
f 2188/2188 1324/1324 388/388
f 2188/2188 388/388 1224/1224
f 1323/1323 2188/2188 1224/1224
f 1323/1323 1224/1224 302/302
f 385/385 1312/1312 2189/2189
f 385/385 2189/2189 1322/1322
f 1312/1312 386/386 1323/1323
f 1312/1312 1323/1323 2189/2189
f 2189/2189 1323/1323 302/302
f 2189/2189 302/302 1226/1226
f 1322/1322 2189/2189 1226/1226
f 1322/1322 1226/1226 273/273
f 267/267 1313/1313 2190/2190
f 267/267 2190/2190 1325/1325
f 1313/1313 381/381 1318/1318
f 1313/1313 1318/1318 2190/2190
f 2190/2190 1318/1318 332/332
f 2190/2190 332/332 1228/1228
f 1325/1325 2190/2190 1228/1228
f 1325/1325 1228/1228 390/390
f 274/274 1314/1314 2191/2191
f 274/274 2191/2191 1324/1324
f 1314/1314 391/391 1326/1326
f 1314/1314 1326/1326 2191/2191
f 2191/2191 1326/1326 347/347
f 2191/2191 347/347 1230/1230
f 1324/1324 2191/2191 1230/1230
f 1324/1324 1230/1230 388/388
f 371/371 1315/1315 2192/2192
f 371/371 2192/2192 1327/1327
f 1315/1315 267/267 1325/1325
f 1315/1315 1325/1325 2192/2192
f 2192/2192 1325/1325 390/390
f 2192/2192 390/390 1232/1232
f 1327/1327 2192/2192 1232/1232
f 1327/1327 1232/1232 393/393
f 395/395 1316/1316 2193/2193
f 395/395 2193/2193 1320/1320
f 1316/1316 396/396 1321/1321
f 1316/1316 1321/1321 2193/2193
f 2193/2193 1321/1321 384/384
f 2193/2193 384/384 1242/1242
f 1320/1320 2193/2193 1242/1242
f 1320/1320 1242/1242 271/271
f 394/394 1317/1317 2194/2194
f 394/394 2194/2194 1328/1328
f 1317/1317 371/371 1327/1327
f 1317/1317 1327/1327 2194/2194
f 2194/2194 1327/1327 393/393
f 2194/2194 393/393 1268/1268
f 1328/1328 2194/2194 1268/1268
f 1328/1328 1268/1268 241/241
f 243/243 1330/1330 2195/2195
f 243/243 2195/2195 1200/1200
f 1330/1330 398/398 1329/1329
f 1330/1330 1329/1329 2195/2195
f 2195/2195 1329/1329 395/395
f 2195/2195 395/395 1309/1309
f 1200/1200 2195/2195 1309/1309
f 1200/1200 1309/1309 382/382
f 398/398 1331/1331 2196/2196
f 398/398 2196/2196 1329/1329
f 1331/1331 397/397 1243/1243
f 1331/1331 1243/1243 2196/2196
f 2196/2196 1243/1243 396/396
f 2196/2196 396/396 1316/1316
f 1329/1329 2196/2196 1316/1316
f 1329/1329 1316/1316 395/395
f 263/263 1332/1332 2197/2197
f 263/263 2197/2197 1356/1356
f 1332/1332 260/260 1357/1357
f 1332/1332 1357/1357 2197/2197
f 2197/2197 1357/1357 399/399
f 2197/2197 399/399 1096/1096
f 1356/1356 2197/2197 1096/1096
f 1356/1356 1096/1096 400/400
f 265/265 1335/1335 2198/2198
f 265/265 2198/2198 1358/1358
f 1335/1335 353/353 1359/1359
f 1335/1335 1359/1359 2198/2198
f 2198/2198 1359/1359 401/401
f 2198/2198 401/401 1097/1097
f 1358/1358 2198/2198 1097/1097
f 1358/1358 1097/1097 402/402
f 281/281 1337/1337 2199/2199
f 281/281 2199/2199 1360/1360
f 1337/1337 283/283 1361/1361
f 1337/1337 1361/1361 2199/2199
f 2199/2199 1361/1361 404/404
f 2199/2199 404/404 1108/1108
f 1360/1360 2199/2199 1108/1108
f 1360/1360 1108/1108 403/403
f 356/356 1339/1339 2200/2200
f 356/356 2200/2200 1362/1362
f 1339/1339 285/285 1363/1363
f 1339/1339 1363/1363 2200/2200
f 2200/2200 1363/1363 406/406
f 2200/2200 406/406 1109/1109
f 1362/1362 2200/2200 1109/1109
f 1362/1362 1109/1109 405/405
f 277/277 1341/1341 2201/2201
f 277/277 2201/2201 1364/1364
f 1341/1341 281/281 1360/1360
f 1341/1341 1360/1360 2201/2201
f 2201/2201 1360/1360 403/403
f 2201/2201 403/403 1121/1121
f 1364/1364 2201/2201 1121/1121
f 1364/1364 1121/1121 407/407
f 260/260 1343/1343 2202/2202
f 260/260 2202/2202 1357/1357
f 1343/1343 277/277 1364/1364
f 1343/1343 1364/1364 2202/2202
f 2202/2202 1364/1364 407/407
f 2202/2202 407/407 1126/1126
f 1357/1357 2202/2202 1126/1126
f 1357/1357 1126/1126 399/399
f 300/300 1345/1345 2203/2203
f 300/300 2203/2203 1365/1365
f 1345/1345 265/265 1358/1358
f 1345/1345 1358/1358 2203/2203
f 2203/2203 1358/1358 402/402
f 2203/2203 402/402 1148/1148
f 1365/1365 2203/2203 1148/1148
f 1365/1365 1148/1148 408/408
f 285/285 1347/1347 2204/2204
f 285/285 2204/2204 1363/1363
f 1347/1347 306/306 1366/1366
f 1347/1347 1366/1366 2204/2204
f 2204/2204 1366/1366 409/409
f 2204/2204 409/409 1151/1151
f 1363/1363 2204/2204 1151/1151
f 1363/1363 1151/1151 406/406
f 303/303 1348/1348 2205/2205
f 303/303 2205/2205 1367/1367
f 1348/1348 300/300 1365/1365
f 1348/1348 1365/1365 2205/2205
f 2205/2205 1365/1365 408/408
f 2205/2205 408/408 1156/1156
f 1367/1367 2205/2205 1156/1156
f 1367/1367 1156/1156 410/410
f 306/306 1350/1350 2206/2206
f 306/306 2206/2206 1366/1366
f 1350/1350 303/303 1367/1367
f 1350/1350 1367/1367 2206/2206
f 2206/2206 1367/1367 410/410
f 2206/2206 410/410 1157/1157
f 1366/1366 2206/2206 1157/1157
f 1366/1366 1157/1157 409/409
f 353/353 1353/1353 2207/2207
f 353/353 2207/2207 1359/1359
f 1353/1353 263/263 1356/1356
f 1353/1353 1356/1356 2207/2207
f 2207/2207 1356/1356 400/400
f 2207/2207 400/400 1235/1235
f 1359/1359 2207/2207 1235/1235
f 1359/1359 1235/1235 401/401
f 283/283 1355/1355 2208/2208
f 283/283 2208/2208 1361/1361
f 1355/1355 356/356 1362/1362
f 1355/1355 1362/1362 2208/2208
f 2208/2208 1362/1362 405/405
f 2208/2208 405/405 1238/1238
f 1361/1361 2208/2208 1238/1238
f 1361/1361 1238/1238 404/404
f 423/423 1382/1382 2209/2209
f 423/423 2209/2209 1380/1380
f 1382/1382 411/411 1368/1368
f 1382/1382 1368/1368 2209/2209
f 2209/2209 1368/1368 412/412
f 2209/2209 412/412 1370/1370
f 1380/1380 2209/2209 1370/1370
f 1380/1380 1370/1370 415/415
f 421/421 1377/1377 2210/2210
f 421/421 2210/2210 1381/1381
f 1377/1377 413/413 1369/1369
f 1377/1377 1369/1369 2210/2210
f 2210/2210 1369/1369 414/414
f 2210/2210 414/414 1371/1371
f 1381/1381 2210/2210 1371/1371
f 1381/1381 1371/1371 416/416
f 411/411 1383/1383 2211/2211
f 411/411 2211/2211 1368/1368
f 1383/1383 422/422 1378/1378
f 1383/1383 1378/1378 2211/2211
f 2211/2211 1378/1378 417/417
f 2211/2211 417/417 1372/1372
f 1368/1368 2211/2211 1372/1372
f 1368/1368 1372/1372 412/412
f 413/413 1376/1376 2212/2212
f 413/413 2212/2212 1369/1369
f 1376/1376 420/420 1379/1379
f 1376/1376 1379/1379 2212/2212
f 2212/2212 1379/1379 418/418
f 2212/2212 418/418 1373/1373
f 1369/1369 2212/2212 1373/1373
f 1369/1369 1373/1373 414/414
f 414/414 1373/1373 2213/2213
f 414/414 2213/2213 1374/1374
f 1373/1373 418/418 1384/1384
f 1373/1373 1384/1384 2213/2213
f 2213/2213 1384/1384 424/424
f 2213/2213 424/424 1386/1386
f 1374/1374 2213/2213 1386/1386
f 1374/1374 1386/1386 419/419
f 416/416 1371/1371 2214/2214
f 416/416 2214/2214 1385/1385
f 1371/1371 414/414 1374/1374
f 1371/1371 1374/1374 2214/2214
f 2214/2214 1374/1374 419/419
f 2214/2214 419/419 1387/1387
f 1385/1385 2214/2214 1387/1387
f 1385/1385 1387/1387 425/425
f 412/412 1372/1372 2215/2215
f 412/412 2215/2215 1375/1375
f 1372/1372 417/417 1388/1388
f 1372/1372 1388/1388 2215/2215
f 2215/2215 1388/1388 420/420
f 2215/2215 420/420 1376/1376
f 1375/1375 2215/2215 1376/1376
f 1375/1375 1376/1376 413/413
f 415/415 1370/1370 2216/2216
f 415/415 2216/2216 1389/1389
f 1370/1370 412/412 1375/1375
f 1370/1370 1375/1375 2216/2216
f 2216/2216 1375/1375 413/413
f 2216/2216 413/413 1377/1377
f 1389/1389 2216/2216 1377/1377
f 1389/1389 1377/1377 421/421
f 280/280 1340/1340 2217/2217
f 280/280 2217/2217 1237/1237
f 1340/1340 276/276 1246/1246
f 1340/1340 1246/1246 2217/2217
f 2217/2217 1246/1246 411/411
f 2217/2217 411/411 1382/1382
f 1237/1237 2217/2217 1382/1382
f 1237/1237 1382/1382 423/423
f 355/355 1354/1354 2218/2218
f 355/355 2218/2218 1105/1105
f 1354/1354 282/282 1150/1150
f 1354/1354 1150/1150 2218/2218
f 2218/2218 1150/1150 415/415
f 2218/2218 415/415 1389/1389
f 1105/1105 2218/2218 1389/1389
f 1105/1105 1389/1389 421/421
f 352/352 1334/1334 2219/2219
f 352/352 2219/2219 1390/1390
f 1334/1334 264/264 1122/1122
f 1334/1334 1122/1122 2219/2219
f 2219/2219 1122/1122 418/418
f 2219/2219 418/418 1379/1379
f 1390/1390 2219/2219 1379/1379
f 1390/1390 1379/1379 420/420
f 299/299 1349/1349 2220/2220
f 299/299 2220/2220 1123/1123
f 1349/1349 304/304 1127/1127
f 1349/1349 1127/1127 2220/2220
f 2220/2220 1127/1127 419/419
f 2220/2220 419/419 1386/1386
f 1123/1123 2220/2220 1386/1386
f 1123/1123 1386/1386 424/424
f 143/143 925/925 2221/2221
f 143/143 2221/2221 1033/1033
f 925/925 140/140 1036/1036
f 925/925 1036/1036 2221/2221
f 2221/2221 1036/1036 207/207
f 2221/2221 207/207 1041/1041
f 1033/1033 2221/2221 1041/1041
f 1033/1033 1041/1041 204/204
f 466/466 1488/1488 2222/2222
f 466/466 2222/2222 1472/1472
f 1488/1488 454/454 1435/1435
f 1488/1488 1435/1435 2222/2222
f 2222/2222 1435/1435 428/428
f 2222/2222 428/428 1528/1528
f 1472/1472 2222/2222 1528/1528
f 1472/1472 1528/1528 447/447
f 483/483 1515/1515 2223/2223
f 483/483 2223/2223 1510/1510
f 1515/1515 482/482 1537/1537
f 1515/1515 1537/1537 2223/2223
f 2223/2223 1537/1537 439/439
f 2223/2223 439/439 1465/1465
f 1510/1510 2223/2223 1465/1465
f 1510/1510 1465/1465 461/461
f 36/36 1442/1442 2224/2224
f 36/36 2224/2224 784/784
f 1442/1442 460/460 1481/1481
f 1442/1442 1481/1481 2224/2224
f 2224/2224 1481/1481 459/459
f 2224/2224 459/459 1441/1441
f 784/784 2224/2224 1441/1441
f 784/784 1441/1441 35/35
f 463/463 1469/1469 2225/2225
f 463/463 2225/2225 1487/1487
f 1469/1469 432/432 1421/1421
f 1469/1469 1421/1421 2225/2225
f 2225/2225 1421/1421 427/427
f 2225/2225 427/427 1434/1434
f 1487/1487 2225/2225 1434/1434
f 1487/1487 1434/1434 453/453
f 504/504 1514/1514 2226/2226
f 504/504 2226/2226 1508/1508
f 1514/1514 481/481 1402/1402
f 1514/1514 1402/1402 2226/2226
f 2226/2226 1402/1402 442/442
f 2226/2226 442/442 1413/1413
f 1508/1508 2226/2226 1413/1413
f 1508/1508 1413/1413 508/508
f 459/459 1463/1463 2227/2227
f 459/459 2227/2227 1486/1486
f 1463/1463 429/429 1395/1395
f 1463/1463 1395/1395 2227/2227
f 2227/2227 1395/1395 432/432
f 2227/2227 432/432 1469/1469
f 1486/1486 2227/2227 1469/1469
f 1486/1486 1469/1469 463/463
f 490/490 1428/1428 2228/2228
f 490/490 2228/2228 1403/1403
f 1428/1428 433/433 1405/1405
f 1428/1428 1405/1405 2228/2228
f 2228/2228 1405/1405 437/437
f 2228/2228 437/437 1422/1422
f 1403/1403 2228/2228 1422/1422
f 1403/1403 1422/1422 498/498
f 490/490 1393/1393 2229/2229
f 490/490 2229/2229 1428/1428
f 1393/1393 488/488 1426/1426
f 1393/1393 1426/1426 2229/2229
f 2229/2229 1426/1426 434/434
f 2229/2229 434/434 1401/1401
f 1428/1428 2229/2229 1401/1401
f 1428/1428 1401/1401 433/433
f 467/467 1485/1485 2230/2230
f 467/467 2230/2230 1450/1450
f 1485/1485 450/450 1452/1452
f 1485/1485 1452/1452 2230/2230
f 2230/2230 1452/1452 25/25
f 2230/2230 25/25 776/776
f 1450/1450 2230/2230 776/776
f 1450/1450 776/776 43/43
f 456/456 1484/1484 2231/2231
f 456/456 2231/2231 1459/1459
f 1484/1484 449/449 1451/1451
f 1484/1484 1451/1451 2231/2231
f 2231/2231 1451/1451 435/435
f 2231/2231 435/435 1553/1553
f 1459/1459 2231/2231 1553/1553
f 1459/1459 1553/1553 445/445
f 492/492 1392/1392 2232/2232
f 492/492 2232/2232 1398/1398
f 1392/1392 432/432 1395/1395
f 1392/1392 1395/1395 2232/2232
f 2232/2232 1395/1395 429/429
f 2232/2232 429/429 1418/1418
f 1398/1398 2232/2232 1418/1418
f 1398/1398 1418/1418 496/496
f 520/520 1417/1417 2233/2233
f 520/520 2233/2233 1563/1563
f 1417/1417 519/519 1420/1420
f 1417/1417 1420/1420 2233/2233
f 2233/2233 1420/1420 523/523
f 2233/2233 523/523 1564/1564
f 1563/1563 2233/2233 1564/1564
f 1563/1563 1564/1564 524/524
f 494/494 1419/1419 2234/2234
f 494/494 2234/2234 1396/1396
f 1419/1419 427/427 1421/1421
f 1419/1419 1421/1421 2234/2234
f 2234/2234 1421/1421 432/432
f 2234/2234 432/432 1392/1392
f 1396/1396 2234/2234 1392/1392
f 1396/1396 1392/1392 492/492
f 25/25 1452/1452 2235/2235
f 25/25 2235/2235 777/777
f 1452/1452 450/450 1482/1482
f 1452/1452 1482/1482 2235/2235
f 2235/2235 1482/1482 451/451
f 2235/2235 451/451 1532/1532
f 777/777 2235/2235 1532/1532
f 777/777 1532/1532 26/26
f 430/430 1545/1545 2236/2236
f 430/430 2236/2236 1531/1531
f 1545/1545 503/503 1424/1424
f 1545/1545 1424/1424 2236/2236
f 2236/2236 1424/1424 513/513
f 2236/2236 513/513 1550/1550
f 1531/1531 2236/2236 1550/1550
f 1531/1531 1550/1550 441/441
f 29/29 1457/1457 2237/2237
f 29/29 2237/2237 788/788
f 1457/1457 454/454 1488/1488
f 1457/1457 1488/1488 2237/2237
f 2237/2237 1488/1488 466/466
f 2237/2237 466/466 1449/1449
f 788/788 2237/2237 1449/1449
f 788/788 1449/1449 42/42
f 464/464 1480/1480 2238/2238
f 464/464 2238/2238 1447/1447
f 1480/1480 465/465 1448/1448
f 1480/1480 1448/1448 2238/2238
f 2238/2238 1448/1448 41/41
f 2238/2238 41/41 778/778
f 1447/1447 2238/2238 778/778
f 1447/1447 778/778 40/40
f 455/455 1479/1479 2239/2239
f 455/455 2239/2239 1458/1458
f 1479/1479 454/454 1457/1457
f 1479/1479 1457/1457 2239/2239
f 2239/2239 1457/1457 29/29
f 2239/2239 29/29 779/779
f 1458/1458 2239/2239 779/779
f 1458/1458 779/779 30/30
f 458/458 1478/1478 2240/2240
f 458/458 2240/2240 1533/1533
f 1478/1478 455/455 1458/1458
f 1478/1478 1458/1458 2240/2240
f 2240/2240 1458/1458 30/30
f 2240/2240 30/30 780/780
f 1533/1533 2240/2240 780/780
f 1533/1533 780/780 34/34
f 526/526 1477/1477 2241/2241
f 526/526 2241/2241 1568/1568
f 1477/1477 522/522 1433/1433
f 1477/1477 1433/1433 2241/2241
f 2241/2241 1433/1433 127/127
f 2241/2241 127/127 781/781
f 1568/1568 2241/2241 781/781
f 1568/1568 781/781 131/131
f 434/434 1400/1400 2242/2242
f 434/434 2242/2242 1464/1464
f 1400/1400 429/429 1463/1463
f 1400/1400 1463/1463 2242/2242
f 2242/2242 1463/1463 459/459
f 2242/2242 459/459 1481/1481
f 1464/1464 2242/2242 1481/1481
f 1464/1464 1481/1481 460/460
f 466/466 1476/1476 2243/2243
f 466/466 2243/2243 1449/1449
f 1476/1476 464/464 1447/1447
f 1476/1476 1447/1447 2243/2243
f 2243/2243 1447/1447 40/40
f 2243/2243 40/40 783/783
f 1449/1449 2243/2243 783/783
f 1449/1449 783/783 42/42
f 480/480 1506/1506 2244/2244
f 480/480 2244/2244 1504/1504
f 1506/1506 479/479 1536/1536
f 1506/1506 1536/1536 2244/2244
f 2244/2244 1536/1536 444/444
f 2244/2244 444/444 1473/1473
f 1504/1504 2244/2244 1473/1473
f 1504/1504 1473/1473 467/467
f 516/516 1474/1474 2245/2245
f 516/516 2245/2245 1461/1461
f 1474/1474 453/453 1434/1434
f 1474/1474 1434/1434 2245/2245
f 2245/2245 1434/1434 427/427
f 2245/2245 427/427 1419/1419
f 1461/1461 2245/2245 1419/1419
f 1461/1461 1419/1419 494/494
f 120/120 774/774 2246/2246
f 120/120 2246/2246 1439/1439
f 774/774 28/28 1456/1456
f 774/774 1456/1456 2246/2246
f 2246/2246 1456/1456 453/453
f 2246/2246 453/453 1474/1474
f 1439/1439 2246/2246 1474/1474
f 1439/1439 1474/1474 516/516
f 78/78 1505/1505 2247/2247
f 78/78 2247/2247 844/844
f 1505/1505 480/480 1504/1504
f 1505/1505 1504/1504 2247/2247
f 2247/2247 1504/1504 467/467
f 2247/2247 467/467 1450/1450
f 844/844 2247/2247 1450/1450
f 844/844 1450/1450 43/43
f 428/428 1542/1542 2248/2248
f 428/428 2248/2248 1528/1528
f 1542/1542 497/497 1409/1409
f 1542/1542 1409/1409 2248/2248
f 2248/2248 1409/1409 489/489
f 2248/2248 489/489 1538/1538
f 1528/1528 2248/2248 1538/1538
f 1528/1528 1538/1538 447/447
f 481/481 1517/1517 2249/2249
f 481/481 2249/2249 1402/1402
f 1517/1517 485/485 1521/1521
f 1517/1517 1521/1521 2249/2249
f 2249/2249 1521/1521 486/486
f 2249/2249 486/486 1518/1518
f 1402/1402 2249/2249 1518/1518
f 1402/1402 1518/1518 442/442
f 447/447 1523/1523 2250/2250
f 447/447 2250/2250 1472/1472
f 1523/1523 438/438 1470/1470
f 1523/1523 1470/1470 2250/2250
f 2250/2250 1470/1470 464/464
f 2250/2250 464/464 1476/1476
f 1472/1472 2250/2250 1476/1476
f 1472/1472 1476/1476 466/466
f 430/430 1531/1531 2251/2251
f 430/430 2251/2251 1430/1430
f 1531/1531 441/441 1534/1534
f 1531/1531 1534/1534 2251/2251
f 2251/2251 1534/1534 451/451
f 2251/2251 451/451 1482/1482
f 1430/1430 2251/2251 1482/1482
f 1430/1430 1482/1482 450/450
f 525/525 1565/1565 2252/2252
f 525/525 2252/2252 1567/1567
f 1565/1565 518/518 1455/1455
f 1565/1565 1455/1455 2252/2252
f 2252/2252 1455/1455 522/522
f 2252/2252 522/522 1477/1477
f 1567/1567 2252/2252 1477/1477
f 1567/1567 1477/1477 526/526
f 426/426 1524/1524 2253/2253
f 426/426 2253/2253 1535/1535
f 1524/1524 431/431 1436/1436
f 1524/1524 1436/1436 2253/2253
f 2253/2253 1436/1436 455/455
f 2253/2253 455/455 1478/1478
f 1535/1535 2253/2253 1478/1478
f 1535/1535 1478/1478 458/458
f 431/431 1525/1525 2254/2254
f 431/431 2254/2254 1436/1436
f 1525/1525 428/428 1435/1435
f 1525/1525 1435/1435 2254/2254
f 2254/2254 1435/1435 454/454
f 2254/2254 454/454 1479/1479
f 1436/1436 2254/2254 1479/1479
f 1436/1436 1479/1479 455/455
f 438/438 1526/1526 2255/2255
f 438/438 2255/2255 1470/1470
f 1526/1526 436/436 1471/1471
f 1526/1526 1471/1471 2255/2255
f 2255/2255 1471/1471 465/465
f 2255/2255 465/465 1480/1480
f 1470/1470 2255/2255 1480/1480
f 1470/1470 1480/1480 464/464
f 448/448 1554/1554 2256/2256
f 448/448 2256/2256 1556/1556
f 1554/1554 435/435 1451/1451
f 1554/1554 1451/1451 2256/2256
f 2256/2256 1451/1451 449/449
f 2256/2256 449/449 1483/1483
f 1556/1556 2256/2256 1483/1483
f 1556/1556 1483/1483 452/452
f 32/32 775/775 2257/2257
f 32/32 2257/2257 1437/1437
f 775/775 24/24 1429/1429
f 775/775 1429/1429 2257/2257
f 2257/2257 1429/1429 449/449
f 2257/2257 449/449 1484/1484
f 1437/1437 2257/2257 1484/1484
f 1437/1437 1484/1484 456/456
f 444/444 1527/1527 2258/2258
f 444/444 2258/2258 1473/1473
f 1527/1527 430/430 1430/1430
f 1527/1527 1430/1430 2258/2258
f 2258/2258 1430/1430 450/450
f 2258/2258 450/450 1485/1485
f 1473/1473 2258/2258 1485/1485
f 1473/1473 1485/1485 467/467
f 35/35 1441/1441 2259/2259
f 35/35 2259/2259 786/786
f 1441/1441 459/459 1486/1486
f 1441/1441 1486/1486 2259/2259
f 2259/2259 1486/1486 463/463
f 2259/2259 463/463 1446/1446
f 786/786 2259/2259 1446/1446
f 786/786 1446/1446 39/39
f 39/39 1446/1446 2260/2260
f 39/39 2260/2260 787/787
f 1446/1446 463/463 1487/1487
f 1446/1446 1487/1487 2260/2260
f 2260/2260 1487/1487 453/453
f 2260/2260 453/453 1456/1456
f 787/787 2260/2260 1456/1456
f 787/787 1456/1456 28/28
f 82/82 1513/1513 2261/2261
f 82/82 2261/2261 851/851
f 1513/1513 483/483 1510/1510
f 1513/1513 1510/1510 2261/2261
f 2261/2261 1510/1510 461/461
f 2261/2261 461/461 1443/1443
f 851/851 2261/2261 1443/1443
f 851/851 1443/1443 37/37
f 485/485 1522/1522 2262/2262
f 485/485 2262/2262 1521/1521
f 1522/1522 468/468 1511/1511
f 1522/1522 1511/1511 2262/2262
f 2262/2262 1511/1511 470/470
f 2262/2262 470/470 1467/1467
f 1521/1521 2262/2262 1467/1467
f 1521/1521 1467/1467 486/486
f 473/473 1500/1500 2263/2263
f 473/473 2263/2263 1493/1493
f 1500/1500 468/468 1445/1445
f 1500/1500 1445/1445 2263/2263
f 2263/2263 1445/1445 437/437
f 2263/2263 437/437 1405/1405
f 1493/1493 2263/2263 1405/1405
f 1493/1493 1405/1405 433/433
f 434/434 1494/1494 2264/2264
f 434/434 2264/2264 1401/1401
f 1494/1494 475/475 1491/1491
f 1494/1494 1491/1491 2264/2264
f 2264/2264 1491/1491 473/473
f 2264/2264 473/473 1493/1493
f 1401/1401 2264/2264 1493/1493
f 1401/1401 1493/1493 433/433
f 477/477 1497/1497 2265/2265
f 477/477 2265/2265 1495/1495
f 1497/1497 460/460 1442/1442
f 1497/1497 1442/1442 2265/2265
f 2265/2265 1442/1442 36/36
f 2265/2265 36/36 834/834
f 1495/1495 2265/2265 834/834
f 1495/1495 834/834 72/72
f 460/460 1497/1497 2266/2266
f 460/460 2266/2266 1464/1464
f 1497/1497 477/477 1498/1498
f 1497/1497 1498/1498 2266/2266
f 2266/2266 1498/1498 475/475
f 2266/2266 475/475 1494/1494
f 1464/1464 2266/2266 1494/1494
f 1464/1464 1494/1494 434/434
f 443/443 1519/1519 2267/2267
f 443/443 2267/2267 1570/1570
f 1519/1519 487/487 1520/1520
f 1519/1519 1520/1520 2267/2267
f 2267/2267 1520/1520 484/484
f 2267/2267 484/484 1490/1490
f 1570/1570 2267/2267 1490/1490
f 1570/1570 1490/1490 527/527
f 38/38 1444/1444 2268/2268
f 38/38 2268/2268 785/785
f 1444/1444 462/462 1475/1475
f 1444/1444 1475/1475 2268/2268
f 2268/2268 1475/1475 480/480
f 2268/2268 480/480 1505/1505
f 785/785 2268/2268 1505/1505
f 785/785 1505/1505 78/78
f 462/462 1466/1466 2269/2269
f 462/462 2269/2269 1475/1475
f 1466/1466 440/440 1530/1530
f 1466/1466 1530/1530 2269/2269
f 2269/2269 1530/1530 479/479
f 2269/2269 479/479 1506/1506
f 1475/1475 2269/2269 1506/1506
f 1475/1475 1506/1506 480/480
f 509/509 1414/1414 2270/2270
f 509/509 2270/2270 1415/1415
f 1414/1414 443/443 1570/1570
f 1414/1414 1570/1570 2270/2270
f 2270/2270 1570/1570 527/527
f 2270/2270 527/527 1572/1572
f 1415/1415 2270/2270 1572/1572
f 1415/1415 1572/1572 506/506
f 41/41 1448/1448 2271/2271
f 41/41 2271/2271 789/789
f 1448/1448 465/465 1489/1489
f 1448/1448 1489/1489 2271/2271
f 2271/2271 1489/1489 483/483
f 2271/2271 483/483 1513/1513
f 789/789 2271/2271 1513/1513
f 789/789 1513/1513 82/82
f 498/498 1422/1422 2272/2272
f 498/498 2272/2272 1411/1411
f 1422/1422 437/437 1507/1507
f 1422/1422 1507/1507 2272/2272
f 2272/2272 1507/1507 481/481
f 2272/2272 481/481 1514/1514
f 1411/1411 2272/2272 1514/1514
f 1411/1411 1514/1514 504/504
f 465/465 1471/1471 2273/2273
f 465/465 2273/2273 1489/1489
f 1471/1471 436/436 1529/1529
f 1471/1471 1529/1529 2273/2273
f 2273/2273 1529/1529 482/482
f 2273/2273 482/482 1515/1515
f 1489/1489 2273/2273 1515/1515
f 1489/1489 1515/1515 483/483
f 437/437 1445/1445 2274/2274
f 437/437 2274/2274 1507/1507
f 1445/1445 468/468 1522/1522
f 1445/1445 1522/1522 2274/2274
f 2274/2274 1522/1522 485/485
f 2274/2274 485/485 1517/1517
f 1507/1507 2274/2274 1517/1517
f 1507/1507 1517/1517 481/481
f 487/487 1468/1468 2275/2275
f 487/487 2275/2275 1520/1520
f 1468/1468 471/471 1573/1573
f 1468/1468 1573/1573 2275/2275
f 2275/2275 1573/1573 520/520
f 2275/2275 520/520 1516/1516
f 1520/1520 2275/2275 1516/1516
f 1520/1520 1516/1516 484/484
f 447/447 1538/1538 2276/2276
f 447/447 2276/2276 1523/1523
f 1538/1538 489/489 1394/1394
f 1538/1538 1394/1394 2276/2276
f 2276/2276 1394/1394 491/491
f 2276/2276 491/491 1539/1539
f 1523/1523 2276/2276 1539/1539
f 1523/1523 1539/1539 438/438
f 426/426 1540/1540 2277/2277
f 426/426 2277/2277 1524/1524
f 1540/1540 495/495 1397/1397
f 1540/1540 1397/1397 2277/2277
f 2277/2277 1397/1397 493/493
f 2277/2277 493/493 1541/1541
f 1524/1524 2277/2277 1541/1541
f 1524/1524 1541/1541 431/431
f 431/431 1541/1541 2278/2278
f 431/431 2278/2278 1525/1525
f 1541/1541 493/493 1399/1399
f 1541/1541 1399/1399 2278/2278
f 2278/2278 1399/1399 497/497
f 2278/2278 497/497 1542/1542
f 1525/1525 2278/2278 1542/1542
f 1525/1525 1542/1542 428/428
f 438/438 1539/1539 2279/2279
f 438/438 2279/2279 1526/1526
f 1539/1539 491/491 1404/1404
f 1539/1539 1404/1404 2279/2279
f 2279/2279 1404/1404 499/499
f 2279/2279 499/499 1543/1543
f 1526/1526 2279/2279 1543/1543
f 1526/1526 1543/1543 436/436
f 444/444 1544/1544 2280/2280
f 444/444 2280/2280 1527/1527
f 1544/1544 501/501 1407/1407
f 1544/1544 1407/1407 2280/2280
f 2280/2280 1407/1407 503/503
f 2280/2280 503/503 1545/1545
f 1527/1527 2280/2280 1545/1545
f 1527/1527 1545/1545 430/430
f 436/436 1543/1543 2281/2281
f 436/436 2281/2281 1529/1529
f 1543/1543 499/499 1412/1412
f 1543/1543 1412/1412 2281/2281
f 2281/2281 1412/1412 505/505
f 2281/2281 505/505 1546/1546
f 1529/1529 2281/2281 1546/1546
f 1529/1529 1546/1546 482/482
f 440/440 1548/1548 2282/2282
f 440/440 2282/2282 1530/1530
f 1548/1548 511/511 1416/1416
f 1548/1548 1416/1416 2282/2282
f 2282/2282 1416/1416 507/507
f 2282/2282 507/507 1549/1549
f 1530/1530 2282/2282 1549/1549
f 1530/1530 1549/1549 479/479
f 448/448 1557/1557 2283/2283
f 448/448 2283/2283 1554/1554
f 1557/1557 518/518 1425/1425
f 1557/1557 1425/1425 2283/2283
f 2283/2283 1425/1425 519/519
f 2283/2283 519/519 1558/1558
f 1554/1554 2283/2283 1558/1558
f 1554/1554 1558/1558 435/435
f 451/451 1551/1551 2284/2284
f 451/451 2284/2284 1532/1532
f 1551/1551 515/515 1432/1432
f 1551/1551 1432/1432 2284/2284
f 2284/2284 1432/1432 117/117
f 2284/2284 117/117 894/894
f 1532/1532 2284/2284 894/894
f 1532/1532 894/894 26/26
f 34/34 895/895 2285/2285
f 34/34 2285/2285 1533/1533
f 895/895 121/121 1440/1440
f 895/895 1440/1440 2285/2285
f 2285/2285 1440/1440 517/517
f 2285/2285 517/517 1552/1552
f 1533/1533 2285/2285 1552/1552
f 1533/1533 1552/1552 458/458
f 441/441 1550/1550 2286/2286
f 441/441 2286/2286 1534/1534
f 1550/1550 513/513 1454/1454
f 1550/1550 1454/1454 2286/2286
f 2286/2286 1454/1454 515/515
f 2286/2286 515/515 1551/1551
f 1534/1534 2286/2286 1551/1551
f 1534/1534 1551/1551 451/451
f 458/458 1552/1552 2287/2287
f 458/458 2287/2287 1535/1535
f 1552/1552 517/517 1462/1462
f 1552/1552 1462/1462 2287/2287
f 2287/2287 1462/1462 495/495
f 2287/2287 495/495 1540/1540
f 1535/1535 2287/2287 1540/1540
f 1535/1535 1540/1540 426/426
f 479/479 1549/1549 2288/2288
f 479/479 2288/2288 1536/1536
f 1549/1549 507/507 1503/1503
f 1549/1549 1503/1503 2288/2288
f 2288/2288 1503/1503 501/501
f 2288/2288 501/501 1544/1544
f 1536/1536 2288/2288 1544/1544
f 1536/1536 1544/1544 444/444
f 482/482 1546/1546 2289/2289
f 482/482 2289/2289 1537/1537
f 1546/1546 505/505 1509/1509
f 1546/1546 1509/1509 2289/2289
f 2289/2289 1509/1509 510/510
f 2289/2289 510/510 1547/1547
f 1537/1537 2289/2289 1547/1547
f 1537/1537 1547/1547 439/439
f 523/523 1569/1569 2290/2290
f 523/523 2290/2290 1562/1562
f 1569/1569 525/525 1427/1427
f 1569/1569 1427/1427 2290/2290
f 2290/2290 1427/1427 512/512
f 2290/2290 512/512 1423/1423
f 1562/1562 2290/2290 1423/1423
f 1562/1562 1423/1423 502/502
f 435/435 1558/1558 2291/2291
f 435/435 2291/2291 1553/1553
f 1558/1558 519/519 1417/1417
f 1558/1558 1417/1417 2291/2291
f 2291/2291 1417/1417 520/520
f 2291/2291 520/520 1559/1559
f 1553/1553 2291/2291 1559/1559
f 1553/1553 1559/1559 445/445
f 27/27 905/905 2292/2292
f 27/27 2292/2292 1555/1555
f 905/905 127/127 1433/1433
f 905/905 1433/1433 2292/2292
f 2292/2292 1433/1433 522/522
f 2292/2292 522/522 1561/1561
f 1555/1555 2292/2292 1561/1561
f 1555/1555 1561/1561 452/452
f 452/452 1561/1561 2293/2293
f 452/452 2293/2293 1556/1556
f 1561/1561 522/522 1455/1455
f 1561/1561 1455/1455 2293/2293
f 2293/2293 1455/1455 518/518
f 2293/2293 518/518 1557/1557
f 1556/1556 2293/2293 1557/1557
f 1556/1556 1557/1557 448/448
f 512/512 1427/1427 2294/2294
f 512/512 2294/2294 1453/1453
f 1427/1427 525/525 1567/1567
f 1427/1427 1567/1567 2294/2294
f 2294/2294 1567/1567 526/526
f 2294/2294 526/526 1566/1566
f 1453/1453 2294/2294 1566/1566
f 1453/1453 1566/1566 514/514
f 523/523 1562/1562 2295/2295
f 523/523 2295/2295 1564/1564
f 1562/1562 502/502 1406/1406
f 1562/1562 1406/1406 2295/2295
f 2295/2295 1406/1406 500/500
f 2295/2295 500/500 1410/1410
f 1564/1564 2295/2295 1410/1410
f 1564/1564 1410/1410 524/524
f 514/514 1566/1566 2296/2296
f 514/514 2296/2296 1431/1431
f 1566/1566 526/526 1568/1568
f 1566/1566 1568/1568 2296/2296
f 2296/2296 1568/1568 131/131
f 2296/2296 131/131 911/911
f 1431/1431 2296/2296 911/911
f 1431/1431 911/911 116/116
f 24/24 782/782 2297/2297
f 24/24 2297/2297 1429/1429
f 782/782 27/27 1555/1555
f 782/782 1555/1555 2297/2297
f 2297/2297 1555/1555 452/452
f 2297/2297 452/452 1483/1483
f 1429/1429 2297/2297 1483/1483
f 1429/1429 1483/1483 449/449
f 506/506 1572/1572 2298/2298
f 506/506 2298/2298 1502/1502
f 1572/1572 527/527 1571/1571
f 1572/1572 1571/1571 2298/2298
f 2298/2298 1571/1571 524/524
f 2298/2298 524/524 1410/1410
f 1502/1502 2298/2298 1410/1410
f 1502/1502 1410/1410 500/500
f 527/527 1490/1490 2299/2299
f 527/527 2299/2299 1571/1571
f 1490/1490 484/484 1516/1516
f 1490/1490 1516/1516 2299/2299
f 2299/2299 1516/1516 520/520
f 2299/2299 520/520 1563/1563
f 1571/1571 2299/2299 1563/1563
f 1571/1571 1563/1563 524/524
f 519/519 1425/1425 2300/2300
f 519/519 2300/2300 1420/1420
f 1425/1425 518/518 1565/1565
f 1425/1425 1565/1565 2300/2300
f 2300/2300 1565/1565 525/525
f 2300/2300 525/525 1569/1569
f 1420/1420 2300/2300 1569/1569
f 1420/1420 1569/1569 523/523
f 532/532 1586/1586 2301/2301
f 532/532 2301/2301 1625/1625
f 1586/1586 531/531 1577/1577
f 1586/1586 1577/1577 2301/2301
f 2301/2301 1577/1577 530/530
f 2301/2301 530/530 1580/1580
f 1625/1625 2301/2301 1580/1580
f 1625/1625 1580/1580 537/537
f 569/569 1582/1582 2302/2302
f 569/569 2302/2302 1669/1669
f 1582/1582 528/528 1652/1652
f 1582/1582 1652/1652 2302/2302
f 2302/2302 1652/1652 565/565
f 2302/2302 565/565 1664/1664
f 1669/1669 2302/2302 1664/1664
f 1669/1669 1664/1664 573/573
f 550/550 1653/1653 2303/2303
f 550/550 2303/2303 1619/1619
f 1653/1653 565/565 1652/1652
f 1653/1653 1652/1652 2303/2303
f 2303/2303 1652/1652 528/528
f 2303/2303 528/528 1592/1592
f 1619/1619 2303/2303 1592/1592
f 1619/1619 1592/1592 538/538
f 537/537 1580/1580 2304/2304
f 537/537 2304/2304 1616/1616
f 1580/1580 530/530 1575/1575
f 1580/1580 1575/1575 2304/2304
f 2304/2304 1575/1575 529/529
f 2304/2304 529/529 1585/1585
f 1616/1616 2304/2304 1585/1585
f 1616/1616 1585/1585 555/555
f 555/555 1585/1585 2305/2305
f 555/555 2305/2305 1613/1613
f 1585/1585 529/529 1651/1651
f 1585/1585 1651/1651 2305/2305
f 2305/2305 1651/1651 565/565
f 2305/2305 565/565 1653/1653
f 1613/1613 2305/2305 1653/1653
f 1613/1613 1653/1653 550/550
f 172/172 955/955 2306/2306
f 172/172 2306/2306 1610/1610
f 955/955 141/141 1576/1576
f 955/955 1576/1576 2306/2306
f 2306/2306 1576/1576 531/531
f 2306/2306 531/531 1586/1586
f 1610/1610 2306/2306 1586/1586
f 1610/1610 1586/1586 532/532
f 577/577 1595/1595 2307/2307
f 577/577 2307/2307 1692/1692
f 1595/1595 541/541 1605/1605
f 1595/1595 1605/1605 2307/2307
f 2307/2307 1605/1605 671/671
f 2307/2307 671/671 1682/1682
f 1692/1692 2307/2307 1682/1682
f 1692/1692 1682/1682 672/672
f 541/541 1596/1596 2308/2308
f 541/541 2308/2308 1605/1605
f 1596/1596 542/542 1606/1606
f 1596/1596 1606/1606 2308/2308
f 2308/2308 1606/1606 670/670
f 2308/2308 670/670 1599/1599
f 1605/1605 2308/2308 1599/1599
f 1605/1605 1599/1599 671/671
f 542/542 1597/1597 2309/2309
f 542/542 2309/2309 1606/1606
f 1597/1597 543/543 1607/1607
f 1597/1597 1607/1607 2309/2309
f 2309/2309 1607/1607 669/669
f 2309/2309 669/669 1598/1598
f 1606/1606 2309/2309 1598/1598
f 1606/1606 1598/1598 670/670
f 228/228 1062/1062 2310/2310
f 228/228 2310/2310 1691/1691
f 1062/1062 176/176 1608/1608
f 1062/1062 1608/1608 2310/2310
f 2310/2310 1608/1608 534/534
f 2310/2310 534/534 1680/1680
f 1691/1691 2310/2310 1680/1680
f 1691/1691 1680/1680 581/581
f 176/176 959/959 2311/2311
f 176/176 2311/2311 1608/1608
f 959/959 174/174 1609/1609
f 959/959 1609/1609 2311/2311
f 2311/2311 1609/1609 533/533
f 2311/2311 533/533 1588/1588
f 1608/1608 2311/2311 1588/1588
f 1608/1608 1588/1588 534/534
f 174/174 957/957 2312/2312
f 174/174 2312/2312 1609/1609
f 957/957 172/172 1610/1610
f 957/957 1610/1610 2312/2312
f 2312/2312 1610/1610 532/532
f 2312/2312 532/532 1587/1587
f 1609/1609 2312/2312 1587/1587
f 1609/1609 1587/1587 533/533
f 578/578 1602/1602 2313/2313
f 578/578 2313/2313 1690/1690
f 1602/1602 553/553 1611/1611
f 1602/1602 1611/1611 2313/2313
f 2313/2313 1611/1611 552/552
f 2313/2313 552/552 1683/1683
f 1690/1690 2313/2313 1683/1683
f 1690/1690 1683/1683 585/585
f 553/553 1603/1603 2314/2314
f 553/553 2314/2314 1611/1611
f 1603/1603 554/554 1612/1612
f 1603/1603 1612/1612 2314/2314
f 2314/2314 1612/1612 551/551
f 2314/2314 551/551 1601/1601
f 1611/1611 2314/2314 1601/1601
f 1611/1611 1601/1601 552/552
f 554/554 1604/1604 2315/2315
f 554/554 2315/2315 1612/1612
f 1604/1604 555/555 1613/1613
f 1604/1604 1613/1613 2315/2315
f 2315/2315 1613/1613 550/550
f 2315/2315 550/550 1600/1600
f 1612/1612 2315/2315 1600/1600
f 1612/1612 1600/1600 551/551
f 576/576 1589/1589 2316/2316
f 576/576 2316/2316 1689/1689
f 1589/1589 535/535 1614/1614
f 1589/1589 1614/1614 2316/2316
f 2316/2316 1614/1614 553/553
f 2316/2316 553/553 1602/1602
f 1689/1689 2316/2316 1602/1602
f 1689/1689 1602/1602 578/578
f 535/535 1590/1590 2317/2317
f 535/535 2317/2317 1614/1614
f 1590/1590 536/536 1615/1615
f 1590/1590 1615/1615 2317/2317
f 2317/2317 1615/1615 554/554
f 2317/2317 554/554 1603/1603
f 1614/1614 2317/2317 1603/1603
f 1614/1614 1603/1603 553/553
f 536/536 1591/1591 2318/2318
f 536/536 2318/2318 1615/1615
f 1591/1591 537/537 1616/1616
f 1591/1591 1616/1616 2318/2318
f 2318/2318 1616/1616 555/555
f 2318/2318 555/555 1604/1604
f 1615/1615 2318/2318 1604/1604
f 1615/1615 1604/1604 554/554
f 585/585 1683/1683 2319/2319
f 585/585 2319/2319 1688/1688
f 1683/1683 552/552 1617/1617
f 1683/1683 1617/1617 2319/2319
f 2319/2319 1617/1617 540/540
f 2319/2319 540/540 1681/1681
f 1688/1688 2319/2319 1681/1681
f 1688/1688 1681/1681 582/582
f 552/552 1601/1601 2320/2320
f 552/552 2320/2320 1617/1617
f 1601/1601 551/551 1618/1618
f 1601/1601 1618/1618 2320/2320
f 2320/2320 1618/1618 539/539
f 2320/2320 539/539 1594/1594
f 1617/1617 2320/2320 1594/1594
f 1617/1617 1594/1594 540/540
f 551/551 1600/1600 2321/2321
f 551/551 2321/2321 1618/1618
f 1600/1600 550/550 1619/1619
f 1600/1600 1619/1619 2321/2321
f 2321/2321 1619/1619 538/538
f 2321/2321 538/538 1593/1593
f 1618/1618 2321/2321 1593/1593
f 1618/1618 1593/1593 539/539
f 582/582 1681/1681 2322/2322
f 582/582 2322/2322 1686/1686
f 1681/1681 540/540 1620/1620
f 1681/1681 1620/1620 2322/2322
f 2322/2322 1620/1620 541/541
f 2322/2322 541/541 1595/1595
f 1686/1686 2322/2322 1595/1595
f 1686/1686 1595/1595 577/577
f 540/540 1594/1594 2323/2323
f 540/540 2323/2323 1620/1620
f 1594/1594 539/539 1621/1621
f 1594/1594 1621/1621 2323/2323
f 2323/2323 1621/1621 542/542
f 2323/2323 542/542 1596/1596
f 1620/1620 2323/2323 1596/1596
f 1620/1620 1596/1596 541/541
f 539/539 1593/1593 2324/2324
f 539/539 2324/2324 1621/1621
f 1593/1593 538/538 1622/1622
f 1593/1593 1622/1622 2324/2324
f 2324/2324 1622/1622 543/543
f 2324/2324 543/543 1597/1597
f 1621/1621 2324/2324 1597/1597
f 1621/1621 1597/1597 542/542
f 581/581 1680/1680 2325/2325
f 581/581 2325/2325 1685/1685
f 1680/1680 534/534 1623/1623
f 1680/1680 1623/1623 2325/2325
f 2325/2325 1623/1623 535/535
f 2325/2325 535/535 1589/1589
f 1685/1685 2325/2325 1589/1589
f 1685/1685 1589/1589 576/576
f 534/534 1588/1588 2326/2326
f 534/534 2326/2326 1623/1623
f 1588/1588 533/533 1624/1624
f 1588/1588 1624/1624 2326/2326
f 2326/2326 1624/1624 536/536
f 2326/2326 536/536 1590/1590
f 1623/1623 2326/2326 1590/1590
f 1623/1623 1590/1590 535/535
f 533/533 1587/1587 2327/2327
f 533/533 2327/2327 1624/1624
f 1587/1587 532/532 1625/1625
f 1587/1587 1625/1625 2327/2327
f 2327/2327 1625/1625 537/537
f 2327/2327 537/537 1591/1591
f 1624/1624 2327/2327 1591/1591
f 1624/1624 1591/1591 536/536
f 544/544 1626/1626 2328/2328
f 544/544 2328/2328 1848/1848
f 1626/1626 621/621 1734/1734
f 1626/1626 1734/1734 2328/2328
f 2328/2328 1734/1734 620/620
f 2328/2328 620/620 1679/1679
f 1848/1848 2328/2328 1679/1679
f 1848/1848 1679/1679 546/546
f 546/546 1679/1679 2329/2329
f 546/546 2329/2329 1852/1852
f 1679/1679 620/620 1733/1733
f 1679/1679 1733/1733 2329/2329
f 2329/2329 1733/1733 646/646
f 2329/2329 646/646 1627/1627
f 1852/1852 2329/2329 1627/1627
f 1852/1852 1627/1627 548/548
f 457/457 1578/1578 2330/2330
f 457/457 2330/2330 1438/1438
f 1578/1578 556/556 1637/1637
f 1578/1578 1637/1637 2330/2330
f 2330/2330 1637/1637 186/186
f 2330/2330 186/186 993/993
f 1438/1438 2330/2330 993/993
f 1438/1438 993/993 33/33
f 478/478 1579/1579 2331/2331
f 478/478 2331/2331 1499/1499
f 1579/1579 557/557 1638/1638
f 1579/1579 1638/1638 2331/2331
f 2331/2331 1638/1638 561/561
f 2331/2331 561/561 1634/1634
f 1499/1499 2331/2331 1634/1634
f 1499/1499 1634/1634 476/476
f 472/472 1581/1581 2332/2332
f 472/472 2332/2332 1574/1574
f 1581/1581 558/558 1639/1639
f 1581/1581 1639/1639 2332/2332
f 2332/2332 1639/1639 562/562
f 2332/2332 562/562 1635/1635
f 1574/1574 2332/2332 1635/1635
f 1574/1574 1635/1635 521/521
f 446/446 1583/1583 2333/2333
f 446/446 2333/2333 1460/1460
f 1583/1583 559/559 1640/1640
f 1583/1583 1640/1640 2333/2333
f 2333/2333 1640/1640 556/556
f 2333/2333 556/556 1578/1578
f 1460/1460 2333/2333 1578/1578
f 1460/1460 1578/1578 457/457
f 469/469 1584/1584 2334/2334
f 469/469 2334/2334 1512/1512
f 1584/1584 560/560 1641/1641
f 1584/1584 1641/1641 2334/2334
f 2334/2334 1641/1641 558/558
f 2334/2334 558/558 1581/1581
f 1512/1512 2334/2334 1581/1581
f 1512/1512 1581/1581 472/472
f 476/476 1634/1634 2335/2335
f 476/476 2335/2335 1492/1492
f 1634/1634 561/561 1642/1642
f 1634/1634 1642/1642 2335/2335
f 2335/2335 1642/1642 563/563
f 2335/2335 563/563 1636/1636
f 1492/1492 2335/2335 1636/1636
f 1492/1492 1636/1636 474/474
f 474/474 1636/1636 2336/2336
f 474/474 2336/2336 1501/1501
f 1636/1636 563/563 1643/1643
f 1636/1636 1643/1643 2336/2336
f 2336/2336 1643/1643 560/560
f 2336/2336 560/560 1584/1584
f 1501/1501 2336/2336 1584/1584
f 1501/1501 1584/1584 469/469
f 73/73 934/934 2337/2337
f 73/73 2337/2337 1496/1496
f 934/934 183/183 1644/1644
f 934/934 1644/1644 2337/2337
f 2337/2337 1644/1644 557/557
f 2337/2337 557/557 1579/1579
f 1496/1496 2337/2337 1579/1579
f 1496/1496 1579/1579 478/478
f 521/521 1635/1635 2338/2338
f 521/521 2338/2338 1560/1560
f 1635/1635 562/562 1645/1645
f 1635/1635 1645/1645 2338/2338
f 2338/2338 1645/1645 559/559
f 2338/2338 559/559 1583/1583
f 1560/1560 2338/2338 1583/1583
f 1560/1560 1583/1583 446/446
f 573/573 1647/1647 2339/2339
f 573/573 2339/2339 1669/1669
f 1647/1647 655/655 1658/1658
f 1647/1647 1658/1658 2339/2339
f 2339/2339 1658/1658 564/564
f 2339/2339 564/564 1816/1816
f 1669/1669 2339/2339 1816/1816
f 1669/1669 1816/1816 569/569
f 570/570 1668/1668 2340/2340
f 570/570 2340/2340 1654/1654
f 1668/1668 205/205 1021/1021
f 1668/1668 1021/1021 2340/2340
f 2340/2340 1021/1021 198/198
f 2340/2340 198/198 1646/1646
f 1654/1654 2340/2340 1646/1646
f 1654/1654 1646/1646 568/568
f 566/566 1656/1656 2341/2341
f 566/566 2341/2341 1649/1649
f 1656/1656 567/567 1648/1648
f 1656/1656 1648/1648 2341/2341
f 2341/2341 1648/1648 196/196
f 2341/2341 196/196 1013/1013
f 1649/1649 2341/2341 1013/1013
f 1649/1649 1013/1013 195/195
f 567/567 1655/1655 2342/2342
f 567/567 2342/2342 1648/1648
f 1655/1655 568/568 1646/1646
f 1655/1655 1646/1646 2342/2342
f 2342/2342 1646/1646 198/198
f 2342/2342 198/198 1014/1014
f 1648/1648 2342/2342 1014/1014
f 1648/1648 1014/1014 196/196
f 570/570 1654/1654 2343/2343
f 570/570 2343/2343 1667/1667
f 1654/1654 568/568 1655/1655
f 1654/1654 1655/1655 2343/2343
f 2343/2343 1655/1655 567/567
f 2343/2343 567/567 1657/1657
f 1667/1667 2343/2343 1657/1657
f 1667/1667 1657/1657 571/571
f 655/655 1660/1660 2344/2344
f 655/655 2344/2344 1658/1658
f 1660/1660 137/137 1027/1027
f 1660/1660 1027/1027 2344/2344
f 2344/2344 1027/1027 193/193
f 2344/2344 193/193 1650/1650
f 1658/1658 2344/2344 1650/1650
f 1658/1658 1650/1650 564/564
f 571/571 1657/1657 2345/2345
f 571/571 2345/2345 1666/1666
f 1657/1657 567/567 1656/1656
f 1657/1657 1656/1656 2345/2345
f 2345/2345 1656/1656 566/566
f 2345/2345 566/566 1659/1659
f 1666/1666 2345/2345 1659/1659
f 1666/1666 1659/1659 572/572
f 569/569 1817/1817 2346/2346
f 569/569 2346/2346 1670/1670
f 1817/1817 135/135 1047/1047
f 1817/1817 1047/1047 2346/2346
f 2346/2346 1047/1047 211/211
f 2346/2346 211/211 1675/1675
f 1670/1670 2346/2346 1675/1675
f 1670/1670 1675/1675 574/574
f 565/565 1651/1651 2347/2347
f 565/565 2347/2347 1664/1664
f 1651/1651 529/529 1663/1663
f 1651/1651 1663/1663 2347/2347
f 2347/2347 1663/1663 572/572
f 2347/2347 572/572 1665/1665
f 1664/1664 2347/2347 1665/1665
f 1664/1664 1665/1665 573/573
f 530/530 1662/1662 2348/2348
f 530/530 2348/2348 1575/1575
f 1662/1662 571/571 1666/1666
f 1662/1662 1666/1666 2348/2348
f 2348/2348 1666/1666 572/572
f 2348/2348 572/572 1663/1663
f 1575/1575 2348/2348 1663/1663
f 1575/1575 1663/1663 529/529
f 531/531 1576/1576 2349/2349
f 531/531 2349/2349 1661/1661
f 1576/1576 141/141 1034/1034
f 1576/1576 1034/1034 2349/2349
f 2349/2349 1034/1034 205/205
f 2349/2349 205/205 1668/1668
f 1661/1661 2349/2349 1668/1668
f 1661/1661 1668/1668 570/570
f 566/566 1649/1649 2350/2350
f 566/566 2350/2350 1799/1799
f 1649/1649 195/195 922/922
f 1649/1649 922/922 2350/2350
f 2350/2350 922/922 137/137
f 2350/2350 137/137 1660/1660
f 1799/1799 2350/2350 1660/1660
f 1799/1799 1660/1660 655/655
f 669/669 1672/1672 2351/2351
f 669/669 2351/2351 1628/1628
f 1672/1672 574/574 1675/1675
f 1672/1672 1675/1675 2351/2351
f 2351/2351 1675/1675 211/211
f 2351/2351 211/211 1032/1032
f 1628/1628 2351/2351 1032/1032
f 1628/1628 1032/1032 376/376
f 575/575 1674/1674 2352/2352
f 575/575 2352/2352 1671/1671
f 1674/1674 574/574 1672/1672
f 1674/1674 1672/1672 2352/2352
f 2352/2352 1672/1672 669/669
f 2352/2352 669/669 1607/1607
f 1671/1671 2352/2352 1607/1607
f 1671/1671 1607/1607 543/543
f 528/528 1582/1582 2353/2353
f 528/528 2353/2353 1673/1673
f 1582/1582 569/569 1670/1670
f 1582/1582 1670/1670 2353/2353
f 2353/2353 1670/1670 574/574
f 2353/2353 574/574 1674/1674
f 1673/1673 2353/2353 1674/1674
f 1673/1673 1674/1674 575/575
f 538/538 1592/1592 2354/2354
f 538/538 2354/2354 1622/1622
f 1592/1592 528/528 1673/1673
f 1592/1592 1673/1673 2354/2354
f 2354/2354 1673/1673 575/575
f 2354/2354 575/575 1671/1671
f 1622/1622 2354/2354 1671/1671
f 1622/1622 1671/1671 543/543
f 556/556 1629/1629 2355/2355
f 556/556 2355/2355 1637/1637
f 1629/1629 673/673 1684/1684
f 1629/1629 1684/1684 2355/2355
f 2355/2355 1684/1684 379/379
f 2355/2355 379/379 1053/1053
f 1637/1637 2355/2355 1053/1053
f 1637/1637 1053/1053 186/186
f 557/557 1630/1630 2356/2356
f 557/557 2356/2356 1638/1638
f 1630/1630 581/581 1685/1685
f 1630/1630 1685/1685 2356/2356
f 2356/2356 1685/1685 576/576
f 2356/2356 576/576 1676/1676
f 1638/1638 2356/2356 1676/1676
f 1638/1638 1676/1676 561/561
f 558/558 1631/1631 2357/2357
f 558/558 2357/2357 1639/1639
f 1631/1631 582/582 1686/1686
f 1631/1631 1686/1686 2357/2357
f 2357/2357 1686/1686 577/577
f 2357/2357 577/577 1677/1677
f 1639/1639 2357/2357 1677/1677
f 1639/1639 1677/1677 562/562
f 559/559 1632/1632 2358/2358
f 559/559 2358/2358 1640/1640
f 1632/1632 672/672 1687/1687
f 1632/1632 1687/1687 2358/2358
f 2358/2358 1687/1687 673/673
f 2358/2358 673/673 1629/1629
f 1640/1640 2358/2358 1629/1629
f 1640/1640 1629/1629 556/556
f 560/560 1633/1633 2359/2359
f 560/560 2359/2359 1641/1641
f 1633/1633 585/585 1688/1688
f 1633/1633 1688/1688 2359/2359
f 2359/2359 1688/1688 582/582
f 2359/2359 582/582 1631/1631
f 1641/1641 2359/2359 1631/1631
f 1641/1641 1631/1631 558/558
f 561/561 1676/1676 2360/2360
f 561/561 2360/2360 1642/1642
f 1676/1676 576/576 1689/1689
f 1676/1676 1689/1689 2360/2360
f 2360/2360 1689/1689 578/578
f 2360/2360 578/578 1678/1678
f 1642/1642 2360/2360 1678/1678
f 1642/1642 1678/1678 563/563
f 563/563 1678/1678 2361/2361
f 563/563 2361/2361 1643/1643
f 1678/1678 578/578 1690/1690
f 1678/1678 1690/1690 2361/2361
f 2361/2361 1690/1690 585/585
f 2361/2361 585/585 1633/1633
f 1643/1643 2361/2361 1633/1633
f 1643/1643 1633/1633 560/560
f 183/183 990/990 2362/2362
f 183/183 2362/2362 1644/1644
f 990/990 228/228 1691/1691
f 990/990 1691/1691 2362/2362
f 2362/2362 1691/1691 581/581
f 2362/2362 581/581 1630/1630
f 1644/1644 2362/2362 1630/1630
f 1644/1644 1630/1630 557/557
f 562/562 1677/1677 2363/2363
f 562/562 2363/2363 1645/1645
f 1677/1677 577/577 1692/1692
f 1677/1677 1692/1692 2363/2363
f 2363/2363 1692/1692 672/672
f 2363/2363 672/672 1632/1632
f 1645/1645 2363/2363 1632/1632
f 1645/1645 1632/1632 559/559
f 434/434 1426/1426 2364/2364
f 434/434 2364/2364 1400/1400
f 1426/1426 488/488 1408/1408
f 1426/1426 1408/1408 2364/2364
f 2364/2364 1408/1408 496/496
f 2364/2364 496/496 1418/1418
f 1400/1400 2364/2364 1418/1418
f 1400/1400 1418/1418 429/429
f 593/593 1772/1772 2365/2365
f 593/593 2365/2365 1732/1732
f 1772/1772 248/248 1086/1086
f 1772/1772 1086/1086 2365/2365
f 2365/2365 1086/1086 246/246
f 2365/2365 246/246 1773/1773
f 1732/1732 2365/2365 1773/1773
f 1732/1732 1773/1773 653/653
f 605/605 1774/1774 2366/2366
f 605/605 2366/2366 1727/1727
f 1774/1774 258/258 1094/1094
f 1774/1774 1094/1094 2366/2366
f 2366/2366 1094/1094 248/248
f 2366/2366 248/248 1772/1772
f 1727/1727 2366/2366 1772/1772
f 1727/1727 1772/1772 593/593
f 613/613 1775/1775 2367/2367
f 613/613 2367/2367 1722/1722
f 1775/1775 250/250 1088/1088
f 1775/1775 1088/1088 2367/2367
f 2367/2367 1088/1088 258/258
f 2367/2367 258/258 1774/1774
f 1722/1722 2367/2367 1774/1774
f 1722/1722 1774/1774 605/605
f 618/618 1776/1776 2368/2368
f 618/618 2368/2368 1717/1717
f 1776/1776 252/252 1090/1090
f 1776/1776 1090/1090 2368/2368
f 2368/2368 1090/1090 250/250
f 2368/2368 250/250 1775/1775
f 1717/1717 2368/2368 1775/1775
f 1717/1717 1775/1775 613/613
f 645/645 1709/1709 2369/2369
f 645/645 2369/2369 1771/1771
f 1709/1709 615/615 1714/1714
f 1709/1709 1714/1714 2369/2369
f 2369/2369 1714/1714 692/692
f 2369/2369 692/692 1705/1705
f 1771/1771 2369/2369 1705/1705
f 1771/1771 1705/1705 644/644
f 615/615 1710/1710 2370/2370
f 615/615 2370/2370 1714/1714
f 1710/1710 616/616 1715/1715
f 1710/1710 1715/1715 2370/2370
f 2370/2370 1715/1715 693/693
f 2370/2370 693/693 1706/1706
f 1714/1714 2370/2370 1706/1706
f 1714/1714 1706/1706 692/692
f 661/661 1711/1711 2371/2371
f 661/661 2371/2371 1831/1831
f 1711/1711 617/617 1716/1716
f 1711/1711 1716/1716 2371/2371
f 2371/2371 1716/1716 695/695
f 2371/2371 695/695 1707/1707
f 1831/1831 2371/2371 1707/1707
f 1831/1831 1707/1707 694/694
f 633/633 1712/1712 2372/2372
f 633/633 2372/2372 1754/1754
f 1712/1712 618/618 1717/1717
f 1712/1712 1717/1717 2372/2372
f 2372/2372 1717/1717 613/613
f 2372/2372 613/613 1708/1708
f 1754/1754 2372/2372 1708/1708
f 1754/1754 1708/1708 698/698
f 667/667 1781/1781 2373/2373
f 667/667 2373/2373 1846/1846
f 1781/1781 614/614 1713/1713
f 1781/1781 1713/1713 2373/2373
f 2373/2373 1713/1713 606/606
f 2373/2373 606/606 1780/1780
f 1846/1846 2373/2373 1780/1780
f 1846/1846 1780/1780 666/666
f 644/644 1705/1705 2374/2374
f 644/644 2374/2374 1770/1770
f 1705/1705 692/692 1719/1719
f 1705/1705 1719/1719 2374/2374
f 2374/2374 1719/1719 696/696
f 2374/2374 696/696 1701/1701
f 1770/1770 2374/2374 1701/1701
f 1770/1770 1701/1701 643/643
f 631/631 1726/1726 2375/2375
f 631/631 2375/2375 1908/1908
f 1726/1726 714/714 1947/1947
f 1726/1726 1947/1947 2375/2375
f 2375/2375 1947/1947 705/705
f 2375/2375 705/705 1702/1702
f 1908/1908 2375/2375 1702/1702
f 1908/1908 1702/1702 611/611
f 587/587 1830/1830 2376/2376
f 587/587 2376/2376 1894/1894
f 1830/1830 711/711 1940/1940
f 1830/1830 1940/1940 2376/2376
f 2376/2376 1940/1940 706/706
f 2376/2376 706/706 1953/1953
f 1894/1894 2376/2376 1953/1953
f 1894/1894 1953/1953 589/589
f 698/698 1708/1708 2377/2377
f 698/698 2377/2377 1753/1753
f 1708/1708 613/613 1722/1722
f 1708/1708 1722/1722 2377/2377
f 2377/2377 1722/1722 605/605
f 2377/2377 605/605 1704/1704
f 1753/1753 2377/2377 1704/1704
f 1753/1753 1704/1704 699/699
f 666/666 1780/1780 2378/2378
f 666/666 2378/2378 1845/1845
f 1780/1780 606/606 1718/1718
f 1780/1780 1718/1718 2378/2378
f 2378/2378 1718/1718 602/602
f 2378/2378 602/602 1779/1779
f 1845/1845 2378/2378 1779/1779
f 1845/1845 1779/1779 665/665
f 643/643 1701/1701 2379/2379
f 643/643 2379/2379 1769/1769
f 1701/1701 696/696 1724/1724
f 1701/1701 1724/1724 2379/2379
f 2379/2379 1724/1724 688/688
f 2379/2379 688/688 1693/1693
f 1769/1769 2379/2379 1693/1693
f 1769/1769 1693/1693 640/640
f 589/589 1953/1953 2380/2380
f 589/589 2380/2380 1914/1914
f 1953/1953 706/706 1950/1950
f 1953/1953 1950/1950 2380/2380
f 2380/2380 1950/1950 709/709
f 2380/2380 709/709 1952/1952
f 1914/1914 2380/2380 1952/1952
f 1914/1914 1952/1952 656/656
f 611/611 1702/1702 2381/2381
f 611/611 2381/2381 1900/1900
f 1702/1702 705/705 1943/1943
f 1702/1702 1943/1943 2381/2381
f 2381/2381 1943/1943 710/710
f 2381/2381 710/710 1703/1703
f 1900/1900 2381/2381 1703/1703
f 1900/1900 1703/1703 659/659
f 699/699 1704/1704 2382/2382
f 699/699 2382/2382 1752/1752
f 1704/1704 605/605 1727/1727
f 1704/1704 1727/1727 2382/2382
f 2382/2382 1727/1727 593/593
f 2382/2382 593/593 1696/1696
f 1752/1752 2382/2382 1696/1696
f 1752/1752 1696/1696 697/697
f 665/665 1779/1779 2383/2383
f 665/665 2383/2383 1844/1844
f 1779/1779 602/602 1723/1723
f 1779/1779 1723/1723 2383/2383
f 2383/2383 1723/1723 586/586
f 2383/2383 586/586 1777/1777
f 1844/1844 2383/2383 1777/1777
f 1844/1844 1777/1777 663/663
f 640/640 1693/1693 2384/2384
f 640/640 2384/2384 1768/1768
f 1693/1693 688/688 1729/1729
f 1693/1693 1729/1729 2384/2384
f 2384/2384 1729/1729 649/649
f 2384/2384 649/649 1697/1697
f 1768/1768 2384/2384 1697/1697
f 1768/1768 1697/1697 648/648
f 688/688 1694/1694 2385/2385
f 688/688 2385/2385 1729/1729
f 1694/1694 689/689 1730/1730
f 1694/1694 1730/1730 2385/2385
f 2385/2385 1730/1730 650/650
f 2385/2385 650/650 1698/1698
f 1729/1729 2385/2385 1698/1698
f 1729/1729 1698/1698 649/649
f 690/690 1695/1695 2386/2386
f 690/690 2386/2386 1828/1828
f 1695/1695 691/691 1731/1731
f 1695/1695 1731/1731 2386/2386
f 2386/2386 1731/1731 651/651
f 2386/2386 651/651 1699/1699
f 1828/1828 2386/2386 1699/1699
f 1828/1828 1699/1699 658/658
f 697/697 1696/1696 2387/2387
f 697/697 2387/2387 1751/1751
f 1696/1696 593/593 1732/1732
f 1696/1696 1732/1732 2387/2387
f 2387/2387 1732/1732 653/653
f 2387/2387 653/653 1700/1700
f 1751/1751 2387/2387 1700/1700
f 1751/1751 1700/1700 652/652
f 661/661 1822/1822 2388/2388
f 661/661 2388/2388 1827/1827
f 1822/1822 616/616 1739/1739
f 1822/1822 1739/1739 2388/2388
f 2388/2388 1739/1739 621/621
f 2388/2388 621/621 1823/1823
f 1827/1827 2388/2388 1823/1823
f 1827/1827 1823/1823 662/662
f 645/645 1765/1765 2389/2389
f 645/645 2389/2389 1767/1767
f 1765/1765 614/614 1741/1741
f 1765/1765 1741/1741 2389/2389
f 2389/2389 1741/1741 619/619
f 2389/2389 619/619 1766/1766
f 1767/1767 2389/2389 1766/1766
f 1767/1767 1766/1766 646/646
f 633/633 1748/1748 2390/2390
f 633/633 2390/2390 1750/1750
f 1748/1748 617/617 1738/1738
f 1748/1748 1738/1738 2390/2390
f 2390/2390 1738/1738 622/622
f 2390/2390 622/622 1749/1749
f 1750/1750 2390/2390 1749/1749
f 1750/1750 1749/1749 634/634
f 616/616 1710/1710 2391/2391
f 616/616 2391/2391 1739/1739
f 1710/1710 615/615 1740/1740
f 1710/1710 1740/1740 2391/2391
f 2391/2391 1740/1740 620/620
f 2391/2391 620/620 1734/1734
f 1739/1739 2391/2391 1734/1734
f 1739/1739 1734/1734 621/621
f 663/663 1777/1777 2392/2392
f 663/663 2392/2392 1843/1843
f 1777/1777 586/586 1728/1728
f 1777/1777 1728/1728 2392/2392
f 2392/2392 1728/1728 654/654
f 2392/2392 654/654 1778/1778
f 1843/1843 2392/2392 1778/1778
f 1843/1843 1778/1778 664/664
f 647/647 1743/1743 2393/2393
f 647/647 2393/2393 1847/1847
f 1743/1743 619/619 1741/1741
f 1743/1743 1741/1741 2393/2393
f 2393/2393 1741/1741 614/614
f 2393/2393 614/614 1781/1781
f 1847/1847 2393/2393 1781/1781
f 1847/1847 1781/1781 667/667
f 252/252 1776/1776 2394/2394
f 252/252 2394/2394 1092/1092
f 1776/1776 618/618 1742/1742
f 1776/1776 1742/1742 2394/2394
f 2394/2394 1742/1742 623/623
f 2394/2394 623/623 1783/1783
f 1092/1092 2394/2394 1783/1783
f 1092/1092 1783/1783 254/254
f 337/337 1181/1181 2395/2395
f 337/337 2395/2395 1796/1796
f 1181/1181 365/365 1835/1835
f 1181/1181 1835/1835 2395/2395
f 2395/2395 1835/1835 594/594
f 2395/2395 594/594 1879/1879
f 1796/1796 2395/2395 1879/1879
f 1796/1796 1879/1879 674/674
f 298/298 1147/1147 2396/2396
f 298/298 2396/2396 1787/1787
f 1147/1147 244/244 1786/1786
f 1147/1147 1786/1786 2396/2396
f 2396/2396 1786/1786 678/678
f 2396/2396 678/678 1878/1878
f 1787/1787 2396/2396 1878/1878
f 1787/1787 1878/1878 679/679
f 618/618 1712/1712 2397/2397
f 618/618 2397/2397 1742/1742
f 1712/1712 633/633 1750/1750
f 1712/1712 1750/1750 2397/2397
f 2397/2397 1750/1750 634/634
f 2397/2397 634/634 1736/1736
f 1742/1742 2397/2397 1736/1736
f 1742/1742 1736/1736 623/623
f 691/691 1744/1744 2398/2398
f 691/691 2398/2398 1731/1731
f 1744/1744 697/697 1751/1751
f 1744/1744 1751/1751 2398/2398
f 2398/2398 1751/1751 652/652
f 2398/2398 652/652 1745/1745
f 1731/1731 2398/2398 1745/1745
f 1731/1731 1745/1745 651/651
f 591/591 1720/1720 2399/2399
f 591/591 2399/2399 1906/1906
f 1720/1720 707/707 1946/1946
f 1720/1720 1946/1946 2399/2399
f 2399/2399 1946/1946 713/713
f 2399/2399 713/713 1721/1721
f 1906/1906 2399/2399 1721/1721
f 1906/1906 1721/1721 625/625
f 629/629 1725/1725 2400/2400
f 629/629 2400/2400 1912/1912
f 1725/1725 708/708 1949/1949
f 1725/1725 1949/1949 2400/2400
f 2400/2400 1949/1949 714/714
f 2400/2400 714/714 1726/1726
f 1912/1912 2400/2400 1726/1726
f 1912/1912 1726/1726 631/631
f 617/617 1748/1748 2401/2401
f 617/617 2401/2401 1716/1716
f 1748/1748 633/633 1754/1754
f 1748/1748 1754/1754 2401/2401
f 2401/2401 1754/1754 698/698
f 2401/2401 698/698 1747/1747
f 1716/1716 2401/2401 1747/1747
f 1716/1716 1747/1747 695/695
f 391/391 1084/1084 2402/2402
f 391/391 2402/2402 1880/1880
f 1084/1084 298/298 1787/1787
f 1084/1084 1787/1787 2402/2402
f 2402/2402 1787/1787 679/679
f 2402/2402 679/679 1877/1877
f 1880/1880 2402/2402 1877/1877
f 1880/1880 1877/1877 601/601
f 311/311 1788/1788 2403/2403
f 311/311 2403/2403 1257/1257
f 1788/1788 634/634 1749/1749
f 1788/1788 1749/1749 2403/2403
f 2403/2403 1749/1749 622/622
f 2403/2403 622/622 1833/1833
f 1257/1257 2403/2403 1833/1833
f 1257/1257 1833/1833 359/359
f 638/638 1795/1795 2404/2404
f 638/638 2404/2404 1758/1758
f 1795/1795 325/325 1161/1161
f 1795/1795 1161/1161 2404/2404
f 2404/2404 1161/1161 320/320
f 2404/2404 320/320 1792/1792
f 1758/1758 2404/2404 1792/1792
f 1758/1758 1792/1792 637/637
f 639/639 1760/1760 2405/2405
f 639/639 2405/2405 1757/1757
f 1760/1760 638/638 1758/1758
f 1760/1760 1758/1758 2405/2405
f 2405/2405 1758/1758 637/637
f 2405/2405 637/637 1755/1755
f 1757/1757 2405/2405 1755/1755
f 1757/1757 1755/1755 636/636
f 328/328 1794/1794 2406/2406
f 328/328 2406/2406 1172/1172
f 1794/1794 639/639 1757/1757
f 1794/1794 1757/1757 2406/2406
f 2406/2406 1757/1757 636/636
f 2406/2406 636/636 1791/1791
f 1172/1172 2406/2406 1791/1791
f 1172/1172 1791/1791 317/317
f 624/624 1737/1737 2407/2407
f 624/624 2407/2407 1759/1759
f 1737/1737 635/635 1756/1756
f 1737/1737 1756/1756 2407/2407
f 2407/2407 1756/1756 638/638
f 2407/2407 638/638 1760/1760
f 1759/1759 2407/2407 1760/1760
f 1759/1759 1760/1760 639/639
f 321/321 1167/1167 2408/2408
f 321/321 2408/2408 1793/1793
f 1167/1167 316/316 1790/1790
f 1167/1167 1790/1790 2408/2408
f 2408/2408 1790/1790 636/636
f 2408/2408 636/636 1755/1755
f 1793/1793 2408/2408 1755/1755
f 1793/1793 1755/1755 637/637
f 256/256 1784/1784 2409/2409
f 256/256 2409/2409 1164/1164
f 1784/1784 624/624 1759/1759
f 1784/1784 1759/1759 2409/2409
f 2409/2409 1759/1759 639/639
f 2409/2409 639/639 1794/1794
f 1164/1164 2409/2409 1794/1794
f 1164/1164 1794/1794 328/328
f 635/635 1789/1789 2410/2410
f 635/635 2410/2410 1756/1756
f 1789/1789 312/312 1169/1169
f 1789/1789 1169/1169 2410/2410
f 2410/2410 1169/1169 325/325
f 2410/2410 325/325 1795/1795
f 1756/1756 2410/2410 1795/1795
f 1756/1756 1795/1795 638/638
f 615/615 1709/1709 2411/2411
f 615/615 2411/2411 1740/1740
f 1709/1709 645/645 1767/1767
f 1709/1709 1767/1767 2411/2411
f 2411/2411 1767/1767 646/646
f 2411/2411 646/646 1733/1733
f 1740/1740 2411/2411 1733/1733
f 1740/1740 1733/1733 620/620
f 586/586 1761/1761 2412/2412
f 586/586 2412/2412 1728/1728
f 1761/1761 640/640 1768/1768
f 1761/1761 1768/1768 2412/2412
f 2412/2412 1768/1768 648/648
f 2412/2412 648/648 1762/1762
f 1728/1728 2412/2412 1762/1762
f 1728/1728 1762/1762 654/654
f 602/602 1763/1763 2413/2413
f 602/602 2413/2413 1723/1723
f 1763/1763 643/643 1769/1769
f 1763/1763 1769/1769 2413/2413
f 2413/2413 1769/1769 640/640
f 2413/2413 640/640 1761/1761
f 1723/1723 2413/2413 1761/1761
f 1723/1723 1761/1761 586/586
f 606/606 1764/1764 2414/2414
f 606/606 2414/2414 1718/1718
f 1764/1764 644/644 1770/1770
f 1764/1764 1770/1770 2414/2414
f 2414/2414 1770/1770 643/643
f 2414/2414 643/643 1763/1763
f 1718/1718 2414/2414 1763/1763
f 1718/1718 1763/1763 602/602
f 614/614 1765/1765 2415/2415
f 614/614 2415/2415 1713/1713
f 1765/1765 645/645 1771/1771
f 1765/1765 1771/1771 2415/2415
f 2415/2415 1771/1771 644/644
f 2415/2415 644/644 1764/1764
f 1713/1713 2415/2415 1764/1764
f 1713/1713 1764/1764 606/606
f 579/579 1797/1797 2416/2416
f 579/579 2416/2416 1858/1858
f 1797/1797 647/647 1782/1782
f 1797/1797 1782/1782 2416/2416
f 2416/2416 1782/1782 231/231
f 2416/2416 231/231 1213/1213
f 1858/1858 2416/2416 1213/1213
f 1858/1858 1213/1213 215/215
f 583/583 1798/1798 2417/2417
f 583/583 2417/2417 1856/1856
f 1798/1798 619/619 1743/1743
f 1798/1798 1743/1743 2417/2417
f 2417/2417 1743/1743 647/647
f 2417/2417 647/647 1797/1797
f 1856/1856 2417/2417 1797/1797
f 1856/1856 1797/1797 579/579
f 646/646 1766/1766 2418/2418
f 646/646 2418/2418 1627/1627
f 1766/1766 619/619 1798/1798
f 1766/1766 1798/1798 2418/2418
f 2418/2418 1798/1798 583/583
f 2418/2418 583/583 1854/1854
f 1627/1627 2418/2418 1854/1854
f 1627/1627 1854/1854 548/548
f 572/572 1659/1659 2419/2419
f 572/572 2419/2419 1665/1665
f 1659/1659 566/566 1799/1799
f 1659/1659 1799/1799 2419/2419
f 2419/2419 1799/1799 655/655
f 2419/2419 655/655 1647/1647
f 1665/1665 2419/2419 1647/1647
f 1665/1665 1647/1647 573/573
f 243/243 1146/1146 2420/2420
f 243/243 2420/2420 1785/1785
f 1146/1146 337/337 1796/1796
f 1146/1146 1796/1796 2420/2420
f 2420/2420 1796/1796 674/674
f 2420/2420 674/674 1874/1874
f 1785/1785 2420/2420 1874/1874
f 1785/1785 1874/1874 675/675
f 642/642 1865/1865 2421/2421
f 642/642 2421/2421 1801/1801
f 1865/1865 648/648 1697/1697
f 1865/1865 1697/1697 2421/2421
f 2421/2421 1697/1697 649/649
f 2421/2421 649/649 1866/1866
f 1801/1801 2421/2421 1866/1866
f 1801/1801 1866/1866 596/596
f 596/596 1866/1866 2422/2422
f 596/596 2422/2422 1803/1803
f 1866/1866 649/649 1698/1698
f 1866/1866 1698/1698 2422/2422
f 2422/2422 1698/1698 650/650
f 2422/2422 650/650 1867/1867
f 1803/1803 2422/2422 1867/1867
f 1803/1803 1867/1867 598/598
f 677/677 1872/1872 2423/2423
f 677/677 2423/2423 1805/1805
f 1872/1872 658/658 1699/1699
f 1872/1872 1699/1699 2423/2423
f 2423/2423 1699/1699 651/651
f 2423/2423 651/651 1868/1868
f 1805/1805 2423/2423 1868/1868
f 1805/1805 1868/1868 600/600
f 628/628 1869/1869 2424/2424
f 628/628 2424/2424 1807/1807
f 1869/1869 652/652 1700/1700
f 1869/1869 1700/1700 2424/2424
f 2424/2424 1700/1700 653/653
f 2424/2424 653/653 1870/1870
f 1807/1807 2424/2424 1870/1870
f 1807/1807 1870/1870 681/681
f 600/600 1868/1868 2425/2425
f 600/600 2425/2425 1809/1809
f 1868/1868 651/651 1745/1745
f 1868/1868 1745/1745 2425/2425
f 2425/2425 1745/1745 652/652
f 2425/2425 652/652 1869/1869
f 1809/1809 2425/2425 1869/1869
f 1809/1809 1869/1869 628/628
f 683/683 1871/1871 2426/2426
f 683/683 2426/2426 1811/1811
f 1871/1871 654/654 1762/1762
f 1871/1871 1762/1762 2426/2426
f 2426/2426 1762/1762 648/648
f 2426/2426 648/648 1865/1865
f 1811/1811 2426/2426 1865/1865
f 1811/1811 1865/1865 642/642
f 681/681 1870/1870 2427/2427
f 681/681 2427/2427 1813/1813
f 1870/1870 653/653 1773/1773
f 1870/1870 1773/1773 2427/2427
f 2427/2427 1773/1773 246/246
f 2427/2427 246/246 1303/1303
f 1813/1813 2427/2427 1303/1303
f 1813/1813 1303/1303 348/348
f 564/564 1650/1650 2428/2428
f 564/564 2428/2428 1816/1816
f 1650/1650 193/193 1010/1010
f 1650/1650 1010/1010 2428/2428
f 2428/2428 1010/1010 135/135
f 2428/2428 135/135 1817/1817
f 1816/1816 2428/2428 1817/1817
f 1816/1816 1817/1817 569/569
f 685/685 1873/1873 2429/2429
f 685/685 2429/2429 1815/1815
f 1873/1873 664/664 1778/1778
f 1873/1873 1778/1778 2429/2429
f 2429/2429 1778/1778 654/654
f 2429/2429 654/654 1871/1871
f 1815/1815 2429/2429 1871/1871
f 1815/1815 1871/1871 683/683
f 244/244 1083/1083 2430/2430
f 244/244 2430/2430 1786/1786
f 1083/1083 397/397 1826/1826
f 1083/1083 1826/1826 2430/2430
f 2430/2430 1826/1826 687/687
f 2430/2430 687/687 1876/1876
f 1786/1786 2430/2430 1876/1876
f 1786/1786 1876/1876 678/678
f 617/617 1711/1711 2431/2431
f 617/617 2431/2431 1738/1738
f 1711/1711 661/661 1827/1827
f 1711/1711 1827/1827 2431/2431
f 2431/2431 1827/1827 662/662
f 2431/2431 662/662 1735/1735
f 1738/1738 2431/2431 1735/1735
f 1738/1738 1735/1735 622/622
f 689/689 1818/1818 2432/2432
f 689/689 2432/2432 1730/1730
f 1818/1818 690/690 1828/1828
f 1818/1818 1828/1828 2432/2432
f 2432/2432 1828/1828 658/658
f 2432/2432 658/658 1819/1819
f 1730/1730 2432/2432 1819/1819
f 1730/1730 1819/1819 650/650
f 609/609 1746/1746 2433/2433
f 609/609 2433/2433 1898/1898
f 1746/1746 704/704 1942/1942
f 1746/1746 1942/1942 2433/2433
f 2433/2433 1942/1942 712/712
f 2433/2433 712/712 1820/1820
f 1898/1898 2433/2433 1820/1820
f 1898/1898 1820/1820 607/607
f 603/603 1829/1829 2434/2434
f 603/603 2434/2434 1904/1904
f 1829/1829 700/700 1945/1945
f 1829/1829 1945/1945 2434/2434
f 2434/2434 1945/1945 711/711
f 2434/2434 711/711 1830/1830
f 1904/1904 2434/2434 1830/1830
f 1904/1904 1830/1830 587/587
f 616/616 1822/1822 2435/2435
f 616/616 2435/2435 1715/1715
f 1822/1822 661/661 1831/1831
f 1822/1822 1831/1831 2435/2435
f 2435/2435 1831/1831 694/694
f 2435/2435 694/694 1821/1821
f 1715/1715 2435/2435 1821/1821
f 1715/1715 1821/1821 693/693
f 622/622 1735/1735 2436/2436
f 622/622 2436/2436 1833/1833
f 1735/1735 662/662 1832/1832
f 1735/1735 1832/1832 2436/2436
f 2436/2436 1832/1832 361/361
f 2436/2436 361/361 1249/1249
f 1833/1833 2436/2436 1249/1249
f 1833/1833 1249/1249 359/359
f 662/662 1823/1823 2437/2437
f 662/662 2437/2437 1832/1832
f 1823/1823 621/621 1834/1834
f 1823/1823 1834/1834 2437/2437
f 2437/2437 1834/1834 363/363
f 2437/2437 363/363 1251/1251
f 1832/1832 2437/2437 1251/1251
f 1832/1832 1251/1251 361/361
f 621/621 1626/1626 2438/2438
f 621/621 2438/2438 1834/1834
f 1626/1626 544/544 1850/1850
f 1626/1626 1850/1850 2438/2438
f 2438/2438 1850/1850 144/144
f 2438/2438 144/144 1258/1258
f 1834/1834 2438/2438 1258/1258
f 1834/1834 1258/1258 363/363
f 598/598 1867/1867 2439/2439
f 598/598 2439/2439 1825/1825
f 1867/1867 650/650 1819/1819
f 1867/1867 1819/1819 2439/2439
f 2439/2439 1819/1819 658/658
f 2439/2439 658/658 1872/1872
f 1825/1825 2439/2439 1872/1872
f 1825/1825 1872/1872 677/677
f 365/365 1260/1260 2440/2440
f 365/365 2440/2440 1835/1835
f 1260/1260 394/394 1883/1883
f 1260/1260 1883/1883 2440/2440
f 2440/2440 1883/1883 668/668
f 2440/2440 668/668 1881/1881
f 1835/1835 2440/2440 1881/1881
f 1835/1835 1881/1881 594/594
f 239/239 1836/1836 2441/2441
f 239/239 2441/2441 1082/1082
f 1836/1836 663/663 1843/1843
f 1836/1836 1843/1843 2441/2441
f 2441/2441 1843/1843 664/664
f 2441/2441 664/664 1837/1837
f 1082/1082 2441/2441 1837/1837
f 1082/1082 1837/1837 350/350
f 237/237 1838/1838 2442/2442
f 237/237 2442/2442 1080/1080
f 1838/1838 665/665 1844/1844
f 1838/1838 1844/1844 2442/2442
f 2442/2442 1844/1844 663/663
f 2442/2442 663/663 1836/1836
f 1080/1080 2442/2442 1836/1836
f 1080/1080 1836/1836 239/239
f 235/235 1839/1839 2443/2443
f 235/235 2443/2443 1078/1078
f 1839/1839 666/666 1845/1845
f 1839/1839 1845/1845 2443/2443
f 2443/2443 1845/1845 665/665
f 2443/2443 665/665 1838/1838
f 1078/1078 2443/2443 1838/1838
f 1078/1078 1838/1838 237/237
f 233/233 1840/1840 2444/2444
f 233/233 2444/2444 1076/1076
f 1840/1840 667/667 1846/1846
f 1840/1840 1846/1846 2444/2444
f 2444/2444 1846/1846 666/666
f 2444/2444 666/666 1839/1839
f 1076/1076 2444/2444 1839/1839
f 1076/1076 1839/1839 235/235
f 231/231 1782/1782 2445/2445
f 231/231 2445/2445 1074/1074
f 1782/1782 647/647 1847/1847
f 1782/1782 1847/1847 2445/2445
f 2445/2445 1847/1847 667/667
f 2445/2445 667/667 1840/1840
f 1074/1074 2445/2445 1840/1840
f 1074/1074 1840/1840 233/233
f 217/217 1287/1287 2446/2446
f 217/217 2446/2446 1859/1859
f 1287/1287 379/379 1684/1684
f 1287/1287 1684/1684 2446/2446
f 2446/2446 1684/1684 673/673
f 2446/2446 673/673 1860/1860
f 1859/1859 2446/2446 1860/1860
f 1859/1859 1860/1860 580/580
f 580/580 1860/1860 2447/2447
f 580/580 2447/2447 1857/1857
f 1860/1860 673/673 1687/1687
f 1860/1860 1687/1687 2447/2447
f 2447/2447 1687/1687 672/672
f 2447/2447 672/672 1861/1861
f 1857/1857 2447/2447 1861/1861
f 1857/1857 1861/1861 584/584
f 584/584 1861/1861 2448/2448
f 584/584 2448/2448 1855/1855
f 1861/1861 672/672 1682/1682
f 1861/1861 1682/1682 2448/2448
f 2448/2448 1682/1682 671/671
f 2448/2448 671/671 1862/1862
f 1855/1855 2448/2448 1862/1862
f 1855/1855 1862/1862 549/549
f 549/549 1862/1862 2449/2449
f 549/549 2449/2449 1853/1853
f 1862/1862 671/671 1599/1599
f 1862/1862 1599/1599 2449/2449
f 2449/2449 1599/1599 670/670
f 2449/2449 670/670 1863/1863
f 1853/1853 2449/2449 1863/1863
f 1853/1853 1863/1863 547/547
f 547/547 1863/1863 2450/2450
f 547/547 2450/2450 1849/1849
f 1863/1863 670/670 1598/1598
f 1863/1863 1598/1598 2450/2450
f 2450/2450 1598/1598 669/669
f 2450/2450 669/669 1864/1864
f 1849/1849 2450/2450 1864/1864
f 1849/1849 1864/1864 545/545
f 545/545 1864/1864 2451/2451
f 545/545 2451/2451 1851/1851
f 1864/1864 669/669 1628/1628
f 1864/1864 1628/1628 2451/2451
f 2451/2451 1628/1628 376/376
f 2451/2451 376/376 1294/1294
f 1851/1851 2451/2451 1294/1294
f 1851/1851 1294/1294 147/147
f 242/242 1305/1305 2452/2452
f 242/242 2452/2452 1842/1842
f 1305/1305 350/350 1837/1837
f 1305/1305 1837/1837 2452/2452
f 2452/2452 1837/1837 664/664
f 2452/2452 664/664 1873/1873
f 1842/1842 2452/2452 1873/1873
f 1842/1842 1873/1873 685/685
f 674/674 1884/1884 2453/2453
f 674/674 2453/2453 1874/1874
f 1884/1884 641/641 1800/1800
f 1884/1884 1800/1800 2453/2453
f 2453/2453 1800/1800 595/595
f 2453/2453 595/595 1885/1885
f 1874/1874 2453/2453 1885/1885
f 1874/1874 1885/1885 675/675
f 675/675 1885/1885 2454/2454
f 675/675 2454/2454 1875/1875
f 1885/1885 595/595 1802/1802
f 1885/1885 1802/1802 2454/2454
f 2454/2454 1802/1802 597/597
f 2454/2454 597/597 1886/1886
f 1875/1875 2454/2454 1886/1886
f 1875/1875 1886/1886 686/686
f 687/687 1887/1887 2455/2455
f 687/687 2455/2455 1876/1876
f 1887/1887 676/676 1804/1804
f 1887/1887 1804/1804 2455/2455
f 2455/2455 1804/1804 599/599
f 2455/2455 599/599 1888/1888
f 1876/1876 2455/2455 1888/1888
f 1876/1876 1888/1888 678/678
f 679/679 1889/1889 2456/2456
f 679/679 2456/2456 1877/1877
f 1889/1889 627/627 1806/1806
f 1889/1889 1806/1806 2456/2456
f 2456/2456 1806/1806 680/680
f 2456/2456 680/680 1890/1890
f 1877/1877 2456/2456 1890/1890
f 1877/1877 1890/1890 601/601
f 678/678 1888/1888 2457/2457
f 678/678 2457/2457 1878/1878
f 1888/1888 599/599 1808/1808
f 1888/1888 1808/1808 2457/2457
f 2457/2457 1808/1808 627/627
f 2457/2457 627/627 1889/1889
f 1878/1878 2457/2457 1889/1889
f 1878/1878 1889/1889 679/679
f 594/594 1891/1891 2458/2458
f 594/594 2458/2458 1879/1879
f 1891/1891 682/682 1810/1810
f 1891/1891 1810/1810 2458/2458
f 2458/2458 1810/1810 641/641
f 2458/2458 641/641 1884/1884
f 1879/1879 2458/2458 1884/1884
f 1879/1879 1884/1884 674/674
f 601/601 1890/1890 2459/2459
f 601/601 2459/2459 1880/1880
f 1890/1890 680/680 1812/1812
f 1890/1890 1812/1812 2459/2459
f 2459/2459 1812/1812 347/347
f 2459/2459 347/347 1326/1326
f 1880/1880 2459/2459 1326/1326
f 1880/1880 1326/1326 391/391
f 668/668 1892/1892 2460/2460
f 668/668 2460/2460 1881/1881
f 1892/1892 684/684 1814/1814
f 1892/1892 1814/1814 2460/2460
f 2460/2460 1814/1814 682/682
f 2460/2460 682/682 1891/1891
f 1881/1881 2460/2460 1891/1891
f 1881/1881 1891/1891 594/594
f 686/686 1886/1886 2461/2461
f 686/686 2461/2461 1882/1882
f 1886/1886 597/597 1824/1824
f 1886/1886 1824/1824 2461/2461
f 2461/2461 1824/1824 676/676
f 2461/2461 676/676 1887/1887
f 1882/1882 2461/2461 1887/1887
f 1882/1882 1887/1887 687/687
f 394/394 1328/1328 2462/2462
f 394/394 2462/2462 1883/1883
f 1328/1328 241/241 1841/1841
f 1328/1328 1841/1841 2462/2462
f 2462/2462 1841/1841 684/684
f 2462/2462 684/684 1892/1892
f 1883/1883 2462/2462 1892/1892
f 1883/1883 1892/1892 668/668
f 243/243 1785/1785 2463/2463
f 243/243 2463/2463 1330/1330
f 1785/1785 675/675 1875/1875
f 1785/1785 1875/1875 2463/2463
f 2463/2463 1875/1875 686/686
f 2463/2463 686/686 1893/1893
f 1330/1330 2463/2463 1893/1893
f 1330/1330 1893/1893 398/398
f 398/398 1893/1893 2464/2464
f 398/398 2464/2464 1331/1331
f 1893/1893 686/686 1882/1882
f 1893/1893 1882/1882 2464/2464
f 2464/2464 1882/1882 687/687
f 2464/2464 687/687 1826/1826
f 1331/1331 2464/2464 1826/1826
f 1331/1331 1826/1826 397/397
f 590/590 1918/1918 2465/2465
f 590/590 2465/2465 1895/1895
f 1918/1918 689/689 1694/1694
f 1918/1918 1694/1694 2465/2465
f 2465/2465 1694/1694 688/688
f 2465/2465 688/688 1919/1919
f 1895/1895 2465/2465 1919/1919
f 1895/1895 1919/1919 588/588
f 592/592 1920/1920 2466/2466
f 592/592 2466/2466 1897/1897
f 1920/1920 691/691 1695/1695
f 1920/1920 1695/1695 2466/2466
f 2466/2466 1695/1695 690/690
f 2466/2466 690/690 1921/1921
f 1897/1897 2466/2466 1921/1921
f 1897/1897 1921/1921 657/657
f 608/608 1922/1922 2467/2467
f 608/608 2467/2467 1899/1899
f 1922/1922 692/692 1706/1706
f 1922/1922 1706/1706 2467/2467
f 2467/2467 1706/1706 693/693
f 2467/2467 693/693 1923/1923
f 1899/1899 2467/2467 1923/1923
f 1899/1899 1923/1923 610/610
f 660/660 1924/1924 2468/2468
f 660/660 2468/2468 1901/1901
f 1924/1924 694/694 1707/1707
f 1924/1924 1707/1707 2468/2468
f 2468/2468 1707/1707 695/695
f 2468/2468 695/695 1925/1925
f 1901/1901 2468/2468 1925/1925
f 1901/1901 1925/1925 612/612
f 604/604 1926/1926 2469/2469
f 604/604 2469/2469 1903/1903
f 1926/1926 696/696 1719/1719
f 1926/1926 1719/1719 2469/2469
f 2469/2469 1719/1719 692/692
f 2469/2469 692/692 1922/1922
f 1903/1903 2469/2469 1922/1922
f 1903/1903 1922/1922 608/608
f 588/588 1919/1919 2470/2470
f 588/588 2470/2470 1905/1905
f 1919/1919 688/688 1724/1724
f 1919/1919 1724/1724 2470/2470
f 2470/2470 1724/1724 696/696
f 2470/2470 696/696 1926/1926
f 1905/1905 2470/2470 1926/1926
f 1905/1905 1926/1926 604/604
f 626/626 1927/1927 2471/2471
f 626/626 2471/2471 1907/1907
f 1927/1927 697/697 1744/1744
f 1927/1927 1744/1744 2471/2471
f 2471/2471 1744/1744 691/691
f 2471/2471 691/691 1920/1920
f 1907/1907 2471/2471 1920/1920
f 1907/1907 1920/1920 592/592
f 612/612 1925/1925 2472/2472
f 612/612 2472/2472 1909/1909
f 1925/1925 695/695 1747/1747
f 1925/1925 1747/1747 2472/2472
f 2472/2472 1747/1747 698/698
f 2472/2472 698/698 1928/1928
f 1909/1909 2472/2472 1928/1928
f 1909/1909 1928/1928 632/632
f 630/630 1929/1929 2473/2473
f 630/630 2473/2473 1911/1911
f 1929/1929 699/699 1752/1752
f 1929/1929 1752/1752 2473/2473
f 2473/2473 1752/1752 697/697
f 2473/2473 697/697 1927/1927
f 1911/1911 2473/2473 1927/1927
f 1911/1911 1927/1927 626/626
f 632/632 1928/1928 2474/2474
f 632/632 2474/2474 1913/1913
f 1928/1928 698/698 1753/1753
f 1928/1928 1753/1753 2474/2474
f 2474/2474 1753/1753 699/699
f 2474/2474 699/699 1929/1929
f 1913/1913 2474/2474 1929/1929
f 1913/1913 1929/1929 630/630
f 657/657 1921/1921 2475/2475
f 657/657 2475/2475 1915/1915
f 1921/1921 690/690 1818/1818
f 1921/1921 1818/1818 2475/2475
f 2475/2475 1818/1818 689/689
f 2475/2475 689/689 1918/1918
f 1915/1915 2475/2475 1918/1918
f 1915/1915 1918/1918 590/590
f 610/610 1923/1923 2476/2476
f 610/610 2476/2476 1917/1917
f 1923/1923 693/693 1821/1821
f 1923/1923 1821/1821 2476/2476
f 2476/2476 1821/1821 694/694
f 2476/2476 694/694 1924/1924
f 1917/1917 2476/2476 1924/1924
f 1917/1917 1924/1924 660/660
f 712/712 1942/1942 2477/2477
f 712/712 2477/2477 1944/1944
f 1942/1942 704/704 1932/1932
f 1942/1942 1932/1932 2477/2477
f 2477/2477 1932/1932 701/701
f 2477/2477 701/701 1930/1930
f 1944/1944 2477/2477 1930/1930
f 1944/1944 1930/1930 700/700
f 710/710 1943/1943 2478/2478
f 710/710 2478/2478 1939/1939
f 1943/1943 705/705 1933/1933
f 1943/1943 1933/1933 2478/2478
f 2478/2478 1933/1933 703/703
f 2478/2478 703/703 1931/1931
f 1939/1939 2478/2478 1931/1931
f 1939/1939 1931/1931 702/702
f 700/700 1930/1930 2479/2479
f 700/700 2479/2479 1945/1945
f 1930/1930 701/701 1934/1934
f 1930/1930 1934/1934 2479/2479
f 2479/2479 1934/1934 706/706
f 2479/2479 706/706 1940/1940
f 1945/1945 2479/2479 1940/1940
f 1945/1945 1940/1940 711/711
f 702/702 1931/1931 2480/2480
f 702/702 2480/2480 1938/1938
f 1931/1931 703/703 1935/1935
f 1931/1931 1935/1935 2480/2480
f 2480/2480 1935/1935 707/707
f 2480/2480 707/707 1941/1941
f 1938/1938 2480/2480 1941/1941
f 1938/1938 1941/1941 709/709
f 703/703 1936/1936 2481/2481
f 703/703 2481/2481 1935/1935
f 1936/1936 708/708 1948/1948
f 1936/1936 1948/1948 2481/2481
f 2481/2481 1948/1948 713/713
f 2481/2481 713/713 1946/1946
f 1935/1935 2481/2481 1946/1946
f 1935/1935 1946/1946 707/707
f 705/705 1947/1947 2482/2482
f 705/705 2482/2482 1933/1933
f 1947/1947 714/714 1949/1949
f 1947/1947 1949/1949 2482/2482
f 2482/2482 1949/1949 708/708
f 2482/2482 708/708 1936/1936
f 1933/1933 2482/2482 1936/1936
f 1933/1933 1936/1936 703/703
f 701/701 1937/1937 2483/2483
f 701/701 2483/2483 1934/1934
f 1937/1937 702/702 1938/1938
f 1937/1937 1938/1938 2483/2483
f 2483/2483 1938/1938 709/709
f 2483/2483 709/709 1950/1950
f 1934/1934 2483/2483 1950/1950
f 1934/1934 1950/1950 706/706
f 704/704 1951/1951 2484/2484
f 704/704 2484/2484 1932/1932
f 1951/1951 710/710 1939/1939
f 1951/1951 1939/1939 2484/2484
f 2484/2484 1939/1939 702/702
f 2484/2484 702/702 1937/1937
f 1932/1932 2484/2484 1937/1937
f 1932/1932 1937/1937 701/701
f 607/607 1820/1820 2485/2485
f 607/607 2485/2485 1902/1902
f 1820/1820 712/712 1944/1944
f 1820/1820 1944/1944 2485/2485
f 2485/2485 1944/1944 700/700
f 2485/2485 700/700 1829/1829
f 1902/1902 2485/2485 1829/1829
f 1902/1902 1829/1829 603/603
f 659/659 1703/1703 2486/2486
f 659/659 2486/2486 1916/1916
f 1703/1703 710/710 1951/1951
f 1703/1703 1951/1951 2486/2486
f 2486/2486 1951/1951 704/704
f 2486/2486 704/704 1746/1746
f 1916/1916 2486/2486 1746/1746
f 1916/1916 1746/1746 609/609
f 656/656 1952/1952 2487/2487
f 656/656 2487/2487 1896/1896
f 1952/1952 709/709 1941/1941
f 1952/1952 1941/1941 2487/2487
f 2487/2487 1941/1941 707/707
f 2487/2487 707/707 1720/1720
f 1896/1896 2487/2487 1720/1720
f 1896/1896 1720/1720 591/591
f 625/625 1721/1721 2488/2488
f 625/625 2488/2488 1910/1910
f 1721/1721 713/713 1948/1948
f 1721/1721 1948/1948 2488/2488
f 2488/2488 1948/1948 708/708
f 2488/2488 708/708 1725/1725
f 1910/1910 2488/2488 1725/1725
f 1910/1910 1725/1725 629/629
f 531/531 1661/1661 2489/2489
f 531/531 2489/2489 1577/1577
f 1661/1661 570/570 1667/1667
f 1661/1661 1667/1667 2489/2489
f 2489/2489 1667/1667 571/571
f 2489/2489 571/571 1662/1662
f 1577/1577 2489/2489 1662/1662
f 1577/1577 1662/1662 530/530

