# HWR household_v1 locked asset
mtllib cleaner_pink.mtl

o Cylinder
usemtl all_purpose_cleaner
v -0.04962351 -0.00000001 0.25781111
v -0.04962351 -0.00000001 0.25781111
v -0.04962351 -0.00000001 0.25781111
v -0.04873580 -0.00000001 0.26655009
v -0.04873580 -0.00000001 0.26655009
v -0.04873580 -0.00000001 0.26655009
v -0.04873580 -0.00000001 0.26655009
v -0.04646394 0.01179169 0.25781111
v -0.04646394 0.01179169 0.25781111
v -0.04569515 0.01134783 0.26655009
v -0.04569515 0.01134783 0.26655009
v -0.03783182 0.02042381 0.25781111
v -0.03783182 0.02042381 0.25781111
v -0.03738796 0.01965503 0.26655009
v -0.03738796 0.01965503 0.26655009
v -0.02604012 0.02358339 0.25781111
v -0.02604012 0.02358339 0.25781111
v -0.02604012 0.02269568 0.26655009
v -0.02604012 0.02269568 0.26655009
v -0.01424842 0.02042382 0.25781111
v -0.01424842 0.02042382 0.25781111
v -0.01469228 0.01965503 0.26655009
v -0.01469228 0.01965503 0.26655009
v -0.00561630 0.01179170 0.25781111
v -0.00561630 0.01179170 0.25781111
v -0.00638509 0.01134784 0.26655009
v -0.00638509 0.01134784 0.26655009
v -0.00245672 0.00000000 0.25781111
v -0.00245672 0.00000000 0.25781111
v -0.00334444 0.00000000 0.26655009
v -0.00334444 0.00000000 0.26655009
v -0.00561629 -0.01179169 0.25781111
v -0.00561629 -0.01179169 0.25781111
v -0.00638508 -0.01134784 0.26655009
v -0.00638508 -0.01134784 0.26655009
v -0.01424841 -0.02042382 0.25781111
v -0.01424841 -0.02042382 0.25781111
v -0.01469227 -0.01965503 0.26655009
v -0.01469227 -0.01965503 0.26655009
v -0.02604011 -0.02358340 0.25781111
v -0.02604011 -0.02358340 0.25781111
v -0.02604011 -0.02269568 0.26655009
v -0.02604011 -0.02269568 0.26655009
v -0.03783180 -0.02042383 0.25781111
v -0.03783180 -0.02042383 0.25781111
v -0.03738795 -0.01965504 0.26655009
v -0.03738795 -0.01965504 0.26655009
v -0.04646393 -0.01179171 0.25781111
v -0.04646393 -0.01179171 0.25781111
v -0.04569514 -0.01134785 0.26655009
v -0.04569514 -0.01134785 0.26655009
v -0.04082049 0.00853345 0.27976161
v -0.04082049 0.00853345 0.27976161
v -0.04310702 -0.00000001 0.27976155
v -0.04310702 -0.00000001 0.27976155
v -0.04310702 -0.00000001 0.27976155
v -0.04310702 -0.00000001 0.27976155
v -0.03457357 0.01478037 0.27976161
v -0.03457357 0.01478037 0.27976161
v -0.02604012 0.01706691 0.27976161
v -0.02604012 0.01706691 0.27976161
v -0.01750666 0.01478037 0.27976161
v -0.01750666 0.01478037 0.27976161
v -0.01125974 0.00853345 0.27976161
v -0.01125974 0.00853345 0.27976161
v -0.00897321 0.00000000 0.27976161
v -0.00897321 0.00000000 0.27976161
v -0.01125974 -0.00853345 0.27976161
v -0.01125974 -0.00853345 0.27976161
v -0.01750666 -0.01478038 0.27976161
v -0.01750666 -0.01478038 0.27976161
v -0.02604011 -0.01706691 0.27976161
v -0.02604011 -0.01706691 0.27976161
v -0.03457357 -0.01478038 0.27976161
v -0.03457357 -0.01478038 0.27976161
v -0.04082049 -0.00853346 0.27976161
v -0.04082049 -0.00853346 0.27976161
v -0.03017352 0.00238642 0.29957627
v -0.03017352 0.00238642 0.29957627
v -0.03081296 -0.00000000 0.29957627
v -0.03081296 -0.00000000 0.29957627
v -0.03081296 -0.00000000 0.29957627
v -0.02842654 0.00413341 0.29957627
v -0.02842654 0.00413341 0.29957627
v -0.02604012 0.00477285 0.29957627
v -0.02604012 0.00477285 0.29957627
v -0.02365369 0.00413341 0.29957627
v -0.02365369 0.00413341 0.29957627
v -0.02190670 0.00238642 0.29957627
v -0.02190670 0.00238642 0.29957627
v -0.02126727 -0.00000000 0.29957627
v -0.02126727 -0.00000000 0.29957627
v -0.02190671 -0.00238643 0.29957627
v -0.02190671 -0.00238643 0.29957627
v -0.02365369 -0.00413341 0.29957627
v -0.02365369 -0.00413341 0.29957627
v -0.02604011 -0.00477285 0.29957627
v -0.02604011 -0.00477285 0.29957627
v -0.02842654 -0.00413341 0.29957627
v -0.02842654 -0.00413341 0.29957627
v -0.03017353 -0.00238643 0.29957627
v -0.03017353 -0.00238643 0.29957627
v -0.03247129 0.00371303 0.29541326
v -0.03346619 -0.00000001 0.29541326
v -0.03346619 -0.00000001 0.29541326
v -0.02975316 0.00643117 0.29541326
v -0.02604012 0.00742608 0.29541326
v -0.02232708 0.00643117 0.29541326
v -0.01960894 0.00371304 0.29541326
v -0.01861404 -0.00000000 0.29541326
v -0.01960894 -0.00371304 0.29541326
v -0.02232708 -0.00643118 0.29541326
v -0.02604011 -0.00742608 0.29541326
v -0.02975315 -0.00643118 0.29541326
v -0.03247129 -0.00371305 0.29541326
v -0.03520643 0.00529217 0.28264818
v -0.03520643 0.00529217 0.28264818
v -0.03662446 -0.00000001 0.28264818
v -0.03662446 -0.00000001 0.28264818
v -0.03662446 -0.00000001 0.28264818
v -0.03662446 -0.00000001 0.28264818
v -0.03133229 0.00916631 0.28264818
v -0.03133229 0.00916631 0.28264818
v -0.02604012 0.01058434 0.28264818
v -0.02604012 0.01058434 0.28264818
v -0.02074794 0.00916631 0.28264818
v -0.02074794 0.00916631 0.28264818
v -0.01687380 0.00529217 0.28264818
v -0.01687380 0.00529217 0.28264818
v -0.01545577 -0.00000000 0.28264818
v -0.01545577 -0.00000000 0.28264818
v -0.01687380 -0.00529218 0.28264818
v -0.01687380 -0.00529218 0.28264818
v -0.02074794 -0.00916632 0.28264818
v -0.02074794 -0.00916632 0.28264818
v -0.02604011 -0.01058435 0.28264818
v -0.02604011 -0.01058435 0.28264818
v -0.03133229 -0.00916632 0.28264818
v -0.03133229 -0.00916632 0.28264818
v -0.03520643 -0.00529218 0.28264818
v -0.03520643 -0.00529218 0.28264818
v -0.03778373 0.00678017 0.28142670
v -0.03778373 0.00678017 0.28142670
v -0.03282030 0.01174361 0.28142670
v -0.03282030 0.01174361 0.28142670
v -0.03960047 -0.00000001 0.28142670
v -0.03960047 -0.00000001 0.28142670
v -0.03960047 -0.00000001 0.28142670
v -0.03960047 -0.00000001 0.28142670
v -0.03778372 -0.00678018 0.28142670
v -0.03778372 -0.00678018 0.28142670
v -0.02604012 0.01356035 0.28142670
v -0.02604012 0.01356035 0.28142670
v -0.01925994 0.01174361 0.28142670
v -0.01925994 0.01174361 0.28142670
v -0.01429651 0.00678018 0.28142670
v -0.01429651 0.00678018 0.28142670
v -0.01247976 -0.00000000 0.28142670
v -0.01247976 -0.00000000 0.28142670
v -0.01429650 -0.00678018 0.28142670
v -0.01429650 -0.00678018 0.28142670
v -0.01925994 -0.01174361 0.28142670
v -0.01925994 -0.01174361 0.28142670
v -0.02604011 -0.01356036 0.28142670
v -0.02604011 -0.01356036 0.28142670
v -0.03282029 -0.01174361 0.28142670
v -0.03282029 -0.01174361 0.28142670
v -0.02604010 -0.00000000 0.30000000
v -0.02604011 -0.00000001 0.25781103
v -0.04881516 0.00610254 0.25781111
v -0.04881516 0.00610254 0.25781111
v -0.04795787 0.00587283 0.26655009
v -0.04795787 0.00587283 0.26655009
v -0.04917964 -0.00000001 0.26218060
v -0.04917964 -0.00000001 0.26218060
v -0.04607954 0.01156976 0.26218060
v -0.04271261 0.01667248 0.25781111
v -0.04271261 0.01667248 0.25781111
v -0.04208502 0.01604490 0.26655009
v -0.04208502 0.01604490 0.26655009
v -0.03760989 0.02003942 0.26218060
v -0.03214267 0.02277504 0.25781111
v -0.03214267 0.02277504 0.25781111
v -0.03191296 0.02191775 0.26655009
v -0.03191296 0.02191775 0.26655009
v -0.02604012 0.02313953 0.26218060
v -0.01993756 0.02277504 0.25781111
v -0.01993756 0.02277504 0.25781111
v -0.02016727 0.02191775 0.26655009
v -0.02016727 0.02191775 0.26655009
v -0.01447035 0.02003943 0.26218060
v -0.00936763 0.01667249 0.25781111
v -0.00936763 0.01667249 0.25781111
v -0.00999521 0.01604491 0.26655009
v -0.00999521 0.01604491 0.26655009
v -0.00600069 0.01156977 0.26218060
v -0.00326508 0.00610256 0.25781111
v -0.00326508 0.00610256 0.25781111
v -0.00412237 0.00587285 0.26655009
v -0.00412237 0.00587285 0.26655009
v -0.00290058 0.00000000 0.26218060
v -0.00326508 -0.00610255 0.25781111
v -0.00326508 -0.00610255 0.25781111
v -0.00412236 -0.00587284 0.26655009
v -0.00412236 -0.00587284 0.26655009
v -0.00600069 -0.01156976 0.26218060
v -0.00936763 -0.01667248 0.25781111
v -0.00936763 -0.01667248 0.25781111
v -0.00999521 -0.01604490 0.26655009
v -0.00999521 -0.01604490 0.26655009
v -0.01447034 -0.02003942 0.26218060
v -0.01993756 -0.02277504 0.25781111
v -0.01993756 -0.02277504 0.25781111
v -0.02016727 -0.02191775 0.26655009
v -0.02016727 -0.02191775 0.26655009
v -0.02604011 -0.02313954 0.26218060
v -0.03214266 -0.02277504 0.25781111
v -0.03214266 -0.02277504 0.25781111
v -0.03191295 -0.02191775 0.26655009
v -0.03191295 -0.02191775 0.26655009
v -0.03760987 -0.02003944 0.26218060
v -0.04271259 -0.01667249 0.25781111
v -0.04271259 -0.01667249 0.25781111
v -0.04208502 -0.01604491 0.26655009
v -0.04208502 -0.01604491 0.26655009
v -0.04607953 -0.01156978 0.26218060
v -0.04881515 -0.00610256 0.25781111
v -0.04881515 -0.00610256 0.25781111
v -0.04795786 -0.00587285 0.26655009
v -0.04795786 -0.00587285 0.26655009
v -0.04252202 0.00441631 0.27976155
v -0.04252202 0.00441631 0.27976155
v -0.03810572 0.01206559 0.27976161
v -0.03810572 0.01206559 0.27976161
v -0.03045643 0.01648191 0.27976161
v -0.03045643 0.01648191 0.27976161
v -0.02162380 0.01648191 0.27976161
v -0.02162380 0.01648191 0.27976161
v -0.01397452 0.01206560 0.27976161
v -0.01397452 0.01206560 0.27976161
v -0.00955820 0.00441632 0.27976161
v -0.00955820 0.00441632 0.27976161
v -0.00955820 -0.00441631 0.27976161
v -0.00955820 -0.00441631 0.27976161
v -0.01397451 -0.01206560 0.27976161
v -0.01397451 -0.01206560 0.27976161
v -0.02162380 -0.01648192 0.27976161
v -0.02162380 -0.01648192 0.27976161
v -0.03045642 -0.01648192 0.27976161
v -0.03045642 -0.01648192 0.27976161
v -0.03810571 -0.01206561 0.27976161
v -0.03810571 -0.01206561 0.27976161
v -0.04252202 -0.00441632 0.27976161
v -0.04252202 -0.00441632 0.27976161
v -0.00899471 -0.00984117 0.27423833
v -0.01619894 -0.01704540 0.27423833
v -0.00635778 0.00000000 0.27423833
v -0.00899471 0.00984117 0.27423833
v -0.01619895 0.01704540 0.27423833
v -0.02604012 0.01968233 0.27423833
v -0.04308551 -0.00984118 0.27423833
v -0.04572245 -0.00000001 0.27423830
v -0.04572245 -0.00000001 0.27423830
v -0.04308552 0.00984116 0.27423833
v -0.03588129 0.01704540 0.27423833
v -0.03588128 -0.01704541 0.27423833
v -0.02604011 -0.01968234 0.27423833
v -0.03321166 0.00192160 0.29541329
v -0.03129005 0.00524993 0.29541326
v -0.02796172 0.00717154 0.29541326
v -0.02411851 0.00717154 0.29541326
v -0.02079019 0.00524993 0.29541326
v -0.01886857 0.00192161 0.29541326
v -0.01886858 -0.00192161 0.29541326
v -0.02079018 -0.00524993 0.29541326
v -0.02411850 -0.00717154 0.29541326
v -0.02796172 -0.00717154 0.29541326
v -0.03129004 -0.00524994 0.29541326
v -0.03321165 -0.00192161 0.29541326
v -0.03069851 0.00124821 0.29957625
v -0.03069851 0.00124821 0.29957625
v -0.02945030 0.00341018 0.29957627
v -0.02945030 0.00341018 0.29957627
v -0.02728833 0.00465839 0.29957627
v -0.02728833 0.00465839 0.29957627
v -0.02479191 0.00465839 0.29957627
v -0.02479191 0.00465839 0.29957627
v -0.02262994 0.00341018 0.29957627
v -0.02262994 0.00341018 0.29957627
v -0.02138172 0.00124821 0.29957627
v -0.02138172 0.00124821 0.29957627
v -0.02138172 -0.00124821 0.29957627
v -0.02138172 -0.00124821 0.29957627
v -0.02262993 -0.00341018 0.29957627
v -0.02262993 -0.00341018 0.29957627
v -0.02479190 -0.00465839 0.29957627
v -0.02479190 -0.00465839 0.29957627
v -0.02728833 -0.00465840 0.29957627
v -0.02728833 -0.00465840 0.29957627
v -0.02945029 -0.00341018 0.29957627
v -0.02945029 -0.00341018 0.29957627
v -0.03069851 -0.00124822 0.29957627
v -0.03069851 -0.00124822 0.29957627
v -0.03217802 -0.00000000 0.29842034
v -0.03217802 -0.00000000 0.29842034
v -0.03135570 0.00306895 0.29842036
v -0.02910907 0.00531558 0.29842034
v -0.02604012 0.00613790 0.29842034
v -0.02297116 0.00531558 0.29842034
v -0.02072453 0.00306895 0.29842034
v -0.01990221 -0.00000000 0.29842034
v -0.02072453 -0.00306895 0.29842034
v -0.02297116 -0.00531558 0.29842034
v -0.02604011 -0.00613791 0.29842034
v -0.02910907 -0.00531559 0.29842034
v -0.03135569 -0.00306896 0.29842034
v -0.03626167 0.00273885 0.28264818
v -0.03626167 0.00273885 0.28264818
v -0.03352282 0.00748269 0.28264821
v -0.03352282 0.00748269 0.28264821
v -0.02877898 0.01022155 0.28264821
v -0.02877898 0.01022155 0.28264821
v -0.02330126 0.01022155 0.28264821
v -0.02330126 0.01022155 0.28264821
v -0.01855742 0.00748270 0.28264821
v -0.01855742 0.00748270 0.28264821
v -0.01581856 0.00273886 0.28264821
v -0.01581856 0.00273886 0.28264821
v -0.01581856 -0.00273886 0.28264821
v -0.01581856 -0.00273886 0.28264821
v -0.01855742 -0.00748270 0.28264821
v -0.01855742 -0.00748270 0.28264821
v -0.02330125 -0.01022156 0.28264821
v -0.02330125 -0.01022156 0.28264821
v -0.02877897 -0.01022156 0.28264821
v -0.02877897 -0.01022156 0.28264821
v -0.03352281 -0.00748270 0.28264821
v -0.03352281 -0.00748270 0.28264821
v -0.03626167 -0.00273886 0.28264821
v -0.03626167 -0.00273886 0.28264821
v -0.03377309 0.00446463 0.28979746
v -0.03496938 -0.00000001 0.28979743
v -0.03496938 -0.00000001 0.28979743
v -0.03649508 0.00603617 0.28203744
v -0.03359745 0.01308969 0.28167663
v -0.03811246 -0.00000001 0.28203744
v -0.03811246 -0.00000001 0.28203744
v -0.03050475 0.00773297 0.28979746
v -0.03377309 -0.00446464 0.28979746
v -0.03649507 -0.00603618 0.28203744
v -0.02604012 0.01511467 0.28167663
v -0.02604012 0.00892927 0.28979746
v -0.02157548 0.00773297 0.28979746
v -0.01848278 0.01308969 0.28167660
v -0.01830714 0.00446463 0.28979746
v -0.01295043 0.00755734 0.28167663
v -0.01711085 -0.00000000 0.28979746
v -0.01092544 0.00000000 0.28167660
v -0.01830714 -0.00446464 0.28979746
v -0.01295042 -0.00755734 0.28167663
v -0.02157548 -0.00773298 0.28979746
v -0.01848277 -0.01308969 0.28167660
v -0.02604011 -0.00892927 0.28979746
v -0.02604011 -0.01511467 0.28167663
v -0.03050475 -0.00773298 0.28979746
v -0.03359745 -0.01308970 0.28167663
v -0.03912981 0.00755733 0.28167663
v -0.03207629 0.01045496 0.28203744
v -0.04115479 -0.00000001 0.28167658
v -0.04115479 -0.00000001 0.28167658
v -0.03912980 -0.00755734 0.28167663
v -0.02604012 0.01207235 0.28203744
v -0.02000394 0.01045496 0.28203744
v -0.01558515 0.00603618 0.28203744
v -0.01396776 -0.00000000 0.28203744
v -0.01558515 -0.00603618 0.28203744
v -0.02000394 -0.01045496 0.28203744
v -0.02604011 -0.01207235 0.28203744
v -0.03207629 -0.01045497 0.28203744
v -0.03913566 -0.00350895 0.28142670
v -0.03913566 -0.00350895 0.28142670
v -0.03562672 -0.00958661 0.28142670
v -0.03562672 -0.00958661 0.28142670
v -0.02954906 0.01309555 0.28142670
v -0.02954906 0.01309555 0.28142670
v -0.02954905 -0.01309556 0.28142670
v -0.02954905 -0.01309556 0.28142670
v -0.01294457 0.00350894 0.28142670
v -0.01294457 0.00350894 0.28142670
v -0.01645350 -0.00958661 0.28142670
v -0.01645350 -0.00958661 0.28142670
v -0.03562673 0.00958660 0.28142670
v -0.03562673 0.00958660 0.28142670
v -0.02253117 -0.01309555 0.28142670
v -0.02253117 -0.01309555 0.28142670
v -0.01645351 0.00958661 0.28142670
v -0.01645351 0.00958661 0.28142670
v -0.01294456 -0.00350894 0.28142670
v -0.01294456 -0.00350894 0.28142670
v -0.03913567 0.00350894 0.28142670
v -0.03913567 0.00350894 0.28142670
v -0.02253118 0.01309555 0.28142670
v -0.02253118 0.01309555 0.28142670
v -0.03312215 -0.01226647 0.25781109
v -0.01377366 0.00708204 0.25781109
v -0.04020420 -0.00000001 0.25781109
v -0.01895807 0.01226646 0.25781109
v -0.02604011 -0.01416409 0.25781109
v -0.02604012 0.01416408 0.25781109
v -0.03830657 -0.00708205 0.25781109
v -0.01377365 -0.00708204 0.25781109
v -0.01187603 -0.00000000 0.25781109
v -0.02864826 -0.00150581 0.29994701
v -0.02343197 0.00150581 0.29994701
v -0.02754592 -0.00260814 0.29994701
v -0.02604011 -0.00301162 0.29994701
v -0.02905174 -0.00000000 0.29994701
v -0.02343197 -0.00150581 0.29994701
v -0.02453430 0.00260814 0.29994701
v -0.02604011 0.00301162 0.29994701
v -0.02864826 0.00150581 0.29994701
v -0.02302849 -0.00000000 0.29994701
v -0.02754592 0.00260814 0.29994701
v -0.02453430 -0.00260814 0.29994701
v -0.03830658 0.00708204 0.25781109
v -0.01895807 -0.01226646 0.25781109
v -0.03312216 0.01226645 0.25781109
v -0.04838651 0.00598769 0.26218060
v -0.04239882 0.01635869 0.26218060
v -0.03202782 0.02234639 0.26218060
v -0.02005242 0.02234639 0.26218060
v -0.00968142 0.01635870 0.26218060
v -0.00369372 0.00598770 0.26218060
v -0.00369372 -0.00598770 0.26218060
v -0.00968142 -0.01635869 0.26218060
v -0.02005241 -0.02234640 0.26218060
v -0.03202780 -0.02234640 0.26218060
v -0.01212552 -0.01391460 0.27423836
v -0.04239880 -0.01635870 0.26218060
v -0.04838651 -0.00598771 0.26218060
v -0.04179896 0.00422256 0.25781117
v -0.02372954 0.00862320 0.28979743
v -0.00703242 -0.00509309 0.27423836
v -0.00703242 0.00509310 0.27423836
v -0.01212552 0.01391460 0.27423836
v -0.02094702 0.01900769 0.27423836
v -0.04504780 -0.00509311 0.27423836
v -0.04504781 0.00509309 0.27423830
v -0.03113322 0.01900769 0.27423836
v -0.03995470 -0.01391461 0.27423836
v -0.03995471 0.01391459 0.27423836
v -0.03113320 -0.01900770 0.27423836
v -0.02094701 -0.01900769 0.27423836
v -0.02291622 0.01165855 0.28203741
v -0.04063671 0.00391114 0.28167660
v -0.01144352 -0.00391115 0.28167660
v -0.03235274 -0.00631263 0.28979743
v -0.01535467 0.01068545 0.28167660
v -0.02835069 -0.00862321 0.28979743
v -0.02372953 -0.00862321 0.28979743
v -0.02212896 -0.01459660 0.28167660
v -0.01972749 -0.00631263 0.28979743
v -0.01741691 -0.00231058 0.28979743
v -0.03672556 0.01068544 0.28167660
v -0.01741691 0.00231058 0.28979743
v -0.01535466 -0.01068545 0.28167660
v -0.01972749 0.00631262 0.28979743
v -0.01144352 0.00391115 0.28167660
v -0.02835070 0.00862320 0.28979743
v -0.02995125 -0.01459660 0.28167660
v -0.03235275 0.00631262 0.28979743
v -0.02995126 0.01459659 0.28167660
v -0.03672556 -0.01068546 0.28167660
v -0.02938722 0.00089685 0.29992039
v -0.03769867 -0.00312391 0.28203741
v -0.03466332 -0.00231059 0.28979743
v -0.03197378 0.00158992 0.29842034
v -0.03038386 0.00434374 0.29842034
v -0.02763004 0.00593366 0.29842034
v -0.02445020 0.00593366 0.29842034
v -0.02169637 0.00434374 0.29842034
v -0.02010645 0.00158992 0.29842034
v -0.02010645 -0.00158992 0.29842034
v -0.02169637 -0.00434374 0.29842034
v -0.02445019 -0.00593366 0.29842034
v -0.02763003 -0.00593367 0.29842034
v -0.03038385 -0.00434375 0.29842034
v -0.03466332 0.00231058 0.28979746
v -0.03197378 -0.00158993 0.29842036
v -0.04063671 -0.00391115 0.28167663
v -0.03457476 -0.00853466 0.28203744
v -0.02916402 0.01165855 0.28203744
v -0.02916401 -0.01165856 0.28203744
v -0.01438156 0.00312390 0.28203744
v -0.01750546 -0.00853465 0.28203744
v -0.03457477 0.00853465 0.28203744
v -0.02291621 -0.01165855 0.28203744
v -0.01750546 0.00853465 0.28203744
v -0.01438156 -0.00312390 0.28203744
v -0.03769866 0.00312389 0.28203744
v -0.02212897 0.01459659 0.28167660
v -0.01450383 0.01153628 0.25781117
v -0.01028126 -0.00422257 0.25781117
v -0.02181753 -0.01575886 0.25781117
v -0.03757639 -0.01153629 0.25781117
v -0.03026268 -0.01575886 0.25781117
v -0.02181754 0.01575885 0.25781117
v -0.01028126 0.00422257 0.25781117
v -0.01450383 -0.01153628 0.25781117
v -0.04179896 -0.00422258 0.25781117
v -0.02938722 -0.00089686 0.29992042
v -0.02849037 -0.00245026 0.29992042
v -0.02693697 -0.00334711 0.29992042
v -0.02269300 0.00089685 0.29992044
v -0.02358986 -0.00245026 0.29992042
v -0.02358986 0.00245025 0.29992042
v -0.02514326 0.00334711 0.29992042
v -0.02849037 0.00245025 0.29992039
v -0.02269300 -0.00089686 0.29992042
v -0.02693697 0.00334711 0.29992042
v -0.02514326 -0.00334711 0.29992042
v -0.03026268 0.01575885 0.25781117
v -0.03757640 0.01153628 0.25781117
v 0.04989426 -0.00977952 0.00334856
v 0.06874378 -0.01518099 0.06758826
v 0.06874378 -0.01518099 0.06758826
v -0.04853418 -0.01418644 0.00334856
v -0.06725338 -0.02361451 0.13639782
v 0.04989426 0.00977956 0.00334856
v 0.06874378 0.01518103 0.06758826
v 0.06874378 0.01518103 0.06758826
v -0.04853419 0.01418642 0.00334856
v -0.06725340 0.02361448 0.13639781
v 0.01594782 -0.03879057 0.00000000
v 0.02031433 -0.03443409 0.13525989
v 0.02031433 -0.03443409 0.13525989
v 0.01594780 0.03879059 0.00000000
v 0.02031431 0.03443411 0.13525991
v 0.02031431 0.03443411 0.13525991
v 0.01827478 -0.02421790 0.23237612
v 0.01827478 -0.02421790 0.23237612
v 0.01827478 -0.02421790 0.23237612
v 0.01827478 -0.02421790 0.23237612
v -0.06554327 -0.02106990 0.23014394
v -0.06554327 -0.02106990 0.23014394
v -0.06554327 -0.02106990 0.23014394
v -0.06554327 0.02106216 0.23014394
v -0.06554327 0.02106216 0.23014394
v -0.06554327 0.02106216 0.23014394
v 0.01827471 0.02422879 0.23237604
v 0.01827471 0.02422879 0.23237604
v 0.01827471 0.02422879 0.23237604
v 0.01827471 0.02422879 0.23237604
v 0.06836036 -0.01956390 0.02551145
v 0.06836036 -0.01956390 0.02551145
v 0.06823838 -0.01837078 0.04361447
v 0.06823838 -0.01837078 0.04361447
v -0.02397144 0.05095691 0.03473351
v -0.06594938 -0.02362145 0.02551145
v -0.06597586 -0.02363084 0.05772012
v -0.02397140 -0.05095692 0.03473351
v -0.06594939 0.02362142 0.02551145
v -0.06597586 0.02363081 0.05772012
v 0.04383958 -0.03843182 0.03463583
v 0.06836034 0.01956395 0.02551145
v 0.06836034 0.01956395 0.02551145
v 0.06823836 0.01837083 0.04361447
v 0.06823836 0.01837083 0.04361447
v 0.04383954 0.03843185 0.03463582
v 0.01866302 0.04959885 0.05655890
v 0.01870783 0.05002082 0.02551144
v -0.06280843 -0.02262852 0.03473380
v 0.01866305 -0.04959883 0.05655889
v 0.01870785 -0.05002079 0.02551145
v 0.06582073 0.01854582 0.03452767
v 0.06582073 0.01854582 0.03452767
v 0.04075536 -0.02984060 0.00000000
v 0.04452091 0.02374150 0.10149616
v 0.04452091 0.02374150 0.10149616
v 0.04452092 -0.02374147 0.10149616
v 0.04452092 -0.02374147 0.10149616
v 0.04075534 0.02984062 0.00000000
v 0.04517888 -0.03882086 0.05097413
v 0.01826822 0.04791562 0.03471655
v 0.04541484 -0.04021960 0.02551144
v 0.04517885 0.03882089 0.05097413
v -0.06280845 0.02262849 0.03473380
v 0.04541482 0.04021963 0.02551144
v 0.01962912 0.02639472 0.19560198
v 0.01962912 0.02639472 0.19560198
v 0.01962912 0.02639472 0.19560198
v 0.01962916 -0.02639467 0.19560203
v 0.01962916 -0.02639467 0.19560203
v 0.01962916 -0.02639467 0.19560203
v -0.06727278 -0.02230845 0.19463332
v -0.06727280 0.02230842 0.19463333
v 0.05788565 -0.01447830 0.20135988
v 0.05788565 -0.01447830 0.20135988
v 0.05788555 0.01447809 0.20135974
v 0.05788555 0.01447809 0.20135974
v 0.04712583 0.01341044 0.18849755
v 0.04712583 0.01341044 0.18849755
v 0.04712588 -0.01341046 0.18849758
v 0.04712588 -0.01341046 0.18849758
v 0.07033515 -0.01252479 0.11377706
v 0.07033515 -0.01252479 0.11377706
v 0.07033513 0.01252484 0.11377707
v 0.07033513 0.01252484 0.11377707
v 0.05516082 0.01270927 0.11720418
v 0.05516082 0.01270927 0.11720418
v 0.05516083 -0.01270924 0.11720418
v 0.05516083 -0.01270924 0.11720418
v -0.02598036 -0.05198716 0.13639465
v -0.02407000 0.04252856 0.00000000
v -0.02406997 -0.04252856 0.00000000
v -0.02598039 0.05198716 0.13639465
v -0.02600277 -0.04234159 0.23113237
v -0.02600277 -0.04234159 0.23113237
v -0.02600275 0.04234171 0.23113237
v -0.02600275 0.04234171 0.23113237
v -0.02540743 0.05318904 0.05770281
v 0.01826824 -0.04791561 0.03471655
v -0.02540154 0.05319344 0.02551145
v -0.02540740 -0.05318904 0.05770280
v 0.06582075 -0.01854577 0.03452767
v 0.06582075 -0.01854577 0.03452767
v -0.02540151 -0.05319345 0.02551145
v -0.02599557 0.04593749 0.19488169
v -0.02599554 -0.04593749 0.19488170
v 0.04500272 -0.03878353 0.00589091
v 0.04500272 -0.03878353 0.00589091
v 0.06741247 -0.01897540 0.00589091
v 0.06741247 -0.01897540 0.00589091
v 0.06741247 -0.01897540 0.00589091
v -0.06550212 0.02298586 0.00589090
v -0.06550212 0.02298586 0.00589090
v -0.06550211 -0.02298589 0.00589091
v -0.06550211 -0.02298589 0.00589091
v -0.02561002 0.05179419 0.00589091
v -0.02561002 0.05179419 0.00589091
v 0.06741246 0.01897544 0.00589091
v 0.06741246 0.01897544 0.00589091
v 0.06741246 0.01897544 0.00589091
v -0.02560999 -0.05179420 0.00589091
v -0.02560999 -0.05179420 0.00589091
v 0.01829976 -0.04846374 0.00589091
v 0.01829976 -0.04846374 0.00589091
v 0.04500269 0.03878355 0.00589091
v 0.04500269 0.03878355 0.00589091
v 0.01829973 0.04846377 0.00589091
v 0.01829973 0.04846377 0.00589091
v -0.02605784 -0.01379172 0.25951214
v -0.04364774 -0.00876504 0.25945739
v -0.04364568 0.00869648 0.25945739
v -0.02605323 0.01379171 0.25951217
v -0.00846333 0.00877424 0.25948426
v -0.00846538 -0.00870569 0.25948426
v -0.02605480 -0.02866474 0.25401853
v -0.05160313 -0.01436286 0.25376580
v -0.05160313 -0.01436286 0.25376580
v -0.05160244 0.01429828 0.25376583
v -0.05160244 0.01429828 0.25376583
v -0.02605268 0.02866474 0.25401853
v -0.00047527 0.01473393 0.25478458
v -0.00047527 0.01473393 0.25478458
v -0.00047595 -0.01466918 0.25478458
v -0.00047595 -0.01466918 0.25478458
v 0.03520003 -0.01941225 0.00342004
v 0.05943595 -0.01432135 0.00000000
v -0.05852064 0.01881526 0.00000000
v -0.05852062 -0.01881529 0.00000000
v -0.02060976 0.02981364 0.00342004
v 0.05943593 0.01432139 0.00000000
v -0.02060974 -0.02981364 0.00342004
v 0.01362707 -0.02644941 0.00342004
v 0.03520002 0.01941228 0.00342003
v 0.01362705 0.02644942 0.00342004
v 0.05628587 -0.01225684 0.15455917
v 0.05628587 -0.01225684 0.15455917
v 0.07014544 -0.01291976 0.16084274
v 0.07014544 -0.01291976 0.16084274
v 0.07014545 0.01291978 0.16084275
v 0.07014545 0.01291978 0.16084275
v 0.05628588 0.01225682 0.15455919
v 0.05628588 0.01225682 0.15455919
v 0.05665034 -0.01239887 0.13469058
v 0.05665034 -0.01239887 0.13469058
v 0.05665033 0.01239886 0.13469058
v 0.05665033 0.01239886 0.13469058
v 0.07076437 -0.01274340 0.13722229
v 0.07076437 -0.01274340 0.13722229
v 0.07076435 0.01274343 0.13722229
v 0.07076435 0.01274343 0.13722229
v 0.06667672 -0.01356848 0.18220723
v 0.06667672 -0.01356848 0.18220723
v 0.06667671 0.01356852 0.18220721
v 0.06667671 0.01356852 0.18220721
v 0.05324872 -0.01280053 0.17234882
v 0.05324872 -0.01280053 0.17234882
v 0.05324872 0.01280056 0.17234884
v 0.05324872 0.01280056 0.17234884
v 0.03695116 0.01522176 0.19930169
v 0.03695116 0.01522176 0.19930169
v 0.03695116 0.01522176 0.19930169
v 0.03695128 -0.01522192 0.19930183
v 0.03695128 -0.01522192 0.19930183
v 0.03695128 -0.01522192 0.19930183
v 0.04366053 0.01643046 0.21693750
v 0.04366053 0.01643046 0.21693750
v 0.04366081 -0.01643103 0.21693784
v 0.04366081 -0.01643103 0.21693784
v 0.06904078 0.01310717 0.09102834
v 0.06904078 0.01310717 0.09102834
v 0.06904080 -0.01310712 0.09102834
v 0.06904080 -0.01310712 0.09102834
v 0.05124049 -0.01458262 0.10784587
v 0.05124049 -0.01458262 0.10784587
v 0.05124049 0.01458267 0.10784587
v 0.05124049 0.01458267 0.10784587
v 0.05738077 -0.03167628 0.00589091
v 0.05738077 -0.03167628 0.00589091
v -0.04979904 -0.04224073 0.13639868
v -0.07156418 -0.00000002 0.00589090
v -0.07156418 -0.00000002 0.00589090
v -0.07355136 -0.00000002 0.13639774
v -0.04867358 0.04150576 0.00589090
v -0.04867358 0.04150576 0.00589090
v 0.05814150 0.02460105 0.08114109
v 0.07117550 0.00000002 0.00589090
v 0.07117550 0.00000002 0.00589090
v 0.07272620 0.00000003 0.06269695
v -0.00179728 -0.05272393 0.00589090
v -0.00179728 -0.05272393 0.00589090
v 0.03322566 -0.02713374 0.11474641
v 0.03322566 -0.02713374 0.11474641
v 0.03288721 0.04366645 0.00589090
v 0.03288721 0.04366645 0.00589090
v -0.00144783 0.05024576 0.13626072
v 0.02599826 0.00000001 0.14606589
v 0.01353845 0.00000001 0.00355635
v -0.04881703 -0.03624114 0.23034571
v -0.04881703 -0.03624114 0.23034571
v -0.07157852 -0.00000446 0.23012560
v -0.07157852 -0.00000446 0.23012560
v -0.00265567 0.03826830 0.23230740
v -0.00265567 0.03826830 0.23230740
v 0.02300590 0.00000847 0.23657103
v 0.01862684 0.03188268 0.21497326
v 0.01862684 0.03188268 0.21497326
v 0.01670036 -0.02890871 0.17046718
v 0.01670036 -0.02890871 0.17046718
v -0.06727278 -0.02296457 0.17005506
v -0.06727280 0.02296454 0.17005505
v -0.02447876 0.05175844 0.04038464
v -0.02447876 0.05175844 0.04038464
v 0.03308695 -0.04430836 0.05434555
v 0.06672986 0.01893675 0.03140967
v 0.06672986 0.01893675 0.03140967
v 0.05593476 0.03119481 0.03457650
v 0.06670021 -0.01860483 0.03764590
v 0.06670021 -0.01860483 0.03764590
v 0.06670021 -0.01860483 0.03764590
v 0.01842739 -0.04867502 0.03140967
v 0.05804178 -0.03277475 0.02551144
v 0.04435589 -0.03879708 0.03908498
v 0.04435589 -0.03879708 0.03908498
v -0.00141049 0.05413838 0.05749753
v -0.06392707 -0.02298485 0.03140967
v -0.04638189 -0.04082972 0.03473380
v -0.06392708 0.02298482 0.04038854
v -0.06392708 0.02298482 0.04038854
v 0.01842736 0.04867504 0.03140967
v -0.04879991 0.04262177 0.02551145
v 0.04435586 0.03879711 0.03908498
v 0.04435586 0.03879711 0.03908498
v 0.07215234 0.00000002 0.04237661
v 0.03218680 0.04330046 0.03468520
v 0.06670019 0.01860488 0.03764590
v 0.06670019 0.01860488 0.03764590
v 0.06670019 0.01860488 0.03764590
v 0.07224091 0.00000002 0.02551145
v 0.05784277 0.03115875 0.04692828
v -0.00099267 0.05196215 0.03473028
v 0.03324549 0.04522559 0.02551144
v -0.02447873 -0.05175844 0.04038464
v -0.02447873 -0.05175844 0.04038464
v -0.07216724 -0.00000002 0.05772012
v -0.00099264 -0.05196215 0.03473028
v -0.06392706 -0.02298485 0.04038854
v -0.06392706 -0.02298485 0.04038854
v -0.07213719 -0.00000002 0.02551145
v -0.04881691 -0.04263259 0.05772012
v -0.06873553 -0.00000002 0.03473380
v -0.00140710 -0.05424222 0.02551145
v 0.06880657 -0.01697314 0.05464811
v 0.06880657 -0.01697314 0.05464811
v 0.01894549 -0.04731353 0.09174339
v 0.06881628 0.01974675 0.01534160
v 0.06881628 0.01974675 0.01534160
v 0.06881628 -0.01974671 0.01534160
v 0.06881628 -0.01974671 0.01534160
v 0.01874003 -0.05025130 0.01534160
v 0.06880656 0.01697318 0.05464811
v 0.06880656 0.01697318 0.05464811
v -0.06665234 -0.02374935 0.01534160
v -0.06701467 -0.02387785 0.09466029
v -0.06701468 0.02387782 0.09466029
v -0.06665235 0.02374933 0.01534160
v 0.01874000 0.05025132 0.01534160
v 0.01894546 0.04731355 0.09174339
v 0.03288723 -0.04366643 0.00589091
v 0.03288723 -0.04366643 0.00589091
v 0.03322564 0.02713377 0.11474642
v 0.03322564 0.02713377 0.11474642
v 0.05814150 -0.02460102 0.08114109
v 0.05738076 0.03167631 0.00589091
v 0.05738076 0.03167631 0.00589091
v 0.05784278 -0.03115871 0.04692828
v -0.04638191 0.04082971 0.03473380
v 0.03324552 -0.04522556 0.02551145
v 0.03308692 0.04430839 0.05434555
v 0.03218682 -0.04330043 0.03468520
v 0.05804177 0.03277480 0.02551145
v 0.04518294 -0.03534867 0.07507872
v -0.06392709 0.02298482 0.03140967
v 0.04440393 0.03909397 0.03140967
v 0.01841303 0.04861901 0.04015906
v 0.01841303 0.04861901 0.04015906
v 0.04440396 -0.03909394 0.03140967
v 0.04518292 0.03534868 0.07507871
v 0.04573065 -0.04040998 0.01534160
v 0.04573062 0.04041001 0.01534160
v 0.04072620 0.00000001 0.11440697
v 0.03501024 0.00000001 0.00355635
v 0.01670035 0.02890872 0.17046718
v 0.01670035 0.02890872 0.17046718
v 0.01862693 -0.03188130 0.21497337
v 0.01862693 -0.03188130 0.21497337
v -0.06720886 -0.02193897 0.21380739
v -0.06720886 0.02193865 0.21380737
v -0.00154617 0.04222013 0.19521882
v -0.07357237 -0.00000002 0.19462879
v -0.04981394 -0.03876056 0.19468325
v 0.02494424 0.00000000 0.19020857
v 0.06000189 -0.00000012 0.20388567
v 0.05250195 0.01943151 0.19492291
v 0.05250204 -0.01943162 0.19492299
v 0.04500209 0.00000001 0.18596019
v 0.04243711 0.01398737 0.19468976
v 0.04243711 0.01398737 0.19468976
v 0.03040945 -0.01813718 0.20130833
v 0.03040945 -0.01813718 0.20130833
v 0.05145549 0.01528969 0.20964655
v 0.05145549 0.01528969 0.20964655
v 0.03379629 -0.01867425 0.22377809
v 0.03379629 -0.01867425 0.22377809
v 0.07333472 0.00000003 0.11309961
v 0.06274798 0.01760519 0.11549063
v 0.06274798 -0.01760515 0.11549064
v 0.05216126 0.00000001 0.11788164
v 0.05621421 -0.01247178 0.12515972
v 0.05621421 -0.01247178 0.12515972
v 0.06299360 -0.01396912 0.19212819
v 0.06299360 -0.01396912 0.19212819
v 0.06299359 0.01396912 0.19212814
v 0.06299359 0.01396912 0.19212814
v 0.05621419 0.01247179 0.12515972
v 0.05621419 0.01247179 0.12515972
v -0.00144780 -0.05024575 0.13626072
v -0.00179731 0.05272393 0.00589091
v -0.00179731 0.05272393 0.00589091
v -0.04867356 -0.04150577 0.00589091
v -0.04867356 -0.04150577 0.00589091
v -0.04979905 0.04224072 0.13639868
v -0.00265566 -0.03826249 0.23230740
v -0.00265566 -0.03826249 0.23230740
v -0.04881702 0.03623668 0.23034571
v -0.04881702 0.03623668 0.23034571
v -0.04881692 0.04263257 0.05772012
v 0.06953884 0.00000002 0.03450935
v -0.00140713 0.05424223 0.02551145
v -0.00141046 -0.05413838 0.05749753
v 0.05593478 -0.03119477 0.03457650
v -0.04879989 -0.04262178 0.02551145
v -0.04981397 0.03876055 0.19468325
v -0.00154614 -0.04222009 0.19521885
v -0.02601095 -0.04891724 0.17010850
v -0.02601098 0.04891724 0.17010849
v 0.06672986 -0.01893670 0.03140967
v 0.06672986 -0.01893670 0.03140967
v -0.02447848 -0.05175940 0.03140967
v 0.01841306 -0.04861899 0.04015906
v 0.01841306 -0.04861899 0.04015906
v -0.02447850 0.05175939 0.03140967
v -0.02587311 -0.05349479 0.09463219
v -0.02587315 0.05349480 0.09463218
v -0.02599403 0.04437460 0.21445468
v -0.02599400 -0.04437455 0.21445470
v 0.00698188 -0.01884860 0.24631869
v 0.00698188 -0.01884860 0.24631869
v -0.02051810 -0.00000000 0.00355635
v -0.02580024 -0.05348769 0.01534160
v -0.02580026 0.05348769 0.01534160
v 0.05126260 -0.02406370 0.00000000
v -0.06365091 -0.00000001 0.00000000
v -0.04416556 0.03410194 0.00000000
v 0.06246200 0.00000002 0.00000000
v -0.00266288 -0.04291466 0.00000000
v 0.02970878 0.03423350 0.00000000
v 0.02970880 -0.03423348 0.00000000
v 0.05126258 0.02406373 0.00000000
v -0.00266291 0.04291466 0.00000000
v -0.04416554 -0.03410195 0.00000000
v 0.04320477 -0.03496970 0.00114556
v 0.06402505 -0.01701008 0.00114556
v -0.06255649 0.02120617 0.00114556
v -0.06255647 -0.02120620 0.00114556
v -0.02497661 0.04784105 0.00114556
v 0.06402503 0.01701012 0.00114556
v -0.02497658 -0.04784105 0.00114556
v 0.01729457 -0.04433142 0.00114556
v 0.04320475 0.03496973 0.00114556
v 0.01729455 0.04433144 0.00114556
v -0.04079412 -0.02473712 0.25381574
v -0.05549591 -0.00003720 0.25376124
v -0.01130278 0.02507279 0.25440420
v 0.00341040 0.00003733 0.25495149
v -0.01130439 -0.02503547 0.25440417
v -0.04079251 0.02469984 0.25381572
v -0.02605554 -0.00000000 0.25960850
v -0.02603837 -0.03558033 0.24454432
v 0.00698201 0.01888860 0.24631869
v 0.00698201 0.01888860 0.24631869
v -0.05857634 -0.01776252 0.24388330
v -0.05857634 -0.01776252 0.24388330
v -0.05857620 0.01772443 0.24388330
v -0.05857620 0.01772443 0.24388330
v -0.02603792 0.03558037 0.24454429
v -0.03683974 -0.01217157 0.25950862
v -0.04455747 -0.00003634 0.25950767
v -0.01527133 0.01217723 0.25951893
v -0.00755359 0.00003633 0.25952830
v -0.01527495 -0.01213466 0.25951893
v -0.03683611 0.01212899 0.25950864
v -0.02605787 -0.02263939 0.25845225
v -0.04685900 -0.01159910 0.25839968
v -0.04685900 -0.01159910 0.25839968
v -0.04685738 0.01152560 0.25839968
v -0.04685738 0.01152560 0.25839968
v -0.02605319 0.02263939 0.25845225
v -0.00525206 0.01167274 0.25861466
v -0.00525206 0.01167274 0.25861466
v -0.00525368 -0.01159925 0.25861469
v -0.00525368 -0.01159925 0.25861469
v 0.04365148 -0.01547962 0.00340971
v -0.05164513 -0.00000001 0.00339939
v -0.03715989 0.02406526 0.00340972
v 0.05157585 0.00000002 0.00339939
v -0.00250944 -0.02980473 0.00342004
v 0.02574281 0.02279261 0.00342004
v 0.02574282 -0.02279259 0.00342004
v 0.04365148 0.01547966 0.00340971
v -0.00250945 0.02980474 0.00342004
v -0.03715988 -0.02406527 0.00340971
v 0.03787608 -0.02520677 0.00172797
v 0.05446885 -0.01202110 0.00172109
v -0.05339035 0.01651637 0.00172109
v -0.05339034 -0.01651639 0.00172109
v -0.02229044 0.03715756 0.00172797
v 0.05446885 0.01202113 0.00172109
v -0.02229042 -0.03715757 0.00172797
v 0.01473737 -0.03346454 0.00172797
v 0.03787607 0.02520680 0.00172797
v 0.01473736 0.03346456 0.00172797
v 0.05511960 -0.01247035 0.16366053
v 0.05511960 -0.01247035 0.16366053
v 0.07064037 -0.01281398 0.14918288
v 0.07064037 -0.01281398 0.14918288
v 0.07064035 0.01281401 0.14918288
v 0.07064035 0.01281401 0.14918288
v 0.05511961 0.01247036 0.16366054
v 0.05511961 0.01247036 0.16366054
v 0.06321567 0.01756508 0.15770098
v 0.05354619 -0.00000001 0.15331709
v 0.07288512 0.00000002 0.16208487
v 0.06321565 -0.01756507 0.15770098
v 0.06968104 0.01268420 0.10231956
v 0.06968104 0.01268420 0.10231956
v 0.06873246 -0.01385924 0.07970033
v 0.06873246 -0.01385924 0.07970033
v 0.04895713 -0.01694662 0.10525282
v 0.04895713 -0.01694662 0.10525282
v 0.04895712 0.01694666 0.10525283
v 0.04895712 0.01694666 0.10525283
v 0.05672285 -0.01228418 0.14476619
v 0.05672285 -0.01228418 0.14476619
v 0.05672284 0.01228415 0.14476621
v 0.05672284 0.01228415 0.14476621
v 0.07068786 -0.01260214 0.12539474
v 0.07068786 -0.01260214 0.12539474
v 0.07068785 0.01260218 0.12539474
v 0.07068785 0.01260218 0.12539474
v 0.06370733 0.01754113 0.13595643
v 0.05386035 -0.00000001 0.13419013
v 0.07355433 0.00000002 0.13772273
v 0.06370735 -0.01754112 0.13595643
v 0.06895750 -0.01319031 0.17182191
v 0.06895750 -0.01319031 0.17182191
v 0.06895750 0.01319035 0.17182190
v 0.06895750 0.01319035 0.17182190
v 0.05067741 -0.01309037 0.18082893
v 0.05067741 -0.01309037 0.18082893
v 0.05067741 0.01309040 0.18082895
v 0.05067741 0.01309040 0.18082895
v 0.05996273 -0.01839699 0.17727803
v 0.06933109 0.00000002 0.18415598
v 0.05059434 0.00000001 0.17040004
v 0.05996271 0.01839703 0.17727803
v 0.03040934 0.01813711 0.20130821
v 0.03040934 0.01813711 0.20130821
v 0.04243720 -0.01398748 0.19468987
v 0.04243720 -0.01398748 0.19468987
v 0.03379608 0.01867591 0.22377783
v 0.03379608 0.01867591 0.22377783
v 0.05145570 -0.01529025 0.20964682
v 0.05145570 -0.01529025 0.20964682
v 0.04498692 -0.00000030 0.22031303
v 0.04026698 0.02193783 0.20809372
v 0.03567159 -0.00000002 0.19584134
v 0.03567159 -0.00000002 0.19584134
v 0.04026726 -0.02193823 0.20809405
v 0.06873245 0.01385929 0.07970033
v 0.06873245 0.01385929 0.07970033
v 0.06968105 -0.01268414 0.10231956
v 0.06968105 -0.01268414 0.10231956
v 0.05334839 -0.01337557 0.11152195
v 0.05334839 -0.01337557 0.11152195
v 0.05334838 0.01337562 0.11152194
v 0.05334838 0.01337562 0.11152194
v 0.06015034 0.01930173 0.09939325
v 0.04772300 0.00000002 0.11121833
v 0.07255083 0.00000003 0.08773633
v 0.06015035 -0.01930168 0.09939326
v 0.03344220 -0.04541289 0.01534160
v -0.04938266 -0.04285855 0.01534160
v -0.00158569 0.05452448 0.01534160
v 0.04367314 0.00000002 0.00353914
v 0.05844361 0.03300058 0.01534160
v -0.07288159 -0.00000002 0.01534160
v 0.03344217 0.04541291 0.01534160
v 0.04693118 -0.02032163 0.20214170
v -0.00250201 0.00000000 0.00355635
v 0.01183559 0.00002342 0.24699719
v -0.00159868 -0.04105532 0.21520006
v -0.07349868 -0.00000018 0.21379531
v -0.04977712 0.03780599 0.21393994
v 0.07281382 0.00000002 0.05132797
v -0.00148041 0.05373978 0.09424484
v 0.05814323 0.02872685 0.06370739
v -0.04961551 -0.04300646 0.09466030
v -0.07329272 -0.00000002 0.09466030
v 0.05668922 0.03179216 0.03140967
v -0.06994751 -0.00000002 0.04038854
v -0.06994751 -0.00000002 0.04038854
v -0.04724187 -0.04147266 0.03140967
v 0.03253226 -0.04384669 0.03974196
v 0.03253226 -0.04384669 0.03974196
v 0.03256665 0.04400161 0.03140967
v -0.04724186 -0.04147265 0.04038854
v -0.04724186 -0.04147265 0.04038854
v -0.00113768 0.05278126 0.03140967
v -0.04724189 0.04147264 0.04038854
v -0.04724189 0.04147264 0.04038854
v -0.00113765 -0.05278126 0.03140967
v -0.00114074 0.05276977 0.04034172
v -0.00114074 0.05276977 0.04034172
v 0.05664614 -0.03138173 0.03829558
v 0.05664614 -0.03138173 0.03829558
v 0.07048254 0.00000002 0.03740211
v 0.03319413 -0.04082571 0.08448371
v 0.05814326 -0.02872682 0.06370738
v -0.06994751 -0.00000002 0.03140967
v 0.03253223 0.04384672 0.03974196
v 0.03253223 0.04384672 0.03974196
v -0.04724189 0.04147265 0.03140967
v 0.03319411 0.04082574 0.08448370
v -0.00158566 -0.05452447 0.01534160
v 0.05844364 -0.03300054 0.01534160
v 0.03337304 0.00000001 0.12632875
v 0.02559008 0.00000001 0.00355635
v -0.04981396 0.04050621 0.17006537
v -0.07357237 -0.00000002 0.17005411
v -0.00180381 -0.04565742 0.17019667
v 0.02302793 0.00000001 0.17103162
v 0.04066525 -0.00000001 0.19175273
v 0.04693095 0.02032129 0.20214147
v 0.06345103 -0.01749344 0.12527725
v 0.05900000 -0.02122439 0.09190127
v 0.07354893 0.00000002 0.12544122
v 0.05335313 0.00000000 0.12511329
v 0.06345101 0.01749346 0.12527725
v 0.07251824 0.00000003 0.07504055
v 0.04509321 0.00000002 0.11105450
v 0.05319688 -0.00000032 0.21253047
v -0.04981394 -0.04050622 0.17006539
v -0.00180384 0.04565742 0.17019665
v 0.03256667 -0.04400157 0.03140967
v -0.00114071 -0.05276976 0.04034172
v -0.00114071 -0.05276976 0.04034172
v 0.07050603 0.00000002 0.03140967
v 0.05664613 0.03138177 0.03829557
v 0.05664613 0.03138177 0.03829557
v -0.00148038 -0.05373977 0.09424482
v -0.04961553 0.04300645 0.09466030
v -0.00159872 0.04105597 0.21520001
v -0.04977709 -0.03780617 0.21393994
v -0.00712647 -0.03151336 0.24546651
v -0.03743392 -0.00000001 0.00353914
v -0.04938267 0.04285854 0.01534160
v 0.07271529 0.00000002 0.01534160
v 0.05478655 -0.02844537 0.00114556
v -0.06822184 -0.00000002 0.00114556
v -0.04678028 0.03834707 0.00114556
v 0.06747329 0.00000002 0.00114556
v -0.00217997 -0.04853675 0.00114556
v 0.03153925 0.03963574 0.00114556
v 0.03153927 -0.03963572 0.00114556
v 0.05478654 0.02844541 0.00114556
v -0.00218000 0.04853676 0.00114556
v -0.04678026 -0.03834708 0.00114556
v -0.01548107 0.00002130 0.25960847
v -0.03662999 -0.00002131 0.25960850
v -0.06354670 -0.00002195 0.24387125
v -0.04480095 0.03055538 0.24401587
v -0.00712614 0.03153583 0.24546651
v -0.04480127 -0.03057733 0.24401584
v -0.03818769 -0.01965922 0.25841000
v -0.04983885 -0.00004200 0.25839870
v -0.01392337 0.01972720 0.25853393
v -0.00227221 0.00004199 0.25864660
v -0.01392697 -0.01968423 0.25853393
v -0.03818410 0.01961624 0.25841000
v 0.05668924 -0.03179212 0.03140967
v 0.04729867 -0.02018771 0.00172625
v -0.05789752 -0.00000001 0.00172453
v -0.04052546 0.02982976 0.00172625
v 0.05705888 0.00000002 0.00172453
v -0.00259783 -0.03733436 0.00172797
v 0.02765256 0.02921760 0.00172797
v 0.02765258 -0.02921758 0.00172797
v 0.04729865 0.02018774 0.00172625
v -0.00259785 0.03733436 0.00172797
v -0.04052545 -0.02982978 0.00172625
v 0.06203855 0.01790281 0.16774123
v 0.05238421 0.00000000 0.16204724
v 0.07169291 0.00000002 0.17343522
v 0.06203855 -0.01790279 0.16774123
v 0.05900000 0.02122444 0.09190127
v 0.06368160 0.01751034 0.14697453
v 0.05397170 -0.00000002 0.14389313
v 0.07339149 0.00000002 0.15005592
v 0.06368160 -0.01751034 0.14697455
v 0.05683529 -0.01887682 0.18647821
v 0.06542748 -0.00000001 0.19436059
v 0.04824310 0.00000002 0.17859584
v 0.05683527 0.01887683 0.18647820
v 0.03499706 0.00000134 0.22781172
v 0.03181974 0.02521288 0.21262125
v 0.03031120 -0.00000001 0.19697312
v 0.03181996 -0.02521267 0.21262149
v 0.06151471 0.01818126 0.10692076
v 0.05011983 0.00000002 0.11334102
v 0.07290959 0.00000003 0.10050047
v 0.06151473 -0.01818121 0.10692075
v 0.05123139 -0.03572011 0.00589091
v 0.05123139 -0.03572011 0.00589091
v 0.06296410 -0.02619203 0.00589091
v 0.06296410 -0.02619203 0.00589091
v -0.03831945 -0.04841720 0.13639905
v -0.05967333 -0.03382046 0.13639805
v -0.07002745 0.01177784 0.00589090
v -0.07002745 0.01177784 0.00589090
v -0.07002744 -0.01177787 0.00589090
v -0.07002744 -0.01177787 0.00589090
v -0.07195437 -0.01213319 0.13639774
v -0.07195439 0.01213316 0.13639775
v -0.03757316 0.04784662 0.00589090
v -0.03757316 0.04784662 0.00589090
v -0.05820033 0.03306581 0.00589090
v -0.05820033 0.03306581 0.00589090
v 0.05161691 0.02589438 0.09021917
v 0.06404306 0.02088418 0.07346429
v 0.07021508 -0.00998328 0.00589090
v 0.07021508 -0.00998328 0.00589090
v 0.07021508 0.00998332 0.00589090
v 0.07021508 0.00998332 0.00589090
v 0.07170876 0.00797960 0.06393938
v 0.07170876 -0.00797955 0.06393938
v -0.01348476 -0.05324878 0.00589090
v -0.01348476 -0.05324878 0.00589090
v 0.00891955 -0.05089402 0.00589090
v 0.00891955 -0.05089402 0.00589090
v 0.03849928 -0.02511927 0.10778109
v 0.03849928 -0.02511927 0.10778109
v 0.02760475 -0.02997043 0.12321295
v 0.02760475 -0.02997043 0.12321295
v 0.03900033 0.04132972 0.00589090
v 0.03900033 0.04132972 0.00589090
v 0.02616081 0.04602227 0.00589090
v 0.02616081 0.04602227 0.00589090
v -0.01350228 0.05264846 0.13636888
v 0.00972825 0.04461827 0.13598314
v 0.02477090 -0.01725994 0.14372071
v 0.02477089 0.01725996 0.14372072
v 0.01355522 0.01356653 0.00353054
v 0.01355523 -0.01356651 0.00353053
v -0.03781767 -0.04053541 0.23065037
v -0.03781767 -0.04053541 0.23065037
v -0.05827943 -0.02964580 0.23019665
v -0.05827943 -0.02964580 0.23019665
v -0.07004815 -0.01094391 0.23012789
v -0.07004815 -0.01094391 0.23012789
v -0.07004815 0.01093529 0.23012789
v -0.07004815 0.01093529 0.23012789
v -0.01408167 0.04155726 0.23175772
v -0.01408167 0.04155726 0.23175772
v 0.00786146 0.03264151 0.23255485
v 0.00786146 0.03264151 0.23255485
v 0.02198024 -0.01194360 0.23566354
v 0.02198020 0.01195914 0.23566348
v 0.01878876 0.03088251 0.20601593
v 0.01878876 0.03088251 0.20601593
v 0.01863243 0.03006459 0.22353477
v 0.01863243 0.03006459 0.22353477
v 0.01723158 -0.02727623 0.18343384
v 0.01723158 -0.02727623 0.18343384
v 0.01752290 -0.03116868 0.15522983
v 0.01752290 -0.03116868 0.15522983
v -0.06727278 -0.02261106 0.18326435
v -0.06727036 -0.02331731 0.15450845
v -0.06727280 0.02261103 0.18326435
v -0.06727038 0.02331729 0.15450845
v -0.02495304 0.05250331 0.04693122
v -0.02411577 0.05118498 0.03673309
v 0.03915315 -0.04167731 0.05278864
v 0.02644472 -0.04693071 0.05561436
v 0.06757431 0.01925891 0.02896282
v 0.06757431 0.01925891 0.02896282
v 0.06608070 0.01868119 0.03315349
v 0.06608070 0.01868119 0.03315349
v 0.06143075 0.02569182 0.03454933
v 0.04990689 0.03530484 0.03460630
v 0.06607199 -0.01855095 0.03590188
v 0.06607199 -0.01855095 0.03590188
v 0.06750365 -0.01859024 0.04010059
v 0.06750365 -0.01859024 0.04010059
v 0.01831416 -0.04813423 0.03317711
v 0.01857418 -0.04937682 0.02896282
v 0.05174938 -0.03701393 0.02551144
v 0.06377841 -0.02705127 0.02551145
v 0.04480775 -0.03900173 0.04368513
v 0.04398814 -0.03853526 0.03633864
v -0.01316465 0.05468920 0.05765118
v 0.00932022 0.05220295 0.05716319
v -0.06496991 -0.02331621 0.02896282
v -0.06312669 -0.02272990 0.03317927
v -0.05567473 -0.03253788 0.03473380
v -0.03557899 -0.04706247 0.03473376
v -0.06312670 0.02272987 0.03673427
v -0.06497277 0.02331720 0.04694066
v 0.01831413 0.04813424 0.03317711
v 0.01857415 0.04937685 0.02896281
v -0.03752107 0.04912815 0.02551145
v -0.05850184 0.03396582 0.02551145
v 0.04480773 0.03900176 0.04368513
v 0.04398811 0.03853530 0.03633864
v 0.07115284 0.00962361 0.04269214
v 0.07115285 -0.00962357 0.04269214
v 0.03804378 0.04099628 0.03466251
v 0.02576911 0.04557926 0.03470326
v 0.06607198 0.01855100 0.03590188
v 0.06607198 0.01855100 0.03590188
v 0.06750364 0.01859029 0.04010059
v 0.06750364 0.01859029 0.04010059
v 0.07125010 -0.01028210 0.02551145
v 0.07125010 0.01028214 0.02551145
v 0.05152014 0.03545130 0.04896107
v 0.06361917 0.02554380 0.04508150
v 0.00929380 0.05023221 0.03472526
v -0.01225020 0.05242271 0.03473266
v 0.03936262 0.04285050 0.02551144
v 0.02654226 0.04758848 0.02551144
v -0.02495300 -0.05250332 0.04693122
v -0.02411573 -0.05118499 0.03673309
v -0.07059727 -0.01211229 0.05772012
v -0.07059728 0.01211225 0.05772012
v -0.01225017 -0.05242272 0.03473266
v 0.00929383 -0.05023219 0.03472526
v -0.06312668 -0.02272990 0.03673427
v -0.06497275 -0.02331723 0.04694066
v -0.07056815 0.01210693 0.02551145
v -0.07056814 -0.01210696 0.02551145
v -0.03753236 -0.04913553 0.05771795
v -0.05852409 -0.03397705 0.05772012
v -0.06723261 0.01159807 0.03473380
v -0.06723258 -0.01159810 0.03473380
v -0.01316258 -0.05472324 0.02551145
v 0.00933512 -0.05243671 0.02551145
v 0.06864436 -0.01778366 0.04866647
v 0.06864436 -0.01778366 0.04866647
v 0.06880774 -0.01606296 0.06109288
v 0.06880774 -0.01606296 0.06109288
v 0.01934668 -0.04308545 0.11262943
v 0.01876395 -0.04918345 0.07247248
v 0.06837169 0.01950759 0.01019694
v 0.06837169 0.01950759 0.01019694
v 0.06878953 0.01974385 0.02069274
v 0.06878953 0.01974385 0.02069274
v 0.06878954 -0.01974380 0.02069274
v 0.06878954 -0.01974380 0.02069274
v 0.06837170 -0.01950754 0.01019695
v 0.06837170 -0.01950754 0.01019695
v 0.01877004 -0.05033845 0.02069274
v 0.01859026 -0.04965263 0.01019694
v 0.06864435 0.01778370 0.04866647
v 0.06864435 0.01778370 0.04866647
v 0.06880773 0.01606301 0.06109288
v 0.06880773 0.01606301 0.06109288
v -0.06651626 -0.02377641 0.02069274
v -0.06631881 -0.02349637 0.01019694
v -0.06663234 -0.02381757 0.07453197
v -0.06719445 -0.02380785 0.11591565
v -0.06719446 0.02380782 0.11591565
v -0.06663235 0.02381754 0.07453197
v -0.06651629 0.02377638 0.02069274
v -0.06631883 0.02349634 0.01019694
v 0.01877002 0.05033848 0.02069274
v 0.01859023 0.04965265 0.01019694
v 0.01934665 0.04308547 0.11262943
v 0.01876392 0.04918347 0.07247248
v 0.02616084 -0.04602225 0.00589091
v 0.02616084 -0.04602225 0.00589091
v 0.03900036 -0.04132969 0.00589091
v 0.03900036 -0.04132969 0.00589091
v 0.02760473 0.02997046 0.12321295
v 0.02760473 0.02997046 0.12321295
v 0.03849927 0.02511930 0.10778109
v 0.03849927 0.02511930 0.10778109
v 0.06404307 -0.02088414 0.07346429
v 0.05161692 -0.02589435 0.09021917
v 0.06296408 0.02619207 0.00589091
v 0.06296408 0.02619207 0.00589091
v 0.05123137 0.03572013 0.00589091
v 0.05123137 0.03572013 0.00589091
v 0.06361919 -0.02554376 0.04508150
v 0.05152016 -0.03545127 0.04896107
v -0.03557901 0.04706245 0.03473376
v -0.05567476 0.03253786 0.03473380
v 0.02654229 -0.04758844 0.02551145
v 0.03936264 -0.04285048 0.02551144
v 0.02644469 0.04693074 0.05561436
v 0.03915314 0.04167733 0.05278864
v 0.02576913 -0.04557922 0.03470326
v 0.03804380 -0.04099625 0.03466251
v 0.06377840 0.02705131 0.02551145
v 0.05174936 0.03701396 0.02551145
v 0.04491843 -0.03112902 0.08850653
v 0.04528521 -0.03772658 0.06205642
v -0.06496993 0.02331618 0.02896282
v -0.06312671 0.02272987 0.03317927
v 0.04400225 0.03863779 0.03316702
v 0.04492639 0.03967996 0.02896282
v 0.01854151 0.04922361 0.04637038
v 0.01830991 0.04811749 0.03666463
v 0.04400228 -0.03863776 0.03316702
v 0.04492642 -0.03967993 0.02896282
v 0.04491841 0.03112905 0.08850652
v 0.04528519 0.03772659 0.06205642
v 0.04568927 -0.04049064 0.02069274
v 0.04550753 -0.03986869 0.01019694
v 0.04568925 0.04049067 0.02069274
v 0.04550750 0.03986873 0.01019694
v 0.04155084 -0.01241449 0.11149760
v 0.04155083 0.01241452 0.11149761
v 0.03504277 0.00994572 0.00353053
v 0.03504278 -0.00994569 0.00353054
v 0.01752288 0.03116870 0.15522984
v 0.01752288 0.03116870 0.15522984
v 0.01723156 0.02727625 0.18343382
v 0.01723156 0.02727625 0.18343382
v 0.01863253 -0.03006058 0.22353486
v 0.01863253 -0.03006058 0.22353486
v 0.01878884 -0.03088218 0.20601599
v 0.01878884 -0.03088218 0.20601599
v -0.06690636 -0.02173502 0.22227217
v -0.06726478 -0.02209257 0.20468897
v -0.06690636 0.02173334 0.22227214
v -0.06726481 0.02209251 0.20468897
v -0.01353505 0.04547512 0.19504790
v 0.00946630 0.03615680 0.19536918
v -0.07197498 -0.01155452 0.19462938
v -0.07197498 0.01155449 0.19462938
v -0.03833222 -0.04364203 0.19475912
v -0.05969078 -0.03152977 0.19464641
v 0.02380106 0.01331264 0.19134621
v 0.02380108 -0.01331263 0.19134625
v 0.05945831 -0.00794567 0.20323740
v 0.05945826 0.00794543 0.20323733
v 0.04957867 0.01765727 0.19142872
v 0.05542805 0.01838598 0.19842154
v 0.05542816 -0.01838615 0.19842165
v 0.04957875 -0.01765733 0.19142877
v 0.04554851 0.00721679 0.18661296
v 0.04554853 -0.00721679 0.18661296
v 0.03977522 0.01448421 0.19720734
v 0.03977522 0.01448421 0.19720734
v 0.04490710 0.01364708 0.19178909
v 0.04490710 0.01364708 0.19178909
v 0.03392528 -0.01633589 0.20083287
v 0.03392528 -0.01633589 0.20083287
v 0.02601650 -0.02105046 0.20008231
v 0.02601650 -0.02105046 0.20008231
v 0.04773934 0.01578677 0.21339838
v 0.04773934 0.01578677 0.21339838
v 0.05483921 0.01486531 0.20563849
v 0.05483921 0.01486531 0.20563849
v 0.03912107 -0.01732284 0.22033796
v 0.03912107 -0.01732284 0.22033796
v 0.02727534 -0.02074728 0.22750260
v 0.02727534 -0.02074728 0.22750260
v 0.07256277 -0.00679525 0.11327396
v 0.07256277 0.00679530 0.11327396
v 0.05862356 0.01638488 0.11642212
v 0.06687240 0.01625808 0.11455914
v 0.06687241 -0.01625803 0.11455913
v 0.05862358 -0.01638485 0.11642212
v 0.05293319 0.00692210 0.11770729
v 0.05293321 -0.00692207 0.11770730
v 0.05648814 -0.01243318 0.12979307
v 0.05648814 -0.01243318 0.12979307
v 0.05578422 -0.01255060 0.12092542
v 0.05578422 -0.01255060 0.12092542
v 0.06501719 -0.01376486 0.18723440
v 0.06501719 -0.01376486 0.18723440
v 0.06061070 -0.01419498 0.19684846
v 0.06061070 -0.01419498 0.19684846
v 0.06501717 0.01376489 0.18723440
v 0.06501717 0.01376489 0.18723440
v 0.06061064 0.01419490 0.19684840
v 0.06061064 0.01419490 0.19684840
v 0.05648813 0.01243318 0.12979307
v 0.05648813 0.01243318 0.12979307
v 0.05578422 0.01255062 0.12092544
v 0.05578422 0.01255062 0.12092544
v 0.00972827 -0.04461826 0.13598314
v -0.01350225 -0.05264847 0.13636888
v 0.00891952 0.05089404 0.00589091
v 0.00891952 0.05089404 0.00589091
v -0.01348479 0.05324878 0.00589091
v -0.01348479 0.05324878 0.00589091
v -0.05820031 -0.03306583 0.00589091
v -0.05820031 -0.03306583 0.00589091
v -0.03757315 -0.04784664 0.00589091
v -0.03757315 -0.04784664 0.00589091
v -0.05967335 0.03382044 0.13639805
v -0.03831949 0.04841718 0.13639905
v 0.00786149 -0.03263239 0.23255488
v 0.00786149 -0.03263239 0.23255488
v -0.01408168 -0.04155450 0.23175773
v -0.01408168 -0.04155450 0.23175773
v -0.05827942 0.02963948 0.23019668
v -0.05827942 0.02963948 0.23019668
v -0.03781765 0.04053312 0.23065037
v -0.03781765 0.04053312 0.23065037
v -0.05852411 0.03397703 0.05772012
v -0.03753239 0.04913551 0.05771795
v 0.06858950 -0.00973614 0.03451402
v 0.06858951 0.00973619 0.03451402
v 0.00933509 0.05243672 0.02551145
v -0.01316261 0.05472325 0.02551145
v 0.00932025 -0.05220294 0.05716318
v -0.01316462 -0.05468919 0.05765118
v 0.04990690 -0.03530479 0.03460630
v 0.06143075 -0.02569177 0.03454932
v -0.05850182 -0.03396584 0.02551145
v -0.03752104 -0.04912816 0.02551145
v -0.05969081 0.03152974 0.19464639
v -0.03833224 0.04364203 0.19475914
v 0.00946634 -0.03615674 0.19536922
v -0.01353502 -0.04547509 0.19504790
v -0.02600049 -0.05056210 0.15452454
v -0.02600560 -0.04729926 0.18339094
v -0.02600052 0.05056210 0.15452455
v -0.02600563 0.04729927 0.18339093
v 0.06757433 -0.01925887 0.02896282
v 0.06757433 -0.01925887 0.02896282
v 0.06608071 -0.01868114 0.03315349
v 0.06608071 -0.01868114 0.03315349
v -0.02411566 -0.05118527 0.03317923
v -0.02495188 -0.05250566 0.02896282
v 0.01854154 -0.04922359 0.04637038
v 0.01830994 -0.04811747 0.03666462
v -0.02411569 0.05118526 0.03317923
v -0.02495191 0.05250564 0.02896282
v -0.02595103 -0.05298151 0.11589674
v -0.02570313 -0.05353906 0.07450614
v -0.02595106 0.05298151 0.11589675
v -0.02570317 0.05353905 0.07450614
v -0.02599262 0.04499343 0.20511475
v -0.02599569 0.04378310 0.22314792
v -0.02599260 -0.04499341 0.20511475
v -0.02599567 -0.04378301 0.22314793
v 0.01192482 -0.02139988 0.24031856
v 0.01192482 -0.02139988 0.24031856
v 0.00286820 -0.01659073 0.25114890
v 0.00286820 -0.01659073 0.25114890
v -0.02052943 0.01530196 0.00353053
v -0.02052941 -0.01530196 0.00353054
v -0.02567984 -0.05354406 0.02069274
v -0.02577143 -0.05292751 0.01019694
v -0.02567987 0.05354405 0.02069274
v -0.02577146 0.05292751 0.01019694
v 0.04612049 -0.02728607 0.00000000
v 0.05583716 -0.01981922 0.00000000
v -0.06235216 0.00962705 0.00000000
v -0.06235216 -0.00962707 0.00000000
v -0.03456307 0.03933167 0.00000000
v -0.05231817 0.02712358 0.00000000
v 0.06169135 -0.00752414 0.00000000
v 0.06169136 0.00752419 0.00000000
v -0.01325473 -0.04357864 0.00000000
v 0.00719776 -0.04111458 0.00000000
v 0.03537561 0.03208074 0.00000000
v 0.02336271 0.03646084 0.00000000
v 0.02336273 -0.03646081 0.00000000
v 0.03537563 -0.03208071 0.00000000
v 0.05583715 0.01981926 0.00000000
v 0.04612046 0.02728610 0.00000000
v 0.00719774 0.04111460 0.00000000
v -0.01325475 0.04357864 0.00000000
v -0.05231816 -0.02712360 0.00000000
v -0.03456304 -0.03933169 0.00000000
v 0.04421866 -0.03711717 0.00290924
v 0.04202604 -0.03248202 0.00030755
v 0.06181104 -0.01570778 0.00030755
v 0.06593305 -0.01812500 0.00290924
v -0.06422000 0.02220685 0.00290924
v -0.06061887 0.02004832 0.00030755
v -0.06061886 -0.02004835 0.00030755
v -0.06421998 -0.02220688 0.00290924
v -0.02533793 0.05006396 0.00290924
v -0.02454946 0.04526871 0.00030755
v 0.06181102 0.01570782 0.00030755
v 0.06593304 0.01812504 0.00290924
v -0.02533790 -0.05006397 0.00290924
v -0.02454943 -0.04526873 0.00030755
v 0.01664170 -0.04164574 0.00030755
v 0.01785931 -0.04665401 0.00290924
v 0.04421864 0.03711719 0.00290924
v 0.04202602 0.03248205 0.00030755
v 0.01664168 0.04164576 0.00030755
v 0.01785928 0.04665403 0.00290924
v -0.03367844 -0.02761128 0.25389214
v -0.04691199 -0.02023033 0.25377886
v -0.05450952 -0.00746760 0.25376183
v -0.05450921 0.00739568 0.25376180
v -0.01842637 0.02779899 0.25419736
v -0.00517345 0.02063669 0.25460883
v 0.00242767 -0.00761418 0.25490617
v 0.00242798 0.00768633 0.25490619
v -0.00517459 -0.02058386 0.25460886
v -0.01842836 -0.02777969 0.25419733
v -0.04691085 0.02017759 0.25377886
v -0.03367646 0.02759200 0.25389217
v -0.02605688 -0.00731223 0.25959645
v -0.02605419 0.00731223 0.25959645
v -0.02604965 -0.03193648 0.24986920
v -0.02601980 -0.03935424 0.23827597
v 0.01192483 0.02142495 0.24031853
v 0.01192483 0.02142495 0.24031853
v 0.00286855 0.01664458 0.25114887
v 0.00286855 0.01664458 0.25114887
v -0.06248275 -0.01961714 0.23739096
v -0.06248275 -0.01961714 0.23739096
v -0.05483744 -0.01596776 0.24943286
v -0.05483744 -0.01596776 0.24943286
v -0.05483710 0.01591456 0.24943283
v -0.05483710 0.01591456 0.24943283
v -0.06248273 0.01959587 0.23739099
v -0.06248273 0.01959587 0.23739099
v -0.02604855 0.03193649 0.24986922
v -0.02601967 0.03935434 0.23827599
v -0.03168422 -0.01336025 0.25950996
v -0.04104589 -0.01044647 0.25949936
v -0.04427434 -0.00514306 0.25949908
v -0.04427312 0.00507163 0.25949905
v -0.02042685 0.01336343 0.25951533
v -0.01106518 0.01045375 0.25951558
v -0.00783795 -0.00507581 0.25952050
v -0.00783672 0.00514723 0.25952050
v -0.01106795 -0.01039487 0.25951555
v -0.02043118 -0.01334117 0.25951533
v -0.04104312 0.01038758 0.25949936
v -0.03167989 0.01333797 0.25950996
v -0.02605704 -0.02572849 0.25681406
v -0.02605813 -0.01882045 0.25923514
v -0.04505425 -0.01013612 0.25921162
v -0.04505425 -0.01013612 0.25921162
v -0.04898531 -0.01295667 0.25668716
v -0.04898531 -0.01295667 0.25668716
v -0.04505229 0.01006410 0.25921162
v -0.04505229 0.01006410 0.25921162
v -0.04898416 0.01288541 0.25668716
v -0.04898416 0.01288541 0.25668716
v -0.02605357 0.02572849 0.25681406
v -0.02605293 0.01882045 0.25923516
v -0.00705681 0.01016031 0.25928223
v -0.00705681 0.01016031 0.25928223
v -0.00312167 0.01313653 0.25720426
v -0.00312167 0.01313653 0.25720426
v -0.00705877 -0.01008831 0.25928223
v -0.00705877 -0.01008831 0.25928223
v -0.00312282 -0.01306527 0.25720423
v -0.00312282 -0.01306527 0.25720423
v 0.03957075 -0.01759146 0.00341875
v 0.04721653 -0.01287903 0.00339009
v -0.05082531 0.00753584 0.00338880
v -0.05082530 -0.00753586 0.00338880
v -0.02930100 0.02762339 0.00341875
v -0.04376029 0.01940877 0.00339010
v 0.05112725 -0.00529287 0.00338880
v 0.05112725 0.00529290 0.00338880
v -0.01152553 -0.03044285 0.00342004
v 0.00599386 -0.02832233 0.00342004
v 0.03066119 0.02110360 0.00342004
v 0.02015491 0.02457425 0.00342004
v 0.02015492 -0.02457423 0.00342004
v 0.03066121 -0.02110358 0.00342004
v 0.04721653 0.01287907 0.00339009
v 0.03957074 0.01759150 0.00341874
v 0.00599384 0.02832234 0.00342004
v -0.01152555 0.03044285 0.00342004
v -0.04376028 -0.01940879 0.00339009
v -0.02930099 -0.02762340 0.00341875
v 0.03930778 -0.02757962 0.00084255
v 0.03648349 -0.02261482 0.00260375
v 0.05206086 -0.01086384 0.00258224
v 0.05693679 -0.01316849 0.00084168
v -0.05595646 0.01767412 0.00084168
v -0.05085477 0.01532267 0.00258224
v -0.05085477 -0.01532269 0.00258224
v -0.05595645 -0.01767414 0.00084168
v -0.02318360 0.03994972 0.00084255
v -0.02141659 0.03399259 0.00260375
v 0.05206086 0.01086388 0.00258224
v 0.05693677 0.01316853 0.00084168
v -0.02318357 -0.03994973 0.00084255
v -0.02141657 -0.03399260 0.00260375
v 0.01415902 -0.03039451 0.00260375
v 0.01533489 -0.03621549 0.00084255
v 0.03930776 0.02757965 0.00084255
v 0.03648348 0.02261485 0.00260375
v 0.01415900 0.03039453 0.00260375
v 0.01533486 0.03621551 0.00084255
v 0.05426717 -0.01263372 0.16803055
v 0.05426717 -0.01263372 0.16803055
v 0.05579620 -0.01233667 0.15918837
v 0.05579620 -0.01233667 0.15918837
v 0.07073325 -0.01278473 0.14320803
v 0.07073325 -0.01278473 0.14320803
v 0.07045712 -0.01285166 0.15508171
v 0.07045712 -0.01285166 0.15508171
v 0.07073322 0.01278476 0.14320805
v 0.07073322 0.01278476 0.14320805
v 0.07045712 0.01285169 0.15508173
v 0.07045712 0.01285169 0.15508173
v 0.05426718 0.01263374 0.16803055
v 0.05426718 0.01263374 0.16803055
v 0.05579621 0.01233667 0.15918840
v 0.05579621 0.01233667 0.15918840
v 0.06698272 0.01651218 0.15940886
v 0.05944860 0.01605640 0.15599308
v 0.05425125 0.00661516 0.15363672
v 0.05425125 -0.00661518 0.15363672
v 0.07218006 -0.00707093 0.16176523
v 0.07218006 0.00707096 0.16176520
v 0.05944860 -0.01605640 0.15599308
v 0.06698272 -0.01651216 0.15940886
v 0.06933436 0.01286244 0.09665566
v 0.06933436 0.01286244 0.09665566
v 0.07003125 0.01257116 0.10802794
v 0.07003125 0.01257116 0.10802794
v 0.06884000 -0.01342723 0.08540931
v 0.06884000 -0.01342723 0.08540931
v 0.06870686 -0.01444012 0.07379052
v 0.06870686 -0.01444012 0.07379052
v 0.05018216 -0.01551121 0.10650896
v 0.05018216 -0.01551121 0.10650896
v 0.04731218 -0.01927495 0.10381866
v 0.04731218 -0.01927495 0.10381866
v 0.05018215 0.01551126 0.10650897
v 0.05018215 0.01551126 0.10650897
v 0.04731216 0.01927499 0.10381866
v 0.04731216 0.01927499 0.10381866
v 0.05658521 -0.01224586 0.14973693
v 0.05658521 -0.01224586 0.14973693
v 0.05673426 -0.01234395 0.13971829
v 0.05673426 -0.01234395 0.13971829
v 0.05658521 0.01224584 0.14973695
v 0.05658521 0.01224584 0.14973695
v 0.05673426 0.01234393 0.13971829
v 0.05673426 0.01234393 0.13971829
v 0.07055323 -0.01254254 0.11956328
v 0.07055323 -0.01254254 0.11956328
v 0.07075265 -0.01267713 0.13128066
v 0.07075265 -0.01267713 0.13128066
v 0.07055322 0.01254258 0.11956327
v 0.07055322 0.01254258 0.11956327
v 0.07075264 0.01267717 0.13128066
v 0.07075264 0.01267717 0.13128066
v 0.06754356 0.01638053 0.13664456
v 0.05987110 0.01614365 0.13526831
v 0.05457836 0.00671528 0.13431895
v 0.05457837 -0.00671530 0.13431893
v 0.07283632 -0.00695215 0.13759393
v 0.07283632 0.00695219 0.13759393
v 0.05987112 -0.01614365 0.13526831
v 0.06754357 -0.01638051 0.13664454
v 0.06966268 -0.01303484 0.16641942
v 0.06966268 -0.01303484 0.16641942
v 0.06797772 -0.01337323 0.17707532
v 0.06797772 -0.01337323 0.17707532
v 0.06966268 0.01303487 0.16641944
v 0.06966268 0.01303487 0.16641944
v 0.06797772 0.01337327 0.17707532
v 0.06797772 0.01337327 0.17707532
v 0.04904340 -0.01323515 0.18481619
v 0.04904340 -0.01323515 0.18481619
v 0.05206444 -0.01295065 0.17663979
v 0.05206444 -0.01295065 0.17663979
v 0.04904337 0.01323515 0.18481617
v 0.04904337 0.01323515 0.18481617
v 0.05206444 0.01295068 0.17663979
v 0.05206444 0.01295068 0.17663979
v 0.05631296 -0.01679156 0.17459847
v 0.06361249 -0.01731953 0.17995757
v 0.06864798 -0.00743113 0.18365448
v 0.06864798 0.00743118 0.18365448
v 0.05127746 0.00690320 0.17090160
v 0.05127745 -0.00690317 0.17090159
v 0.06361248 0.01731956 0.17995756
v 0.05631295 0.01679160 0.17459850
v 0.02601643 0.02105046 0.20008224
v 0.02601643 0.02105046 0.20008224
v 0.03392515 0.01633576 0.20083273
v 0.03392515 0.01633576 0.20083273
v 0.04490717 -0.01364715 0.19178919
v 0.04490717 -0.01364715 0.19178919
v 0.03977533 -0.01448436 0.19720748
v 0.03977533 -0.01448436 0.19720748
v 0.02727519 0.02075225 0.22750245
v 0.02727519 0.02075225 0.22750245
v 0.03912081 0.01732286 0.22033766
v 0.03912081 0.01732286 0.22033766
v 0.05483936 -0.01486569 0.20563870
v 0.05483936 -0.01486569 0.20563870
v 0.04773959 -0.01578744 0.21339869
v 0.04773959 -0.01578744 0.21339869
v 0.04464574 -0.00900411 0.21945371
v 0.04464558 0.00900351 0.21945351
v 0.04210231 0.02077470 0.21289756
v 0.03845518 0.01997880 0.20330905
v 0.03599749 0.00820776 0.19673032
v 0.03599749 0.00820776 0.19673032
v 0.03599755 -0.00820783 0.19673040
v 0.03599755 -0.00820783 0.19673040
v 0.03845539 -0.01997907 0.20330930
v 0.04210262 -0.02077520 0.21289795
v 0.06870684 0.01444017 0.07379052
v 0.06870684 0.01444017 0.07379052
v 0.06883999 0.01342728 0.08540931
v 0.06883999 0.01342728 0.08540931
v 0.07003126 -0.01257111 0.10802794
v 0.07003126 -0.01257111 0.10802794
v 0.06933438 -0.01286239 0.09665566
v 0.06933438 -0.01286239 0.09665566
v 0.05432805 -0.01298164 0.11407806
v 0.05432805 -0.01298164 0.11407806
v 0.05229939 -0.01389848 0.10947565
v 0.05229939 -0.01389848 0.10947565
v 0.05432805 0.01298168 0.11407806
v 0.05432805 0.01298168 0.11407806
v 0.05229939 0.01389853 0.10947564
v 0.05229939 0.01389853 0.10947564
v 0.06498570 0.01739248 0.09483751
v 0.05530780 0.01840688 0.10397708
v 0.04862721 0.00803607 0.11034747
v 0.04862722 -0.00803602 0.11034747
v 0.07164782 -0.00702161 0.08858272
v 0.07164783 0.00702167 0.08858272
v 0.05530781 -0.01840682 0.10397707
v 0.06498571 -0.01739242 0.09483751
v 0.03342592 -0.04551008 0.02069274
v 0.02666307 -0.04779344 0.01534160
v 0.03326798 -0.04482551 0.01019694
v 0.03962370 -0.04303251 0.01534160
v -0.03801841 -0.04940202 0.01534160
v -0.04924699 -0.04290298 0.02069274
v -0.05915383 -0.03415245 0.01534160
v -0.04919099 -0.04241123 0.01019694
v -0.01345313 0.05501915 0.01534160
v -0.00150402 0.05459501 0.02069274
v 0.00926599 0.05269510 0.01534160
v -0.00167578 0.05392603 0.01019694
v 0.03941575 0.00000002 0.00355420
v 0.04362519 0.00792971 0.00351547
v 0.04772505 0.00000002 0.00350257
v 0.04362519 -0.00792968 0.00351548
v 0.05840373 0.03303428 0.02069274
v 0.06421152 0.02727267 0.01534160
v 0.05811231 0.03257374 0.01019694
v 0.05211202 0.03722380 0.01534160
v -0.07130211 -0.01217187 0.01534160
v -0.07274679 -0.00000002 0.02069274
v -0.07130212 0.01217184 0.01534160
v -0.07249392 -0.00000002 0.01019694
v 0.02666305 0.04779346 0.01534160
v 0.03342590 0.04551010 0.02069274
v 0.03962367 0.04303254 0.01534160
v 0.03326795 0.04482554 0.01019694
v 0.04448602 -0.01843461 0.19808669
v 0.04986062 -0.01981554 0.19869450
v 0.04938665 -0.01929723 0.20621510
v 0.04373953 -0.02099968 0.20527343
v -0.01146260 0.00000000 0.00355635
v -0.00250342 0.01529411 0.00353053
v 0.00594866 0.00000001 0.00355635
v -0.00250341 -0.01529410 0.00353053
v 0.01715702 0.00001536 0.24179965
v 0.01064323 0.00990228 0.24677323
v 0.00723443 0.00003115 0.25148052
v 0.01064318 -0.00985724 0.24677323
v -0.00152402 -0.04153097 0.20563068
v 0.00929974 -0.03663152 0.21529544
v -0.00179183 -0.04013720 0.22415594
v -0.01355238 -0.04383402 0.21485906
v -0.07356318 -0.00000004 0.20468108
v -0.07190375 -0.01138843 0.21379682
v -0.07314992 -0.00000096 0.22225588
v -0.07190376 0.01138808 0.21379682
v -0.04980937 0.03818977 0.20477568
v -0.05963864 0.03089261 0.21384201
v -0.04960274 0.03739819 0.22245149
v -0.03831299 0.04235416 0.21413986
v 0.07179072 0.00888252 0.05217187
v 0.07282303 0.00000002 0.05681176
v 0.07179073 -0.00888247 0.05217186
v 0.07261465 0.00000002 0.04643954
v -0.01344371 0.05479277 0.09454161
v -0.00142287 0.05230130 0.11560469
v 0.00947200 0.05090713 0.09349864
v -0.00148105 0.05428995 0.07417258
v 0.05164460 0.03244536 0.06943579
v 0.05808655 0.02672873 0.07295319
v 0.06407374 0.02361957 0.05861631
v 0.05809889 0.03023042 0.05466754
v -0.03817235 -0.04951118 0.09465678
v -0.04975373 -0.04277119 0.11591575
v -0.05945860 -0.03430585 0.09466028
v -0.04932160 -0.04295036 0.07453197
v -0.07170078 -0.01224469 0.09466030
v -0.07348749 -0.00000002 0.11591565
v -0.07170079 0.01224466 0.09466028
v -0.07287849 -0.00000002 0.07453197
v 0.06227124 0.02621032 0.03140967
v 0.05738895 0.03230023 0.02896282
v 0.05056678 0.03594448 0.03140967
v 0.05615132 0.03139255 0.03315960
v -0.06842091 0.01178070 0.04038854
v -0.06842091 0.01178070 0.04038854
v -0.06908035 -0.00000002 0.03673428
v -0.06842090 -0.01178073 0.04038854
v -0.06842090 -0.01178073 0.04038854
v -0.07108044 -0.00000002 0.04694066
v -0.05668105 -0.03305024 0.03140967
v -0.04804393 -0.04207061 0.02896282
v -0.03626886 -0.04780355 0.03140967
v -0.04662655 -0.04101264 0.03317927
v 0.02602313 -0.04620836 0.03998220
v 0.02602313 -0.04620836 0.03998220
v 0.03228630 -0.04345888 0.03653804
v 0.03847339 -0.04145370 0.03943999
v 0.03847339 -0.04145370 0.03943999
v 0.03283419 -0.04425171 0.04532282
v 0.03229639 0.04350777 0.03317319
v 0.03851653 0.04167670 0.03140967
v 0.03291801 0.04464041 0.02896281
v 0.02604711 0.04630691 0.03140967
v -0.05668105 -0.03305024 0.04038854
v -0.05668105 -0.03305024 0.04038854
v -0.04662655 -0.04101264 0.03673428
v -0.03626888 -0.04780343 0.04038805
v -0.03626888 -0.04780343 0.04038805
v -0.04804575 -0.04207177 0.04694066
v 0.00931110 0.05102540 0.03140967
v -0.00127382 0.05354210 0.02896282
v -0.01257264 0.05324848 0.03140967
v -0.00103379 0.05219570 0.03317883
v -0.04804578 0.04207176 0.04694066
v -0.03626891 0.04780342 0.04038805
v -0.03626891 0.04780342 0.04038805
v -0.04662657 0.04101262 0.03673428
v -0.05668107 0.03305022 0.04038854
v -0.05668107 0.03305022 0.04038854
v -0.00103376 -0.05219570 0.03317883
v -0.01257261 -0.05324848 0.03140967
v -0.00127379 -0.05354210 0.02896282
v 0.00931112 -0.05102539 0.03140967
v 0.00930376 0.05099756 0.04027498
v 0.00930376 0.05099756 0.04027498
v -0.00103469 0.05219233 0.03672006
v -0.01257363 0.05324477 0.04037342
v -0.01257363 0.05324477 0.04037342
v -0.00128012 0.05350862 0.04682583
v 0.05728391 -0.03143546 0.04171790
v 0.05051915 -0.03557775 0.03869214
v 0.05051915 -0.03557775 0.03869214
v 0.05613866 -0.03123868 0.03609906
v 0.06223492 -0.02580579 0.03793404
v 0.06223492 -0.02580579 0.03793404
v 0.06951676 -0.00976006 0.03746434
v 0.06980816 0.00000002 0.03582790
v 0.06951677 0.00976011 0.03746434
v 0.07134980 0.00000002 0.03949432
v 0.03916068 -0.03804100 0.08004202
v 0.03319185 -0.03571841 0.10092441
v 0.02668288 -0.04389707 0.08856941
v 0.03318234 -0.04338902 0.06820985
v 0.06407376 -0.02361953 0.05861630
v 0.05808656 -0.02672869 0.07295320
v 0.05164462 -0.03244533 0.06943580
v 0.05809891 -0.03023038 0.05466754
v -0.06842091 0.01178070 0.03140967
v -0.07107721 -0.00000002 0.02896282
v -0.06842091 -0.01178073 0.03140966
v -0.06908035 -0.00000002 0.03317927
v 0.03283417 0.04425174 0.04532281
v 0.03847337 0.04145373 0.03943998
v 0.03847337 0.04145373 0.03943998
v 0.03228627 0.04345890 0.03653804
v 0.02602310 0.04620838 0.03998220
v 0.02602310 0.04620838 0.03998220
v -0.04662657 0.04101262 0.03317927
v -0.03626888 0.04780353 0.03140967
v -0.04804394 0.04207059 0.02896282
v -0.05668107 0.03305023 0.03140967
v 0.02668286 0.04389710 0.08856941
v 0.03319183 0.03571844 0.10092441
v 0.03916065 0.03804101 0.08004202
v 0.03318232 0.04338904 0.06820985
v 0.00926602 -0.05269508 0.01534160
v -0.00150399 -0.05459500 0.02069274
v -0.01345309 -0.05501915 0.01534160
v -0.00167575 -0.05392602 0.01019694
v 0.06421153 -0.02727263 0.01534160
v 0.05840375 -0.03303424 0.02069274
v 0.05211204 -0.03722376 0.01534160
v 0.05811233 -0.03257370 0.01019694
v 0.02936874 0.00000001 0.13526455
v 0.03331637 -0.01466753 0.12341410
v 0.03732310 0.00000001 0.11926370
v 0.03331636 0.01466756 0.12341410
v 0.02003173 0.00000001 0.00355635
v 0.02561900 0.01168422 0.00353054
v 0.03048247 0.00000001 0.00355635
v 0.02561901 -0.01168420 0.00353054
v -0.04981210 0.04144537 0.15451179
v -0.05969081 0.03267954 0.17005777
v -0.04981397 0.03956567 0.18328932
v -0.03833416 0.04602953 0.17008136
v -0.07356975 -0.00000002 0.15450814
v -0.07197497 -0.01184544 0.17005425
v -0.07357237 -0.00000002 0.18326209
v -0.07197498 0.01184540 0.17005425
v -0.00164850 -0.04794212 0.15451344
v 0.00864272 -0.03905938 0.17026960
v -0.00170985 -0.04364685 0.18358954
v -0.01360380 -0.04887253 0.17014826
v 0.02386369 0.00000001 0.15849249
v 0.02148763 0.01538226 0.17082450
v 0.02341647 0.00000001 0.18198793
v 0.02148764 -0.01538224 0.17082450
v 0.03821661 -0.00000002 0.19403020
v 0.04112088 0.00752368 0.19250790
v 0.04295214 -0.00000000 0.18906494
v 0.04112092 -0.00752372 0.19250793
v 0.04938640 0.01929677 0.20621485
v 0.04986047 0.01981532 0.19869433
v 0.04448586 0.01843440 0.19808653
v 0.04373926 0.02099927 0.20527309
v 0.06362039 -0.01751883 0.13053688
v 0.05951706 -0.01617306 0.12521336
v 0.06316872 -0.01750685 0.12024435
v 0.06738501 -0.01626269 0.12534112
v 0.05955352 -0.02011632 0.09578306
v 0.05355210 -0.02082383 0.09899780
v 0.05848212 -0.02272665 0.08728702
v 0.06432914 -0.01870126 0.08516510
v 0.07357237 0.00000002 0.13157473
v 0.07281263 -0.00685995 0.12542925
v 0.07347270 0.00000002 0.11929401
v 0.07281263 0.00686000 0.12542925
v 0.05366840 -0.00000001 0.12949901
v 0.05408943 0.00677034 0.12512523
v 0.05286477 0.00000001 0.12119469
v 0.05408944 -0.00677034 0.12512525
v 0.06362037 0.01751884 0.13053686
v 0.06738499 0.01626272 0.12534111
v 0.06316870 0.01750688 0.12024435
v 0.05951705 0.01617307 0.12521337
v 0.07249228 0.00000003 0.08136428
v 0.07154662 -0.00735489 0.07623303
v 0.07260825 0.00000003 0.06880058
v 0.07154664 0.00735494 0.07623303
v 0.04650241 0.00000002 0.11088778
v 0.04606744 0.00947751 0.10950601
v 0.04326057 0.00000002 0.11193591
v 0.04606745 -0.00947747 0.10950600
v 0.05275164 -0.00838651 0.21179374
v 0.05676895 -0.00000022 0.20832391
v 0.05275151 0.00838588 0.21179362
v 0.04927772 -0.00000039 0.21651214
v -0.04981208 -0.04144538 0.15451177
v -0.03833414 -0.04602954 0.17008136
v -0.04981394 -0.03956568 0.18328934
v -0.05969078 -0.03267956 0.17005777
v -0.00164853 0.04794213 0.15451344
v -0.01360383 0.04887253 0.17014826
v -0.00170988 0.04364685 0.18358954
v 0.00864269 0.03905938 0.17026958
v 0.02604714 -0.04630689 0.03140967
v 0.03291803 -0.04464038 0.02896282
v 0.03851655 -0.04167667 0.03140966
v 0.03229641 -0.04350774 0.03317319
v -0.00128009 -0.05350862 0.04682583
v -0.01257360 -0.05324476 0.04037342
v -0.01257360 -0.05324476 0.04037342
v -0.00103466 -0.05219232 0.03672006
v 0.00930379 -0.05099755 0.04027499
v 0.00930379 -0.05099755 0.04027499
v 0.06954186 -0.00994655 0.03140967
v 0.07140491 0.00000002 0.02896282
v 0.06954186 0.00994659 0.03140967
v 0.06981505 0.00000002 0.03315121
v 0.06223490 0.02580583 0.03793404
v 0.06223490 0.02580583 0.03793404
v 0.05613864 0.03123871 0.03609906
v 0.05051913 0.03557779 0.03869214
v 0.05051913 0.03557779 0.03869214
v 0.05728391 0.03143550 0.04171790
v 0.00947203 -0.05090712 0.09349864
v -0.00142284 -0.05230129 0.11560469
v -0.01344368 -0.05479277 0.09454160
v -0.00148102 -0.05428994 0.07417258
v -0.05945861 0.03430582 0.09466029
v -0.04975374 0.04277117 0.11591575
v -0.03817238 0.04951116 0.09465677
v -0.04932161 0.04295035 0.07453197
v -0.00152405 0.04153114 0.20563067
v -0.01355241 0.04383428 0.21485906
v -0.00179186 0.04013918 0.22415593
v 0.00929968 0.03663268 0.21529541
v -0.04980934 -0.03818981 0.20477568
v -0.03831297 -0.04235425 0.21413985
v -0.04960272 -0.03739916 0.22245151
v -0.05963861 -0.03089286 0.21384201
v -0.00463773 -0.03516106 0.23940400
v 0.00086624 -0.02617384 0.24589013
v -0.00940753 -0.02807089 0.25051749
v -0.01629918 -0.03468265 0.24499134
v -0.04487851 -0.00000001 0.00350257
v -0.03730591 0.01235497 0.00351548
v -0.02926803 -0.00000000 0.00355420
v -0.03730590 -0.01235498 0.00351548
v -0.05915385 0.03415243 0.01534160
v -0.04924702 0.04290297 0.02069274
v -0.03801844 0.04940201 0.01534160
v -0.04919101 0.04241122 0.01019694
v 0.07171984 0.01038533 0.01534160
v 0.07269487 0.00000002 0.02069274
v 0.07171985 -0.01038528 0.01534160
v 0.07222526 0.00000002 0.01019694
v 0.05308847 -0.02632148 0.00030755
v 0.05993944 -0.02349456 0.00114556
v 0.05624861 -0.03027133 0.00290924
v 0.04906639 -0.03213112 0.00114556
v -0.06602556 -0.00000001 0.00030755
v -0.06678643 -0.01086000 0.00114556
v -0.07010859 -0.00000002 0.00290924
v -0.06678644 0.01085997 0.00114556
v -0.04552928 0.03629162 0.00030755
v -0.05572258 0.03053043 0.00114556
v -0.04785141 0.04012327 0.00290924
v -0.03631625 0.04421401 0.00114556
v 0.06505468 0.00000002 0.00030755
v 0.06659394 0.00894631 0.00114556
v 0.06955822 0.00000002 0.00290924
v 0.06659393 -0.00894626 0.00114556
v -0.00242046 -0.04581346 0.00030755
v 0.00817743 -0.04671797 0.00114556
v -0.00196775 -0.05089081 0.00290924
v -0.01340550 -0.04912226 0.00114556
v 0.03065714 0.03701575 0.00030755
v 0.02497058 0.04193649 0.00114556
v 0.03229882 0.04190151 0.00290924
v 0.03746554 0.03738005 0.00114556
v 0.03065716 -0.03701572 0.00030755
v 0.03746556 -0.03738002 0.00114556
v 0.03229884 -0.04190149 0.00290924
v 0.02497060 -0.04193646 0.00114556
v 0.05308846 0.02632152 0.00030755
v 0.04906638 0.03213115 0.00114556
v 0.05624860 0.03027137 0.00290924
v 0.05993942 0.02349460 0.00114556
v -0.00242048 0.04581347 0.00030755
v -0.01340553 0.04912225 0.00114556
v -0.00196778 0.05089082 0.00290924
v 0.00817740 0.04671799 0.00114556
v -0.04552926 -0.03629163 0.00030755
v -0.03631623 -0.04421402 0.00114556
v -0.04785139 -0.04012328 0.00290924
v -0.05572256 -0.03053045 0.00114556
v -0.02057242 0.00001109 0.25960850
v -0.01546268 -0.00645443 0.25959729
v -0.01111238 0.00002986 0.25959846
v -0.01546056 0.00649694 0.25959731
v -0.04099869 -0.00002987 0.25959589
v -0.03665050 -0.00649623 0.25959603
v -0.03153865 -0.00001109 0.25960853
v -0.03664838 0.00645372 0.25959600
v -0.06805023 -0.00001226 0.23737466
v -0.06228637 -0.00922900 0.24387273
v -0.05923479 -0.00003066 0.24942497
v -0.06228630 0.00918656 0.24387276
v -0.04705283 0.03373829 0.23757034
v -0.05259390 0.02497647 0.24391794
v -0.04264695 0.02747271 0.24951960
v -0.03574547 0.03415678 0.24421746
v -0.00463764 0.03517438 0.23940400
v -0.01629876 0.03469418 0.24499134
v -0.00940670 0.02810175 0.25051752
v 0.00086647 0.02620606 0.24589016
v -0.04705293 -0.03375055 0.23757032
v -0.03574589 -0.03416814 0.24421751
v -0.04264778 -0.02750338 0.24951960
v -0.05259414 -0.02500756 0.24391794
v -0.03735303 -0.01646457 0.25922146
v -0.04313630 -0.01619263 0.25840234
v -0.03931926 -0.02225379 0.25671214
v -0.03235083 -0.02186208 0.25842586
v -0.04736736 -0.00004042 0.25921786
v -0.04909953 0.00598889 0.25839882
v -0.05243708 -0.00004098 0.25668487
v -0.04910029 -0.00607028 0.25839884
v -0.01475804 0.01648652 0.25926153
v -0.00897476 0.01627406 0.25857784
v -0.01279003 0.02241896 0.25701033
v -0.01976023 0.02190031 0.25848995
v -0.00474371 0.00004041 0.25929786
v -0.00301154 -0.00603210 0.25863838
v 0.00032921 0.00004099 0.25728295
v -0.00301078 0.00611347 0.25863835
v -0.01476209 -0.01644349 0.25926148
v -0.01976459 -0.02187800 0.25848992
v -0.01279268 -0.02237769 0.25701031
v -0.00897737 -0.01621365 0.25857781
v -0.03734898 0.01642153 0.25922152
v -0.03234648 0.02183976 0.25842583
v -0.03931662 0.02221252 0.25671214
v -0.04313369 0.01613220 0.25840237
v 0.05615133 -0.03139251 0.03315960
v 0.05056680 -0.03594444 0.03140967
v 0.05738898 -0.03230019 0.02896282
v 0.06227125 -0.02621028 0.03140967
v 0.04539118 -0.01806763 0.00259838
v 0.05133058 -0.01661942 0.00172302
v 0.04926618 -0.02216082 0.00084233
v 0.04271965 -0.02295278 0.00172776
v -0.05492267 -0.00000001 0.00259300
v -0.05676726 -0.00846289 0.00172281
v -0.06080453 -0.00000001 0.00084212
v -0.05676726 0.00846287 0.00172281
v -0.03875993 0.02735009 0.00259838
v -0.04785582 0.02376010 0.00172303
v -0.04234081 0.03204198 0.00084233
v -0.03184093 0.03438654 0.00172776
v 0.05435725 0.00000002 0.00259300
v 0.05640651 0.00632072 0.00172281
v 0.05976184 0.00000002 0.00084212
v 0.05640651 -0.00632068 0.00172281
v -0.00255348 -0.03407178 0.00260375
v 0.00656247 -0.03563500 0.00172797
v -0.00263780 -0.04022862 0.00084255
v -0.01237470 -0.03801363 0.00172797
v 0.02665917 0.02637285 0.00260375
v 0.02169625 0.03129010 0.00172797
v 0.02867403 0.03179625 0.00084255
v 0.03293335 0.02723345 0.00172797
v 0.02665919 -0.02637283 0.00260375
v 0.03293337 -0.02723342 0.00172797
v 0.02867405 -0.03179623 0.00084255
v 0.02169627 -0.03129008 0.00172797
v 0.04539116 0.01806767 0.00259837
v 0.04271964 0.02295281 0.00172776
v 0.04926617 0.02216085 0.00084233
v 0.05133057 0.01661946 0.00172302
v -0.00255350 0.03407179 0.00260375
v -0.01237472 0.03801363 0.00172797
v -0.00263782 0.04022863 0.00084255
v 0.00656246 0.03563502 0.00172797
v -0.03875991 -0.02735010 0.00259837
v -0.03184091 -0.03438656 0.00172776
v -0.04234079 -0.03204201 0.00084233
v -0.04785580 -0.02376012 0.00172302
v 0.06112244 0.01814442 0.17255294
v 0.06579973 0.01684490 0.16995950
v 0.06272945 0.01770107 0.16280390
v 0.05827737 0.01634990 0.16552294
v 0.05155695 0.00000001 0.16624261
v 0.05308817 0.00672714 0.16246242
v 0.05305516 -0.00000001 0.15775899
v 0.05308817 -0.00672714 0.16246240
v 0.07068794 0.00000002 0.17886324
v 0.07098893 -0.00722210 0.17302001
v 0.07240374 0.00000002 0.16784879
v 0.07098893 0.00722215 0.17302001
v 0.06112245 -0.01814439 0.17255294
v 0.05827738 -0.01634989 0.16552294
v 0.06272945 -0.01770105 0.16280390
v 0.06579971 -0.01684486 0.16995950
v 0.05955351 0.02011637 0.09578307
v 0.06432912 0.01870131 0.08516511
v 0.05848211 0.02272669 0.08728702
v 0.05355208 0.02082388 0.09899780
v 0.06352117 0.01750990 0.15240931
v 0.06746441 0.01641568 0.14817502
v 0.06373374 0.01753164 0.14146316
v 0.05989879 0.01605141 0.14577408
v 0.05384308 -0.00000001 0.14868039
v 0.05467972 0.00663960 0.14411781
v 0.05396702 -0.00000001 0.13902845
v 0.05467971 -0.00663962 0.14411781
v 0.07319924 0.00000002 0.15613821
v 0.07268348 -0.00700385 0.14983125
v 0.07350046 0.00000002 0.14389785
v 0.07268348 0.00700388 0.14983125
v 0.06352117 -0.01750990 0.15240931
v 0.05989879 -0.01605142 0.14577408
v 0.06373375 -0.01753164 0.14146316
v 0.06746441 -0.01641566 0.14817498
v 0.05482629 -0.01913064 0.19083108
v 0.05348775 -0.01719892 0.18340709
v 0.05854079 -0.01863850 0.18193705
v 0.06018305 -0.01780306 0.18954967
v 0.06289474 -0.00000005 0.19922282
v 0.06480123 -0.00765721 0.19378626
v 0.06757750 0.00000002 0.18932853
v 0.06480123 0.00765720 0.19378625
v 0.04675780 0.00000001 0.18243929
v 0.04886956 0.00705309 0.17917051
v 0.04950405 0.00000002 0.17454556
v 0.04886957 -0.00705306 0.17917048
v 0.05482625 0.01913061 0.19083103
v 0.06018303 0.01780307 0.18954964
v 0.05854077 0.01863853 0.18193705
v 0.05348774 0.01719894 0.18340709
v 0.03463463 -0.01022189 0.22681194
v 0.04027346 0.00000012 0.22401483
v 0.03463451 0.01022426 0.22681181
v 0.02910771 0.00000390 0.23192492
v 0.03280574 0.02368154 0.21873212
v 0.03641676 0.02326311 0.21058244
v 0.03095962 0.02335070 0.20646199
v 0.02603775 0.02803204 0.21409202
v 0.02742908 -0.00000001 0.19500116
v 0.03027811 0.00989266 0.19806760
v 0.03306400 -0.00000002 0.19701383
v 0.03027815 -0.00989270 0.19806765
v 0.03095979 -0.02335074 0.20646217
v 0.03641702 -0.02326334 0.21058274
v 0.03280598 -0.02368069 0.21873239
v 0.02603791 -0.02803113 0.21409218
v 0.06217965 0.01782755 0.11105301
v 0.06595396 0.01661787 0.10441952
v 0.06081809 0.01866834 0.10306017
v 0.05707545 0.01709322 0.10942197
v 0.05122394 0.00000002 0.11527403
v 0.05095071 0.00732081 0.11287288
v 0.04893216 0.00000002 0.11201582
v 0.05095071 -0.00732076 0.11287288
v 0.07313538 0.00000003 0.10683199
v 0.07207871 -0.00684540 0.10096863
v 0.07270068 0.00000003 0.09412552
v 0.07207871 0.00684546 0.10096862
v 0.06217966 -0.01782751 0.11105300
v 0.05707547 -0.01709317 0.10942198
v 0.06081810 -0.01866829 0.10306017
v 0.06595397 -0.01661782 0.10441952
v 0.03959150 -0.04312580 0.02069274
v 0.02666817 -0.04788762 0.02069274
v 0.02650007 -0.04719834 0.01019695
v 0.03943176 -0.04246139 0.01019695
v -0.03791031 -0.04888786 0.01019694
v -0.03788767 -0.04945254 0.02069274
v -0.05901703 -0.03418937 0.02069274
v -0.05888380 -0.03379280 0.01019694
v -0.01349122 0.05443245 0.01019694
v -0.01334949 0.05508213 0.02069274
v 0.00932233 0.05277394 0.02069274
v 0.00913932 0.05209426 0.01019694
v 0.03943156 -0.00901095 0.00352865
v 0.03943155 0.00901098 0.00352865
v 0.04752587 0.00663323 0.00348391
v 0.04752587 -0.00663320 0.00348391
v 0.05206868 0.03728283 0.02069274
v 0.06417806 0.02728382 0.02069274
v 0.06381908 0.02693126 0.01019695
v 0.05184028 0.03673026 0.01019695
v -0.07092829 -0.01204121 0.01019694
v -0.07116693 -0.01218622 0.02069274
v -0.07116693 0.01218618 0.02069274
v -0.07092830 0.01204118 0.01019694
v 0.02650004 0.04719836 0.01019694
v 0.02666815 0.04788765 0.02069274
v 0.03959148 0.04312583 0.02069274
v 0.03943173 0.04246142 0.01019694
v 0.04158127 -0.01906836 0.20088357
v 0.04716636 -0.01798384 0.19493805
v 0.05256307 -0.01879481 0.20246396
v 0.04590988 -0.01993016 0.20968437
v -0.01147376 -0.01562365 0.00353054
v -0.01147377 0.01562365 0.00353053
v 0.00595721 0.01453068 0.00353054
v 0.00595722 -0.01453066 0.00353053
v 0.01594253 -0.01117292 0.24130144
v 0.01594253 0.01120209 0.24130144
v 0.00613741 0.00869947 0.25138343
v 0.00613726 -0.00863932 0.25138343
v -0.01352706 -0.04448656 0.20538629
v 0.00946198 -0.03655076 0.20577749
v 0.00906706 -0.03530483 0.22426002
v -0.01364885 -0.04312977 0.22369494
v -0.07196608 0.01145845 0.20468206
v -0.07196606 -0.01145852 0.20468206
v -0.07156674 -0.01128726 0.22225792
v -0.07156675 0.01128540 0.22225791
v -0.03832948 0.04286632 0.20490675
v -0.05968428 0.03115274 0.20471162
v -0.05939177 0.03058417 0.22231903
v -0.03822303 0.04185387 0.22272197
v 0.07160084 0.00930816 0.04700638
v 0.07179795 0.00841768 0.05789857
v 0.07179794 -0.00841763 0.05789857
v 0.07160084 -0.00930811 0.04700637
v -0.01334768 0.05498562 0.07442570
v -0.01347692 0.05400092 0.11583134
v 0.00970127 0.04822203 0.11493522
v 0.00935340 0.05209606 0.07359535
v 0.05169015 0.03441013 0.05838227
v 0.05149238 0.02943033 0.08072367
v 0.06406050 0.02226136 0.06623874
v 0.06395833 0.02475953 0.05131467
v -0.03793699 -0.04948660 0.07452874
v -0.03828278 -0.04915914 0.11591350
v -0.05962031 -0.03416516 0.11591568
v -0.05911465 -0.03423852 0.07453197
v -0.07129463 -0.01220954 0.07453197
v -0.07189176 -0.01221762 0.11591564
v -0.07189176 0.01221758 0.11591565
v -0.07129465 0.01220951 0.07453197
v 0.06167148 0.02586792 0.03315621
v 0.06305144 0.02664360 0.02896282
v 0.05117820 0.03649949 0.02896282
v 0.05009674 0.03551023 0.03316333
v -0.06953172 0.01195110 0.04694066
v -0.06757068 0.01165003 0.03673427
v -0.06757066 -0.01165006 0.03673428
v -0.06953169 -0.01195114 0.04694066
v -0.05596103 -0.03268365 0.03317926
v -0.05761933 -0.03352674 0.02896282
v -0.03691251 -0.04849279 0.02896282
v -0.03577526 -0.04727331 0.03317926
v 0.02624708 -0.04671709 0.04592555
v 0.02584223 -0.04576088 0.03661095
v 0.03816752 -0.04112853 0.03644639
v 0.03884765 -0.04175514 0.04456929
v 0.02584927 0.04579096 0.03317545
v 0.03818019 0.04120204 0.03317035
v 0.03895392 0.04228889 0.02896282
v 0.02630414 0.04697565 0.02896282
v -0.05762172 -0.03352795 0.04694066
v -0.05596103 -0.03268365 0.03673427
v -0.03577526 -0.04727327 0.03673413
v -0.03691379 -0.04849335 0.04693948
v 0.00929905 0.05045912 0.03317820
v 0.00932603 0.05176086 0.02896282
v -0.01287404 0.05401614 0.02896282
v -0.01234189 0.05265780 0.03317912
v -0.05762175 0.03352793 0.04694066
v -0.03691382 0.04849334 0.04693948
v -0.03577528 0.04727326 0.03673413
v -0.05596106 0.03268363 0.03673427
v 0.00929908 -0.05045910 0.03317819
v -0.01234186 -0.05265781 0.03317912
v -0.01287402 -0.05401615 0.02896282
v 0.00932606 -0.05176084 0.02896282
v 0.00931019 0.05168179 0.04666036
v 0.00929689 0.05045089 0.03669981
v -0.01234219 0.05265672 0.03672968
v -0.01287619 0.05400528 0.04690390
v 0.06296380 -0.02581361 0.04081760
v 0.05106108 -0.03569835 0.04270619
v 0.05008275 -0.03537766 0.03621942
v 0.06166081 -0.02571212 0.03598934
v 0.07036766 -0.00974632 0.03964901
v 0.06885419 -0.00973594 0.03584678
v 0.06885419 0.00973598 0.03584678
v 0.07036767 0.00974637 0.03964902
v 0.03923865 -0.04062293 0.06534721
v 0.03894917 -0.03315867 0.09491713
v 0.02694791 -0.03892156 0.10721286
v 0.02655726 -0.04623223 0.07063693
v 0.06395834 -0.02475949 0.05131467
v 0.06406051 -0.02226132 0.06623875
v 0.05149239 -0.02943029 0.08072367
v 0.05169017 -0.03441010 0.05838226
v -0.06757068 0.01165003 0.03317926
v -0.06952859 0.01195053 0.02896282
v -0.06952857 -0.01195057 0.02896282
v -0.06757067 -0.01165006 0.03317926
v 0.02624705 0.04671712 0.04592554
v 0.03884763 0.04175517 0.04456929
v 0.03816750 0.04112856 0.03644639
v 0.02584220 0.04576091 0.03661095
v -0.05596105 0.03268363 0.03317926
v -0.03577527 0.04727330 0.03317926
v -0.03691253 0.04849278 0.02896282
v -0.05761936 0.03352672 0.02896282
v 0.02655723 0.04623225 0.07063693
v 0.02694789 0.03892158 0.10721286
v 0.03894914 0.03315870 0.09491715
v 0.03923864 0.04062295 0.06534720
v 0.00913935 -0.05209424 0.01019694
v 0.00932236 -0.05277393 0.02069274
v -0.01334946 -0.05508213 0.02069274
v -0.01349119 -0.05443245 0.01019694
v 0.06381908 -0.02693122 0.01019695
v 0.06417806 -0.02728378 0.02069274
v 0.05206869 -0.03728279 0.02069274
v 0.05184029 -0.03673023 0.01019694
v 0.02878779 0.01617127 0.13241463
v 0.02878780 -0.01617125 0.13241463
v 0.03770770 -0.01351242 0.11629815
v 0.03770769 0.01351244 0.11629815
v 0.02005506 -0.01260123 0.00353053
v 0.02005505 0.01260125 0.00353054
v 0.03051589 0.01081522 0.00353053
v 0.03051590 -0.01081520 0.00353054
v -0.03833150 0.04731942 0.15451678
v -0.05968862 0.03329792 0.15450930
v -0.05969080 0.03206003 0.18327087
v -0.03833349 0.04474159 0.18332753
v -0.07197240 0.01200175 0.15450817
v -0.07197239 -0.01200179 0.15450817
v -0.07197496 -0.01168869 0.18326237
v -0.07197498 0.01168866 0.18326237
v -0.01356150 -0.05085324 0.15453069
v 0.00907169 -0.04155360 0.15453160
v 0.00891564 -0.03711294 0.18367299
v -0.01357935 -0.04699248 0.18348136
v 0.02235910 -0.01658829 0.15735982
v 0.02235908 0.01658831 0.15735982
v 0.02195534 0.01439483 0.18248552
v 0.02195536 -0.01439482 0.18248552
v 0.03861700 -0.00779620 0.19484697
v 0.03861694 0.00779614 0.19484692
v 0.04345500 0.00734090 0.18976557
v 0.04345503 -0.00734092 0.18976561
v 0.04590959 0.01992960 0.20968401
v 0.05256290 0.01879450 0.20246378
v 0.04716625 0.01798370 0.19493792
v 0.04158108 0.01906809 0.20088336
v 0.06749752 -0.01632527 0.13094118
v 0.05974326 -0.01615755 0.13013255
v 0.05915448 -0.01623308 0.12061458
v 0.06718297 -0.01622753 0.11987411
v 0.06461238 -0.01795659 0.09011061
v 0.05446276 -0.01938932 0.10156729
v 0.05250264 -0.02294420 0.09572864
v 0.06413240 -0.01967915 0.07972298
v 0.07284670 0.00690893 0.13149903
v 0.07284670 -0.00690889 0.13149905
v 0.07272135 -0.00681759 0.11936332
v 0.07272135 0.00681764 0.11936330
v 0.05439407 -0.00674119 0.12957468
v 0.05439407 0.00674118 0.12957468
v 0.05361609 0.00682316 0.12112540
v 0.05361610 -0.00682314 0.12112539
v 0.05974326 0.01615756 0.13013253
v 0.06749751 0.01632530 0.13094120
v 0.06718297 0.01622757 0.11987411
v 0.05915446 0.01623311 0.12061458
v 0.07155343 0.00716099 0.08240250
v 0.07155342 -0.00716093 0.08240250
v 0.07160942 -0.00762399 0.07007223
v 0.07160944 0.00762404 0.07007223
v 0.04744447 -0.00859367 0.10974697
v 0.04744446 0.00859372 0.10974698
v 0.04423761 0.01083740 0.10974389
v 0.04423762 -0.01083737 0.10974389
v 0.04888469 -0.00865820 0.21571792
v 0.05627433 -0.00815200 0.20763632
v 0.05627424 0.00815158 0.20763623
v 0.04888455 0.00865745 0.21571772
v -0.05968860 -0.03329794 0.15450930
v -0.03833148 -0.04731944 0.15451678
v -0.03833347 -0.04474160 0.18332753
v -0.05969078 -0.03206006 0.18327087
v 0.00907166 0.04155361 0.15453159
v -0.01356153 0.05085324 0.15453068
v -0.01357938 0.04699249 0.18348133
v 0.00891561 0.03711295 0.18367298
v 0.02584930 -0.04579093 0.03317545
v 0.02630417 -0.04697562 0.02896282
v 0.03895395 -0.04228885 0.02896282
v 0.03818021 -0.04120200 0.03317035
v 0.00931022 -0.05168177 0.04666036
v -0.01287615 -0.05400528 0.04690390
v -0.01234215 -0.05265672 0.03672968
v 0.00929692 -0.05045088 0.03669981
v 0.06886156 -0.00980977 0.03315180
v 0.07042685 -0.01011861 0.02896282
v 0.07042685 0.01011865 0.02896282
v 0.06886156 0.00980982 0.03315179
v 0.06296379 0.02581365 0.04081760
v 0.06166079 0.02571217 0.03598934
v 0.05008274 0.03537770 0.03621942
v 0.05106106 0.03569839 0.04270619
v 0.00935343 -0.05209604 0.07359536
v 0.00970130 -0.04822201 0.11493521
v -0.01347689 -0.05400091 0.11583134
v -0.01334765 -0.05498562 0.07442569
v -0.05911467 0.03423849 0.07453197
v -0.05962033 0.03416514 0.11591568
v -0.03828281 0.04915913 0.11591349
v -0.03793701 0.04948659 0.07452874
v 0.00946193 0.03655106 0.20577743
v -0.01352709 0.04448663 0.20538629
v -0.01364887 0.04313062 0.22369494
v 0.00906700 0.03530827 0.22426001
v -0.05968426 -0.03115278 0.20471161
v -0.03832946 -0.04286634 0.20490675
v -0.03822302 -0.04185437 0.22272197
v -0.05939176 -0.03058553 0.22231902
v -0.01506142 -0.03848788 0.23885181
v 0.00464908 -0.02944842 0.23980401
v -0.00245875 -0.02317925 0.25085076
v -0.01745471 -0.03103402 0.25017313
v -0.04448962 -0.00999820 0.00348391
v -0.04448963 0.00999818 0.00348391
v -0.02925041 0.01417860 0.00352865
v -0.02925040 -0.01417861 0.00352865
v -0.05888382 0.03379279 0.01019694
v -0.05901704 0.03418935 0.02069274
v -0.03788770 0.04945253 0.02069274
v -0.03791035 0.04888785 0.01019694
v 0.07124153 0.01026212 0.01019694
v 0.07169774 0.01038036 0.02069274
v 0.07169775 -0.01038031 0.02069274
v 0.07124153 -0.01026207 0.01019694
v 0.04764795 -0.02978178 0.00030755
v 0.05796130 -0.02171375 0.00030755
v 0.06164352 -0.02502213 0.00290924
v 0.05028697 -0.03415540 0.00290924
v -0.06465622 0.01026286 0.00030755
v -0.06465622 -0.01026289 0.00030755
v -0.06861617 -0.01137608 0.00290924
v -0.06861617 0.01137605 0.00290924
v -0.03548105 0.04185008 0.00030755
v -0.05409014 0.02888074 0.00030755
v -0.05712274 0.03195608 0.00290924
v -0.03702896 0.04625673 0.00290924
v 0.06422801 -0.00825760 0.00030755
v 0.06422801 0.00825765 0.00030755
v 0.06863333 0.00953521 0.00290924
v 0.06863333 -0.00953517 0.00290924
v -0.01334193 -0.04643761 0.00030755
v 0.00769937 -0.04400291 0.00030755
v 0.00859301 -0.04906545 0.00290924
v -0.01345421 -0.05144249 0.00290924
v 0.03645961 0.03480968 0.00030755
v 0.02419396 0.03928155 0.00030755
v 0.02564049 0.04423278 0.00290924
v 0.03833093 0.03960156 0.00290924
v 0.02419398 -0.03928152 0.00030755
v 0.03645963 -0.03480965 0.00030755
v 0.03833096 -0.03960153 0.00290924
v 0.02564052 -0.04423276 0.00290924
v 0.05796129 0.02171379 0.00030755
v 0.04764793 0.02978181 0.00030755
v 0.05028696 0.03415543 0.00290924
v 0.06164350 0.02502217 0.00290924
v 0.00769935 0.04400293 0.00030755
v -0.01334196 0.04643761 0.00030755
v -0.01345423 0.05144249 0.00290924
v 0.00859298 0.04906546 0.00290924
v -0.05409011 -0.02888077 0.00030755
v -0.03548103 -0.04185010 0.00030755
v -0.03702894 -0.04625674 0.00290924
v -0.05712272 -0.03195610 0.00290924
v -0.02054489 0.00709503 0.25959684
v -0.02054741 -0.00707286 0.25959684
v -0.01117862 -0.00562926 0.25958800
v -0.01117697 0.00568853 0.25958800
v -0.04093245 0.00562799 0.25958378
v -0.04093409 -0.00568727 0.25958381
v -0.03156618 -0.00709464 0.25959617
v -0.03156365 0.00707246 0.25959617
v -0.06663845 0.01016719 0.23737673
v -0.06663847 -0.01019089 0.23737673
v -0.05811986 -0.00829831 0.24942592
v -0.05811971 0.00823905 0.24942595
v -0.03690758 0.03772572 0.23784195
v -0.05578185 0.02759013 0.23743785
v -0.04954353 0.02244645 0.24945554
v -0.03463320 0.03070177 0.24965195
v 0.00464913 0.02946809 0.23980401
v -0.01506130 0.03849458 0.23885181
v -0.01745369 0.03104994 0.25017313
v -0.00245817 0.02322306 0.25085076
v -0.05578192 -0.02760750 0.23743788
v -0.03690769 -0.03773205 0.23784195
v -0.03463422 -0.03071764 0.24965192
v -0.04954412 -0.02248987 0.24945554
v -0.03194121 -0.01820200 0.25922661
v -0.04184257 -0.01377450 0.25921738
v -0.04479999 -0.01822279 0.25669365
v -0.03292188 -0.02481433 0.25675039
v -0.04682049 -0.00542520 0.25921626
v -0.04681952 0.00534646 0.25921621
v -0.05156504 0.00666649 0.25668515
v -0.05156557 -0.00674574 0.25668515
v -0.02016985 0.01821434 0.25924727
v -0.01026849 0.01380090 0.25927431
v -0.00730787 0.01842119 0.25711548
v -0.01918841 0.02490710 0.25690469
v -0.00529057 0.00543925 0.25929386
v -0.00529154 -0.00536052 0.25929389
v -0.00054233 -0.00677210 0.25726242
v -0.00054181 0.00685137 0.25726239
v -0.01027151 -0.01374093 0.25927434
v -0.02017471 -0.01819190 0.25924727
v -0.01919165 -0.02488573 0.25690466
v -0.00730976 -0.01836290 0.25711548
v -0.04183956 0.01371452 0.25921738
v -0.03193635 0.01817955 0.25922661
v -0.03291864 0.02479295 0.25675039
v -0.04479810 0.01816451 0.25669365
v 0.06167149 -0.02586788 0.03315620
v 0.05009676 -0.03551019 0.03316332
v 0.05117822 -0.03649946 0.02896282
v 0.06305145 -0.02664355 0.02896282
v 0.04107843 -0.02054518 0.00260308
v 0.04916436 -0.01493136 0.00258829
v 0.05356607 -0.01823376 0.00084193
v 0.04440941 -0.02516762 0.00084252
v -0.05392521 0.00788778 0.00258762
v -0.05392521 -0.00788779 0.00258762
v -0.05957885 -0.00904236 0.00084190
v -0.05957885 0.00904234 0.00084190
v -0.03051572 0.03147439 0.00260308
v -0.04568594 0.02189277 0.00258829
v -0.05008074 0.02548206 0.00084193
v -0.03320136 0.03695696 0.00084252
v 0.05379384 -0.00573421 0.00258762
v 0.05379384 0.00573425 0.00258762
v 0.05904357 0.00691660 0.00084190
v 0.05904357 -0.00691655 0.00084190
v -0.01193469 -0.03474417 0.00260375
v 0.00626545 -0.03245207 0.00260375
v 0.00687221 -0.03847163 0.00084255
v -0.01282076 -0.04090408 0.00084255
v 0.03175159 0.02450459 0.00260375
v 0.02089412 0.02833384 0.00260375
v 0.02252235 0.03395452 0.00084255
v 0.03414776 0.02972015 0.00084255
v 0.02089413 -0.02833382 0.00260375
v 0.03175161 -0.02450456 0.00260375
v 0.03414778 -0.02972012 0.00084255
v 0.02252236 -0.03395450 0.00084255
v 0.04916435 0.01493140 0.00258829
v 0.04107842 0.02054521 0.00260308
v 0.04440940 0.02516765 0.00084252
v 0.05356605 0.01823380 0.00084193
v 0.00626543 0.03245208 0.00260375
v -0.01193471 0.03474417 0.00260375
v -0.01282079 0.04090408 0.00084255
v 0.00687219 0.03847164 0.00084255
v -0.04568593 -0.02189279 0.00258829
v -0.03051570 -0.03147440 0.00260308
v -0.03320134 -0.03695698 0.00084252
v -0.05008073 -0.02548208 0.00084193
v 0.05739589 0.01656717 0.17009457
v 0.06484900 0.01707561 0.17501133
v 0.06649839 0.01665038 0.16476931
v 0.05896051 0.01617036 0.16083849
v 0.05225443 -0.00681454 0.16670276
v 0.05225443 0.00681456 0.16670275
v 0.05376056 0.00665603 0.15812686
v 0.05376056 -0.00665604 0.15812686
v 0.06999047 0.00732299 0.17840313
v 0.06999045 -0.00732295 0.17840313
v 0.07169831 -0.00713602 0.16748097
v 0.07169832 0.00713606 0.16748093
v 0.06484901 -0.01707557 0.17501133
v 0.05739589 -0.01656715 0.17009455
v 0.05896050 -0.01617036 0.16083850
v 0.06649838 -0.01665035 0.16476931
v 0.05446275 0.01938937 0.10156729
v 0.06461237 0.01795664 0.09011061
v 0.06413239 0.01967920 0.07972297
v 0.05250263 0.02294424 0.09572864
v 0.05975075 0.01602488 0.15095659
v 0.06729159 0.01644139 0.15386205
v 0.06753869 0.01640482 0.14241168
v 0.05992879 0.01610176 0.14051465
v 0.05454877 -0.00661333 0.14895229
v 0.05454877 0.00661330 0.14895230
v 0.05467918 0.00667849 0.13920598
v 0.05467918 -0.00667852 0.13920599
v 0.07249355 0.00702983 0.15586631
v 0.07249355 -0.00702980 0.15586632
v 0.07278831 -0.00698154 0.14372033
v 0.07278832 0.00698158 0.14372034
v 0.06729158 -0.01644138 0.15386204
v 0.05975074 -0.01602489 0.15095659
v 0.05992879 -0.01610177 0.14051465
v 0.06753870 -0.01640481 0.14241168
v 0.05797097 -0.01806777 0.19410255
v 0.05168238 -0.01740789 0.18756084
v 0.05502020 -0.01699962 0.17905741
v 0.06206139 -0.01755940 0.18481674
v 0.06230734 0.00778651 0.19861243
v 0.06230736 -0.00778661 0.19861246
v 0.06691862 -0.00754125 0.18878963
v 0.06691862 0.00754129 0.18878961
v 0.04734596 -0.00712669 0.18305092
v 0.04734594 0.00712671 0.18305092
v 0.05016296 0.00698151 0.17508451
v 0.05016297 -0.00698148 0.17508448
v 0.05168234 0.01740788 0.18756083
v 0.05797092 0.01806771 0.19410251
v 0.06206139 0.01755943 0.18481671
v 0.05502020 0.01699966 0.17905741
v 0.02850703 -0.01125616 0.23088705
v 0.03996560 -0.00948306 0.22308424
v 0.03996545 0.00948322 0.22308405
v 0.02850695 0.01126316 0.23088698
v 0.02651815 0.02624376 0.22142402
v 0.03785766 0.02194991 0.21589213
v 0.03503223 0.02130789 0.20527729
v 0.02577208 0.02643576 0.20658286
v 0.02693523 -0.01151139 0.19622392
v 0.02693520 0.01151137 0.19622389
v 0.03327086 0.00884111 0.19799169
v 0.03327091 -0.00884118 0.19799176
v 0.02577219 -0.02643558 0.20658300
v 0.03503243 -0.02130809 0.20527754
v 0.03785795 -0.02195006 0.21589249
v 0.02651832 -0.02624118 0.22142421
v 0.05791147 0.01666874 0.11269744
v 0.06644781 0.01638651 0.10940857
v 0.06544789 0.01695163 0.09957758
v 0.05618739 0.01766394 0.10654627
v 0.05202279 -0.00708641 0.11496624
v 0.05202278 0.00708645 0.11496624
v 0.04979859 0.00763020 0.11136174
v 0.04979860 -0.00763015 0.11136173
v 0.07233652 0.00680421 0.10713976
v 0.07233653 -0.00680416 0.10713976
v 0.07183438 -0.00691783 0.09477655
v 0.07183438 0.00691789 0.09477655
v 0.06644783 -0.01638646 0.10940857
v 0.05791150 -0.01666871 0.11269743
v 0.05618740 -0.01766389 0.10654627
v 0.06544789 -0.01695157 0.09957757
vt 0.92435056 0.25825751
vt 0.93310767 0.00218976
vt 0.73188478 0.01335615
vt 0.93762857 0.24560386
vt 0.94312865 0.01378202
vt 0.93762857 0.24560386
vt 0.94312865 0.01378202
vt 0.91665733 0.01721615
vt 0.75236982 0.00152898
vt 0.92774904 0.02806622
vt 0.92774904 0.02806622
vt 0.90183240 0.03416127
vt 0.77602422 0.00152892
vt 0.91431141 0.04369366
vt 0.91431141 0.04369366
vt 0.79650944 0.01335609
vt 0.88929594 0.05330205
vt 0.90320754 0.06109935
vt 0.90320754 0.06109935
vt 0.80833673 0.03384137
vt 0.87951320 0.07439476
vt 0.89465070 0.08017302
vt 0.89465070 0.08017302
vt 0.80833673 0.05749559
vt 0.87282532 0.09705424
vt 0.88890189 0.10060221
vt 0.88890189 0.10060221
vt 0.79650944 0.07798076
vt 0.86949253 0.12082756
vt 0.88618052 0.12198883
vt 0.88618052 0.12198883
vt 0.77602422 0.08980793
vt 0.86970049 0.14521891
vt 0.88664663 0.14388913
vt 0.88664663 0.14388913
vt 0.75237000 0.08980793
vt 0.87355870 0.16970277
vt 0.89039487 0.16583198
vt 0.89039487 0.16583198
vt 0.88109595 0.19373786
vt 0.73188478 0.07798076
vt 0.89745277 0.18733668
vt 0.89745277 0.18733668
vt 0.89224821 0.21678877
vt 0.72005773 0.05749559
vt 0.90778917 0.20794505
vt 0.90778917 0.20794505
vt 0.90682179 0.23837721
vt 0.72005773 0.03384137
vt 0.92135799 0.22731996
vt 0.92135799 0.22731996
vt 0.83396852 0.12531108
vt 0.94842875 0.04892534
vt 0.81934690 0.12715161
vt 0.81992793 0.00179970
vt 0.96040094 0.21794885
vt 0.96042794 0.03878522
vt 0.84749460 0.11866170
vt 0.93814397 0.06113720
vt 0.85894012 0.10833919
vt 0.92972708 0.07495838
vt 0.86737108 0.09571022
vt 0.92336059 0.09010661
vt 0.87269890 0.08180183
vt 0.91923606 0.10628188
vt 0.87494087 0.06681246
vt 0.91751403 0.12315440
vt 0.87379646 0.05152988
vt 0.91830945 0.14036810
vt 0.86920011 0.03676695
vt 0.92168617 0.15754759
vt 0.86124277 0.02333891
vt 0.92765296 0.17430413
vt 0.85010982 0.01212174
vt 0.93616313 0.19024062
vt 0.83606291 0.00427032
vt 0.94712073 0.20494598
vt 0.01798427 0.01799244
vt 0.81592798 0.08490783
vt 0.01357160 0.02053565
vt 0.81143022 0.08615577
vt 0.81149983 0.04415488
vt 0.02053425 0.01358360
vt 0.81998277 0.08246851
vt 0.02053791 0.00849038
vt 0.82342076 0.07912201
vt 0.01799471 0.00407779
vt 0.82605851 0.07506573
vt 0.01358583 0.00152797
vt 0.82775068 0.07049835
vt 0.00849266 0.00152409
vt 0.82839370 0.06564951
vt 0.00408001 0.00406742
vt 0.82794428 0.06075996
vt 0.00153014 0.00847632
vt 0.82641506 0.05607635
vt 0.00152635 0.01356941
vt 0.82387245 0.05184144
vt 0.00406968 0.01798213
vt 0.82043123 0.04828793
vt 0.00847856 0.02053195
vt 0.81624663 0.04564232
vt 0.81969595 0.09288341
vt 0.81199551 0.09188265
vt 0.81245673 0.03804207
vt 0.82550436 0.08951932
vt 0.83042967 0.08484054
vt 0.83425909 0.07915616
vt 0.83667898 0.07269591
vt 0.83760905 0.06581807
vt 0.83699608 0.05887520
vt 0.83484364 0.05221778
vt 0.83123434 0.04619837
vt 0.82632565 0.04116201
vt 0.82035387 0.03744268
vt 0.83051944 0.11347759
vt 0.83051944 0.11347759
vt 0.82028127 0.11632472
vt 0.82093394 0.01387018
vt 0.82028127 0.11632472
vt 0.82093394 0.01387018
vt 0.84041703 0.10792983
vt 0.84041703 0.10792983
vt 0.84910101 0.09972531
vt 0.84910101 0.09972531
vt 0.85608315 0.08977431
vt 0.85608315 0.08977431
vt 0.86031413 0.07829958
vt 0.86031413 0.07829958
vt 0.86191005 0.06606466
vt 0.86191005 0.06606466
vt 0.86081123 0.05372232
vt 0.86081123 0.05372232
vt 0.85697186 0.04190552
vt 0.85697186 0.04190552
vt 0.85052818 0.03130239
vt 0.85052818 0.03130239
vt 0.84182161 0.02266598
vt 0.84182161 0.02266598
vt 0.83157468 0.01682663
vt 0.83157468 0.01682663
vt 0.83226484 0.11913705
vt 0.83226484 0.11913705
vt 0.84395230 0.11321604
vt 0.84395230 0.11321604
vt 0.81994712 0.12165916
vt 0.82048440 0.00787008
vt 0.81994712 0.12165916
vt 0.82048440 0.00787008
vt 0.83379823 0.01086116
vt 0.83379823 0.01086116
vt 0.85401869 0.10406691
vt 0.85401869 0.10406691
vt 0.86174345 0.09279656
vt 0.86174345 0.09279656
vt 0.86657321 0.08007234
vt 0.86657321 0.08007234
vt 0.86848956 0.06646264
vt 0.86848956 0.06646264
vt 0.86736095 0.05264437
vt 0.86736095 0.05264437
vt 0.86312944 0.03935093
vt 0.86312944 0.03935093
vt 0.85590065 0.02735126
vt 0.85590065 0.02735126
vt 0.84594226 0.01749593
vt 0.84594226 0.01749593
vt 0.01103219 0.01102996
vt 0.76419705 0.04566848
vt 0.92488253 0.00970292
vt 0.74212742 0.00744253
vt 0.93529242 0.02082717
vt 0.93529242 0.02082717
vt 0.93098962 0.25193071
vt 0.93811816 0.00798589
vt 0.92231607 0.02277440
vt 0.90924501 0.02568871
vt 0.76419711 0.00152892
vt 0.92074138 0.03566700
vt 0.92074138 0.03566700
vt 0.90823090 0.03907996
vt 0.89556432 0.04373169
vt 0.78626692 0.00744253
vt 0.90845799 0.05217451
vt 0.90845799 0.05217451
vt 0.89644295 0.05733621
vt 0.80242324 0.02359873
vt 0.88440466 0.06384844
vt 0.89859396 0.07044464
vt 0.89859396 0.07044464
vt 0.88729686 0.07739270
vt 0.80833685 0.04566848
vt 0.87616938 0.08572453
vt 0.89141047 0.09024185
vt 0.89141047 0.09024185
vt 0.88109666 0.09890556
vt 0.80242324 0.06773818
vt 0.87115908 0.10894090
vt 0.88715148 0.11120284
vt 0.88715148 0.11120284
vt 0.87808245 0.12145114
vt 0.78626692 0.08389437
vt 0.86959660 0.13302326
vt 0.88600785 0.13290381
vt 0.88600785 0.13290381
vt 0.87842709 0.14456046
vt 0.76419717 0.08980793
vt 0.87162966 0.15746087
vt 0.88810742 0.15488529
vt 0.88810742 0.15488529
vt 0.88223225 0.16773623
vt 0.74212754 0.08389437
vt 0.87732738 0.18172032
vt 0.89351106 0.17666882
vt 0.89351106 0.17666882
vt 0.88952535 0.19046897
vt 0.88667220 0.20526332
vt 0.72597128 0.06773818
vt 0.90221477 0.19777870
vt 0.90221477 0.19777870
vt 0.90025634 0.21226537
vt 0.89953512 0.22758305
vt 0.72005785 0.04566848
vt 0.91416955 0.21779543
vt 0.91416955 0.21779543
vt 0.91429508 0.23272997
vt 0.91558623 0.24831736
vt 0.72597134 0.02359873
vt 0.92929018 0.23654401
vt 0.92929018 0.23654401
vt 0.82665771 0.12623131
vt 0.95442837 0.04385531
vt 0.84073162 0.12198639
vt 0.94328654 0.05503124
vt 0.85321748 0.11350048
vt 0.93393558 0.06804776
vt 0.86315572 0.10202473
vt 0.92654395 0.08253253
vt 0.87003511 0.08875602
vt 0.92129844 0.09819424
vt 0.87382001 0.07430714
vt 0.91837513 0.11471814
vt 0.87436873 0.05917120
vt 0.91791189 0.13176131
vt 0.87149835 0.04414845
vt 0.91999793 0.14895785
vt 0.86522150 0.03005296
vt 0.92466968 0.16592586
vt 0.85567635 0.01773030
vt 0.93190813 0.18227243
vt 0.84308642 0.00819606
vt 0.94164205 0.19759333
vt 0.82799542 0.00303501
vt 0.95376086 0.21144742
vt 0.90265727 0.14212626
vt 0.90622044 0.16166043
vt 0.90202212 0.12259531
vt 0.90423578 0.10349047
vt 0.90916139 0.08521116
vt 0.91660976 0.06812102
vt 0.93440068 0.21601474
vt 0.94901478 0.23177636
vt 0.95177829 0.02628362
vt 0.93820798 0.03863966
vt 0.92635739 0.05252719
vt 0.92214608 0.19900733
vt 0.91272962 0.18076348
vt 0.81642461 0.09377843
vt 0.82269865 0.09138131
vt 0.82808834 0.08732450
vt 0.83250260 0.08211005
vt 0.83565378 0.07600260
vt 0.83733350 0.06928647
vt 0.83749688 0.06233305
vt 0.83610868 0.05548871
vt 0.83321273 0.04910660
vt 0.82892960 0.04353607
vt 0.82345355 0.03911775
vt 0.81697357 0.03638625
vt 0.01577794 0.01926404
vt 0.81367910 0.08553177
vt 0.01925926 0.01578802
vt 0.81795549 0.08368820
vt 0.02053608 0.01103699
vt 0.82170188 0.08079529
vt 0.01926631 0.00628406
vt 0.82473981 0.07709390
vt 0.01579027 0.00280285
vt 0.82690465 0.07278204
vt 0.01103924 0.00152600
vt 0.82807231 0.06807393
vt 0.00628634 0.00279576
vt 0.82816911 0.06320477
vt 0.00280508 0.00627184
vt 0.82717973 0.05841815
vt 0.00152825 0.01102287
vt 0.82514387 0.05395889
vt 0.00279802 0.01577574
vt 0.82215196 0.05006468
vt 0.00627412 0.01925707
vt 0.81833899 0.04696512
vt 0.01102508 0.02053380
vt 0.81387323 0.04489857
vt 0.81171292 0.08901918
vt 0.81197834 0.04109848
vt 0.81712657 0.08764851
vt 0.82182992 0.08488011
vt 0.82578886 0.08108371
vt 0.82883072 0.07647145
vt 0.83077961 0.07126266
vt 0.83152825 0.06572431
vt 0.83102804 0.06013507
vt 0.82929039 0.05477625
vt 0.82638633 0.04992402
vt 0.82243836 0.04583979
vt 0.81760323 0.04276890
vt 0.82540989 0.11511099
vt 0.82540989 0.11511099
vt 0.83556718 0.11108691
vt 0.83556718 0.11108691
vt 0.84493625 0.10409403
vt 0.84493625 0.10409403
vt 0.85287714 0.09495199
vt 0.85287714 0.09495199
vt 0.85855091 0.08418804
vt 0.85855091 0.08418804
vt 0.86143786 0.07223189
vt 0.86143786 0.07223189
vt 0.86170435 0.05986875
vt 0.86170435 0.05986875
vt 0.85922939 0.04770631
vt 0.85922939 0.04770631
vt 0.85405940 0.03640693
vt 0.85405940 0.03640693
vt 0.84642512 0.02668720
vt 0.84642512 0.02668720
vt 0.83681428 0.01934463
vt 0.83681428 0.01934463
vt 0.82626474 0.01512194
vt 0.82626474 0.01512194
vt 0.82445306 0.10201615
vt 0.81613839 0.10410368
vt 0.81669533 0.02595615
vt 0.83139205 0.11630732
vt 0.84557891 0.11568379
vt 0.82011420 0.11899191
vt 0.82070917 0.01087016
vt 0.83208990 0.09767377
vt 0.82530618 0.02828062
vt 0.83268648 0.01384389
vt 0.85627007 0.10604286
vt 0.83868450 0.09143466
vt 0.84390879 0.08386123
vt 0.86434180 0.09416455
vt 0.84713417 0.07518280
vt 0.86942166 0.08086199
vt 0.84836239 0.06593472
vt 0.87148005 0.06661719
vt 0.84753644 0.05660194
vt 0.87033898 0.05212319
vt 0.84463924 0.04765970
vt 0.86593127 0.03815162
vt 0.83977669 0.03960717
vt 0.85835117 0.02549863
vt 0.83318520 0.03296578
vt 0.84782362 0.01504254
vt 0.83304048 0.12189013
vt 0.84218460 0.11057293
vt 0.81964695 0.12440538
vt 0.82020605 0.00483489
vt 0.83478558 0.00793940
vt 0.85155988 0.10189611
vt 0.85891336 0.09128541
vt 0.86344361 0.07918596
vt 0.86519980 0.06626368
vt 0.86408615 0.05318332
vt 0.86005056 0.04062819
vt 0.85321444 0.02932680
vt 0.84388191 0.02008092
vt 0.82721519 0.00907296
vt 0.82721519 0.00907296
vt 0.84008741 0.01369011
vt 0.84008741 0.01369011
vt 0.84923816 0.10897100
vt 0.84923816 0.10897100
vt 0.85123754 0.02209580
vt 0.85123754 0.02209580
vt 0.86790097 0.07333791
vt 0.86790097 0.07333791
vt 0.86562973 0.04588497
vt 0.86562973 0.04588497
vt 0.83824837 0.11664855
vt 0.83824837 0.11664855
vt 0.85987675 0.03313887
vt 0.85987675 0.03313887
vt 0.86452651 0.08658218
vt 0.86452651 0.08658218
vt 0.86831313 0.05953443
vt 0.86831313 0.05953443
vt 0.82613808 0.12066561
vt 0.82613808 0.12066561
vt 0.85821688 0.09864759
vt 0.85821688 0.09864759
vt 0.73870683 0.05249858
vt 0.78968751 0.05249858
vt 0.74553686 0.02700824
vt 0.78968757 0.03883833
vt 0.74553692 0.06432867
vt 0.78285742 0.02700824
vt 0.73870683 0.03883839
vt 0.77102727 0.07115883
vt 0.78285748 0.06432867
vt 0.00955747 0.01651734
vt 0.01250690 0.00554258
vt 0.00701137 0.01504481
vt 0.00554261 0.01249647
vt 0.01249870 0.01651949
vt 0.00701733 0.00700909
vt 0.01505301 0.00701511
vt 0.01652172 0.00956339
vt 0.01504700 0.01505077
vt 0.00956563 0.00554037
vt 0.01651957 0.01250464
vt 0.00554480 0.00955522
vt 0.75736690 0.02017808
vt 0.75736701 0.07115883
vt 0.77102727 0.02017808
vt 0.93009871 0.01527834
vt 0.91502035 0.03070641
vt 0.90204608 0.04798186
vt 0.89153993 0.06717098
vt 0.88383466 0.08800179
vt 0.87920314 0.11008388
vt 0.87785214 0.13296843
vt 0.87991947 0.15617061
vt 0.88546985 0.17918462
vt 0.89449227 0.20150399
vt 0.90408850 0.15191841
vt 0.90689659 0.22266722
vt 0.92245877 0.24241883
vt 0.74903506 0.01940721
vt 0.84151095 0.08779973
vt 0.90199524 0.13233465
vt 0.90279740 0.11296773
vt 0.90638673 0.09423000
vt 0.91259879 0.07650495
vt 0.94154155 0.22398388
vt 0.94487226 0.03235561
vt 0.92122394 0.06013155
vt 0.92793894 0.20767403
vt 0.93203890 0.04537469
vt 0.91709608 0.19001126
vt 0.90912598 0.17128873
vt 0.85554695 0.09679979
vt 0.82639021 0.12341505
vt 0.87129343 0.05935436
vt 0.82936335 0.03034520
vt 0.86723781 0.08765268
vt 0.83667582 0.03607607
vt 0.84244180 0.04349023
vt 0.86250371 0.03162050
vt 0.84634262 0.05205119
vt 0.84820992 0.06124991
vt 0.83946788 0.11925858
vt 0.84799820 0.07059735
vt 0.86851668 0.04502958
vt 0.84577990 0.07963139
vt 0.87081552 0.07381296
vt 0.83553421 0.09475243
vt 0.85341460 0.01995176
vt 0.82837313 0.10011202
vt 0.85119236 0.11119419
vt 0.84155208 0.01100379
vt 0.01429253 0.01668680
vt 0.82673997 0.01209742
vt 0.82108557 0.02683759
vt 0.81451160 0.08853608
vt 0.81955999 0.08639812
vt 0.82390726 0.08309180
vt 0.82743019 0.07886219
vt 0.82994294 0.07392293
vt 0.83130056 0.06851614
vt 0.83142710 0.06291902
vt 0.83030325 0.05741167
vt 0.82797080 0.05227405
vt 0.82452774 0.04777586
vt 0.82011658 0.04416978
vt 0.82038021 0.10333395
vt 0.81488597 0.04173398
vt 0.82759076 0.00609136
vt 0.83845079 0.01651740
vt 0.84708714 0.10653251
vt 0.84883130 0.02439153
vt 0.86466932 0.07278490
vt 0.86242944 0.04679561
vt 0.83690768 0.11386770
vt 0.85696793 0.03477293
vt 0.86153865 0.08538514
vt 0.86500871 0.05970156
vt 0.82577395 0.11788827
vt 0.86064380 0.10031122
vt 0.79452121 0.04566848
vt 0.77935910 0.07192969
vt 0.74903512 0.07192969
vt 0.73387319 0.04566848
vt 0.73793584 0.06083041
vt 0.79045844 0.03050655
vt 0.79045844 0.06083041
vt 0.76419711 0.07599235
vt 0.73793584 0.03050655
vt 0.01102731 0.01755911
vt 0.00776339 0.01668197
vt 0.00537530 0.01429033
vt 0.01103704 0.00450075
vt 0.00538015 0.00776112
vt 0.01430100 0.00537795
vt 0.01668905 0.00776953
vt 0.01668420 0.01429874
vt 0.00777178 0.00537306
vt 0.01756137 0.01103479
vt 0.00450297 0.01102507
vt 0.77935898 0.01940721
vt 0.76419699 0.01534456
vt 0.86257130 0.27217829
vt 0.09959119 0.69225281
vt 0.31518134 0.04949677
vt 0.82393938 0.48500347
vt 0.47210136 0.40255678
vt 0.82100314 0.26278734
vt 0.02682262 0.68391711
vt 0.31518123 0.86691302
vt 0.76439124 0.47155070
vt 0.47210115 0.51385415
vt 0.91070044 0.35970145
vt 0.47792602 0.17047024
vt 0.82792217 0.86629432
vt 0.73992264 0.32111990
vt 0.47792539 0.74593979
vt 0.82790548 0.69751650
vt 0.17161253 0.27567136
vt 0.20254308 0.25864434
vt 0.69847441 0.17758638
vt 0.71645850 0.04667312
vt 0.19527939 0.01735604
vt 0.22619992 0.04622883
vt 0.68082857 0.40468931
vt 0.04967858 0.02600783
vt 0.08619333 0.00487196
vt 0.68082732 0.51171976
vt 0.02447727 0.23823750
vt 0.05084863 0.26183915
vt 0.69846672 0.73881382
vt 0.71645790 0.86972469
vt 0.09948677 0.78383732
vt 0.10147570 0.90839297
vt 0.10124367 0.74552763
vt 0.26229274 0.05576813
vt 0.67300451 0.91979337
vt 0.44437554 0.95005769
vt 0.30177245 0.40264803
vt 0.32896289 0.91979730
vt 0.55759591 0.95005602
vt 0.30177242 0.51376247
vt 0.17418452 0.90040505
vt 0.00621414 0.77315295
vt 0.90047890 0.90838313
vt 0.01316583 0.73543829
vt 0.26229283 0.86064184
vt 0.82777458 0.90039796
vt 0.29508150 0.72847843
vt 0.77078867 0.92947257
vt 0.44389355 0.92730463
vt 0.29508165 0.18793178
vt 0.23117436 0.92947972
vt 0.01010358 0.75363678
vt 0.89450562 0.88926810
vt 0.90303749 0.30059600
vt 0.40413281 0.80534440
vt 0.74291664 0.71450925
vt 0.40413326 0.11106569
vt 0.74293005 0.84931827
vt 0.77225047 0.27104896
vt 0.28170794 0.12465513
vt 0.76833969 0.90871310
vt 0.16973999 0.92091417
vt 0.28170800 0.79175496
vt 0.55807739 0.92730319
vt 0.83221918 0.92090571
vt 0.61192489 0.74639106
vt 0.64530915 0.82035631
vt 0.94859141 0.71854961
vt 0.61192614 0.17001957
vt 0.64531088 0.09605336
vt 0.94860399 0.84523743
vt 0.60039574 0.40381348
vt 0.60039526 0.51259804
vt 0.13492104 0.38650668
vt 0.61137396 0.00470573
vt 0.06154743 0.37810183
vt 0.61137289 0.91170371
vt 0.56252748 0.74904448
vt 0.59030622 0.86785269
vt 0.56253386 0.81481874
vt 0.59030735 0.04855698
vt 0.10645460 0.58742332
vt 0.41764659 0.03552997
vt 0.04384260 0.58025104
vt 0.41764608 0.88087976
vt 0.43647692 0.84024185
vt 0.71224713 0.74795514
vt 0.43647745 0.07616812
vt 0.71225387 0.81587839
vt 0.47092244 0.28704721
vt 0.71383691 0.40694022
vt 0.89735973 0.44840097
vt 0.47092187 0.62936336
vt 0.25039187 0.15443242
vt 0.68477583 0.29247713
vt 0.00154330 0.12588143
vt 0.68477440 0.62393320
vt 0.29967493 0.62910002
vt 0.23362286 0.90871912
vt 0.67321688 0.94134057
vt 0.29967511 0.28731048
vt 0.10011142 0.76394713
vt 0.10744895 0.88927644
vt 0.32875109 0.94134545
vt 0.60166526 0.62683064
vt 0.60166603 0.28958023
vt 0.16339503 0.96596998
vt 0.93087316 0.29448283
vt 0.09321363 0.83118933
vt 0.09471428 0.95616812
vt 0.89796042 0.23181903
vt 0.55821157 0.99712658
vt 0.73098862 0.51239640
vt 0.44376174 0.99712908
vt 0.83653879 0.53624183
vt 0.67759424 0.98726666
vt 0.68373978 0.40582705
vt 0.00161678 0.82069677
vt 0.80640107 0.21113431
vt 0.90724128 0.95615506
vt 0.32437518 0.98727328
vt 0.92501205 0.46033436
vt 0.22259536 0.97449821
vt 0.93924099 0.35694766
vt 0.74974602 0.25356317
vt 0.83856535 0.96595854
vt 0.71533769 0.30636430
vt 0.77936882 0.97448826
vt 0.15502067 0.14459944
vt 0.15195550 0.10375130
vt 0.10903174 0.09884095
vt 0.09665823 0.13793194
vt 0.09978409 0.17874497
vt 0.14259382 0.18364316
vt 0.18963601 0.14838189
vt 0.16708942 0.08289462
vt 0.17134722 0.08717412
vt 0.09390111 0.07830101
vt 0.09900153 0.07510060
vt 0.06208657 0.13377875
vt 0.08094211 0.19485253
vt 0.08433999 0.19825566
vt 0.15322913 0.20614421
vt 0.15730007 0.20360267
vt 0.87655824 0.30823904
vt 0.87739086 0.25295532
vt 0.74934876 0.49133515
vt 0.82901573 0.50933325
vt 0.74381632 0.40514386
vt 0.81588691 0.23906058
vt 0.87106413 0.43389130
vt 0.88143528 0.35855627
vt 0.79287225 0.28933311
vt 0.76683801 0.33266693
vt 0.51446414 0.05252999
vt 0.63562590 0.81119728
vt 0.11960033 0.48246008
vt 0.51799482 0.00886339
vt 0.05477283 0.47503412
vt 0.51799405 0.90754652
vt 0.51446348 0.86387986
vt 0.63562006 0.75265133
vt 0.47255194 0.06339079
vt 0.67672914 0.81194168
vt 0.47255129 0.85301906
vt 0.67672312 0.75189894
vt 0.11320834 0.53528219
vt 0.46746549 0.02205241
vt 0.04905449 0.52793330
vt 0.46746495 0.89435750
vt 0.12685606 0.43434960
vt 0.56487143 0.00152761
vt 0.05858437 0.42652917
vt 0.56487072 0.91488212
vt 0.55264270 0.04745156
vt 0.59868675 0.81289881
vt 0.55264169 0.86895853
vt 0.59868044 0.75095701
vt 0.53129297 0.74583900
vt 0.62046540 0.85660648
vt 0.97929072 0.74657053
vt 0.53130007 0.81803107
vt 0.62046677 0.05980331
vt 0.97929788 0.81721079
vt 0.06198248 0.32894510
vt 0.65637970 0.89905846
vt 0.14561459 0.33852488
vt 0.65638167 0.01735097
vt 0.03660350 0.63192201
vt 0.36757949 0.87063265
vt 0.10182142 0.63939273
vt 0.36757994 0.04577690
vt 0.41933280 0.08862323
vt 0.73072803 0.82472193
vt 0.41933227 0.82778674
vt 0.73071951 0.73910803
vt 0.13137965 0.96112001
vt 0.92128187 0.26191533
vt 0.47142923 0.34497178
vt 0.50098699 0.99846941
vt 0.78071278 0.53782344
vt 0.47237912 0.45820546
vt 0.61818463 0.99315310
vt 0.69647217 0.46424913
vt 0.34951070 0.83433354
vt 0.04748697 0.82531637
vt 0.85421193 0.21248549
vt 0.06233707 0.69567847
vt 0.26940793 0.98081732
vt 0.93924212 0.40588152
vt 0.43410397 0.13569164
vt 0.77807832 0.85174614
vt 0.73309535 0.27715266
vt 0.81155598 0.96994627
vt 0.47151288 0.68578714
vt 0.84058899 0.78190434
vt 0.82410359 0.34575784
vt 0.24689303 0.09662181
vt 0.68144959 0.34991097
vt 0.14183259 0.00154054
vt 0.68087107 0.45820439
vt 0.00538071 0.18357360
vt 0.69162357 0.68098158
vt 0.11111886 0.26965189
vt 0.65542495 0.73416162
vt 0.68473530 0.84022498
vt 0.55653906 0.17452663
vt 0.89837229 0.85066861
vt 0.54584032 0.40306157
vt 0.54583997 0.51334965
vt 0.25696418 0.63036221
vt 0.67245430 0.91167468
vt 0.28958556 0.15393323
vt 0.00873745 0.76000404
vt 0.89655143 0.89548057
vt 0.85942870 0.89548993
vt 0.10077435 0.75794923
vt 0.10725593 0.88293052
vt 0.25019407 0.05892205
vt 0.23273344 0.91623950
vt 0.13763960 0.91618371
vt 0.17579667 0.89339674
vt 0.25245506 0.12768590
vt 0.29806745 0.68281931
vt 0.44406545 0.93572116
vt 0.38582730 0.92440701
vt 0.25893202 0.51378256
vt 0.55716264 0.91882807
vt 0.76922929 0.91623312
vt 0.61576414 0.94650918
vt 0.25245517 0.78872412
vt 0.82616210 0.89339024
vt 0.05723486 0.74021953
vt 0.80018812 0.90437037
vt 0.01081425 0.74764407
vt 0.25019413 0.85748780
vt 0.89469838 0.88292259
vt 0.05265098 0.78023595
vt 0.27242672 0.82447553
vt 0.72503167 0.91416472
vt 0.80381310 0.92494452
vt 0.25696439 0.28604817
vt 0.32951289 0.91167825
vt 0.30218792 0.45820528
vt 0.27693319 0.91416985
vt 0.25893208 0.40262794
vt 0.44480821 0.91882914
vt 0.50098598 0.95144331
vt 0.30083022 0.34496891
vt 0.50098574 0.92818701
vt 0.27576807 0.93525738
vt 0.10041553 0.72113758
vt 0.28642401 0.05219895
vt 0.37330976 0.18439263
vt 0.00297624 0.79763448
vt 0.90474749 0.93293417
vt 0.09710450 0.80841714
vt 0.09720734 0.93294525
vt 0.22825907 0.95174503
vt 0.01948797 0.71186745
vt 0.28642383 0.86421084
vt 0.44401023 0.97303814
vt 0.38168997 0.40257585
vt 0.38168988 0.51383483
vt 0.55796212 0.97303599
vt 0.77370459 0.95173651
vt 0.37330940 0.73201758
vt 0.19040614 0.96995705
vt 0.93576586 0.32293928
vt 0.43410352 0.78071839
vt 0.77806461 0.71207434
vt 0.34951100 0.08207649
vt 0.77240634 0.22828180
vt 0.87057841 0.96110773
vt 0.27242669 0.09193444
vt 0.61614215 0.92440426
vt 0.19814795 0.92495239
vt 0.28958547 0.76247686
vt 0.20177262 0.90437686
vt 0.86431748 0.91617453
vt 0.33586416 0.12009245
vt 0.55790567 0.93571961
vt 0.82935631 0.90776098
vt 0.25439489 0.73014760
vt 0.76951826 0.90053475
vt 0.17260282 0.90776855
vt 0.33586392 0.79631770
vt 0.16602574 0.94298059
vt 0.83593404 0.94297075
vt 0.75891620 0.78191221
vt 0.83458334 0.29937053
vt 0.55653816 0.74188370
vt 0.89835900 0.71312833
vt 0.65542620 0.18224829
vt 0.68473613 0.07618344
vt 0.64332086 0.40430975
vt 0.64332002 0.51210165
vt 0.60492462 0.68506420
vt 0.60048193 0.45820594
vt 0.60045379 0.34768379
vt 0.94002640 0.78189433
vt 0.09841452 0.38073134
vt 0.60156268 0.88953018
vt 0.60156393 0.02687943
vt 0.56429684 0.78193152
vt 0.54643351 0.74792373
vt 0.60632724 0.86314815
vt 0.63322812 0.06835306
vt 0.96814352 0.82568550
vt 0.06207946 0.35377347
vt 0.63394815 0.90635312
vt 0.15376040 0.31254321
vt 0.68064064 0.02731931
vt 0.07503452 0.58483231
vt 0.42698744 0.86019069
vt 0.42698792 0.05621922
vt 0.71550530 0.78191650
vt 0.45264533 0.06971657
vt 0.69636792 0.81302392
vt 0.13074401 0.41047847
vt 0.58822703 0.00177985
vt 0.06019524 0.40239710
vt 0.58822608 0.91462958
vt 0.45264477 0.84669328
vt 0.69636160 0.75081265
vt 0.47151345 0.23062330
vt 0.69430047 0.35054517
vt 0.73255867 0.98080885
vt 0.38378716 0.99315768
vt 0.88840103 0.50760895
vt 0.47142875 0.57143903
vt 0.23356400 0.20974660
vt 0.69162482 0.23542750
vt 0.01807422 0.07037491
vt 0.68144792 0.56649894
vt 0.30083016 0.57144153
vt 0.05508340 0.75900167
vt 0.72619748 0.93525124
vt 0.29806763 0.23359096
vt 0.14252819 0.89549756
vt 0.38620597 0.94651246
vt 0.60045290 0.56872731
vt 0.60492539 0.23134637
vt 0.54554999 0.28814185
vt 0.54554933 0.62826890
vt 0.10000217 0.77045834
vt 0.10540310 0.89548939
vt 0.32887200 0.92767411
vt 0.23244411 0.90054047
vt 0.25439489 0.18626255
vt 0.67309558 0.92766976
vt 0.37998202 0.28696489
vt 0.37998176 0.62944555
vt 0.64623922 0.62529528
vt 0.64624035 0.29111546
vt 0.16123326 0.23338902
vt 0.17523421 0.22544825
vt 0.80756843 0.41894984
vt 0.32719052 0.96385485
vt 0.67477810 0.96384907
vt 0.89492315 0.27501029
vt 0.78679526 0.51090020
vt 0.72315156 0.45391297
vt 0.84807068 0.23966968
vt 0.90975708 0.40248984
vt 0.75673527 0.29297960
vt 0.90761799 0.32706654
vt 0.79057592 0.25143653
vt 0.72238010 0.36015838
vt 0.86875635 0.48680747
vt 0.91627759 0.29726106
vt 0.88578641 0.24364138
vt 0.74182653 0.49951661
vt 0.83229041 0.51995379
vt 0.70104259 0.40662009
vt 0.81231064 0.22704196
vt 0.90904897 0.45361209
vt 0.92439628 0.35960215
vt 0.76173007 0.26234615
vt 0.72759968 0.31514257
vt 0.18678664 0.11647260
vt 0.13387983 0.07174104
vt 0.06489424 0.16562104
vt 0.11799642 0.20904583
vt 0.17962205 0.17876071
vt 0.07215625 0.10334474
vt 0.12583977 0.14126170
vt 0.21417451 0.15081906
vt 0.05856242 0.21208012
vt 0.07044622 0.22299045
vt 0.17995214 0.05458987
vt 0.19497688 0.06863511
vt 0.07505346 0.05489552
vt 0.09280182 0.04461515
vt 0.03763631 0.13058150
vt 0.15471332 0.12136310
vt 0.13053174 0.10096568
vt 0.09693556 0.16118431
vt 0.12115293 0.18150723
vt 0.14940603 0.16718227
vt 0.10229772 0.11537230
vt 0.17379574 0.14671814
vt 0.15906562 0.09670484
vt 0.15972610 0.09763521
vt 0.10286183 0.09112448
vt 0.10371489 0.09037024
vt 0.07789066 0.13575244
vt 0.09202696 0.18483984
vt 0.09262134 0.18570495
vt 0.14798142 0.19204170
vt 0.14875562 0.19133657
vt 0.87191063 0.28817296
vt 0.79271477 0.48469776
vt 0.74865907 0.44302940
vt 0.84257472 0.26399732
vt 0.88042575 0.39514607
vt 0.78073168 0.30810285
vt 0.87945068 0.33040512
vt 0.80569488 0.27321374
vt 0.75201988 0.36613703
vt 0.85040480 0.46601546
vt 0.89094967 0.30494845
vt 0.86981744 0.26300919
vt 0.75691640 0.48111641
vt 0.82657611 0.49685371
vt 0.72680300 0.40547711
vt 0.81840259 0.25139380
vt 0.88628173 0.44150597
vt 0.89779389 0.35965496
vt 0.78129339 0.28017521
vt 0.75159591 0.32662648
vt 0.53374273 0.04926288
vt 0.61691105 0.81189626
vt 0.11641257 0.50856251
vt 0.49298272 0.01519096
vt 0.05197547 0.50118119
vt 0.49298215 0.90121883
vt 0.53374213 0.86714709
vt 0.61690503 0.75195593
vt 0.51610601 0.88582277
vt 0.63729900 0.78192431
vt 0.08733385 0.47746158
vt 0.51610661 0.03058720
vt 0.04046940 0.60621393
vt 0.39273411 0.87476885
vt 0.10017817 0.66514969
vt 0.34220904 0.04780740
vt 0.41421416 0.09500045
vt 0.73593056 0.83138037
vt 0.41421360 0.82140958
vt 0.73592079 0.73244870
vt 0.49374896 0.05745482
vt 0.65588188 0.81128925
vt 0.49374828 0.85895514
vt 0.65587610 0.75255555
vt 0.10972713 0.56149745
vt 0.44236237 0.02886111
vt 0.04651730 0.55425680
vt 0.44236180 0.88754886
vt 0.47006607 0.87386733
vt 0.67818606 0.78192031
vt 0.08122332 0.53080559
vt 0.47006664 0.04254264
vt 0.12310145 0.45797384
vt 0.54171860 0.00403643
vt 0.05689953 0.45039034
vt 0.54171783 0.91237336
vt 0.57197624 0.04689640
vt 0.58015704 0.81384289
vt 0.57197535 0.86951363
vt 0.58015054 0.75001663
vt 0.55925655 0.02450114
vt 0.09292608 0.42864269
vt 0.60027403 0.78192794
vt 0.55925578 0.89190876
vt 0.63322675 0.84805655
vt 0.96813464 0.73809761
vt 0.54644018 0.81594288
vt 0.60632843 0.05326164
vt 0.05991962 0.30179429
vt 0.68063885 0.88908875
vt 0.13990524 0.36268818
vt 0.63394964 0.01005608
vt 0.10407975 0.33127707
vt 0.64080620 0.87614191
vt 0.53523439 0.78193432
vt 0.97224939 0.78189105
vt 0.64080793 0.04026717
vt 0.03237986 0.65738338
vt 0.34220880 0.86860234
vt 0.10386931 0.61347634
vt 0.39273462 0.04164082
vt 0.42590338 0.08259445
vt 0.72331882 0.81996179
vt 0.42590296 0.83381546
vt 0.72331136 0.74386966
vt 0.39202046 0.84659541
vt 0.73642659 0.78191447
vt 0.06863875 0.64066583
vt 0.39202094 0.06981456
vt 0.19472608 0.94711572
vt 0.38527712 0.96930718
vt 0.72843766 0.95760763
vt 0.83877426 0.28081930
vt 0.86812758 0.93819875
vt 0.50098640 0.97445482
vt 0.80723554 0.94710630
vt 0.62153256 0.03220063
vt 0.81628388 0.38037145
vt 0.11504610 0.23507333
vt 0.65068972 0.23389828
vt 0.64328414 0.45820582
vt 0.64388955 0.56760442
vt 0.05949222 0.72051334
vt 0.37866506 0.68404078
vt 0.30971977 0.82849449
vt 0.38090158 0.34481364
vt 0.38203037 0.45820540
vt 0.86115795 0.90291935
vt 0.25908110 0.45820528
vt 0.50098568 0.91909468
vt 0.38595557 0.93251419
vt 0.20191430 0.89661235
vt 0.25343254 0.15458071
vt 0.80149037 0.91179669
vt 0.25801858 0.34428889
vt 0.38678572 0.91619498
vt 0.72546697 0.92183632
vt 0.25801840 0.57212150
vt 0.61518371 0.91619247
vt 0.27649814 0.92184174
vt 0.25563398 0.68418634
vt 0.72503871 0.90602612
vt 0.14362691 0.88892996
vt 0.25152454 0.09539652
vt 0.05589455 0.75192052
vt 0.35718405 0.14932966
vt 0.30971995 0.08791554
vt 0.50098586 0.93687087
vt 0.25343254 0.76182908
vt 0.80004615 0.89660621
vt 0.61601418 0.93251121
vt 0.35718381 0.76708055
vt 0.27352855 0.95761478
vt 0.13383003 0.93820930
vt 0.79231346 0.78190893
vt 0.82999337 0.31968737
vt 0.54539979 0.57027841
vt 0.54605508 0.45820564
vt 0.54773456 0.23094815
vt 0.89662111 0.78189868
vt 0.54839855 0.78193313
vt 0.62153101 0.88420868
vt 0.44764763 0.04924011
vt 0.37472913 0.07561862
vt 0.07813780 0.55774117
vt 0.69825739 0.78191823
vt 0.44764715 0.86716992
vt 0.06543781 0.66860974
vt 0.74391061 0.78191376
vt 0.10119724 0.35644186
vt 0.54540032 0.34613270
vt 0.54773390 0.68546236
vt 0.20047043 0.91180384
vt 0.25563416 0.23222375
vt 0.27692589 0.90603089
vt 0.05421756 0.76656038
vt 0.25152454 0.82101363
vt 0.85832971 0.88892275
vt 0.37866536 0.23236954
vt 0.38090131 0.57159704
vt 0.65068853 0.68251163
vt 0.64389074 0.34880662
vt 0.20155889 0.19157481
vt 0.79946518 0.45481795
vt 0.61669374 0.96930307
vt 0.05009046 0.80258870
vt 0.90675861 0.26879776
vt 0.78442073 0.52141100
vt 0.71205097 0.45801663
vt 0.85067886 0.22812498
vt 0.92301959 0.40462208
vt 0.74505800 0.28570062
vt 0.92129028 0.32551444
vt 0.78256053 0.24073929
vt 0.70948905 0.35638201
vt 0.87701458 0.49528468
vt 0.12318622 0.16404259
vt 0.12849356 0.11847681
vt 0.13717410 0.04266089
vt 0.05004586 0.08972120
vt 0.04064530 0.17312884
vt 0.21139145 0.10821652
vt 0.17140959 0.12089700
vt 0.13196574 0.08855337
vt 0.08016228 0.16161042
vt 0.11974865 0.19365680
vt 0.16564934 0.17139030
vt 0.08613927 0.11114305
vt 0.14079906 0.90292758
vt 0.88420945 0.28216755
vt 0.78964400 0.49829072
vt 0.73442268 0.44781816
vt 0.84533465 0.25178087
vt 0.89710855 0.39931571
vt 0.76722997 0.30039907
vt 0.89495307 0.32925391
vt 0.79717207 0.26250440
vt 0.73516476 0.36272997
vt 0.86119998 0.47645921
vt 0.53795302 0.88979459
vt 0.61853445 0.78192610
vt 0.09018506 0.45257127
vt 0.53795367 0.02661550
vt 0.37472871 0.84079129
vt 0.49324054 0.88027799
vt 0.65738153 0.78192222
vt 0.08431884 0.50378227
vt 0.49324125 0.03613198
vt 0.58061361 0.02442783
vt 0.09565959 0.40477943
vt 0.58188736 0.78192973
vt 0.58061260 0.89198196
vt 0.10728625 0.30325210
vt 0.66076970 0.86337733
vt 0.96169740 0.78189206
vt 0.66077113 0.05303121
vt 0.40864629 0.85308462
vt 0.72799462 0.78191531
vt 0.07186010 0.61254448
vt 0.40864673 0.06332535
vt 0.14738736 0.96354508
vt 0.92607760 0.27819908
vt 0.11304697 0.95864415
vt 0.90962124 0.24686718
vt 0.47109607 0.31586170
vt 0.47179019 0.37397134
vt 0.52959931 0.99779814
vt 0.75585079 0.52510995
vt 0.47237444 0.99779934
vt 0.80862588 0.53703266
vt 0.47230655 0.43055415
vt 0.47230649 0.48585677
vt 0.64788955 0.99021000
vt 0.69010603 0.43503815
vt 0.58819818 0.99513996
vt 0.71373051 0.48832279
vt 0.37175018 0.81980151
vt 0.33126280 0.85015416
vt 0.07035030 0.82825291
vt 0.87608624 0.22215229
vt 0.02455188 0.82300663
vt 0.83030659 0.21180993
vt 0.04429905 0.69126999
vt 0.08090477 0.69546306
vt 0.29689160 0.98404539
vt 0.93212724 0.43310797
vt 0.24600169 0.97765791
vt 0.93924165 0.38141465
vt 0.41911864 0.12337863
vt 0.76050425 0.85053229
vt 0.45601505 0.15308094
vt 0.80300027 0.85902035
vt 0.74142075 0.26535797
vt 0.82506073 0.96795249
vt 0.72421658 0.29175854
vt 0.79546249 0.97221738
vt 0.47103795 0.65762651
vt 0.47263423 0.71448725
vt 0.83741921 0.82200372
vt 0.83741128 0.74180537
vt 0.79472864 0.33909988
vt 0.85348785 0.35237455
vt 0.24864249 0.12552714
vt 0.68311280 0.32119405
vt 0.23654650 0.07142532
vt 0.68113917 0.37730020
vt 0.16855599 0.00944829
vt 0.68084991 0.43144691
vt 0.11401297 0.00320625
vt 0.68084925 0.48496211
vt 0.00346200 0.15472752
vt 0.68819904 0.65245748
vt 0.01492899 0.21090555
vt 0.69504523 0.70989770
vt 0.13937743 0.27252126
vt 0.08294684 0.26605773
vt 0.63367498 0.74027640
vt 0.66502225 0.83029068
vt 0.67694587 0.73648775
vt 0.70059669 0.85497487
vt 0.58423263 0.17227316
vt 0.92348826 0.84795308
vt 0.51723260 0.17249846
vt 0.86314732 0.85848159
vt 0.57508248 0.40344191
vt 0.51165277 0.40274793
vt 0.57508206 0.51296955
vt 0.51165241 0.51366317
vt 0.27539673 0.62934542
vt 0.67252171 0.91580254
vt 0.28591812 0.13932967
vt 0.29265988 0.16972983
vt 0.00747580 0.76657856
vt 0.89851522 0.90193200
vt 0.00942052 0.75682044
vt 0.89552867 0.89237446
vt 0.87686330 0.89247811
vt 0.84295630 0.89811999
vt 0.10044289 0.76094818
vt 0.10735244 0.88610351
vt 0.10100902 0.75173855
vt 0.25624344 0.05734509
vt 0.23319031 0.91220635
vt 0.23210055 0.92178553
vt 0.15433478 0.91870880
vt 0.11983545 0.91313410
vt 0.26516986 0.12589657
vt 0.17463978 0.89690232
vt 0.29897144 0.65668195
vt 0.29683235 0.70701647
vt 0.44426507 0.94182163
vt 0.44390070 0.93122196
vt 0.41490477 0.92610180
vt 0.35702536 0.92228150
vt 0.55781925 0.92305487
vt 0.27744496 0.51391846
vt 0.76877224 0.91220009
vt 0.76986241 0.92177868
vt 0.64481187 0.94409400
vt 0.58655924 0.94851398
vt 0.26516995 0.79051352
vt 0.82731909 0.89689559
vt 0.03541796 0.73738772
vt 0.07912704 0.74239457
vt 0.81387287 0.90242368
vt 0.78541583 0.90641934
vt 0.01045892 0.75064051
vt 0.89460206 0.88609540
vt 0.01199004 0.74154127
vt 0.25624350 0.85906482
vt 0.07594997 0.78275561
vt 0.02938579 0.77742165
vt 0.27707511 0.80753380
vt 0.26799726 0.84234017
vt 0.74808228 0.91133404
vt 0.69984734 0.91703933
vt 0.81796807 0.92293805
vt 0.78848541 0.92707324
vt 0.27539691 0.28706491
vt 0.32944557 0.91580641
vt 0.30207425 0.43062234
vt 0.30207422 0.48578823
vt 0.30211893 0.91704381
vt 0.25388148 0.91133952
vt 0.44415164 0.92305613
vt 0.27744499 0.40249217
vt 0.52913642 0.95107341
vt 0.47283536 0.95107418
vt 0.30028018 0.31589687
vt 0.30134025 0.37401724
vt 0.52942467 0.92797959
vt 0.47254667 0.92798018
vt 0.30147907 0.93834734
vt 0.25209153 0.93224460
vt 0.10082961 0.73333269
vt 0.27435842 0.05398351
vt 0.10000338 0.70669526
vt 0.30080271 0.05084789
vt 0.42121381 0.17978203
vt 0.33030909 0.18682164
vt 0.00229651 0.80916572
vt 0.90599442 0.94454467
vt 0.00459519 0.78539383
vt 0.90261334 0.92065877
vt 0.09829564 0.79612732
vt 0.09934153 0.92066920
vt 0.09515908 0.81980324
vt 0.09596081 0.94455671
vt 0.22982068 0.94003606
vt 0.22644842 0.96332926
vt 0.01632690 0.72365296
vt 0.27435836 0.86242640
vt 0.02315530 0.69789243
vt 0.30080259 0.86556208
vt 0.44426459 0.96101052
vt 0.44371462 0.98498672
vt 0.33822283 0.40265280
vt 0.42764968 0.40251786
vt 0.42764953 0.51389295
vt 0.33822277 0.51375788
vt 0.55770725 0.96100873
vt 0.55825818 0.98498452
vt 0.77214271 0.94002831
vt 0.77551544 0.96332014
vt 0.42121336 0.73662806
vt 0.33030885 0.72958851
vt 0.20650077 0.97222769
vt 0.93750358 0.33994353
vt 0.17690061 0.96796364
vt 0.93331963 0.30871105
vt 0.45601451 0.76332915
vt 0.80298519 0.70479554
vt 0.41911823 0.79303145
vt 0.76049072 0.71329188
vt 0.33126298 0.06625575
vt 0.37175053 0.09660858
vt 0.78940380 0.21970809
vt 0.88890988 0.95863146
vt 0.76107627 0.24092251
vt 0.85457200 0.96353322
vt 0.26799721 0.07406974
vt 0.27707511 0.10887623
vt 0.64494318 0.92227811
vt 0.58706546 0.92609972
vt 0.21347666 0.92708063
vt 0.18399206 0.92294604
vt 0.29265976 0.74668044
vt 0.28591809 0.77708042
vt 0.21654578 0.90642565
vt 0.18808703 0.90243042
vt 0.88212043 0.91312450
vt 0.84762347 0.91869998
vt 0.36768866 0.11578798
vt 0.30638686 0.12292027
vt 0.55770624 0.94182009
vt 0.55807036 0.93122047
vt 0.82840705 0.90375954
vt 0.83064091 0.91327232
vt 0.27194160 0.72821069
vt 0.76799631 0.90487319
vt 0.17355205 0.90376699
vt 0.17131817 0.91328019
vt 0.36768824 0.80062217
vt 0.30638668 0.79348981
vt 0.16790351 0.93137741
vt 0.16432564 0.95449823
vt 0.83405596 0.93136829
vt 0.83763438 0.95448768
vt 0.75499684 0.81453794
vt 0.75499046 0.74928731
vt 0.81318164 0.29440629
vt 0.85604042 0.30408883
vt 0.51723182 0.74391186
vt 0.86313236 0.70532250
vt 0.58423162 0.74413747
vt 0.92347533 0.71583909
vt 0.67695034 0.17991734
vt 0.70059741 0.06142825
vt 0.63367629 0.17613393
vt 0.66502351 0.08611840
vt 0.66244560 0.40443695
vt 0.62287390 0.40410900
vt 0.66244459 0.51197362
vt 0.62287313 0.51230270
vt 0.60302401 0.65594769
vt 0.60746962 0.71452719
vt 0.60045546 0.43113154
vt 0.60045516 0.48528016
vt 0.60084563 0.31875777
vt 0.60035253 0.37603462
vt 0.94152969 0.75120312
vt 0.94153583 0.81258535
vt 0.11675784 0.38333291
vt 0.07995803 0.37911749
vt 0.59595460 0.87851900
vt 0.60660869 0.90048754
vt 0.60661000 0.01592201
vt 0.59595591 0.03789067
vt 0.56380177 0.76547778
vt 0.56380498 0.79838550
vt 0.53886330 0.74688143
vt 0.61339635 0.85987735
vt 0.55448055 0.74848419
vt 0.59831679 0.86550057
vt 0.62684751 0.06407821
vt 0.97372079 0.82144815
vt 0.63926953 0.08220327
vt 0.95837390 0.83546162
vt 0.06203098 0.34135938
vt 0.64516401 0.90270591
vt 0.06181345 0.36593771
vt 0.62266064 0.90902853
vt 0.14968751 0.32553411
vt 0.66851121 0.02233517
vt 0.16268648 0.29410732
vt 0.69854963 0.03699619
vt 0.09077107 0.58632183
vt 0.05936885 0.58272463
vt 0.43202239 0.85013950
vt 0.42220491 0.87049550
vt 0.42220536 0.04591435
vt 0.43202284 0.06627047
vt 0.71430236 0.76485056
vt 0.71430576 0.79898268
vt 0.46259868 0.06655371
vt 0.68654859 0.81248289
vt 0.44456142 0.07294232
vt 0.70431095 0.81445122
vt 0.12880005 0.42241406
vt 0.57654929 0.00165373
vt 0.13283254 0.39849257
vt 0.59980053 0.00324279
vt 0.05938981 0.41446316
vt 0.57654846 0.91475600
vt 0.06087134 0.39024949
vt 0.59979957 0.91316676
vt 0.46259809 0.84985626
vt 0.68654245 0.75135589
vt 0.44456089 0.84346759
vt 0.70430446 0.74938405
vt 0.47263479 0.20192295
vt 0.47103852 0.25878406
vt 0.70481914 0.32845479
vt 0.75596380 0.97764862
vt 0.68902028 0.37818617
vt 0.70507658 0.98403788
vt 0.41377446 0.99514353
vt 0.86246997 0.52192545
vt 0.35408121 0.99021560
vt 0.90670669 0.48397171
vt 0.47178981 0.54243952
vt 0.47109553 0.60054898
vt 0.21805355 0.23419547
vt 0.69504970 0.20650697
vt 0.24197797 0.18208951
vt 0.68820047 0.26395237
vt 0.03387640 0.04819137
vt 0.68113768 0.53910941
vt 0.00980876 0.09812820
vt 0.68311125 0.59521616
vt 0.30134022 0.54239321
vt 0.30028009 0.60051352
vt 0.07763293 0.76153541
vt 0.03254504 0.75637060
vt 0.74987280 0.93223780
vt 0.70048773 0.93834186
vt 0.29683256 0.20939380
vt 0.29897162 0.25972837
vt 0.15900165 0.89812720
vt 0.12509249 0.89248616
vt 0.41541162 0.94851649
vt 0.35715723 0.94409800
vt 0.60035175 0.54037660
vt 0.60084474 0.59765321
vt 0.60747057 0.20188326
vt 0.60302478 0.26046300
vt 0.51083934 0.28750241
vt 0.57551676 0.28884208
vt 0.51083869 0.62890816
vt 0.57551610 0.62756878
vt 0.09974448 0.77714789
vt 0.10343941 0.90194130
vt 0.10005681 0.76720279
vt 0.10642604 0.89238304
vt 0.32880554 0.92345577
vt 0.32892814 0.93344188
vt 0.27194169 0.18819946
vt 0.23396617 0.90487903
vt 0.67316192 0.92345172
vt 0.67303962 0.93343753
vt 0.42618999 0.28688478
vt 0.33627442 0.28717840
vt 0.42618960 0.62952578
vt 0.33627418 0.62923199
vt 0.62498379 0.62606031
vt 0.66608906 0.62457478
vt 0.62498468 0.29035056
vt 0.66609031 0.29183578
vt 0.16642292 0.25453019
vt 0.18888867 0.24204630
vt 0.15723121 0.21976662
vt 0.16626716 0.21452546
vt 0.77488840 0.41171646
vt 0.84018409 0.42646790
vt 0.32810339 0.95203608
vt 0.32611331 0.97560108
vt 0.67386496 0.95203084
vt 0.67585570 0.97559500
vt 0.89975977 0.28766394
vt 0.88767755 0.26321131
vt 0.76706320 0.50364512
vt 0.80772978 0.51283240
vt 0.71614480 0.43099451
vt 0.73445231 0.47441971
vt 0.86382127 0.24492520
vt 0.83159053 0.23764378
vt 0.90545237 0.42572987
vt 0.91114819 0.38007832
vt 0.76443642 0.28162450
vt 0.74863124 0.30587184
vt 0.90939260 0.34219050
vt 0.90554625 0.31350362
vt 0.80219012 0.24389827
vt 0.78076935 0.26078200
vt 0.73075861 0.33932531
vt 0.71627617 0.38299197
vt 0.84973729 0.50046444
vt 0.88493520 0.46912694
vt 0.92319822 0.29560101
vt 0.90959191 0.29892981
vt 0.88154703 0.24835610
vt 0.89042121 0.23854673
vt 0.73753721 0.50428843
vt 0.74565905 0.49536121
vt 0.83061641 0.51455438
vt 0.83411169 0.52610606
vt 0.69406688 0.40643287
vt 0.70750082 0.40679288
vt 0.81411135 0.23312128
vt 0.81031585 0.22044963
vt 0.91542751 0.45644182
vt 0.90314364 0.45099169
vt 0.91748470 0.35965788
vt 0.93152636 0.35931778
vt 0.75619513 0.25787222
vt 0.76704901 0.26672691
vt 0.73381609 0.31816411
vt 0.72128427 0.31182075
vt 0.18980913 0.13237798
vt 0.18069184 0.10112077
vt 0.15092473 0.07541490
vt 0.11644152 0.07146776
vt 0.06182044 0.14976335
vt 0.07127074 0.18089277
vt 0.13570105 0.20939559
vt 0.10067530 0.20538473
vt 0.16991858 0.19219327
vt 0.18624131 0.16400993
vt 0.08160375 0.08977091
vt 0.06557617 0.11815315
vt 0.14134938 0.14303541
vt 0.11032975 0.13949233
vt 0.20058584 0.14947891
vt 0.23027505 0.15239787
vt 0.04151984 0.22515881
vt 0.06064743 0.24241483
vt 0.06975227 0.20346630
vt 0.07739311 0.21062303
vt 0.18761578 0.03597295
vt 0.21058843 0.05743200
vt 0.17352080 0.06874228
vt 0.18316208 0.07790458
vt 0.08447729 0.06659830
vt 0.09590169 0.05985785
vt 0.06236602 0.04045171
vt 0.08949757 0.02474356
vt 0.05117406 0.13236094
vt 0.02159773 0.12846529
vt 0.15561211 0.13265550
vt 0.15276128 0.11146241
vt 0.14214107 0.10270935
vt 0.11882656 0.10004258
vt 0.09604190 0.14988428
vt 0.09891891 0.17106533
vt 0.13283946 0.18243408
vt 0.10956095 0.17977095
vt 0.14520317 0.17635870
vt 0.15287372 0.15637821
vt 0.10647390 0.10616964
vt 0.09882726 0.12616748
vt 0.18121913 0.14751577
vt 0.16555330 0.14579809
vt 0.15551057 0.10022807
vt 0.15584081 0.10069329
vt 0.16307753 0.08979976
vt 0.16553667 0.09240466
vt 0.10594680 0.09498274
vt 0.10637332 0.09460562
vt 0.09838147 0.08471274
vt 0.10135822 0.08273542
vt 0.07048001 0.13484609
vt 0.08612726 0.13672101
vt 0.09590554 0.18179238
vt 0.09620273 0.18222499
vt 0.08648455 0.18984616
vt 0.08848068 0.19198030
vt 0.14528763 0.18784243
vt 0.14567474 0.18748987
vt 0.15060529 0.19909298
vt 0.15302788 0.19746965
vt 0.87461311 0.29793638
vt 0.86795443 0.27933639
vt 0.77730763 0.47944009
vt 0.80888599 0.48657411
vt 0.74460644 0.42471361
vt 0.75555068 0.45909941
vt 0.85359752 0.26746225
vt 0.83113289 0.26238704
vt 0.87711662 0.41482270
vt 0.88160920 0.37604266
vt 0.78688478 0.29828125
vt 0.77408153 0.31937134
vt 0.88061076 0.34343809
vt 0.87811762 0.31889212
vt 0.81306571 0.26693606
vt 0.79905754 0.28086716
vt 0.75916362 0.34838021
vt 0.74654895 0.38532525
vt 0.83727401 0.47756207
vt 0.86193782 0.45122075
vt 0.89710653 0.30282152
vt 0.88436782 0.30686659
vt 0.86605054 0.26785147
vt 0.87359345 0.25801623
vt 0.75311369 0.48622286
vt 0.76077497 0.47610533
vt 0.82524651 0.49067044
vt 0.82781422 0.50309896
vt 0.72009724 0.40616608
vt 0.73426074 0.40500164
vt 0.81972206 0.25738508
vt 0.81713957 0.24526238
vt 0.89204001 0.44501078
vt 0.87975264 0.43787062
vt 0.89052653 0.35937095
vt 0.90442526 0.35973811
vt 0.77664882 0.27560818
vt 0.78641123 0.28473657
vt 0.75827944 0.32949418
vt 0.74557263 0.32385069
vt 0.54319280 0.04835725
vt 0.60779899 0.81239760
vt 0.52410346 0.05089647
vt 0.62626863 0.81154686
vt 0.11481047 0.52192241
vt 0.48022419 0.01862168
vt 0.11800647 0.49551135
vt 0.50548881 0.01202714
vt 0.05051499 0.51455730
vt 0.48022360 0.89778829
vt 0.05337415 0.48810774
vt 0.50548816 0.90438282
vt 0.54319197 0.86805296
vt 0.60779279 0.75145656
vt 0.52410287 0.86551350
vt 0.62626266 0.75230372
vt 0.51698011 0.89665037
vt 0.51520455 0.87480617
vt 0.63683265 0.76723284
vt 0.63683558 0.79661578
vt 0.10352205 0.47978330
vt 0.07103996 0.47606254
vt 0.51520520 0.04160386
vt 0.51698083 0.01975965
vt 0.03853646 0.61906809
vt 0.38015687 0.87270087
vt 0.04215600 0.59323257
vt 0.40519014 0.87782443
vt 0.10099981 0.65227127
vt 0.35489455 0.04679215
vt 0.09988469 0.67870134
vt 0.32869524 0.04865211
vt 0.41677353 0.09181184
vt 0.73332942 0.82805121
vt 0.40917376 0.10303307
vt 0.73943037 0.84034944
vt 0.41677299 0.82459831
vt 0.73332018 0.73577845
vt 0.40917319 0.81337708
vt 0.73941880 0.72347909
vt 0.50410658 0.05499244
vt 0.64575392 0.81124336
vt 0.48315051 0.06042284
vt 0.66630560 0.81161559
vt 0.50410593 0.86141765
vt 0.64574820 0.75260353
vt 0.48314983 0.85598713
vt 0.66629964 0.75222731
vt 0.10809088 0.57446045
vt 0.43000451 0.03219551
vt 0.11146775 0.54838985
vt 0.45491397 0.02545673
vt 0.04517995 0.56725407
vt 0.43000400 0.88421446
vt 0.04778590 0.54109508
vt 0.45491344 0.89095330
vt 0.46877852 0.88415492
vt 0.47138253 0.86345506
vt 0.67768228 0.76687980
vt 0.67768520 0.79696077
vt 0.09721217 0.53287297
vt 0.06518111 0.52920389
vt 0.47138312 0.05295497
vt 0.46877906 0.03225505
vt 0.12135090 0.47021699
vt 0.52985674 0.00644994
vt 0.12497877 0.44616175
vt 0.55329508 0.00278205
vt 0.05583619 0.46271229
vt 0.52985603 0.90996003
vt 0.05774195 0.43845987
vt 0.55329436 0.91362786
vt 0.57134551 0.81433088
vt 0.58114189 0.04772669
vt 0.56230956 0.04717398
vt 0.58942199 0.81337094
vt 0.57133907 0.74953067
vt 0.58114082 0.86868322
vt 0.56230861 0.86923611
vt 0.58941555 0.75048691
vt 0.55606347 0.03600299
vt 0.56216174 0.01314551
vt 0.10993800 0.43115020
vt 0.07578776 0.42723835
vt 0.59976375 0.76644647
vt 0.59976691 0.79740930
vt 0.56216097 0.90326428
vt 0.55606258 0.88040698
vt 0.63926798 0.83420646
vt 0.95836318 0.72832370
vt 0.62684613 0.85233164
vt 0.97371280 0.74233413
vt 0.55448705 0.81538087
vt 0.59831798 0.05090934
vt 0.53887016 0.81698704
vt 0.61339772 0.05653250
vt 0.05538413 0.28181672
vt 0.69854844 0.87940681
vt 0.06095106 0.31536973
vt 0.66850930 0.89407372
vt 0.13741316 0.37459749
vt 0.62266189 0.00738090
vt 0.14275993 0.35060656
vt 0.64516574 0.01370353
vt 0.12506175 0.33437860
vt 0.08293997 0.32955366
vt 0.64915979 0.88717061
vt 0.63098019 0.86599094
vt 0.53326374 0.76388669
vt 0.97577012 0.76423085
vt 0.53326726 0.79998279
vt 0.97577369 0.79955095
vt 0.63098168 0.05041844
vt 0.64916158 0.02923846
vt 0.02960124 0.67065036
vt 0.32869506 0.86775780
vt 0.03449168 0.64465272
vt 0.35489419 0.86961758
vt 0.10516196 0.60044986
vt 0.40519065 0.03858542
vt 0.10284537 0.62643462
vt 0.38015732 0.04370892
vt 0.43119049 0.07938129
vt 0.71778637 0.81792015
vt 0.42261815 0.08560884
vt 0.72702348 0.82234192
vt 0.43119001 0.83702874
vt 0.71777940 0.74591249
vt 0.42261767 0.83080119
vt 0.72701550 0.74148893
vt 0.37949654 0.85824269
vt 0.40548876 0.83664930
vt 0.73455805 0.76037943
vt 0.73456228 0.80344993
vt 0.08514988 0.64096373
vt 0.05248799 0.63722217
vt 0.40548930 0.07976073
vt 0.37949696 0.05816716
vt 0.19649883 0.93545878
vt 0.21028224 0.94929361
vt 0.19291063 0.95866048
vt 0.18039460 0.94506860
vt 0.35591716 0.96674556
vt 0.38585544 0.95735627
vt 0.41478375 0.97142589
vt 0.38459307 0.98118246
vt 0.70238262 0.96075726
vt 0.72718304 0.94585317
vt 0.75246191 0.95454800
vt 0.72990984 0.96929169
vt 0.83671886 0.28991795
vt 0.82180852 0.27704102
vt 0.84072280 0.27219433
vt 0.85571659 0.28470141
vt 0.86624253 0.92661905
vt 0.88600940 0.93552732
vt 0.86974162 0.94971740
vt 0.85139674 0.94069290
vt 0.47267124 0.97408205
vt 0.50098616 0.96243429
vt 0.52930146 0.97408092
vt 0.50098664 0.98636883
vt 0.79168034 0.94928461
vt 0.80546254 0.93545020
vt 0.82156616 0.94505900
vt 0.80905133 0.95865041
vt 0.61409265 0.04290122
vt 0.61167163 0.02919227
vt 0.62802398 0.02130586
vt 0.63120621 0.03586793
vt 0.81193918 0.39960313
vt 0.78332865 0.37301511
vt 0.82039821 0.36215937
vt 0.84920096 0.38789678
vt 0.11314125 0.25186062
vt 0.09225326 0.23084724
vt 0.11668245 0.22063720
vt 0.13820782 0.23611069
vt 0.62877685 0.23252249
vt 0.65305001 0.20664936
vt 0.67143780 0.23478550
vt 0.64831525 0.26222765
vt 0.62289107 0.45820606
vt 0.64328498 0.43136203
vt 0.66238928 0.45820528
vt 0.64328456 0.48504966
vt 0.62319946 0.56809407
vt 0.64346516 0.53956270
vt 0.66319227 0.56720251
vt 0.64477295 0.59629196
vt 0.03945837 0.71677709
vt 0.06086370 0.70854068
vt 0.07985210 0.72140402
vt 0.05826734 0.73120630
vt 0.37946600 0.65727806
vt 0.42572510 0.68507075
vt 0.37707481 0.70937502
vt 0.33463320 0.68325496
vt 0.32285920 0.81185877
vt 0.33068007 0.83122635
vt 0.29791823 0.84605056
vt 0.28954294 0.82627165
vt 0.38044727 0.31567281
vt 0.42692307 0.34478545
vt 0.38132918 0.37390804
vt 0.33734336 0.34493697
vt 0.38193822 0.43058610
vt 0.42795226 0.45820540
vt 0.38193810 0.48582464
vt 0.33861700 0.45820534
vt 0.87871224 0.89979094
vt 0.86259383 0.90850335
vt 0.84461188 0.90551686
vt 0.86009490 0.89884418
vt 0.25900659 0.48599398
vt 0.52907425 0.91896152
vt 0.50098568 0.92376208
vt 0.25900662 0.43041670
vt 0.47289702 0.91896200
vt 0.27778241 0.45820534
vt 0.41508281 0.93435019
vt 0.38616744 0.93843937
vt 0.35706115 0.93026805
vt 0.38577378 0.92817181
vt 0.21717922 0.89857650
vt 0.25391373 0.17042166
vt 0.20217177 0.90066689
vt 0.18885550 0.89500463
vt 0.25294384 0.14113331
vt 0.26906857 0.15470248
vt 0.80074549 0.90779710
vt 0.81533670 0.90980387
vt 0.80250311 0.91730052
vt 0.78652394 0.91389024
vt 0.25847536 0.37345850
vt 0.41579702 0.91751218
vt 0.38624632 0.92031884
vt 0.25749153 0.31516856
vt 0.35814935 0.91393673
vt 0.27653468 0.34470773
vt 0.74873924 0.91892087
vt 0.72569621 0.92747390
vt 0.70009404 0.92480952
vt 0.72531688 0.91772711
vt 0.27653456 0.57170260
vt 0.25749132 0.60124195
vt 0.64381909 0.91393369
vt 0.61572301 0.92031622
vt 0.25847524 0.54295206
vt 0.58617324 0.91751039
vt 0.27664816 0.91773230
vt 0.30187243 0.92481434
vt 0.27626920 0.92747968
vt 0.25322464 0.91892689
vt 0.25501445 0.70716703
vt 0.74727857 0.90328056
vt 0.72456348 0.91025263
vt 0.25629911 0.65727437
vt 0.69874662 0.90885055
vt 0.27393764 0.68287295
vt 0.26068145 0.09344578
vt 0.15971181 0.89116347
vt 0.25198981 0.11154121
vt 0.14288601 0.89215159
vt 0.12544143 0.88593036
vt 0.25085932 0.07715929
vt 0.07831720 0.75452203
vt 0.05545497 0.75575793
vt 0.03346454 0.74938405
vt 0.05647015 0.74689561
vt 0.34718141 0.13465524
vt 0.39609823 0.14387703
vt 0.36630735 0.16545469
vt 0.32043764 0.15240580
vt 0.29791835 0.07035941
vt 0.33068034 0.08518374
vt 0.32285941 0.10455137
vt 0.28954300 0.09013832
vt 0.52932125 0.93657565
vt 0.50098586 0.94310284
vt 0.47265023 0.93657643
vt 0.50098574 0.93224066
vt 0.26906857 0.76170748
vt 0.25294390 0.77527672
vt 0.81310427 0.89499837
vt 0.79978889 0.90066063
vt 0.25391373 0.74598843
vt 0.78478229 0.89857060
vt 0.61619580 0.92816895
vt 0.64490759 0.93026447
vt 0.61580241 0.93843645
vt 0.58688772 0.93434781
vt 0.36630702 0.75095546
vt 0.39609784 0.77253312
vt 0.34718117 0.78175485
vt 0.32043752 0.76400429
vt 0.24950294 0.95455575
vt 0.27478287 0.94585985
vt 0.29958484 0.96076375
vt 0.27205658 0.96929950
vt 0.11594701 0.93553817
vt 0.13571481 0.92662877
vt 0.15056193 0.94070315
vt 0.13221626 0.94972885
vt 0.81484759 0.78190672
vt 0.78842765 0.81766897
vt 0.77334577 0.78191084
vt 0.78842050 0.74614954
vt 0.82727718 0.33171058
vt 0.80472106 0.31387985
vt 0.83238041 0.30912125
vt 0.85530776 0.32530820
vt 0.51106483 0.57096565
vt 0.54561192 0.54157627
vt 0.57486922 0.56949055
vt 0.54531866 0.59930086
vt 0.51190537 0.45820558
vt 0.54599839 0.43077749
vt 0.57523882 0.45820582
vt 0.54599822 0.48563385
vt 0.51232326 0.23066211
vt 0.55029804 0.20223439
vt 0.57826817 0.23099434
vt 0.54628921 0.25951558
vt 0.86880058 0.78190148
vt 0.89639056 0.74680585
vt 0.92097151 0.78189623
vt 0.89639747 0.81699163
vt 0.54116619 0.78193384
vt 0.54782033 0.76486146
vt 0.55612469 0.78193241
vt 0.54782367 0.79900497
vt 0.62802249 0.89510334
vt 0.61167032 0.88721716
vt 0.61409122 0.87350833
vt 0.63120466 0.88054127
vt 0.45869631 0.04586285
vt 0.45036864 0.05947816
vt 0.43704510 0.05269212
vt 0.44499439 0.03903198
vt 0.38377735 0.07270122
vt 0.39357749 0.08662653
vt 0.36386260 0.07880116
vt 0.35780448 0.06233352
vt 0.07967900 0.54428709
vt 0.09394878 0.55958343
vt 0.07659265 0.57123005
vt 0.06231982 0.55596030
vt 0.68843144 0.78191924
vt 0.69752097 0.76624238
vt 0.70738876 0.78191733
vt 0.69752413 0.79759419
vt 0.45869583 0.87054712
vt 0.44499391 0.87737811
vt 0.43704462 0.86371779
vt 0.45036808 0.85693175
vt 0.06703119 0.65469962
vt 0.08272795 0.66831225
vt 0.06386857 0.68230879
vt 0.04866283 0.66441005
vt 0.73990530 0.78191417
vt 0.74148130 0.75639766
vt 0.74961722 0.78191310
vt 0.74148649 0.80743027
vt 0.12063853 0.35921884
vt 0.09979990 0.36863881
vt 0.08163158 0.35475075
vt 0.10261711 0.34404755
vt 0.51106536 0.34544539
vt 0.54531938 0.31711006
vt 0.57486999 0.34692061
vt 0.54561245 0.37483490
vt 0.51232266 0.68574828
vt 0.54628855 0.65689504
vt 0.57826746 0.68541628
vt 0.55029720 0.71417600
vt 0.21543771 0.91389692
vt 0.19945788 0.91730791
vt 0.18662333 0.90981114
vt 0.20121527 0.90780383
vt 0.27393779 0.23353732
vt 0.25629929 0.25913596
vt 0.30321941 0.90885472
vt 0.27740133 0.91025758
vt 0.25468501 0.90328580
vt 0.25501457 0.20924318
vt 0.07707754 0.76902223
vt 0.05355470 0.77234685
vt 0.03139302 0.76378906
vt 0.05470049 0.76234436
vt 0.25085935 0.83925080
vt 0.87651408 0.88592273
vt 0.85907072 0.89214420
vt 0.25198987 0.80486900
vt 0.84224600 0.89115667
vt 0.26068145 0.82296431
vt 0.37707514 0.20703530
vt 0.42572552 0.23133957
vt 0.37946627 0.25913239
vt 0.33463344 0.23315537
vt 0.38132900 0.54250264
vt 0.42692277 0.57162529
vt 0.38044706 0.60073775
vt 0.33734334 0.57147354
vt 0.62877595 0.68388790
vt 0.64831430 0.65418279
vt 0.67143625 0.68162364
vt 0.65304852 0.70976001
vt 0.62320048 0.34831715
vt 0.64477414 0.32011902
vt 0.66319370 0.34920812
vt 0.64346617 0.37684846
vt 0.21601458 0.19991022
vt 0.18993801 0.20973563
vt 0.18938568 0.18447423
vt 0.20975038 0.17176068
vt 0.79592574 0.47048479
vt 0.77339429 0.44873607
vt 0.80336660 0.43754864
vt 0.82561874 0.46053439
vt 0.58718795 0.97142285
vt 0.61611503 0.95735258
vt 0.64605278 0.96674067
vt 0.61737818 0.98117810
vt 0.02666741 0.79998159
vt 0.05143229 0.79087490
vt 0.07349633 0.80534595
vt 0.04876767 0.81413639
vt 0.90079242 0.27191770
vt 0.89810574 0.25540465
vt 0.91303188 0.26555479
vt 0.91248316 0.28299534
vt 0.78563285 0.51604521
vt 0.80819362 0.52369452
vt 0.78302115 0.52760559
vt 0.76197487 0.51325297
vt 0.71768093 0.45594609
vt 0.72491002 0.48070693
vt 0.70585382 0.46037567
vt 0.70396543 0.43283117
vt 0.84935319 0.23399264
vt 0.83099431 0.22561598
vt 0.85213965 0.22165865
vt 0.86953026 0.23432189
vt 0.91632384 0.40355957
vt 0.92471683 0.38097221
vt 0.93008971 0.40562880
vt 0.91812873 0.42932266
vt 0.75095409 0.28936958
vt 0.73661220 0.29918933
vt 0.73904079 0.28184861
vt 0.75322127 0.27370834
vt 0.91438949 0.32629240
vt 0.91907543 0.31117755
vt 0.92837918 0.32462329
vt 0.92311728 0.34132397
vt 0.78660601 0.24612111
vt 0.77128857 0.25109714
vt 0.77829057 0.23511446
vt 0.79613066 0.23236674
vt 0.71599132 0.35830116
vt 0.70328635 0.38078630
vt 0.70267278 0.35425162
vt 0.71812350 0.33429933
vt 0.87282151 0.49099481
vt 0.89514190 0.47602105
vt 0.88159579 0.50007868
vt 0.85565001 0.51024324
vt 0.12446837 0.15303558
vt 0.13718906 0.16560161
vt 0.12207105 0.17361689
vt 0.10919335 0.16240197
vt 0.12961057 0.10888445
vt 0.14247857 0.12012666
vt 0.12721102 0.12948859
vt 0.11449634 0.11692905
vt 0.13928357 0.02402824
vt 0.15885161 0.04698789
vt 0.13535501 0.05872577
vt 0.11507691 0.04197776
vt 0.03562892 0.08107662
vt 0.06126646 0.07147259
vt 0.06229060 0.09721786
vt 0.04201454 0.10959625
vt 0.02468842 0.17797107
vt 0.03717861 0.15197772
vt 0.05409967 0.16897231
vt 0.04782540 0.19344723
vt 0.22738203 0.10306454
vt 0.21468723 0.12939090
vt 0.19777595 0.11274236
vt 0.20462248 0.08790249
vt 0.16402254 0.12163776
vt 0.16647848 0.10877579
vt 0.17844471 0.11918873
vt 0.17391889 0.13368511
vt 0.13127008 0.09459776
vt 0.11796642 0.08826703
vt 0.13278605 0.08136904
vt 0.14566332 0.09143680
vt 0.08758378 0.16091710
vt 0.08518381 0.17370403
vt 0.07313791 0.16317260
vt 0.07767620 0.14880174
vt 0.12042104 0.18781716
vt 0.13377133 0.19396579
vt 0.11898459 0.20034707
vt 0.10602334 0.19078958
vt 0.15857629 0.16903502
vt 0.17101011 0.15947545
vt 0.17214099 0.17450488
vt 0.15798254 0.18203604
vt 0.09316752 0.11353666
vt 0.08076122 0.12303227
vt 0.07967110 0.10788363
vt 0.09372357 0.10045016
vt 0.14186196 0.89885217
vt 0.15734614 0.90552473
vt 0.13936314 0.90851206
vt 0.12324356 0.89979947
vt 0.87850958 0.28547275
vt 0.87828839 0.27185738
vt 0.88963509 0.27864206
vt 0.88819408 0.29335421
vt 0.79111069 0.49179828
vt 0.80797780 0.49998885
vt 0.78820533 0.50465852
vt 0.77236074 0.49194229
vt 0.74074030 0.44505525
vt 0.74406546 0.46612149
vt 0.72863001 0.45081913
vt 0.72853321 0.42722964
vt 0.84397030 0.25781941
vt 0.83153802 0.25009614
vt 0.84670329 0.24572206
vt 0.85851556 0.25619078
vt 0.88982570 0.39747572
vt 0.89826441 0.37858140
vt 0.90364510 0.40096867
vt 0.89337218 0.42072326
vt 0.77318490 0.30416679
vt 0.75971687 0.31241971
vt 0.76183194 0.29667437
vt 0.77427948 0.28987026
vt 0.88795668 0.33009565
vt 0.89311445 0.31671709
vt 0.90142792 0.32821143
vt 0.89656889 0.34333682
vt 0.80089766 0.26793897
vt 0.78876549 0.27089167
vt 0.79378903 0.25698888
vt 0.80695057 0.25574100
vt 0.74253130 0.36419952
vt 0.72933543 0.38366473
vt 0.72855240 0.36141241
vt 0.74303472 0.34351242
vt 0.85668361 0.47124875
vt 0.87536830 0.46040201
vt 0.86513990 0.48165894
vt 0.84462512 0.48883963
vt 0.54861987 0.89109129
vt 0.53985244 0.90098834
vt 0.52714670 0.88803101
vt 0.53587788 0.87843513
vt 0.60940713 0.78192705
vt 0.61804342 0.76691997
vt 0.62778395 0.78192514
vt 0.61804646 0.79693234
vt 0.09156228 0.44054860
vt 0.10669841 0.45500469
vt 0.08877913 0.46484458
vt 0.07354916 0.45120746
vt 0.54862058 0.02531868
vt 0.53587854 0.03797489
vt 0.52714729 0.02837908
vt 0.53985322 0.01542157
vt 0.38377681 0.84370869
vt 0.35780418 0.85407633
vt 0.36386222 0.83760875
vt 0.39357704 0.82978350
vt 0.50477523 0.88320810
vt 0.49306834 0.89077133
vt 0.48162615 0.87713414
vt 0.49345300 0.86960632
vt 0.64718544 0.78192329
vt 0.65693313 0.76719993
vt 0.66777110 0.78192121
vt 0.65693605 0.79664475
vt 0.08584366 0.49047077
vt 0.10039016 0.50599182
vt 0.08277375 0.51727062
vt 0.06816416 0.50230032
vt 0.50477594 0.03320187
vt 0.49345368 0.04680371
vt 0.48162678 0.03927583
vt 0.49306893 0.02563858
vt 0.59118694 0.02530509
vt 0.57634032 0.03575641
vt 0.56993973 0.02418351
vt 0.58452076 0.01322997
vt 0.09703452 0.39277732
vt 0.11325702 0.40731514
vt 0.09429049 0.41673148
vt 0.07794460 0.40327013
vt 0.57291967 0.78193063
vt 0.58137870 0.76597100
vt 0.59106034 0.78192878
vt 0.58138192 0.79788846
vt 0.59118581 0.89110458
vt 0.58451980 0.90317971
vt 0.56993884 0.89222640
vt 0.57633924 0.88065344
vt 0.13123889 0.30677730
vt 0.10561564 0.31786072
vt 0.08315779 0.30126989
vt 0.10913714 0.28704292
vt 0.67205650 0.87505251
vt 0.65052253 0.87073910
vt 0.64750051 0.85385895
vt 0.67196631 0.85324121
vt 0.95296055 0.78189307
vt 0.96338791 0.75922602
vt 0.96834868 0.78189158
vt 0.96339238 0.80455816
vt 0.64750195 0.06255025
vt 0.65052408 0.04566985
vt 0.67205799 0.04135525
vt 0.67196739 0.06316662
vt 0.41753921 0.85661232
vt 0.40048856 0.86380041
vt 0.40020385 0.84972042
vt 0.41736782 0.84321421
vt 0.72235364 0.78191578
vt 0.72639078 0.76284540
vt 0.73259479 0.78191489
vt 0.72639453 0.80098540
vt 0.07345626 0.59861040
vt 0.08784334 0.61351317
vt 0.07025145 0.62658745
vt 0.05607186 0.60987383
vt 0.41753969 0.05979770
vt 0.41736832 0.07319582
vt 0.40020427 0.06668949
vt 0.40048903 0.05260944
vt 0.18223375 0.93343419
vt 0.21196271 0.93761134
vt 0.20852438 0.96086270
vt 0.17862292 0.95659953
vt 0.35505518 0.97854364
vt 0.35666230 0.95486331
vt 0.41519439 0.95942360
vt 0.41428614 0.98333704
vt 0.70361894 0.97246826
vt 0.70129830 0.94897860
vt 0.75104487 0.94281566
vt 0.75403911 0.96619034
vt 0.85608262 0.29419935
vt 0.81739503 0.28545916
vt 0.82650757 0.26938653
vt 0.85476446 0.27577019
vt 0.84950751 0.92912942
vt 0.88411218 0.92377728
vt 0.88757247 0.94714862
vt 0.85310113 0.95218235
vt 0.47251517 0.98599404
vt 0.47279158 0.96205533
vt 0.52918065 0.96205449
vt 0.52945805 0.98599291
vt 0.79343849 0.96085310
vt 0.78999960 0.93760306
vt 0.81972677 0.93342537
vt 0.82333809 0.95658898
vt 0.62264317 0.04635096
vt 0.60519677 0.04007548
vt 0.61739290 0.01830769
vt 0.63856155 0.02494186
vt 0.84540570 0.40730160
vt 0.77841341 0.39216697
vt 0.78899109 0.35509557
vt 0.85179174 0.36928326
vt 0.13953431 0.25384903
vt 0.08698561 0.24783015
vt 0.09685320 0.21672678
vt 0.13688646 0.22131163
vt 0.62668550 0.26128197
vt 0.63109964 0.20419914
vt 0.67422068 0.20706415
vt 0.66861027 0.26311439
vt 0.62288022 0.48514104
vt 0.62288052 0.43127084
vt 0.66239119 0.43140912
vt 0.66239071 0.48500144
vt 0.62384206 0.59692150
vt 0.62293023 0.53990287
vt 0.66265547 0.53933030
vt 0.66432345 0.59574515
vt 0.03726073 0.72790015
vt 0.04186874 0.70437831
vt 0.08030791 0.70878148
vt 0.07947749 0.73273599
vt 0.33561039 0.65691698
vt 0.42595971 0.65757257
vt 0.42502511 0.71200532
vt 0.33304152 0.70778054
vt 0.29798514 0.80931920
vt 0.34895670 0.81541038
vt 0.31497484 0.84808707
vt 0.28179592 0.84411228
vt 0.33683228 0.31582618
vt 0.42652369 0.31564659
vt 0.42731717 0.37385964
vt 0.33781841 0.37400985
vt 0.33850834 0.43062776
vt 0.42787197 0.43054789
vt 0.42787194 0.48586297
vt 0.33850834 0.48578286
vt 0.87757659 0.89577305
vt 0.88028300 0.90545285
vt 0.84597212 0.91106004
vt 0.84360558 0.90147907
vt 0.27769408 0.48588586
vt 0.52930003 0.92360705
vt 0.47267121 0.92360771
vt 0.27769408 0.43052483
vt 0.41488969 0.92993504
vt 0.41531384 0.94036001
vt 0.35721239 0.93611217
vt 0.35692340 0.92599016
vt 0.27063310 0.17032331
vt 0.21698353 0.90265065
vt 0.18850784 0.89882141
vt 0.26723620 0.14033574
vt 0.78591567 0.90987754
vt 0.81447518 0.90581238
vt 0.81650442 0.91530329
vt 0.78735620 0.91940910
vt 0.27703342 0.37378120
vt 0.41524702 0.92192817
vt 0.35750592 0.91823566
vt 0.27599168 0.31564140
vt 0.74844086 0.91485524
vt 0.74916345 0.92450660
vt 0.70016336 0.93050808
vt 0.70006543 0.92064834
vt 0.27703336 0.54262930
vt 0.27599153 0.60076898
vt 0.64446247 0.91823250
vt 0.58672315 0.92192614
vt 0.25352287 0.91486096
vt 0.30190092 0.92065299
vt 0.30180323 0.93051320
vt 0.25280058 0.92451292
vt 0.27302977 0.70684069
vt 0.74759293 0.90746367
vt 0.69931650 0.91308504
vt 0.27471754 0.65681386
vt 0.25848860 0.07563305
vt 0.26293650 0.11023057
vt 0.15937085 0.89469218
vt 0.12534881 0.88922238
vt 0.07871918 0.74931681
vt 0.07794958 0.75832814
vt 0.03296193 0.75317478
vt 0.03425001 0.74422276
vt 0.31389895 0.13768053
vt 0.38262090 0.12964427
vt 0.41012549 0.16017747
vt 0.32602093 0.16836953
vt 0.28179601 0.07229775
vt 0.31497505 0.06832284
vt 0.34895703 0.10099965
vt 0.29798523 0.10709083
vt 0.52941543 0.93198830
vt 0.52920657 0.94276547
vt 0.47276506 0.94276619
vt 0.47255608 0.93198901
vt 0.27063307 0.74608678
vt 0.26723623 0.77607429
vt 0.81345189 0.89881480
vt 0.78497803 0.90264457
vt 0.58708078 0.92993277
vt 0.64504522 0.92598671
vt 0.64475650 0.93610835
vt 0.58665687 0.94035780
vt 0.32602075 0.74804068
vt 0.41012508 0.75623256
vt 0.38262051 0.78676587
vt 0.31389877 0.77872956
vt 0.24792603 0.96619892
vt 0.25091976 0.94282293
vt 0.30066884 0.94898468
vt 0.29834884 0.97247535
vt 0.11438406 0.94716036
vt 0.11784392 0.92378753
vt 0.15245095 0.92913902
vt 0.14885788 0.95219344
vt 0.81124634 0.74347627
vt 0.81125396 0.82033789
vt 0.76946419 0.81619775
vt 0.76945746 0.74762452
vt 0.85459393 0.33781731
vt 0.79998797 0.32548100
vt 0.80903864 0.30372512
vt 0.85577500 0.31428361
vt 0.51083022 0.60003257
vt 0.51137137 0.54209709
vt 0.57493770 0.54096633
vt 0.57500774 0.59847349
vt 0.51183939 0.48577619
vt 0.51183951 0.43063486
vt 0.57519591 0.43095559
vt 0.57519567 0.48545593
vt 0.51127750 0.25907397
vt 0.51423258 0.20178473
vt 0.58080775 0.20177537
vt 0.57655847 0.25992721
vt 0.86703658 0.82005262
vt 0.86702901 0.74375057
vt 0.92159814 0.74889499
vt 0.92160457 0.81489742
vt 0.54040432 0.79946703
vt 0.54040092 0.76440084
vt 0.55561781 0.76520061
vt 0.55562109 0.79866433
vt 0.63855982 0.89146727
vt 0.61739165 0.89810169
vt 0.60519552 0.87633413
vt 0.62264180 0.87005848
vt 0.45678806 0.03563112
vt 0.46065980 0.05618453
vt 0.44080484 0.06284219
vt 0.43346289 0.04246324
vt 0.36894777 0.06035221
vt 0.39987588 0.08294874
vt 0.38525757 0.09149396
vt 0.34543470 0.06427556
vt 0.06374359 0.54260343
vt 0.09558234 0.54625052
vt 0.09233984 0.57291496
vt 0.06087236 0.56931043
vt 0.68782854 0.79721630
vt 0.68782538 0.76662219
vt 0.70639831 0.76562977
vt 0.70640153 0.79820502
vt 0.46065927 0.86022544
vt 0.45678756 0.88077891
vt 0.43346244 0.87394655
vt 0.44080436 0.85356778
vt 0.05061616 0.65084755
vt 0.08389211 0.65465939
vt 0.08173107 0.68194699
vt 0.04655061 0.67791706
vt 0.73785001 0.80507410
vt 0.73784530 0.75875461
vt 0.74652004 0.75272530
vt 0.74652588 0.81110168
vt 0.12275092 0.34695888
vt 0.11865199 0.37131280
vt 0.08083144 0.36698055
vt 0.08234646 0.34233069
vt 0.51137185 0.37431407
vt 0.51083094 0.31637836
vt 0.57500845 0.31793737
vt 0.57493824 0.37544501
vt 0.51423192 0.71462566
vt 0.51127684 0.65733665
vt 0.57655782 0.65648347
vt 0.58080685 0.71463507
vt 0.21604583 0.90988415
vt 0.21460566 0.91941619
vt 0.18545561 0.91531092
vt 0.18748479 0.90581936
vt 0.27302989 0.20956957
vt 0.27471772 0.25959653
vt 0.30264953 0.91308933
vt 0.25437069 0.90746909
vt 0.07737578 0.76485884
vt 0.07663345 0.77488458
vt 0.03049993 0.76960003
vt 0.03204402 0.75966609
vt 0.25848868 0.84077692
vt 0.87660676 0.88921458
vt 0.84258705 0.89468509
vt 0.26293653 0.80617952
vt 0.33304179 0.20862973
vt 0.42502552 0.20440489
vt 0.42596012 0.25883782
vt 0.33561063 0.25949341
vt 0.33781835 0.54240072
vt 0.42731690 0.54255110
vt 0.42652327 0.60076398
vt 0.33683211 0.60058433
vt 0.63109857 0.71221119
vt 0.62668467 0.65512860
vt 0.66860908 0.65329581
vt 0.67421782 0.70934319
vt 0.62293112 0.37650853
vt 0.62384301 0.31948948
vt 0.66432482 0.32066542
vt 0.66265684 0.37708032
vt 0.22504589 0.17669868
vt 0.20336355 0.22146749
vt 0.17881566 0.20004034
vt 0.19673175 0.16748172
vt 0.81713885 0.47447926
vt 0.77505571 0.46497208
vt 0.77324480 0.43081969
vt 0.83345574 0.44442230
vt 0.58768600 0.98333377
vt 0.58677691 0.95942086
vt 0.64530712 0.95485896
vt 0.64691502 0.97853839
vt 0.02555102 0.81158984
vt 0.02802367 0.78817844
vt 0.07484434 0.79354173
vt 0.07195879 0.81690592
vt 0.90606397 0.28533387
vt 0.89284718 0.25934076
vt 0.90359324 0.25127280
vt 0.91910940 0.28060353
vt 0.76457137 0.50835627
vt 0.80795437 0.51815718
vt 0.80842483 0.52985692
vt 0.75911701 0.51871747
vt 0.71012598 0.43191135
vt 0.72976178 0.47752386
vt 0.71965849 0.48422086
vt 0.69741797 0.43385983
vt 0.86664164 0.23970574
vt 0.83128798 0.23171878
vt 0.83070624 0.21906328
vt 0.87260717 0.22852939
vt 0.91172856 0.42752314
vt 0.91786778 0.38053155
vt 0.93180346 0.38133693
vt 0.92482352 0.43118632
vt 0.75888878 0.27769589
vt 0.74267703 0.30256152
vt 0.73042506 0.29564667
vt 0.74739695 0.26959431
vt 0.91619158 0.34176135
vt 0.91224396 0.31234133
vt 0.92610264 0.30996692
vt 0.93022645 0.34078509
vt 0.79918647 0.23818123
vt 0.77607906 0.25596809
vt 0.76633400 0.24608898
vt 0.79295236 0.22627717
vt 0.72449684 0.33684587
vt 0.70983863 0.38191301
vt 0.69644064 0.37959087
vt 0.71156836 0.33158219
vt 0.85263783 0.50528359
vt 0.88997525 0.47254217
vt 0.90061134 0.47976458
vt 0.85888088 0.51567346
vt 0.10935876 0.15130842
vt 0.13957846 0.15476084
vt 0.13457963 0.17488998
vt 0.10959908 0.17203355
vt 0.11709530 0.10761976
vt 0.14208725 0.11047703
vt 0.14231268 0.13122171
vt 0.11210741 0.12777120
vt 0.11450669 0.02328658
vt 0.16358574 0.02890360
vt 0.15459874 0.06261969
vt 0.11572532 0.05817020
vt 0.02672454 0.10413313
vt 0.04812083 0.06019646
vt 0.07248646 0.08142698
vt 0.05505974 0.11432707
vt 0.03210576 0.20183456
vt 0.02116852 0.15331757
vt 0.05082181 0.15076399
vt 0.06084028 0.18652159
vt 0.21996705 0.07989454
vt 0.23081188 0.12753862
vt 0.20091449 0.13103849
vt 0.19145168 0.09505832
vt 0.16585164 0.13348764
vt 0.16036692 0.11077416
vt 0.17283361 0.10557055
vt 0.18130982 0.13329023
vt 0.14354976 0.09690094
vt 0.11878385 0.09406722
vt 0.11716301 0.08106542
vt 0.14806876 0.08460283
vt 0.08577227 0.14904743
vt 0.09129121 0.17175782
vt 0.07892204 0.17674279
vt 0.07027784 0.14907396
vt 0.10815027 0.18552256
vt 0.13289666 0.18835455
vt 0.13471644 0.20068133
vt 0.10358923 0.19711757
vt 0.15247491 0.17875743
vt 0.16306739 0.15788269
vt 0.17815664 0.16141832
vt 0.16339768 0.18641573
vt 0.09922289 0.10378027
vt 0.08866441 0.12466544
vt 0.07365027 0.12097150
vt 0.08825646 0.09588730
vt 0.12437917 0.89578128
vt 0.15835252 0.90148669
vt 0.15598606 0.91106826
vt 0.12167294 0.90546191
vt 0.88194358 0.29592961
vt 0.87344986 0.27592850
vt 0.88300741 0.26758307
vt 0.89407367 0.29056102
vt 0.77501494 0.48600101
vt 0.80813563 0.49348354
vt 0.80784017 0.50644904
vt 0.76970768 0.49783421
vt 0.73561352 0.42563230
vt 0.74922496 0.46220076
vt 0.73917687 0.47023749
vt 0.72213584 0.42906451
vt 0.85590941 0.26174939
vt 0.83150154 0.25623512
vt 0.83157235 0.24388385
vt 0.86115515 0.25056708
vt 0.88633680 0.41799009
vt 0.89092964 0.37757146
vt 0.90490317 0.37939382
vt 0.89963293 0.42329073
vt 0.77985007 0.29402339
vt 0.76603413 0.31577885
vt 0.75400621 0.30912709
vt 0.76922220 0.28573704
vt 0.88942111 0.34365392
vt 0.88629949 0.31807208
vt 0.89945745 0.31515938
vt 0.90314031 0.34281892
vt 0.80956906 0.26149678
vt 0.79330188 0.27590394
vt 0.78465772 0.26584208
vt 0.80452728 0.24985313
vt 0.75009125 0.34575379
vt 0.73686248 0.38422143
vt 0.72257888 0.38329136
vt 0.73669142 0.34139204
vt 0.84165227 0.48308158
vt 0.86966234 0.45591605
vt 0.88035548 0.46480894
vt 0.84726954 0.49465740
vt 0.54597753 0.87961555
vt 0.55102581 0.90238655
vt 0.52852690 0.89903766
vt 0.52565068 0.87681937
vt 0.60890573 0.79716396
vt 0.60890263 0.76669008
vt 0.62731415 0.76710689
vt 0.62731707 0.79674357
vt 0.07468664 0.43917513
vt 0.10831132 0.44302678
vt 0.10510482 0.46723491
vt 0.07233579 0.46348119
vt 0.55102646 0.01402336
vt 0.54597837 0.03679448
vt 0.52565134 0.03959072
vt 0.52852762 0.01737237
vt 0.39987543 0.83346123
vt 0.36894739 0.85605764
vt 0.34543452 0.85213429
vt 0.38525718 0.82491606
vt 0.50443041 0.87236118
vt 0.50512236 0.89384818
vt 0.48091149 0.88750774
vt 0.48238084 0.86660081
vt 0.64674509 0.79659259
vt 0.64674222 0.76725399
vt 0.66730887 0.76706731
vt 0.66731185 0.79677522
vt 0.06963311 0.48904437
vt 0.10195684 0.49274707
vt 0.09881095 0.51941502
vt 0.06666706 0.51573288
vt 0.50512308 0.02256173
vt 0.50443113 0.04404879
vt 0.48238149 0.04980916
vt 0.48091209 0.02890217
vt 0.59563053 0.01425546
vt 0.58628356 0.03649849
vt 0.56621754 0.03564227
vt 0.57334125 0.01289576
vt 0.07897963 0.39121348
vt 0.11497536 0.39533675
vt 0.11158469 0.41925180
vt 0.07687433 0.41527569
vt 0.57243580 0.79813194
vt 0.57243252 0.76572937
vt 0.59054750 0.76620805
vt 0.59055072 0.79764968
vt 0.58628243 0.87991130
vt 0.59562945 0.90215403
vt 0.57334042 0.90351403
vt 0.56621659 0.88076770
vt 0.13579614 0.29034424
vt 0.12778527 0.32117766
vt 0.08327041 0.31607866
vt 0.08242402 0.28423095
vt 0.68584293 0.86570454
vt 0.66012013 0.88192552
vt 0.63918138 0.86099136
vt 0.65611780 0.84303665
vt 0.95453447 0.80865622
vt 0.95452911 0.75512964
vt 0.97008425 0.76203597
vt 0.97008830 0.80174685
vt 0.65611911 0.07337242
vt 0.63918269 0.05541795
vt 0.66012180 0.03448319
vt 0.68584406 0.05070108
vt 0.42429131 0.84666491
vt 0.41122168 0.86707753
vt 0.38994551 0.86085021
vt 0.41121694 0.83987242
vt 0.72090131 0.79993111
vt 0.72089773 0.76390076
vt 0.73083270 0.76168388
vt 0.73083675 0.80214626
vt 0.05775978 0.59625179
vt 0.08927954 0.59986234
vt 0.08647238 0.62722981
vt 0.05430548 0.62354505
vt 0.41122219 0.04933244
vt 0.42429176 0.06974500
vt 0.41121745 0.07653761
vt 0.38994595 0.05555969
f 2/2 175/175 428/428
f 2/2 428/428 170/170
f 175/175 5/5 172/172
f 175/175 172/172 428/428
f 428/428 172/172 10/10
f 428/428 10/10 176/176
f 170/170 428/428 176/176
f 170/170 176/176 8/8
f 8/8 176/176 429/429
f 8/8 429/429 177/177
f 176/176 10/10 179/179
f 176/176 179/179 429/429
f 429/429 179/179 14/14
f 429/429 14/14 181/181
f 177/177 429/429 181/181
f 177/177 181/181 12/12
f 12/12 181/181 430/430
f 12/12 430/430 182/182
f 181/181 14/14 184/184
f 181/181 184/184 430/430
f 430/430 184/184 18/18
f 430/430 18/18 186/186
f 182/182 430/430 186/186
f 182/182 186/186 17/17
f 17/17 186/186 431/431
f 17/17 431/431 188/188
f 186/186 18/18 190/190
f 186/186 190/190 431/431
f 431/431 190/190 23/23
f 431/431 23/23 191/191
f 188/188 431/431 191/191
f 188/188 191/191 21/21
f 21/21 191/191 432/432
f 21/21 432/432 193/193
f 191/191 23/23 195/195
f 191/191 195/195 432/432
f 432/432 195/195 27/27
f 432/432 27/27 196/196
f 193/193 432/432 196/196
f 193/193 196/196 25/25
f 25/25 196/196 433/433
f 25/25 433/433 198/198
f 196/196 27/27 200/200
f 196/196 200/200 433/433
f 433/433 200/200 31/31
f 433/433 31/31 201/201
f 198/198 433/433 201/201
f 198/198 201/201 29/29
f 29/29 201/201 434/434
f 29/29 434/434 203/203
f 201/201 31/31 205/205
f 201/201 205/205 434/434
f 434/434 205/205 35/35
f 434/434 35/35 206/206
f 203/203 434/434 206/206
f 203/203 206/206 33/33
f 33/33 206/206 435/435
f 33/33 435/435 208/208
f 206/206 35/35 210/210
f 206/206 210/210 435/435
f 435/435 210/210 39/39
f 435/435 39/39 211/211
f 208/208 435/435 211/211
f 208/208 211/211 37/37
f 37/37 211/211 436/436
f 37/37 436/436 213/213
f 211/211 39/39 215/215
f 211/211 215/215 436/436
f 436/436 215/215 43/43
f 436/436 43/43 216/216
f 213/213 436/436 216/216
f 213/213 216/216 40/40
f 40/40 216/216 437/437
f 40/40 437/437 217/217
f 216/216 43/43 219/219
f 216/216 219/219 437/437
f 437/437 219/219 46/46
f 437/437 46/46 221/221
f 217/217 437/437 221/221
f 217/217 221/221 44/44
f 38/38 209/209 438/438
f 38/38 438/438 256/256
f 209/209 34/34 255/255
f 209/209 255/255 438/438
f 438/438 255/255 69/69
f 438/438 69/69 246/246
f 256/256 438/438 246/246
f 256/256 246/246 71/71
f 44/44 221/221 439/439
f 44/44 439/439 222/222
f 221/221 46/46 224/224
f 221/221 224/224 439/439
f 439/439 224/224 50/50
f 439/439 50/50 226/226
f 222/222 439/439 226/226
f 222/222 226/226 48/48
f 48/48 226/226 440/440
f 48/48 440/440 227/227
f 226/226 50/50 229/229
f 226/226 229/229 440/440
f 440/440 229/229 4/4
f 440/440 4/4 174/174
f 227/227 440/440 174/174
f 227/227 174/174 1/1
f 3/3 171/171 441/441
f 3/3 441/441 406/406
f 9/9 425/425 441/441
f 9/9 441/441 171/171
f 169/169 406/406 441/441
f 169/169 441/441 425/425
f 127/127 324/324 442/442
f 127/127 442/442 353/353
f 324/324 124/124 352/352
f 324/324 352/352 442/442
f 442/442 352/352 107/107
f 442/442 107/107 271/271
f 353/353 442/442 271/271
f 353/353 271/271 108/108
f 34/34 204/204 443/443
f 34/34 443/443 255/255
f 204/204 30/30 257/257
f 204/204 257/257 443/443
f 443/443 257/257 67/67
f 443/443 67/67 244/244
f 255/255 443/443 244/244
f 255/255 244/244 69/69
f 30/30 199/199 444/444
f 30/30 444/444 257/257
f 199/199 26/26 258/258
f 199/199 258/258 444/444
f 444/444 258/258 65/65
f 444/444 65/65 242/242
f 257/257 444/444 242/242
f 257/257 242/242 67/67
f 26/26 194/194 445/445
f 26/26 445/445 258/258
f 194/194 22/22 259/259
f 194/194 259/259 445/445
f 445/445 259/259 63/63
f 445/445 63/63 240/240
f 258/258 445/445 240/240
f 258/258 240/240 65/65
f 22/22 189/189 446/446
f 22/22 446/446 259/259
f 189/189 19/19 260/260
f 189/189 260/260 446/446
f 446/446 260/260 61/61
f 446/446 61/61 238/238
f 259/259 446/446 238/238
f 259/259 238/238 63/63
f 6/6 230/230 447/447
f 6/6 447/447 262/262
f 230/230 51/51 261/261
f 230/230 261/261 447/447
f 447/447 261/261 77/77
f 447/447 77/77 254/254
f 262/262 447/447 254/254
f 262/262 254/254 56/56
f 11/11 173/173 448/448
f 11/11 448/448 264/264
f 173/173 7/7 263/263
f 173/173 263/263 448/448
f 448/448 263/263 57/57
f 448/448 57/57 232/232
f 264/264 448/448 232/232
f 264/264 232/232 53/53
f 19/19 185/185 449/449
f 19/19 449/449 260/260
f 185/185 15/15 265/265
f 185/185 265/265 449/449
f 449/449 265/265 59/59
f 449/449 59/59 236/236
f 260/260 449/449 236/236
f 260/260 236/236 61/61
f 51/51 225/225 450/450
f 51/51 450/450 261/261
f 225/225 47/47 266/266
f 225/225 266/266 450/450
f 450/450 266/266 75/75
f 450/450 75/75 252/252
f 261/261 450/450 252/252
f 261/261 252/252 77/77
f 15/15 180/180 451/451
f 15/15 451/451 265/265
f 180/180 11/11 264/264
f 180/180 264/264 451/451
f 451/451 264/264 53/53
f 451/451 53/53 234/234
f 265/265 451/451 234/234
f 265/265 234/234 59/59
f 47/47 220/220 452/452
f 47/47 452/452 266/266
f 220/220 42/42 267/267
f 220/220 267/267 452/452
f 452/452 267/267 73/73
f 452/452 73/73 250/250
f 266/266 452/452 250/250
f 266/266 250/250 75/75
f 42/42 214/214 453/453
f 42/42 453/453 267/267
f 214/214 38/38 256/256
f 214/214 256/256 453/453
f 453/453 256/256 71/71
f 453/453 71/71 248/248
f 267/267 453/453 248/248
f 267/267 248/248 73/73
f 152/152 372/372 454/454
f 152/152 454/454 403/403
f 372/372 125/125 323/323
f 372/372 323/323 454/454
f 454/454 323/323 126/126
f 454/454 126/126 373/373
f 403/403 454/454 373/373
f 403/403 373/373 155/155
f 148/148 401/401 455/455
f 148/148 455/455 369/369
f 401/401 143/143 367/367
f 401/401 367/367 455/455
f 455/455 367/367 52/52
f 455/455 52/52 231/231
f 369/369 455/455 231/231
f 369/369 231/231 54/54
f 158/158 398/398 456/456
f 158/158 456/456 358/358
f 398/398 160/160 360/360
f 398/398 360/360 456/456
f 456/456 360/360 68/68
f 456/456 68/68 243/243
f 358/358 456/456 243/243
f 358/358 243/243 66/66
f 140/140 337/337 457/457
f 140/140 457/457 349/349
f 337/337 138/138 365/365
f 337/337 365/365 457/457
f 457/457 365/365 114/114
f 457/457 114/114 278/278
f 349/349 457/457 278/278
f 349/349 278/278 115/115
f 154/154 396/396 458/458
f 154/154 458/458 354/354
f 396/396 156/156 356/356
f 396/396 356/356 458/458
f 458/458 356/356 64/64
f 458/458 64/64 239/239
f 354/354 458/458 239/239
f 354/354 239/239 62/62
f 138/138 335/335 459/459
f 138/138 459/459 365/365
f 335/335 136/136 363/363
f 335/335 363/363 459/459
f 459/459 363/363 113/113
f 459/459 113/113 277/277
f 365/365 459/459 277/277
f 365/365 277/277 114/114
f 136/136 334/334 460/460
f 136/136 460/460 363/363
f 334/334 135/135 361/361
f 334/334 361/361 460/460
f 460/460 361/361 112/112
f 460/460 112/112 276/276
f 363/363 460/460 276/276
f 363/363 276/276 113/113
f 162/162 394/394 461/461
f 162/162 461/461 362/362
f 394/394 164/164 364/364
f 394/394 364/364 461/461
f 461/461 364/364 72/72
f 461/461 72/72 247/247
f 362/362 461/461 247/247
f 362/362 247/247 70/70
f 135/135 332/332 462/462
f 135/135 462/462 361/361
f 332/332 133/133 359/359
f 332/332 359/359 462/462
f 462/462 359/359 111/111
f 462/462 111/111 275/275
f 361/361 462/462 275/275
f 361/361 275/275 112/112
f 133/133 330/330 463/463
f 133/133 463/463 359/359
f 330/330 131/131 357/357
f 330/330 357/357 463/463
f 463/463 357/357 110/110
f 463/463 110/110 274/274
f 359/359 463/463 274/274
f 359/359 274/274 111/111
f 143/143 393/393 464/464
f 143/143 464/464 367/367
f 393/393 145/145 345/345
f 393/393 345/345 464/464
f 464/464 345/345 58/58
f 464/464 58/58 233/233
f 367/367 464/464 233/233
f 367/367 233/233 52/52
f 131/131 328/328 465/465
f 131/131 465/465 357/357
f 328/328 129/129 355/355
f 328/328 355/355 465/465
f 465/465 355/355 109/109
f 465/465 109/109 273/273
f 357/357 465/465 273/273
f 357/357 273/273 110/110
f 160/160 390/390 466/466
f 160/160 466/466 360/360
f 390/390 162/162 362/362
f 390/390 362/362 466/466
f 466/466 362/362 70/70
f 466/466 70/70 245/245
f 360/360 466/466 245/245
f 360/360 245/245 68/68
f 129/129 326/326 467/467
f 129/129 467/467 355/355
f 326/326 127/127 353/353
f 326/326 353/353 467/467
f 467/467 353/353 108/108
f 467/467 108/108 272/272
f 355/355 467/467 272/272
f 355/355 272/272 109/109
f 156/156 388/388 468/468
f 156/156 468/468 356/356
f 388/388 158/158 358/358
f 388/388 358/358 468/468
f 468/468 358/358 66/66
f 468/468 66/66 241/241
f 356/356 468/468 241/241
f 356/356 241/241 64/64
f 124/124 321/321 469/469
f 124/124 469/469 352/352
f 321/321 122/122 348/348
f 321/321 348/348 469/469
f 469/469 348/348 106/106
f 469/469 106/106 270/270
f 352/352 469/469 270/270
f 352/352 270/270 107/107
f 164/164 387/387 470/470
f 164/164 470/470 364/364
f 387/387 167/167 366/366
f 387/387 366/366 470/470
f 470/470 366/366 74/74
f 470/470 74/74 249/249
f 364/364 470/470 249/249
f 364/364 249/249 72/72
f 122/122 319/319 471/471
f 122/122 471/471 348/348
f 319/319 116/116 341/341
f 319/319 341/341 471/471
f 471/471 341/341 103/103
f 471/471 103/103 269/269
f 348/348 471/471 269/269
f 348/348 269/269 106/106
f 145/145 385/385 472/472
f 145/145 472/472 345/345
f 385/385 153/153 351/351
f 385/385 351/351 472/472
f 472/472 351/351 60/60
f 472/472 60/60 235/235
f 345/345 472/472 235/235
f 345/345 235/235 58/58
f 167/167 383/383 473/473
f 167/167 473/473 366/366
f 383/383 151/151 371/371
f 383/383 371/371 473/473
f 473/473 371/371 76/76
f 473/473 76/76 251/251
f 366/366 473/473 251/251
f 366/366 251/251 74/74
f 80/80 417/417 474/474
f 80/80 474/474 280/280
f 168/168 421/421 474/474
f 168/168 474/474 417/417
f 78/78 280/280 474/474
f 78/78 474/474 421/421
f 147/147 380/380 475/475
f 147/147 475/475 347/347
f 380/380 150/150 350/350
f 380/380 350/350 475/475
f 475/475 350/350 141/141
f 475/475 141/141 340/340
f 347/347 475/475 340/340
f 347/347 340/340 121/121
f 119/119 339/339 476/476
f 119/119 476/476 343/343
f 339/339 140/140 349/349
f 339/339 349/349 476/476
f 476/476 349/349 115/115
f 476/476 115/115 279/279
f 343/343 476/476 279/279
f 343/343 279/279 105/105
f 81/81 281/281 477/477
f 81/81 477/477 304/304
f 281/281 79/79 306/306
f 281/281 306/306 477/477
f 477/477 306/306 103/103
f 477/477 103/103 268/268
f 304/304 477/477 268/268
f 304/304 268/268 104/104
f 79/79 283/283 478/478
f 79/79 478/478 306/306
f 283/283 84/84 307/307
f 283/283 307/307 478/478
f 478/478 307/307 106/106
f 478/478 106/106 269/269
f 306/306 478/478 269/269
f 306/306 269/269 103/103
f 84/84 285/285 479/479
f 84/84 479/479 307/307
f 285/285 86/86 308/308
f 285/285 308/308 479/479
f 479/479 308/308 107/107
f 479/479 107/107 270/270
f 307/307 479/479 270/270
f 307/307 270/270 106/106
f 86/86 287/287 480/480
f 86/86 480/480 308/308
f 287/287 88/88 309/309
f 287/287 309/309 480/480
f 480/480 309/309 108/108
f 480/480 108/108 271/271
f 308/308 480/480 271/271
f 308/308 271/271 107/107
f 88/88 289/289 481/481
f 88/88 481/481 309/309
f 289/289 90/90 310/310
f 289/289 310/310 481/481
f 481/481 310/310 109/109
f 481/481 109/109 272/272
f 309/309 481/481 272/272
f 309/309 272/272 108/108
f 90/90 291/291 482/482
f 90/90 482/482 310/310
f 291/291 92/92 311/311
f 291/291 311/311 482/482
f 482/482 311/311 110/110
f 482/482 110/110 273/273
f 310/310 482/482 273/273
f 310/310 273/273 109/109
f 92/92 293/293 483/483
f 92/92 483/483 311/311
f 293/293 94/94 312/312
f 293/293 312/312 483/483
f 483/483 312/312 111/111
f 483/483 111/111 274/274
f 311/311 483/483 274/274
f 311/311 274/274 110/110
f 94/94 295/295 484/484
f 94/94 484/484 312/312
f 295/295 96/96 313/313
f 295/295 313/313 484/484
f 484/484 313/313 112/112
f 484/484 112/112 275/275
f 312/312 484/484 275/275
f 312/312 275/275 111/111
f 96/96 297/297 485/485
f 96/96 485/485 313/313
f 297/297 98/98 314/314
f 297/297 314/314 485/485
f 485/485 314/314 113/113
f 485/485 113/113 276/276
f 313/313 485/485 276/276
f 313/313 276/276 112/112
f 98/98 299/299 486/486
f 98/98 486/486 314/314
f 299/299 100/100 315/315
f 299/299 315/315 486/486
f 486/486 315/315 114/114
f 486/486 114/114 277/277
f 314/314 486/486 277/277
f 314/314 277/277 113/113
f 100/100 301/301 487/487
f 100/100 487/487 315/315
f 301/301 102/102 316/316
f 301/301 316/316 487/487
f 487/487 316/316 115/115
f 487/487 115/115 278/278
f 315/315 487/487 278/278
f 315/315 278/278 114/114
f 116/116 317/317 488/488
f 116/116 488/488 341/341
f 317/317 118/118 342/342
f 317/317 342/342 488/488
f 488/488 342/342 104/104
f 488/488 104/104 268/268
f 341/341 488/488 268/268
f 341/341 268/268 103/103
f 102/102 303/303 489/489
f 102/102 489/489 316/316
f 303/303 82/82 305/305
f 303/303 305/305 489/489
f 489/489 305/305 105/105
f 489/489 105/105 279/279
f 316/316 489/489 279/279
f 316/316 279/279 115/115
f 55/55 253/253 490/490
f 55/55 490/490 370/370
f 253/253 76/76 371/371
f 253/253 371/371 490/490
f 490/490 371/371 151/151
f 490/490 151/151 381/381
f 370/370 490/490 381/381
f 370/370 381/381 149/149
f 139/139 338/338 491/491
f 139/139 491/491 379/379
f 338/338 141/141 350/350
f 338/338 350/350 491/491
f 491/491 350/350 150/150
f 491/491 150/150 382/382
f 379/379 491/491 382/382
f 379/379 382/382 166/166
f 123/123 322/322 492/492
f 123/123 492/492 368/368
f 322/322 125/125 372/372
f 322/322 372/372 492/492
f 492/492 372/372 152/152
f 492/492 152/152 384/384
f 368/368 492/492 384/384
f 368/368 384/384 144/144
f 137/137 336/336 493/493
f 137/137 493/493 378/378
f 336/336 139/139 379/379
f 336/336 379/379 493/493
f 493/493 379/379 166/166
f 493/493 166/166 386/386
f 378/378 493/493 386/386
f 378/378 386/386 165/165
f 128/128 327/327 494/494
f 128/128 494/494 374/374
f 327/327 130/130 375/375
f 327/327 375/375 494/494
f 494/494 375/375 159/159
f 494/494 159/159 389/389
f 374/374 494/494 389/389
f 374/374 389/389 157/157
f 132/132 331/331 495/495
f 132/132 495/495 376/376
f 331/331 134/134 377/377
f 331/331 377/377 495/495
f 495/495 377/377 163/163
f 495/495 163/163 391/391
f 376/376 495/495 391/391
f 376/376 391/391 161/161
f 117/117 320/320 496/496
f 117/117 496/496 344/344
f 320/320 123/123 368/368
f 320/320 368/368 496/496
f 496/496 368/368 144/144
f 496/496 144/144 392/392
f 344/344 496/496 392/392
f 344/344 392/392 142/142
f 134/134 333/333 497/497
f 134/134 497/497 377/377
f 333/333 137/137 378/378
f 333/333 378/378 497/497
f 497/497 378/378 165/165
f 497/497 165/165 395/395
f 377/377 497/497 395/395
f 377/377 395/395 163/163
f 126/126 325/325 498/498
f 126/126 498/498 373/373
f 325/325 128/128 374/374
f 325/325 374/374 498/498
f 498/498 374/374 157/157
f 498/498 157/157 397/397
f 373/373 498/498 397/397
f 373/373 397/397 155/155
f 130/130 329/329 499/499
f 130/130 499/499 375/375
f 329/329 132/132 376/376
f 329/329 376/376 499/499
f 499/499 376/376 161/161
f 499/499 161/161 399/399
f 375/375 499/499 399/399
f 375/375 399/399 159/159
f 120/120 318/318 500/500
f 120/120 500/500 346/346
f 318/318 117/117 344/344
f 318/318 344/344 500/500
f 500/500 344/344 142/142
f 500/500 142/142 400/400
f 346/346 500/500 400/400
f 346/346 400/400 146/146
f 60/60 351/351 501/501
f 60/60 501/501 237/237
f 351/351 153/153 402/402
f 351/351 402/402 501/501
f 501/501 402/402 154/154
f 501/501 154/154 354/354
f 237/237 501/501 354/354
f 237/237 354/354 62/62
f 24/24 405/405 502/502
f 24/24 502/502 192/192
f 169/169 407/407 502/502
f 169/169 502/502 405/405
f 20/20 192/192 502/502
f 20/20 502/502 407/407
f 32/32 411/411 503/503
f 32/32 503/503 202/202
f 169/169 412/412 503/503
f 169/169 503/503 411/411
f 28/28 202/202 503/503
f 28/28 503/503 412/412
f 36/36 212/212 504/504
f 36/36 504/504 426/426
f 41/41 408/408 504/504
f 41/41 504/504 212/212
f 169/169 426/426 504/504
f 169/169 504/504 408/408
f 45/45 223/223 505/505
f 45/45 505/505 404/404
f 49/49 410/410 505/505
f 49/49 505/505 223/223
f 169/169 404/404 505/505
f 169/169 505/505 410/410
f 41/41 218/218 506/506
f 41/41 506/506 408/408
f 45/45 404/404 506/506
f 45/45 506/506 218/218
f 169/169 408/408 506/506
f 169/169 506/506 404/404
f 20/20 407/407 507/507
f 20/20 507/507 187/187
f 169/169 409/409 507/507
f 169/169 507/507 407/407
f 16/16 187/187 507/507
f 16/16 507/507 409/409
f 28/28 412/412 508/508
f 28/28 508/508 197/197
f 169/169 405/405 508/508
f 169/169 508/508 412/412
f 24/24 197/197 508/508
f 24/24 508/508 405/405
f 32/32 207/207 509/509
f 32/32 509/509 411/411
f 36/36 426/426 509/509
f 36/36 509/509 207/207
f 169/169 411/411 509/509
f 169/169 509/509 426/426
f 49/49 228/228 510/510
f 49/49 510/510 410/410
f 3/3 406/406 510/510
f 3/3 510/510 228/228
f 169/169 410/410 510/510
f 169/169 510/510 406/406
f 101/101 413/413 511/511
f 101/101 511/511 302/302
f 168/168 417/417 511/511
f 168/168 511/511 413/413
f 80/80 302/302 511/511
f 80/80 511/511 417/417
f 99/99 415/415 512/512
f 99/99 512/512 300/300
f 168/168 413/413 512/512
f 168/168 512/512 415/415
f 101/101 300/300 512/512
f 101/101 512/512 413/413
f 97/97 416/416 513/513
f 97/97 513/513 298/298
f 168/168 415/415 513/513
f 168/168 513/513 416/416
f 99/99 298/298 513/513
f 99/99 513/513 415/415
f 168/168 422/422 514/514
f 168/168 514/514 414/414
f 91/91 290/290 514/514
f 91/91 514/514 422/422
f 89/89 414/414 514/514
f 89/89 514/514 290/290
f 93/93 418/418 515/515
f 93/93 515/515 294/294
f 168/168 424/424 515/515
f 168/168 515/515 418/418
f 95/95 294/294 515/515
f 95/95 515/515 424/424
f 87/87 419/419 516/516
f 87/87 516/516 288/288
f 168/168 414/414 516/516
f 168/168 516/516 419/419
f 89/89 288/288 516/516
f 89/89 516/516 414/414
f 85/85 420/420 517/517
f 85/85 517/517 286/286
f 168/168 419/419 517/517
f 168/168 517/517 420/420
f 87/87 286/286 517/517
f 87/87 517/517 419/419
f 78/78 421/421 518/518
f 78/78 518/518 282/282
f 168/168 423/423 518/518
f 168/168 518/518 421/421
f 83/83 282/282 518/518
f 83/83 518/518 423/423
f 91/91 422/422 519/519
f 91/91 519/519 292/292
f 168/168 418/418 519/519
f 168/168 519/519 422/422
f 93/93 292/292 519/519
f 93/93 519/519 418/418
f 83/83 423/423 520/520
f 83/83 520/520 284/284
f 168/168 420/420 520/520
f 168/168 520/520 423/423
f 85/85 284/284 520/520
f 85/85 520/520 420/420
f 95/95 424/424 521/521
f 95/95 521/521 296/296
f 168/168 416/416 521/521
f 168/168 521/521 424/424
f 97/97 296/296 521/521
f 97/97 521/521 416/416
f 13/13 183/183 522/522
f 13/13 522/522 427/427
f 16/16 409/409 522/522
f 16/16 522/522 183/183
f 169/169 427/427 522/522
f 169/169 522/522 409/409
f 9/9 178/178 523/523
f 9/9 523/523 425/425
f 13/13 427/427 523/523
f 13/13 523/523 178/178
f 169/169 425/425 523/523
f 169/169 523/523 427/427
f 585/585 1360/1360 2309/2309
f 585/585 2309/2309 1379/1379
f 1360/1360 820/820 1803/1803
f 1360/1360 1803/1803 2309/2309
f 2309/2309 1803/1803 1044/1044
f 2309/2309 1044/1044 1806/1806
f 1379/1379 2309/2309 1806/1806
f 1379/1379 1806/1806 831/831
f 820/820 1359/1359 2310/2310
f 820/820 2310/2310 1803/1803
f 1359/1359 574/574 1323/1323
f 1359/1359 1323/1323 2310/2310
f 2310/2310 1323/1323 802/802
f 2310/2310 802/802 1804/1804
f 1803/1803 2310/2310 1804/1804
f 1803/1803 1804/1804 1044/1044
f 1044/1044 1804/1804 2311/2311
f 1044/1044 2311/2311 1805/1805
f 1804/1804 802/802 1324/1324
f 1804/1804 1324/1324 2311/2311
f 2311/2311 1324/1324 646/646
f 2311/2311 646/646 1341/1341
f 1805/1805 2311/2311 1341/1341
f 1805/1805 1341/1341 811/811
f 831/831 1806/1806 2312/2312
f 831/831 2312/2312 1380/1380
f 1806/1806 1044/1044 1805/1805
f 1806/1806 1805/1805 2312/2312
f 2312/2312 1805/1805 811/811
f 2312/2312 811/811 1343/1343
f 1380/1380 2312/2312 1343/1343
f 1380/1380 1343/1343 630/630
f 644/644 1520/1520 2313/2313
f 644/644 2313/2313 1463/1463
f 1520/1520 902/902 1807/1807
f 1520/1520 1807/1807 2313/2313
f 2313/2313 1807/1807 1045/1045
f 2313/2313 1045/1045 1810/1810
f 1463/1463 2313/2313 1810/1810
f 1463/1463 1810/1810 872/872
f 902/902 1519/1519 2314/2314
f 902/902 2314/2314 1807/1807
f 1519/1519 627/627 1486/1486
f 1519/1519 1486/1486 2314/2314
f 2314/2314 1486/1486 884/884
f 2314/2314 884/884 1808/1808
f 1807/1807 2314/2314 1808/1808
f 1807/1807 1808/1808 1045/1045
f 1045/1045 1808/1808 2315/2315
f 1045/1045 2315/2315 1809/1809
f 1808/1808 884/884 1485/1485
f 1808/1808 1485/1485 2315/2315
f 2315/2315 1485/1485 559/559
f 2315/2315 559/559 1329/1329
f 1809/1809 2315/2315 1329/1329
f 1809/1809 1329/1329 805/805
f 872/872 1810/1810 2316/2316
f 872/872 2316/2316 1461/1461
f 1810/1810 1045/1045 1809/1809
f 1810/1810 1809/1809 2316/2316
f 2316/2316 1809/1809 805/805
f 2316/2316 805/805 1330/1330
f 1461/1461 2316/2316 1330/1330
f 1461/1461 1330/1330 637/637
f 639/639 1522/1522 2317/2317
f 639/639 2317/2317 1460/1460
f 1522/1522 903/903 1811/1811
f 1522/1522 1811/1811 2317/2317
f 2317/2317 1811/1811 1046/1046
f 2317/2317 1046/1046 1814/1814
f 1460/1460 2317/2317 1814/1814
f 1460/1460 1814/1814 871/871
f 903/903 1521/1521 2318/2318
f 903/903 2318/2318 1811/1811
f 1521/1521 623/623 1480/1480
f 1521/1521 1480/1480 2318/2318
f 2318/2318 1480/1480 881/881
f 2318/2318 881/881 1812/1812
f 1811/1811 2318/2318 1812/1812
f 1811/1811 1812/1812 1046/1046
f 1046/1046 1812/1812 2319/2319
f 1046/1046 2319/2319 1813/1813
f 1812/1812 881/881 1479/1479
f 1812/1812 1479/1479 2319/2319
f 2319/2319 1479/1479 571/571
f 2319/2319 571/571 1337/1337
f 1813/1813 2319/2319 1337/1337
f 1813/1813 1337/1337 809/809
f 871/871 1814/1814 2320/2320
f 871/871 2320/2320 1458/1458
f 1814/1814 1046/1046 1813/1813
f 1814/1814 1813/1813 2320/2320
f 2320/2320 1813/1813 809/809
f 2320/2320 809/809 1338/1338
f 1458/1458 2320/2320 1338/1338
f 1458/1458 1338/1338 651/651
f 668/668 1386/1386 2321/2321
f 668/668 2321/2321 1625/1625
f 1386/1386 834/834 1815/1815
f 1386/1386 1815/1815 2321/2321
f 2321/2321 1815/1815 1047/1047
f 2321/2321 1047/1047 1818/1818
f 1625/1625 2321/2321 1818/1818
f 1625/1625 1818/1818 955/955
f 834/834 1385/1385 2322/2322
f 834/834 2322/2322 1815/1815
f 1385/1385 676/676 1640/1640
f 1385/1385 1640/1640 2322/2322
f 2322/2322 1640/1640 962/962
f 2322/2322 962/962 1816/1816
f 1815/1815 2322/2322 1816/1816
f 1815/1815 1816/1816 1047/1047
f 1047/1047 1816/1816 2323/2323
f 1047/1047 2323/2323 1817/1817
f 1816/1816 962/962 1639/1639
f 1816/1816 1639/1639 2323/2323
f 2323/2323 1639/1639 529/529
f 2323/2323 529/529 1632/1632
f 1817/1817 2323/2323 1632/1632
f 1817/1817 1632/1632 958/958
f 955/955 1818/1818 2324/2324
f 955/955 2324/2324 1626/1626
f 1818/1818 1047/1047 1817/1817
f 1818/1818 1817/1817 2324/2324
f 2324/2324 1817/1817 958/958
f 2324/2324 958/958 1631/1631
f 1626/1626 2324/2324 1631/1631
f 1626/1626 1631/1631 524/524
f 588/588 1366/1366 2325/2325
f 588/588 2325/2325 1381/1381
f 1366/1366 823/823 1819/1819
f 1366/1366 1819/1819 2325/2325
f 2325/2325 1819/1819 1048/1048
f 2325/2325 1048/1048 1822/1822
f 1381/1381 2325/2325 1822/1822
f 1381/1381 1822/1822 832/832
f 823/823 1365/1365 2326/2326
f 823/823 2326/2326 1819/1819
f 1365/1365 566/566 1318/1318
f 1365/1365 1318/1318 2326/2326
f 2326/2326 1318/1318 799/799
f 2326/2326 799/799 1820/1820
f 1819/1819 2326/2326 1820/1820
f 1819/1819 1820/1820 1048/1048
f 1048/1048 1820/1820 2327/2327
f 1048/1048 2327/2327 1821/1821
f 1820/1820 799/799 1316/1316
f 1820/1820 1316/1316 2327/2327
f 2327/2327 1316/1316 643/643
f 2327/2327 643/643 1352/1352
f 1821/1821 2327/2327 1352/1352
f 1821/1821 1352/1352 817/817
f 832/832 1822/1822 2328/2328
f 832/832 2328/2328 1382/1382
f 1822/1822 1048/1048 1821/1821
f 1822/1822 1821/1821 2328/2328
f 2328/2328 1821/1821 817/817
f 2328/2328 817/817 1354/1354
f 1382/1382 2328/2328 1354/1354
f 1382/1382 1354/1354 649/649
f 637/637 1330/1330 2329/2329
f 637/637 2329/2329 1183/1183
f 1330/1330 805/805 1823/1823
f 1330/1330 1823/1823 2329/2329
f 2329/2329 1823/1823 1049/1049
f 2329/2329 1049/1049 1826/1826
f 1183/1183 2329/2329 1826/1826
f 1183/1183 1826/1826 723/723
f 805/805 1329/1329 2330/2330
f 805/805 2330/2330 1823/1823
f 1329/1329 559/559 1302/1302
f 1329/1329 1302/1302 2330/2330
f 2330/2330 1302/1302 791/791
f 2330/2330 791/791 1824/1824
f 1823/1823 2330/2330 1824/1824
f 1823/1823 1824/1824 1049/1049
f 1049/1049 1824/1824 2331/2331
f 1049/1049 2331/2331 1825/1825
f 1824/1824 791/791 1301/1301
f 1824/1824 1301/1301 2331/2331
f 2331/2331 1301/1301 562/562
f 2331/2331 562/562 1335/1335
f 1825/1825 2331/2331 1335/1335
f 1825/1825 1335/1335 808/808
f 723/723 1826/1826 2332/2332
f 723/723 2332/2332 1181/1181
f 1826/1826 1049/1049 1825/1825
f 1826/1826 1825/1825 2332/2332
f 2332/2332 1825/1825 808/808
f 2332/2332 808/808 1336/1336
f 1181/1181 2332/2332 1336/1336
f 1181/1181 1336/1336 635/635
f 651/651 1338/1338 2333/2333
f 651/651 2333/2333 1210/1210
f 1338/1338 809/809 1827/1827
f 1338/1338 1827/1827 2333/2333
f 2333/2333 1827/1827 1050/1050
f 2333/2333 1050/1050 1830/1830
f 1210/1210 2333/2333 1830/1830
f 1210/1210 1830/1830 737/737
f 809/809 1337/1337 2334/2334
f 809/809 2334/2334 1827/1827
f 1337/1337 571/571 1292/1292
f 1337/1337 1292/1292 2334/2334
f 2334/2334 1292/1292 784/784
f 2334/2334 784/784 1828/1828
f 1827/1827 2334/2334 1828/1828
f 1827/1827 1828/1828 1050/1050
f 1050/1050 1828/1828 2335/2335
f 1050/1050 2335/2335 1829/1829
f 1828/1828 784/784 1291/1291
f 1828/1828 1291/1291 2335/2335
f 2335/2335 1291/1291 588/588
f 2335/2335 588/588 1381/1381
f 1829/1829 2335/2335 1381/1381
f 1829/1829 1381/1381 832/832
f 737/737 1830/1830 2336/2336
f 737/737 2336/2336 1208/1208
f 1830/1830 1050/1050 1829/1829
f 1830/1830 1829/1829 2336/2336
f 2336/2336 1829/1829 832/832
f 2336/2336 832/832 1382/1382
f 1208/1208 2336/2336 1382/1382
f 1208/1208 1382/1382 649/649
f 706/706 1760/1760 2337/2337
f 706/706 2337/2337 1777/1777
f 1760/1760 1022/1022 1831/1831
f 1760/1760 1831/1831 2337/2337
f 2337/2337 1831/1831 1051/1051
f 2337/2337 1051/1051 1834/1834
f 1777/1777 2337/2337 1834/1834
f 1777/1777 1834/1834 1031/1031
f 1022/1022 1758/1758 2338/2338
f 1022/1022 2338/2338 1831/1831
f 1758/1758 604/604 1412/1412
f 1758/1758 1412/1412 2338/2338
f 2338/2338 1412/1412 847/847
f 2338/2338 847/847 1832/1832
f 1831/1831 2338/2338 1832/1832
f 1831/1831 1832/1832 1051/1051
f 1051/1051 1832/1832 2339/2339
f 1051/1051 2339/2339 1833/1833
f 1832/1832 847/847 1411/1411
f 1832/1832 1411/1411 2339/2339
f 2339/2339 1411/1411 598/598
f 2339/2339 598/598 1766/1766
f 1833/1833 2339/2339 1766/1766
f 1833/1833 1766/1766 1026/1026
f 1031/1031 1834/1834 2340/2340
f 1031/1031 2340/2340 1778/1778
f 1834/1834 1051/1051 1833/1833
f 1834/1834 1833/1833 2340/2340
f 2340/2340 1833/1833 1026/1026
f 2340/2340 1026/1026 1768/1768
f 1778/1778 2340/2340 1768/1768
f 1778/1778 1768/1768 711/711
f 674/674 1518/1518 2341/2341
f 674/674 2341/2341 1633/1633
f 1518/1518 901/901 1835/1835
f 1518/1518 1835/1835 2341/2341
f 2341/2341 1835/1835 1052/1052
f 2341/2341 1052/1052 1838/1838
f 1633/1633 2341/2341 1838/1838
f 1633/1633 1838/1838 959/959
f 901/901 1517/1517 2342/2342
f 901/901 2342/2342 1835/1835
f 1517/1517 672/672 1642/1642
f 1517/1517 1642/1642 2342/2342
f 2342/2342 1642/1642 963/963
f 2342/2342 963/963 1836/1836
f 1835/1835 2342/2342 1836/1836
f 1835/1835 1836/1836 1052/1052
f 1052/1052 1836/1836 2343/2343
f 1052/1052 2343/2343 1837/1837
f 1836/1836 963/963 1641/1641
f 1836/1836 1641/1641 2343/2343
f 2343/2343 1641/1641 677/677
f 2343/2343 677/677 1215/1215
f 1837/1837 2343/2343 1215/1215
f 1837/1837 1215/1215 740/740
f 959/959 1838/1838 2344/2344
f 959/959 2344/2344 1634/1634
f 1838/1838 1052/1052 1837/1837
f 1838/1838 1837/1837 2344/2344
f 2344/2344 1837/1837 740/740
f 2344/2344 740/740 1216/1216
f 1634/1634 2344/2344 1216/1216
f 1634/1634 1216/1216 675/675
f 540/540 1229/1229 2345/2345
f 540/540 2345/2345 1513/1513
f 1229/1229 747/747 1839/1839
f 1229/1229 1839/1839 2345/2345
f 2345/2345 1839/1839 1053/1053
f 2345/2345 1053/1053 1842/1842
f 1513/1513 2345/2345 1842/1842
f 1513/1513 1842/1842 899/899
f 747/747 1230/1230 2346/2346
f 747/747 2346/2346 1839/1839
f 1230/1230 551/551 1580/1580
f 1230/1230 1580/1580 2346/2346
f 2346/2346 1580/1580 933/933
f 2346/2346 933/933 1840/1840
f 1839/1839 2346/2346 1840/1840
f 1839/1839 1840/1840 1053/1053
f 1053/1053 1840/1840 2347/2347
f 1053/1053 2347/2347 1841/1841
f 1840/1840 933/933 1582/1582
f 1840/1840 1582/1582 2347/2347
f 2347/2347 1582/1582 665/665
f 2347/2347 665/665 1570/1570
f 1841/1841 2347/2347 1570/1570
f 1841/1841 1570/1570 927/927
f 899/899 1842/1842 2348/2348
f 899/899 2348/2348 1515/1515
f 1842/1842 1053/1053 1841/1841
f 1842/1842 1841/1841 2348/2348
f 2348/2348 1841/1841 927/927
f 2348/2348 927/927 1569/1569
f 1515/1515 2348/2348 1569/1569
f 1515/1515 1569/1569 666/666
f 629/629 1490/1490 2349/2349
f 629/629 2349/2349 1511/1511
f 1490/1490 886/886 1843/1843
f 1490/1490 1843/1843 2349/2349
f 2349/2349 1843/1843 1054/1054
f 2349/2349 1054/1054 1846/1846
f 1511/1511 2349/2349 1846/1846
f 1511/1511 1846/1846 898/898
f 886/886 1489/1489 2350/2350
f 886/886 2350/2350 1843/1843
f 1489/1489 592/592 1393/1393
f 1489/1489 1393/1393 2350/2350
f 2350/2350 1393/1393 837/837
f 2350/2350 837/837 1844/1844
f 1843/1843 2350/2350 1844/1844
f 1843/1843 1844/1844 1054/1054
f 1054/1054 1844/1844 2351/2351
f 1054/1054 2351/2351 1845/1845
f 1844/1844 837/837 1391/1391
f 1844/1844 1391/1391 2351/2351
f 2351/2351 1391/1391 542/542
f 2351/2351 542/542 1468/1468
f 1845/1845 2351/2351 1468/1468
f 1845/1845 1468/1468 876/876
f 898/898 1846/1846 2352/2352
f 898/898 2352/2352 1512/1512
f 1846/1846 1054/1054 1845/1845
f 1846/1846 1845/1845 2352/2352
f 2352/2352 1845/1845 876/876
f 2352/2352 876/876 1470/1470
f 1512/1512 2352/2352 1470/1470
f 1512/1512 1470/1470 618/618
f 596/596 1402/1402 2353/2353
f 596/596 2353/2353 1398/1398
f 1402/1402 842/842 1847/1847
f 1402/1402 1847/1847 2353/2353
f 2353/2353 1847/1847 1055/1055
f 2353/2353 1055/1055 1850/1850
f 1398/1398 2353/2353 1850/1850
f 1398/1398 1850/1850 840/840
f 842/842 1401/1401 2354/2354
f 842/842 2354/2354 1847/1847
f 1401/1401 595/595 1396/1396
f 1401/1401 1396/1396 2354/2354
f 2354/2354 1396/1396 839/839
f 2354/2354 839/839 1848/1848
f 1847/1847 2354/2354 1848/1848
f 1847/1847 1848/1848 1055/1055
f 1055/1055 1848/1848 2355/2355
f 1055/1055 2355/2355 1849/1849
f 1848/1848 839/839 1395/1395
f 1848/1848 1395/1395 2355/2355
f 2355/2355 1395/1395 546/546
f 2355/2355 546/546 1222/1222
f 1849/1849 2355/2355 1222/1222
f 1849/1849 1222/1222 744/744
f 840/840 1850/1850 2356/2356
f 840/840 2356/2356 1397/1397
f 1850/1850 1055/1055 1849/1849
f 1850/1850 1849/1849 2356/2356
f 2356/2356 1849/1849 744/744
f 2356/2356 744/744 1224/1224
f 1397/1397 2356/2356 1224/1224
f 1397/1397 1224/1224 549/549
f 628/628 1488/1488 2357/2357
f 628/628 2357/2357 1509/1509
f 1488/1488 885/885 1851/1851
f 1488/1488 1851/1851 2357/2357
f 2357/2357 1851/1851 1056/1056
f 2357/2357 1056/1056 1854/1854
f 1509/1509 2357/2357 1854/1854
f 1509/1509 1854/1854 897/897
f 885/885 1487/1487 2358/2358
f 885/885 2358/2358 1851/1851
f 1487/1487 596/596 1398/1398
f 1487/1487 1398/1398 2358/2358
f 2358/2358 1398/1398 840/840
f 2358/2358 840/840 1852/1852
f 1851/1851 2358/2358 1852/1852
f 1851/1851 1852/1852 1056/1056
f 1056/1056 1852/1852 2359/2359
f 1056/1056 2359/2359 1853/1853
f 1852/1852 840/840 1397/1397
f 1852/1852 1397/1397 2359/2359
f 2359/2359 1397/1397 549/549
f 2359/2359 549/549 1472/1472
f 1853/1853 2359/2359 1472/1472
f 1853/1853 1472/1472 878/878
f 897/897 1854/1854 2360/2360
f 897/897 2360/2360 1510/1510
f 1854/1854 1056/1056 1853/1853
f 1854/1854 1853/1853 2360/2360
f 2360/2360 1853/1853 878/878
f 2360/2360 878/878 1474/1474
f 1510/1510 2360/2360 1474/1474
f 1510/1510 1474/1474 620/620
f 567/567 1325/1325 2361/2361
f 567/567 2361/2361 1277/1277
f 1325/1325 803/803 1855/1855
f 1325/1325 1855/1855 2361/2361
f 2361/2361 1855/1855 1057/1057
f 2361/2361 1057/1057 1858/1858
f 1277/1277 2361/2361 1858/1858
f 1277/1277 1858/1858 776/776
f 803/803 1327/1327 2362/2362
f 803/803 2362/2362 1855/1855
f 1327/1327 530/530 1197/1197
f 1327/1327 1197/1197 2362/2362
f 2362/2362 1197/1197 731/731
f 2362/2362 731/731 1856/1856
f 1855/1855 2362/2362 1856/1856
f 1855/1855 1856/1856 1057/1057
f 1057/1057 1856/1856 2363/2363
f 1057/1057 2363/2363 1857/1857
f 1856/1856 731/731 1198/1198
f 1856/1856 1198/1198 2363/2363
f 2363/2363 1198/1198 525/525
f 2363/2363 525/525 1311/1311
f 1857/1857 2363/2363 1311/1311
f 1857/1857 1311/1311 795/795
f 776/776 1858/1858 2364/2364
f 776/776 2364/2364 1278/1278
f 1858/1858 1057/1057 1857/1857
f 1858/1858 1857/1857 2364/2364
f 2364/2364 1857/1857 795/795
f 2364/2364 795/795 1309/1309
f 1278/1278 2364/2364 1309/1309
f 1278/1278 1309/1309 556/556
f 621/621 1508/1508 2365/2365
f 621/621 2365/2365 1263/1263
f 1508/1508 896/896 1859/1859
f 1508/1508 1859/1859 2365/2365
f 2365/2365 1859/1859 1058/1058
f 2365/2365 1058/1058 1862/1862
f 1263/1263 2365/2365 1862/1862
f 1263/1263 1862/1862 767/767
f 896/896 1507/1507 2366/2366
f 896/896 2366/2366 1859/1859
f 1507/1507 616/616 1211/1211
f 1507/1507 1211/1211 2366/2366
f 2366/2366 1211/1211 738/738
f 2366/2366 738/738 1860/1860
f 1859/1859 2366/2366 1860/1860
f 1859/1859 1860/1860 1058/1058
f 1058/1058 1860/1860 2367/2367
f 1058/1058 2367/2367 1861/1861
f 1860/1860 738/738 1212/1212
f 1860/1860 1212/1212 2367/2367
f 2367/2367 1212/1212 538/538
f 2367/2367 538/538 1339/1339
f 1861/1861 2367/2367 1339/1339
f 1861/1861 1339/1339 810/810
f 767/767 1862/1862 2368/2368
f 767/767 2368/2368 1264/1264
f 1862/1862 1058/1058 1861/1861
f 1862/1862 1861/1861 2368/2368
f 2368/2368 1861/1861 810/810
f 2368/2368 810/810 1340/1340
f 1264/1264 2368/2368 1340/1340
f 1264/1264 1340/1340 570/570
f 586/586 1378/1378 2369/2369
f 586/586 2369/2369 1287/1287
f 1378/1378 830/830 1863/1863
f 1378/1378 1863/1863 2369/2369
f 2369/2369 1863/1863 1059/1059
f 2369/2369 1059/1059 1866/1866
f 1287/1287 2369/2369 1866/1866
f 1287/1287 1866/1866 782/782
f 830/830 1377/1377 2370/2370
f 830/830 2370/2370 1863/1863
f 1377/1377 578/578 1191/1191
f 1377/1377 1191/1191 2370/2370
f 2370/2370 1191/1191 728/728
f 2370/2370 728/728 1864/1864
f 1863/1863 2370/2370 1864/1864
f 1863/1863 1864/1864 1059/1059
f 1059/1059 1864/1864 2371/2371
f 1059/1059 2371/2371 1865/1865
f 1864/1864 728/728 1192/1192
f 1864/1864 1192/1192 2371/2371
f 2371/2371 1192/1192 531/531
f 2371/2371 531/531 1328/1328
f 1865/1865 2371/2371 1328/1328
f 1865/1865 1328/1328 804/804
f 782/782 1866/1866 2372/2372
f 782/782 2372/2372 1288/1288
f 1866/1866 1059/1059 1865/1865
f 1866/1866 1865/1865 2372/2372
f 2372/2372 1865/1865 804/804
f 2372/2372 804/804 1326/1326
f 1288/1288 2372/2372 1326/1326
f 1288/1288 1326/1326 568/568
f 624/624 1506/1506 2373/2373
f 624/624 2373/2373 1303/1303
f 1506/1506 895/895 1867/1867
f 1506/1506 1867/1867 2373/2373
f 2373/2373 1867/1867 1060/1060
f 2373/2373 1060/1060 1870/1870
f 1303/1303 2373/2373 1870/1870
f 1303/1303 1870/1870 792/792
f 895/895 1505/1505 2374/2374
f 895/895 2374/2374 1867/1867
f 1505/1505 613/613 1179/1179
f 1505/1505 1179/1179 2374/2374
f 2374/2374 1179/1179 722/722
f 2374/2374 722/722 1868/1868
f 1867/1867 2374/2374 1868/1868
f 1867/1867 1868/1868 1060/1060
f 1060/1060 1868/1868 2375/2375
f 1060/1060 2375/2375 1869/1869
f 1868/1868 722/722 1180/1180
f 1868/1868 1180/1180 2375/2375
f 2375/2375 1180/1180 528/528
f 2375/2375 528/528 1332/1332
f 1869/1869 2375/2375 1332/1332
f 1869/1869 1332/1332 806/806
f 792/792 1870/1870 2376/2376
f 792/792 2376/2376 1304/1304
f 1870/1870 1060/1060 1869/1869
f 1870/1870 1869/1869 2376/2376
f 2376/2376 1869/1869 806/806
f 2376/2376 806/806 1331/1331
f 1304/1304 2376/2376 1331/1331
f 1304/1304 1331/1331 560/560
f 560/560 1331/1331 2377/2377
f 560/560 2377/2377 1295/1295
f 1331/1331 806/806 1871/1871
f 1331/1331 1871/1871 2377/2377
f 2377/2377 1871/1871 1061/1061
f 2377/2377 1061/1061 1874/1874
f 1295/1295 2377/2377 1874/1874
f 1295/1295 1874/1874 787/787
f 806/806 1332/1332 2378/2378
f 806/806 2378/2378 1871/1871
f 1332/1332 528/528 1185/1185
f 1332/1332 1185/1185 2378/2378
f 2378/2378 1185/1185 725/725
f 2378/2378 725/725 1872/1872
f 1871/1871 2378/2378 1872/1872
f 1871/1871 1872/1872 1061/1061
f 1061/1061 1872/1872 2379/2379
f 1061/1061 2379/2379 1873/1873
f 1872/1872 725/725 1186/1186
f 1872/1872 1186/1186 2379/2379
f 2379/2379 1186/1186 533/533
f 2379/2379 533/533 1333/1333
f 1873/1873 2379/2379 1333/1333
f 1873/1873 1333/1333 807/807
f 787/787 1874/1874 2380/2380
f 787/787 2380/2380 1296/1296
f 1874/1874 1061/1061 1873/1873
f 1874/1874 1873/1873 2380/2380
f 2380/2380 1873/1873 807/807
f 2380/2380 807/807 1334/1334
f 1296/1296 2380/2380 1334/1334
f 1296/1296 1334/1334 563/563
f 576/576 1250/1250 2381/2381
f 576/576 2381/2381 1251/1251
f 1250/1250 758/758 1875/1875
f 1250/1250 1875/1875 2381/2381
f 2381/2381 1875/1875 1062/1062
f 2381/2381 1062/1062 1878/1878
f 1251/1251 2381/2381 1878/1878
f 1251/1251 1878/1878 759/759
f 758/758 1248/1248 2382/2382
f 758/758 2382/2382 1875/1875
f 1248/1248 566/566 1365/1365
f 1248/1248 1365/1365 2382/2382
f 2382/2382 1365/1365 823/823
f 2382/2382 823/823 1876/1876
f 1875/1875 2382/2382 1876/1876
f 1875/1875 1876/1876 1062/1062
f 1062/1062 1876/1876 2383/2383
f 1062/1062 2383/2383 1877/1877
f 1876/1876 823/823 1366/1366
f 1876/1876 1366/1366 2383/2383
f 2383/2383 1366/1366 588/588
f 2383/2383 588/588 1372/1372
f 1877/1877 2383/2383 1372/1372
f 1877/1877 1372/1372 826/826
f 759/759 1878/1878 2384/2384
f 759/759 2384/2384 1252/1252
f 1878/1878 1062/1062 1877/1877
f 1878/1878 1877/1877 2384/2384
f 2384/2384 1877/1877 826/826
f 2384/2384 826/826 1371/1371
f 1252/1252 2384/2384 1371/1371
f 1252/1252 1371/1371 569/569
f 563/563 1270/1270 2385/2385
f 563/563 2385/2385 1296/1296
f 1270/1270 770/770 1879/1879
f 1270/1270 1879/1879 2385/2385
f 2385/2385 1879/1879 1063/1063
f 2385/2385 1063/1063 1884/1884
f 1296/1296 2385/2385 1884/1884
f 1296/1296 1884/1884 787/787
f 771/771 1269/1269 2386/2386
f 771/771 2386/2386 1880/1880
f 1269/1269 587/587 1305/1305
f 1269/1269 1305/1305 2386/2386
f 2386/2386 1305/1305 793/793
f 2386/2386 793/793 1881/1881
f 1880/1880 2386/2386 1881/1881
f 1880/1880 1881/1881 1064/1064
f 1064/1064 1881/1881 2387/2387
f 1064/1064 2387/2387 1883/1883
f 1881/1881 793/793 1306/1306
f 1881/1881 1306/1306 2387/2387
f 2387/2387 1306/1306 572/572
f 2387/2387 572/572 1299/1299
f 1883/1883 2387/2387 1299/1299
f 1883/1883 1299/1299 790/790
f 787/787 1884/1884 2388/2388
f 787/787 2388/2388 1295/1295
f 1884/1884 1063/1063 1882/1882
f 1884/1884 1882/1882 2388/2388
f 2388/2388 1882/1882 789/789
f 2388/2388 789/789 1300/1300
f 1295/1295 2388/2388 1300/1300
f 1295/1295 1300/1300 560/560
f 572/572 1266/1266 2389/2389
f 572/572 2389/2389 1267/1267
f 1266/1266 768/768 1885/1885
f 1266/1266 1885/1885 2389/2389
f 2389/2389 1885/1885 1065/1065
f 2389/2389 1065/1065 1888/1888
f 1267/1267 2389/2389 1888/1888
f 1267/1267 1888/1888 769/769
f 768/768 1265/1265 2390/2390
f 768/768 2390/2390 1885/1885
f 1265/1265 559/559 1485/1485
f 1265/1265 1485/1485 2390/2390
f 2390/2390 1485/1485 884/884
f 2390/2390 884/884 1886/1886
f 1885/1885 2390/2390 1886/1886
f 1885/1885 1886/1886 1065/1065
f 1065/1065 1886/1886 2391/2391
f 1065/1065 2391/2391 1887/1887
f 1886/1886 884/884 1486/1486
f 1886/1886 1486/1486 2391/2391
f 2391/2391 1486/1486 627/627
f 2391/2391 627/627 1500/1500
f 1887/1887 2391/2391 1500/1500
f 1887/1887 1500/1500 891/891
f 769/769 1888/1888 2392/2392
f 769/769 2392/2392 1268/1268
f 1888/1888 1065/1065 1887/1887
f 1888/1888 1887/1887 2392/2392
f 2392/2392 1887/1887 891/891
f 2392/2392 891/891 1499/1499
f 1268/1268 2392/2392 1499/1499
f 1268/1268 1499/1499 561/561
f 573/573 1501/1501 2393/2393
f 573/573 2393/2393 1246/1246
f 1501/1501 893/893 1890/1890
f 1501/1501 1890/1890 2393/2393
f 2393/2393 1890/1890 1067/1067
f 2393/2393 1067/1067 1894/1894
f 1246/1246 2393/2393 1894/1894
f 1246/1246 1894/1894 756/756
f 892/892 1502/1502 2394/2394
f 892/892 2394/2394 1889/1889
f 1502/1502 622/622 1363/1363
f 1502/1502 1363/1363 2394/2394
f 2394/2394 1363/1363 822/822
f 2394/2394 822/822 1891/1891
f 1889/1889 2394/2394 1891/1891
f 1889/1889 1891/1891 1066/1066
f 1066/1066 1891/1891 2395/2395
f 1066/1066 2395/2395 1892/1892
f 1891/1891 822/822 1364/1364
f 1891/1891 1364/1364 2395/2395
f 2395/2395 1364/1364 564/564
f 2395/2395 564/564 1262/1262
f 1892/1892 2395/2395 1262/1262
f 1892/1892 1262/1262 765/765
f 756/756 1894/1894 2396/2396
f 756/756 2396/2396 1245/1245
f 1894/1894 1067/1067 1893/1893
f 1894/1894 1893/1893 2396/2396
f 2396/2396 1893/1893 766/766
f 2396/2396 766/766 1261/1261
f 1245/1245 2396/2396 1261/1261
f 1245/1245 1261/1261 583/583
f 584/584 1280/1280 2397/2397
f 584/584 2397/2397 1271/1271
f 1280/1280 777/777 1895/1895
f 1280/1280 1895/1895 2397/2397
f 2397/2397 1895/1895 1068/1068
f 2397/2397 1068/1068 1898/1898
f 1271/1271 2397/2397 1898/1898
f 1271/1271 1898/1898 772/772
f 777/777 1279/1279 2398/2398
f 777/777 2398/2398 1895/1895
f 1279/1279 569/569 1371/1371
f 1279/1279 1371/1371 2398/2398
f 2398/2398 1371/1371 826/826
f 2398/2398 826/826 1896/1896
f 1895/1895 2398/2398 1896/1896
f 1895/1895 1896/1896 1068/1068
f 1068/1068 1896/1896 2399/2399
f 1068/1068 2399/2399 1897/1897
f 1896/1896 826/826 1372/1372
f 1896/1896 1372/1372 2399/2399
f 2399/2399 1372/1372 588/588
f 2399/2399 588/588 1291/1291
f 1897/1897 2399/2399 1291/1291
f 1897/1897 1291/1291 784/784
f 772/772 1898/1898 2400/2400
f 772/772 2400/2400 1272/1272
f 1898/1898 1068/1068 1897/1897
f 1898/1898 1897/1897 2400/2400
f 2400/2400 1897/1897 784/784
f 2400/2400 784/784 1292/1292
f 1272/1272 2400/2400 1292/1292
f 1272/1272 1292/1292 571/571
f 560/560 1300/1300 2401/2401
f 560/560 2401/2401 1304/1304
f 1300/1300 789/789 1899/1899
f 1300/1300 1899/1899 2401/2401
f 2401/2401 1899/1899 1069/1069
f 2401/2401 1069/1069 1904/1904
f 1304/1304 2401/2401 1904/1904
f 1304/1304 1904/1904 792/792
f 790/790 1299/1299 2402/2402
f 790/790 2402/2402 1900/1900
f 1299/1299 572/572 1267/1267
f 1299/1299 1267/1267 2402/2402
f 2402/2402 1267/1267 769/769
f 2402/2402 769/769 1901/1901
f 1900/1900 2402/2402 1901/1901
f 1900/1900 1901/1901 1070/1070
f 1070/1070 1901/1901 2403/2403
f 1070/1070 2403/2403 1903/1903
f 1901/1901 769/769 1268/1268
f 1901/1901 1268/1268 2403/2403
f 2403/2403 1268/1268 561/561
f 2403/2403 561/561 1294/1294
f 1903/1903 2403/2403 1294/1294
f 1903/1903 1294/1294 786/786
f 792/792 1904/1904 2404/2404
f 792/792 2404/2404 1303/1303
f 1904/1904 1069/1069 1902/1902
f 1904/1904 1902/1902 2404/2404
f 2404/2404 1902/1902 785/785
f 2404/2404 785/785 1293/1293
f 1303/1303 2404/2404 1293/1293
f 1303/1303 1293/1293 624/624
f 584/584 1271/1271 2405/2405
f 584/584 2405/2405 1289/1289
f 1271/1271 772/772 1905/1905
f 1271/1271 1905/1905 2405/2405
f 2405/2405 1905/1905 1071/1071
f 2405/2405 1071/1071 1908/1908
f 1289/1289 2405/2405 1908/1908
f 1289/1289 1908/1908 783/783
f 772/772 1272/1272 2406/2406
f 772/772 2406/2406 1905/1905
f 1272/1272 571/571 1479/1479
f 1272/1272 1479/1479 2406/2406
f 2406/2406 1479/1479 881/881
f 2406/2406 881/881 1906/1906
f 1905/1905 2406/2406 1906/1906
f 1905/1905 1906/1906 1071/1071
f 1071/1071 1906/1906 2407/2407
f 1071/1071 2407/2407 1907/1907
f 1906/1906 881/881 1480/1480
f 1906/1906 1480/1480 2407/2407
f 2407/2407 1480/1480 623/623
f 2407/2407 623/623 1504/1504
f 1907/1907 2407/2407 1504/1504
f 1907/1907 1504/1504 894/894
f 783/783 1908/1908 2408/2408
f 783/783 2408/2408 1290/1290
f 1908/1908 1071/1071 1907/1907
f 1908/1908 1907/1907 2408/2408
f 2408/2408 1907/1907 894/894
f 2408/2408 894/894 1503/1503
f 1290/1290 2408/2408 1503/1503
f 1290/1290 1503/1503 558/558
f 563/563 1475/1475 2409/2409
f 563/563 2409/2409 1270/1270
f 1475/1475 879/879 1909/1909
f 1475/1475 1909/1909 2409/2409
f 2409/2409 1909/1909 1072/1072
f 2409/2409 1072/1072 1913/1913
f 1270/1270 2409/2409 1913/1913
f 1270/1270 1913/1913 770/770
f 879/879 1476/1476 2410/2410
f 879/879 2410/2410 1909/1909
f 1476/1476 621/621 1243/1243
f 1476/1476 1243/1243 2410/2410
f 2410/2410 1243/1243 754/754
f 2410/2410 754/754 1910/1910
f 1909/1909 2410/2410 1910/1910
f 1909/1909 1910/1910 1072/1072
f 1073/1073 1911/1911 2411/2411
f 1073/1073 2411/2411 1912/1912
f 1911/1911 755/755 1244/1244
f 1911/1911 1244/1244 2411/2411
f 2411/2411 1244/1244 558/558
f 2411/2411 558/558 1357/1357
f 1912/1912 2411/2411 1357/1357
f 1912/1912 1357/1357 819/819
f 771/771 1914/1914 2412/2412
f 771/771 2412/2412 1269/1269
f 1914/1914 1073/1073 1912/1912
f 1914/1914 1912/1912 2412/2412
f 2412/2412 1912/1912 819/819
f 2412/2412 819/819 1358/1358
f 1269/1269 2412/2412 1358/1358
f 1269/1269 1358/1358 587/587
f 622/622 1298/1298 2413/2413
f 622/622 2413/2413 1257/1257
f 1298/1298 788/788 1915/1915
f 1298/1298 1915/1915 2413/2413
f 2413/2413 1915/1915 1074/1074
f 2413/2413 1074/1074 1918/1918
f 1257/1257 2413/2413 1918/1918
f 1257/1257 1918/1918 763/763
f 788/788 1297/1297 2414/2414
f 788/788 2414/2414 1915/1915
f 1297/1297 561/561 1499/1499
f 1297/1297 1499/1499 2414/2414
f 2414/2414 1499/1499 891/891
f 2414/2414 891/891 1916/1916
f 1915/1915 2414/2414 1916/1916
f 1915/1915 1916/1916 1074/1074
f 1074/1074 1916/1916 2415/2415
f 1074/1074 2415/2415 1917/1917
f 1916/1916 891/891 1500/1500
f 1916/1916 1500/1500 2415/2415
f 2415/2415 1500/1500 627/627
f 2415/2415 627/627 1307/1307
f 1917/1917 2415/2415 1307/1307
f 1917/1917 1307/1307 794/794
f 763/763 1918/1918 2416/2416
f 763/763 2416/2416 1258/1258
f 1918/1918 1074/1074 1917/1917
f 1918/1918 1917/1917 2416/2416
f 2416/2416 1917/1917 794/794
f 2416/2416 794/794 1308/1308
f 1258/1258 2416/2416 1308/1308
f 1258/1258 1308/1308 574/574
f 570/570 1373/1373 2417/2417
f 570/570 2417/2417 1264/1264
f 1373/1373 827/827 1919/1919
f 1373/1373 1919/1919 2417/2417
f 2417/2417 1919/1919 1075/1075
f 2417/2417 1075/1075 1924/1924
f 1264/1264 2417/2417 1924/1924
f 1264/1264 1924/1924 767/767
f 828/828 1374/1374 2418/2418
f 828/828 2418/2418 1920/1920
f 1374/1374 584/584 1289/1289
f 1374/1374 1289/1289 2418/2418
f 2418/2418 1289/1289 783/783
f 2418/2418 783/783 1921/1921
f 1920/1920 2418/2418 1921/1921
f 1920/1920 1921/1921 1076/1076
f 1076/1076 1921/1921 2419/2419
f 1076/1076 2419/2419 1923/1923
f 1921/1921 783/783 1290/1290
f 1921/1921 1290/1290 2419/2419
f 2419/2419 1290/1290 558/558
f 2419/2419 558/558 1244/1244
f 1923/1923 2419/2419 1244/1244
f 1923/1923 1244/1244 755/755
f 767/767 1924/1924 2420/2420
f 767/767 2420/2420 1263/1263
f 1924/1924 1075/1075 1922/1922
f 1924/1924 1922/1922 2420/2420
f 2420/2420 1922/1922 754/754
f 2420/2420 754/754 1243/1243
f 1263/1263 2420/2420 1243/1243
f 1263/1263 1243/1243 621/621
f 557/557 1355/1355 2421/2421
f 557/557 2421/2421 1256/1256
f 1355/1355 818/818 1925/1925
f 1355/1355 1925/1925 2421/2421
f 2421/2421 1925/1925 1078/1078
f 2421/2421 1078/1078 1930/1930
f 1256/1256 2421/2421 1930/1930
f 1256/1256 1930/1930 762/762
f 818/818 1356/1356 2422/2422
f 818/818 2422/2422 1925/1925
f 1356/1356 583/583 1261/1261
f 1356/1356 1261/1261 2422/2422
f 2422/2422 1261/1261 766/766
f 2422/2422 766/766 1927/1927
f 1925/1925 2422/2422 1927/1927
f 1925/1925 1927/1927 1078/1078
f 1077/1077 1926/1926 2423/2423
f 1077/1077 2423/2423 1928/1928
f 1926/1926 765/765 1262/1262
f 1926/1926 1262/1262 2423/2423
f 2423/2423 1262/1262 564/564
f 2423/2423 564/564 1483/1483
f 1928/1928 2423/2423 1483/1483
f 1928/1928 1483/1483 883/883
f 761/761 1929/1929 2424/2424
f 761/761 2424/2424 1254/1254
f 1929/1929 1077/1077 1928/1928
f 1929/1929 1928/1928 2424/2424
f 2424/2424 1928/1928 883/883
f 2424/2424 883/883 1484/1484
f 1254/1254 2424/2424 1484/1484
f 1254/1254 1484/1484 626/626
f 556/556 1255/1255 2425/2425
f 556/556 2425/2425 1278/1278
f 1255/1255 760/760 1931/1931
f 1255/1255 1931/1931 2425/2425
f 2425/2425 1931/1931 1079/1079
f 2425/2425 1079/1079 1934/1934
f 1278/1278 2425/2425 1934/1934
f 1278/1278 1934/1934 776/776
f 760/760 1253/1253 2426/2426
f 760/760 2426/2426 1931/1931
f 1253/1253 625/625 1477/1477
f 1253/1253 1477/1477 2426/2426
f 2426/2426 1477/1477 880/880
f 2426/2426 880/880 1932/1932
f 1931/1931 2426/2426 1932/1932
f 1931/1931 1932/1932 1079/1079
f 1079/1079 1932/1932 2427/2427
f 1079/1079 2427/2427 1933/1933
f 1932/1932 880/880 1478/1478
f 1932/1932 1478/1478 2427/2427
f 2427/2427 1478/1478 575/575
f 2427/2427 575/575 1281/1281
f 1933/1933 2427/2427 1281/1281
f 1933/1933 1281/1281 778/778
f 776/776 1934/1934 2428/2428
f 776/776 2428/2428 1277/1277
f 1934/1934 1079/1079 1933/1933
f 1934/1934 1933/1933 2428/2428
f 2428/2428 1933/1933 778/778
f 2428/2428 778/778 1283/1283
f 1277/1277 2428/2428 1283/1283
f 1277/1277 1283/1283 567/567
f 583/583 1368/1368 2429/2429
f 583/583 2429/2429 1245/1245
f 1368/1368 824/824 1935/1935
f 1368/1368 1935/1935 2429/2429
f 2429/2429 1935/1935 1080/1080
f 2429/2429 1080/1080 1938/1938
f 1245/1245 2429/2429 1938/1938
f 1245/1245 1938/1938 756/756
f 824/824 1367/1367 2430/2430
f 824/824 2430/2430 1935/1935
f 1367/1367 580/580 1203/1203
f 1367/1367 1203/1203 2430/2430
f 2430/2430 1203/1203 734/734
f 2430/2430 734/734 1936/1936
f 1935/1935 2430/2430 1936/1936
f 1935/1935 1936/1936 1080/1080
f 1080/1080 1936/1936 2431/2431
f 1080/1080 2431/2431 1937/1937
f 1936/1936 734/734 1205/1205
f 1936/1936 1205/1205 2431/2431
f 2431/2431 1205/1205 535/535
f 2431/2431 535/535 1313/1313
f 1937/1937 2431/2431 1313/1313
f 1937/1937 1313/1313 797/797
f 756/756 1938/1938 2432/2432
f 756/756 2432/2432 1246/1246
f 1938/1938 1080/1080 1937/1937
f 1938/1938 1937/1937 2432/2432
f 2432/2432 1937/1937 797/797
f 2432/2432 797/797 1314/1314
f 1246/1246 2432/2432 1314/1314
f 1246/1246 1314/1314 573/573
f 557/557 1310/1310 2433/2433
f 557/557 2433/2433 1355/1355
f 1310/1310 796/796 1939/1939
f 1310/1310 1939/1939 2433/2433
f 2433/2433 1939/1939 1081/1081
f 2433/2433 1081/1081 1942/1942
f 1355/1355 2433/2433 1942/1942
f 1355/1355 1942/1942 818/818
f 796/796 1312/1312 2434/2434
f 796/796 2434/2434 1939/1939
f 1312/1312 526/526 1349/1349
f 1312/1312 1349/1349 2434/2434
f 2434/2434 1349/1349 815/815
f 2434/2434 815/815 1940/1940
f 1939/1939 2434/2434 1940/1940
f 1939/1939 1940/1940 1081/1081
f 1081/1081 1940/1940 2435/2435
f 1081/1081 2435/2435 1941/1941
f 1940/1940 815/815 1350/1350
f 1940/1940 1350/1350 2435/2435
f 2435/2435 1350/1350 580/580
f 2435/2435 580/580 1367/1367
f 1941/1941 2435/2435 1367/1367
f 1941/1941 1367/1367 824/824
f 818/818 1942/1942 2436/2436
f 818/818 2436/2436 1356/1356
f 1942/1942 1081/1081 1941/1941
f 1942/1942 1941/1941 2436/2436
f 2436/2436 1941/1941 824/824
f 2436/2436 824/824 1368/1368
f 1356/1356 2436/2436 1368/1368
f 1356/1356 1368/1368 583/583
f 587/587 1370/1370 2437/2437
f 587/587 2437/2437 1305/1305
f 1370/1370 825/825 1943/1943
f 1370/1370 1943/1943 2437/2437
f 2437/2437 1943/1943 1082/1082
f 2437/2437 1082/1082 1946/1946
f 1305/1305 2437/2437 1946/1946
f 1305/1305 1946/1946 793/793
f 825/825 1369/1369 2438/2438
f 825/825 2438/2438 1943/1943
f 1369/1369 562/562 1301/1301
f 1369/1369 1301/1301 2438/2438
f 2438/2438 1301/1301 791/791
f 2438/2438 791/791 1944/1944
f 1943/1943 2438/2438 1944/1944
f 1943/1943 1944/1944 1082/1082
f 1082/1082 1944/1944 2439/2439
f 1082/1082 2439/2439 1945/1945
f 1944/1944 791/791 1302/1302
f 1944/1944 1302/1302 2439/2439
f 2439/2439 1302/1302 559/559
f 2439/2439 559/559 1265/1265
f 1945/1945 2439/2439 1265/1265
f 1945/1945 1265/1265 768/768
f 793/793 1946/1946 2440/2440
f 793/793 2440/2440 1306/1306
f 1946/1946 1082/1082 1945/1945
f 1946/1946 1945/1945 2440/2440
f 2440/2440 1945/1945 768/768
f 2440/2440 768/768 1266/1266
f 1306/1306 2440/2440 1266/1266
f 1306/1306 1266/1266 572/572
f 570/570 1361/1361 2441/2441
f 570/570 2441/2441 1373/1373
f 1361/1361 821/821 1947/1947
f 1361/1361 1947/1947 2441/2441
f 2441/2441 1947/1947 1083/1083
f 2441/2441 1083/1083 1951/1951
f 1373/1373 2441/2441 1951/1951
f 1373/1373 1951/1951 827/827
f 821/821 1362/1362 2442/2442
f 821/821 2442/2442 1947/1947
f 1362/1362 586/586 1275/1275
f 1362/1362 1275/1275 2442/2442
f 2442/2442 1275/1275 774/774
f 2442/2442 774/774 1948/1948
f 1947/1947 2442/2442 1948/1948
f 1947/1947 1948/1948 1083/1083
f 1084/1084 1949/1949 2443/2443
f 1084/1084 2443/2443 1950/1950
f 1949/1949 775/775 1276/1276
f 1949/1949 1276/1276 2443/2443
f 2443/2443 1276/1276 569/569
f 2443/2443 569/569 1279/1279
f 1950/1950 2443/2443 1279/1279
f 1950/1950 1279/1279 777/777
f 828/828 1952/1952 2444/2444
f 828/828 2444/2444 1374/1374
f 1952/1952 1084/1084 1950/1950
f 1952/1952 1950/1950 2444/2444
f 2444/2444 1950/1950 777/777
f 2444/2444 777/777 1280/1280
f 1374/1374 2444/2444 1280/1280
f 1374/1374 1280/1280 584/584
f 587/587 1358/1358 2445/2445
f 587/587 2445/2445 1370/1370
f 1358/1358 819/819 1953/1953
f 1358/1358 1953/1953 2445/2445
f 2445/2445 1953/1953 1085/1085
f 2445/2445 1085/1085 1956/1956
f 1370/1370 2445/2445 1956/1956
f 1370/1370 1956/1956 825/825
f 819/819 1357/1357 2446/2446
f 819/819 2446/2446 1953/1953
f 1357/1357 558/558 1503/1503
f 1357/1357 1503/1503 2446/2446
f 2446/2446 1503/1503 894/894
f 2446/2446 894/894 1954/1954
f 1953/1953 2446/2446 1954/1954
f 1953/1953 1954/1954 1085/1085
f 1085/1085 1954/1954 2447/2447
f 1085/1085 2447/2447 1955/1955
f 1954/1954 894/894 1504/1504
f 1954/1954 1504/1504 2447/2447
f 2447/2447 1504/1504 623/623
f 2447/2447 623/623 1273/1273
f 1955/1955 2447/2447 1273/1273
f 1955/1955 1273/1273 773/773
f 825/825 1956/1956 2448/2448
f 825/825 2448/2448 1369/1369
f 1956/1956 1085/1085 1955/1955
f 1956/1956 1955/1955 2448/2448
f 2448/2448 1955/1955 773/773
f 2448/2448 773/773 1274/1274
f 1369/1369 2448/2448 1274/1274
f 1369/1369 1274/1274 562/562
f 570/570 1340/1340 2449/2449
f 570/570 2449/2449 1361/1361
f 1340/1340 810/810 1957/1957
f 1340/1340 1957/1957 2449/2449
f 2449/2449 1957/1957 1086/1086
f 2449/2449 1086/1086 1960/1960
f 1361/1361 2449/2449 1960/1960
f 1361/1361 1960/1960 821/821
f 810/810 1339/1339 2450/2450
f 810/810 2450/2450 1957/1957
f 1339/1339 538/538 1345/1345
f 1339/1339 1345/1345 2450/2450
f 2450/2450 1345/1345 813/813
f 2450/2450 813/813 1958/1958
f 1957/1957 2450/2450 1958/1958
f 1957/1957 1958/1958 1086/1086
f 1086/1086 1958/1958 2451/2451
f 1086/1086 2451/2451 1959/1959
f 1958/1958 813/813 1347/1347
f 1958/1958 1347/1347 2451/2451
f 2451/2451 1347/1347 578/578
f 2451/2451 578/578 1377/1377
f 1959/1959 2451/2451 1377/1377
f 1959/1959 1377/1377 830/830
f 821/821 1960/1960 2452/2452
f 821/821 2452/2452 1362/1362
f 1960/1960 1086/1086 1959/1959
f 1960/1960 1959/1959 2452/2452
f 2452/2452 1959/1959 830/830
f 2452/2452 830/830 1378/1378
f 1362/1362 2452/2452 1378/1378
f 1362/1362 1378/1378 586/586
f 646/646 1324/1324 2453/2453
f 646/646 2453/2453 1201/1201
f 1324/1324 802/802 1961/1961
f 1324/1324 1961/1961 2453/2453
f 2453/2453 1961/1961 1087/1087
f 2453/2453 1087/1087 1964/1964
f 1201/1201 2453/2453 1964/1964
f 1201/1201 1964/1964 732/732
f 802/802 1323/1323 2454/2454
f 802/802 2454/2454 1961/1961
f 1323/1323 574/574 1308/1308
f 1323/1323 1308/1308 2454/2454
f 2454/2454 1308/1308 794/794
f 2454/2454 794/794 1962/1962
f 1961/1961 2454/2454 1962/1962
f 1961/1961 1962/1962 1087/1087
f 1087/1087 1962/1962 2455/2455
f 1087/1087 2455/2455 1963/1963
f 1962/1962 794/794 1307/1307
f 1962/1962 1307/1307 2455/2455
f 2455/2455 1307/1307 627/627
f 2455/2455 627/627 1519/1519
f 1963/1963 2455/2455 1519/1519
f 1963/1963 1519/1519 902/902
f 732/732 1964/1964 2456/2456
f 732/732 2456/2456 1199/1199
f 1964/1964 1087/1087 1963/1963
f 1964/1964 1963/1963 2456/2456
f 2456/2456 1963/1963 902/902
f 2456/2456 902/902 1520/1520
f 1199/1199 2456/2456 1520/1520
f 1199/1199 1520/1520 644/644
f 633/633 1322/1322 2457/2457
f 633/633 2457/2457 1177/1177
f 1322/1322 801/801 1965/1965
f 1322/1322 1965/1965 2457/2457
f 2457/2457 1965/1965 1088/1088
f 2457/2457 1088/1088 1968/1968
f 1177/1177 2457/2457 1968/1968
f 1177/1177 1968/1968 720/720
f 801/801 1320/1320 2458/2458
f 801/801 2458/2458 1965/1965
f 1320/1320 555/555 1260/1260
f 1320/1320 1260/1260 2458/2458
f 2458/2458 1260/1260 764/764
f 2458/2458 764/764 1966/1966
f 1965/1965 2458/2458 1966/1966
f 1965/1965 1966/1966 1088/1088
f 1088/1088 1966/1966 2459/2459
f 1088/1088 2459/2459 1967/1967
f 1966/1966 764/764 1259/1259
f 1966/1966 1259/1259 2459/2459
f 2459/2459 1259/1259 585/585
f 2459/2459 585/585 1379/1379
f 1967/1967 2459/2459 1379/1379
f 1967/1967 1379/1379 831/831
f 720/720 1968/1968 2460/2460
f 720/720 2460/2460 1175/1175
f 1968/1968 1088/1088 1967/1967
f 1968/1968 1967/1967 2460/2460
f 2460/2460 1967/1967 831/831
f 2460/2460 831/831 1380/1380
f 1175/1175 2460/2460 1380/1380
f 1175/1175 1380/1380 630/630
f 539/539 1214/1214 2461/2461
f 539/539 2461/2461 1346/1346
f 1214/1214 739/739 1969/1969
f 1214/1214 1969/1969 2461/2461
f 2461/2461 1969/1969 1089/1089
f 2461/2461 1089/1089 1972/1972
f 1346/1346 2461/2461 1972/1972
f 1346/1346 1972/1972 814/814
f 739/739 1213/1213 2462/2462
f 739/739 2462/2462 1969/1969
f 1213/1213 536/536 1206/1206
f 1213/1213 1206/1206 2462/2462
f 2462/2462 1206/1206 735/735
f 2462/2462 735/735 1970/1970
f 1969/1969 2462/2462 1970/1970
f 1969/1969 1970/1970 1089/1089
f 1089/1089 1970/1970 2463/2463
f 1089/1089 2463/2463 1971/1971
f 1970/1970 735/735 1204/1204
f 1970/1970 1204/1204 2463/2463
f 2463/2463 1204/1204 581/581
f 2463/2463 581/581 1383/1383
f 1971/1971 2463/2463 1383/1383
f 1971/1971 1383/1383 833/833
f 814/814 1972/1972 2464/2464
f 814/814 2464/2464 1348/1348
f 1972/1972 1089/1089 1971/1971
f 1972/1972 1971/1971 2464/2464
f 2464/2464 1971/1971 833/833
f 2464/2464 833/833 1384/1384
f 1348/1348 2464/2464 1384/1384
f 1348/1348 1384/1384 579/579
f 675/675 1216/1216 2465/2465
f 675/675 2465/2465 1637/1637
f 1216/1216 740/740 1973/1973
f 1216/1216 1973/1973 2465/2465
f 2465/2465 1973/1973 1090/1090
f 2465/2465 1090/1090 1976/1976
f 1637/1637 2465/2465 1976/1976
f 1637/1637 1976/1976 961/961
f 740/740 1215/1215 2466/2466
f 740/740 2466/2466 1973/1973
f 1215/1215 677/677 1636/1636
f 1215/1215 1636/1636 2466/2466
f 2466/2466 1636/1636 960/960
f 2466/2466 960/960 1974/1974
f 1973/1973 2466/2466 1974/1974
f 1973/1973 1974/1974 1090/1090
f 1090/1090 1974/1974 2467/2467
f 1090/1090 2467/2467 1975/1975
f 1974/1974 960/960 1635/1635
f 1974/1974 1635/1635 2467/2467
f 2467/2467 1635/1635 676/676
f 2467/2467 676/676 1385/1385
f 1975/1975 2467/2467 1385/1385
f 1975/1975 1385/1385 834/834
f 961/961 1976/1976 2468/2468
f 961/961 2468/2468 1638/1638
f 1976/1976 1090/1090 1975/1975
f 1976/1976 1975/1975 2468/2468
f 2468/2468 1975/1975 834/834
f 2468/2468 834/834 1386/1386
f 1638/1638 2468/2468 1386/1386
f 1638/1638 1386/1386 668/668
f 616/616 1466/1466 2469/2469
f 616/616 2469/2469 1493/1493
f 1466/1466 874/874 1977/1977
f 1466/1466 1977/1977 2469/2469
f 2469/2469 1977/1977 1091/1091
f 2469/2469 1091/1091 1980/1980
f 1493/1493 2469/2469 1980/1980
f 1493/1493 1980/1980 888/888
f 874/874 1465/1465 2470/2470
f 874/874 2470/2470 1977/1977
f 1465/1465 533/533 1242/1242
f 1465/1465 1242/1242 2470/2470
f 2470/2470 1242/1242 753/753
f 2470/2470 753/753 1978/1978
f 1977/1977 2470/2470 1978/1978
f 1977/1977 1978/1978 1091/1091
f 1091/1091 1978/1978 2471/2471
f 1091/1091 2471/2471 1979/1979
f 1978/1978 753/753 1241/1241
f 1978/1978 1241/1241 2471/2471
f 2471/2471 1241/1241 596/596
f 2471/2471 596/596 1487/1487
f 1979/1979 2471/2471 1487/1487
f 1979/1979 1487/1487 885/885
f 888/888 1980/1980 2472/2472
f 888/888 2472/2472 1494/1494
f 1980/1980 1091/1091 1979/1979
f 1980/1980 1979/1979 2472/2472
f 2472/2472 1979/1979 885/885
f 2472/2472 885/885 1488/1488
f 1494/1494 2472/2472 1488/1488
f 1494/1494 1488/1488 628/628
f 533/533 1186/1186 2473/2473
f 533/533 2473/2473 1242/1242
f 1186/1186 725/725 1981/1981
f 1186/1186 1981/1981 2473/2473
f 2473/2473 1981/1981 1092/1092
f 2473/2473 1092/1092 1984/1984
f 1242/1242 2473/2473 1984/1984
f 1242/1242 1984/1984 753/753
f 725/725 1185/1185 2474/2474
f 725/725 2474/2474 1981/1981
f 1185/1185 528/528 1240/1240
f 1185/1185 1240/1240 2474/2474
f 2474/2474 1240/1240 752/752
f 2474/2474 752/752 1982/1982
f 1981/1981 2474/2474 1982/1982
f 1981/1981 1982/1982 1092/1092
f 1092/1092 1982/1982 2475/2475
f 1092/1092 2475/2475 1983/1983
f 1982/1982 752/752 1239/1239
f 1982/1982 1239/1239 2475/2475
f 2475/2475 1239/1239 595/595
f 2475/2475 595/595 1401/1401
f 1983/1983 2475/2475 1401/1401
f 1983/1983 1401/1401 842/842
f 753/753 1984/1984 2476/2476
f 753/753 2476/2476 1241/1241
f 1984/1984 1092/1092 1983/1983
f 1984/1984 1983/1983 2476/2476
f 2476/2476 1983/1983 842/842
f 2476/2476 842/842 1402/1402
f 1241/1241 2476/2476 1402/1402
f 1241/1241 1402/1402 596/596
f 613/613 1456/1456 2477/2477
f 613/613 2477/2477 1491/1491
f 1456/1456 869/869 1985/1985
f 1456/1456 1985/1985 2477/2477
f 2477/2477 1985/1985 1093/1093
f 2477/2477 1093/1093 1988/1988
f 1491/1491 2477/2477 1988/1988
f 1491/1491 1988/1988 887/887
f 869/869 1455/1455 2478/2478
f 869/869 2478/2478 1985/1985
f 1455/1455 535/535 1237/1237
f 1455/1455 1237/1237 2478/2478
f 2478/2478 1237/1237 750/750
f 2478/2478 750/750 1986/1986
f 1985/1985 2478/2478 1986/1986
f 1985/1985 1986/1986 1093/1093
f 1093/1093 1986/1986 2479/2479
f 1093/1093 2479/2479 1987/1987
f 1986/1986 750/750 1235/1235
f 1986/1986 1235/1235 2479/2479
f 2479/2479 1235/1235 592/592
f 2479/2479 592/592 1489/1489
f 1987/1987 2479/2479 1489/1489
f 1987/1987 1489/1489 886/886
f 887/887 1988/1988 2480/2480
f 887/887 2480/2480 1492/1492
f 1988/1988 1093/1093 1987/1987
f 1988/1988 1987/1987 2480/2480
f 2480/2480 1987/1987 886/886
f 2480/2480 886/886 1490/1490
f 1492/1492 2480/2480 1490/1490
f 1492/1492 1490/1490 629/629
f 536/536 1213/1213 2481/2481
f 536/536 2481/2481 1238/1238
f 1213/1213 739/739 1989/1989
f 1213/1213 1989/1989 2481/2481
f 2481/2481 1989/1989 1094/1094
f 2481/2481 1094/1094 1992/1992
f 1238/1238 2481/2481 1992/1992
f 1238/1238 1992/1992 751/751
f 739/739 1214/1214 2482/2482
f 739/739 2482/2482 1989/1989
f 1214/1214 539/539 1388/1388
f 1214/1214 1388/1388 2482/2482
f 2482/2482 1388/1388 836/836
f 2482/2482 836/836 1990/1990
f 1989/1989 2482/2482 1990/1990
f 1989/1989 1990/1990 1094/1094
f 1094/1094 1990/1990 2483/2483
f 1094/1094 2483/2483 1991/1991
f 1990/1990 836/836 1390/1390
f 1990/1990 1390/1390 2483/2483
f 2483/2483 1390/1390 591/591
f 2483/2483 591/591 1405/1405
f 1991/1991 2483/2483 1405/1405
f 1991/1991 1405/1405 844/844
f 751/751 1992/1992 2484/2484
f 751/751 2484/2484 1236/1236
f 1992/1992 1094/1094 1991/1991
f 1992/1992 1991/1991 2484/2484
f 2484/2484 1991/1991 844/844
f 2484/2484 844/844 1406/1406
f 1236/1236 2484/2484 1406/1406
f 1236/1236 1406/1406 594/594
f 705/705 1775/1775 2485/2485
f 705/705 2485/2485 1759/1759
f 1775/1775 1029/1029 1993/1993
f 1775/1775 1993/1993 2485/2485
f 2485/2485 1993/1993 1095/1095
f 2485/2485 1095/1095 1996/1996
f 1759/1759 2485/2485 1996/1996
f 1759/1759 1996/1996 1021/1021
f 1029/1029 1773/1773 2486/2486
f 1029/1029 2486/2486 1993/1993
f 1773/1773 702/702 1415/1415
f 1773/1773 1415/1415 2486/2486
f 2486/2486 1415/1415 849/849
f 2486/2486 849/849 1994/1994
f 1993/1993 2486/2486 1994/1994
f 1993/1993 1994/1994 1095/1095
f 1095/1095 1994/1994 2487/2487
f 1095/1095 2487/2487 1995/1995
f 1994/1994 849/849 1417/1417
f 1994/1994 1417/1417 2487/2487
f 2487/2487 1417/1417 601/601
f 2487/2487 601/601 1413/1413
f 1995/1995 2487/2487 1413/1413
f 1995/1995 1413/1413 848/848
f 1021/1021 1996/1996 2488/2488
f 1021/1021 2488/2488 1757/1757
f 1996/1996 1095/1095 1995/1995
f 1996/1996 1995/1995 2488/2488
f 2488/2488 1995/1995 848/848
f 2488/2488 848/848 1414/1414
f 1757/1757 2488/2488 1414/1414
f 1757/1757 1414/1414 603/603
f 709/709 1424/1424 2489/2489
f 709/709 2489/2489 1771/1771
f 1424/1424 854/854 1997/1997
f 1424/1424 1997/1997 2489/2489
f 2489/2489 1997/1997 1096/1096
f 2489/2489 1096/1096 2000/2000
f 1771/1771 2489/2489 2000/2000
f 1771/1771 2000/2000 1028/1028
f 854/854 1426/1426 2490/2490
f 854/854 2490/2490 1997/1997
f 1426/1426 600/600 1410/1410
f 1426/1426 1410/1410 2490/2490
f 2490/2490 1410/1410 846/846
f 2490/2490 846/846 1998/1998
f 1997/1997 2490/2490 1998/1998
f 1997/1997 1998/1998 1096/1096
f 1096/1096 1998/1998 2491/2491
f 1096/1096 2491/2491 1999/1999
f 1998/1998 846/846 1409/1409
f 1998/1998 1409/1409 2491/2491
f 2491/2491 1409/1409 602/602
f 2491/2491 602/602 1418/1418
f 1999/1999 2491/2491 1418/1418
f 1999/1999 1418/1418 850/850
f 1028/1028 2000/2000 2492/2492
f 1028/1028 2492/2492 1772/1772
f 2000/2000 1096/1096 1999/1999
f 2000/2000 1999/1999 2492/2492
f 2492/2492 1999/1999 850/850
f 2492/2492 850/850 1416/1416
f 1772/1772 2492/2492 1416/1416
f 1772/1772 1416/1416 703/703
f 691/691 1728/1728 2493/2493
f 691/691 2493/2493 1716/1716
f 1728/1728 1006/1006 2001/2001
f 1728/1728 2001/2001 2493/2493
f 2493/2493 2001/2001 1097/1097
f 2493/2493 1097/1097 2004/2004
f 1716/1716 2493/2493 2004/2004
f 1716/1716 2004/2004 1000/1000
f 1006/1006 1727/1727 2494/2494
f 1006/1006 2494/2494 2001/2001
f 1727/1727 686/686 1439/1439
f 1727/1727 1439/1439 2494/2494
f 2494/2494 1439/1439 861/861
f 2494/2494 861/861 2002/2002
f 2001/2001 2494/2494 2002/2002
f 2001/2001 2002/2002 1097/1097
f 1097/1097 2002/2002 2495/2495
f 1097/1097 2495/2495 2003/2003
f 2002/2002 861/861 1441/1441
f 2002/2002 1441/1441 2495/2495
f 2495/2495 1441/1441 611/611
f 2495/2495 611/611 1436/1436
f 2003/2003 2495/2495 1436/1436
f 2003/2003 1436/1436 859/859
f 1000/1000 2004/2004 2496/2496
f 1000/1000 2496/2496 1714/1714
f 2004/2004 1097/1097 2003/2003
f 2004/2004 2003/2003 2496/2496
f 2496/2496 2003/2003 859/859
f 2496/2496 859/859 1435/1435
f 1714/1714 2496/2496 1435/1435
f 1714/1714 1435/1435 606/606
f 715/715 1802/1802 2497/2497
f 715/715 2497/2497 1694/1694
f 1802/1802 1043/1043 2005/2005
f 1802/1802 2005/2005 2497/2497
f 2497/2497 2005/2005 1098/1098
f 2497/2497 1098/1098 2008/2008
f 1694/1694 2497/2497 2008/2008
f 1694/1694 2008/2008 990/990
f 1043/1043 1801/1801 2498/2498
f 1043/1043 2498/2498 2005/2005
f 1801/1801 716/716 1697/1697
f 1801/1801 1697/1697 2498/2498
f 2498/2498 1697/1697 991/991
f 2498/2498 991/991 2006/2006
f 2005/2005 2498/2498 2006/2006
f 2005/2005 2006/2006 1098/1098
f 1098/1098 2006/2006 2499/2499
f 1098/1098 2499/2499 2007/2007
f 2006/2006 991/991 1699/1699
f 2006/2006 1699/1699 2499/2499
f 2499/2499 1699/1699 580/580
f 2499/2499 580/580 1350/1350
f 2007/2007 2499/2499 1350/1350
f 2007/2007 1350/1350 815/815
f 990/990 2008/2008 2500/2500
f 990/990 2500/2500 1696/1696
f 2008/2008 1098/1098 2007/2007
f 2008/2008 2007/2007 2500/2500
f 2500/2500 2007/2007 815/815
f 2500/2500 815/815 1349/1349
f 1696/1696 2500/2500 1349/1349
f 1696/1696 1349/1349 526/526
f 692/692 1726/1726 2501/2501
f 692/692 2501/2501 1719/1719
f 1726/1726 1005/1005 2009/2009
f 1726/1726 2009/2009 2501/2501
f 2501/2501 2009/2009 1099/1099
f 2501/2501 1099/1099 2012/2012
f 1719/1719 2501/2501 2012/2012
f 1719/1719 2012/2012 1001/1001
f 1005/1005 1725/1725 2502/2502
f 1005/1005 2502/2502 2009/2009
f 1725/1725 690/690 1715/1715
f 1725/1725 1715/1715 2502/2502
f 2502/2502 1715/1715 999/999
f 2502/2502 999/999 2010/2010
f 2009/2009 2502/2502 2010/2010
f 2009/2009 2010/2010 1099/1099
f 1099/1099 2010/2010 2503/2503
f 1099/1099 2503/2503 2011/2011
f 2010/2010 999/999 1713/1713
f 2010/2010 1713/1713 2503/2503
f 2503/2503 1713/1713 605/605
f 2503/2503 605/605 1431/1431
f 2011/2011 2503/2503 1431/1431
f 2011/2011 1431/1431 857/857
f 1001/1001 2012/2012 2504/2504
f 1001/1001 2504/2504 1717/1717
f 2012/2012 1099/1099 2011/2011
f 2012/2012 2011/2011 2504/2504
f 2504/2504 2011/2011 857/857
f 2504/2504 857/857 1432/1432
f 1717/1717 2504/2504 1432/1432
f 1717/1717 1432/1432 607/607
f 687/687 1724/1724 2505/2505
f 687/687 2505/2505 1440/1440
f 1724/1724 1004/1004 2013/2013
f 1724/1724 2013/2013 2505/2505
f 2505/2505 2013/2013 1100/1100
f 2505/2505 1100/1100 2016/2016
f 1440/1440 2505/2505 2016/2016
f 1440/1440 2016/2016 862/862
f 1004/1004 1723/1723 2506/2506
f 1004/1004 2506/2506 2013/2013
f 1723/1723 689/689 1452/1452
f 1723/1723 1452/1452 2506/2506
f 2506/2506 1452/1452 868/868
f 2506/2506 868/868 2014/2014
f 2013/2013 2506/2506 2014/2014
f 2013/2013 2014/2014 1100/1100
f 1100/1100 2014/2014 2507/2507
f 1100/1100 2507/2507 2015/2015
f 2014/2014 868/868 1454/1454
f 2014/2014 1454/1454 2507/2507
f 2507/2507 1454/1454 610/610
f 2507/2507 610/610 1437/1437
f 2015/2015 2507/2507 1437/1437
f 2015/2015 1437/1437 860/860
f 862/862 2016/2016 2508/2508
f 862/862 2508/2508 1442/1442
f 2016/2016 1100/1100 2015/2015
f 2016/2016 2015/2015 2508/2508
f 2508/2508 2015/2015 860/860
f 2508/2508 860/860 1438/1438
f 1442/1442 2508/2508 1438/1438
f 1442/1442 1438/1438 612/612
f 688/688 1722/1722 2509/2509
f 688/688 2509/2509 1451/1451
f 1722/1722 1003/1003 2017/2017
f 1722/1722 2017/2017 2509/2509
f 2509/2509 2017/2017 1101/1101
f 2509/2509 1101/1101 2020/2020
f 1451/1451 2509/2509 2020/2020
f 1451/1451 2020/2020 867/867
f 1003/1003 1721/1721 2510/2510
f 1003/1003 2510/2510 2017/2017
f 1721/1721 693/693 1720/1720
f 1721/1721 1720/1720 2510/2510
f 2510/2510 1720/1720 1002/1002
f 2510/2510 1002/1002 2018/2018
f 2017/2017 2510/2510 2018/2018
f 2017/2017 2018/2018 1101/1101
f 1101/1101 2018/2018 2511/2511
f 1101/1101 2511/2511 2019/2019
f 2018/2018 1002/1002 1718/1718
f 2018/2018 1718/1718 2511/2511
f 2511/2511 1718/1718 608/608
f 2511/2511 608/608 1434/1434
f 2019/2019 2511/2511 1434/1434
f 2019/2019 1434/1434 858/858
f 867/867 2020/2020 2512/2512
f 867/867 2512/2512 1453/1453
f 2020/2020 1101/1101 2019/2019
f 2020/2020 2019/2019 2512/2512
f 2512/2512 2019/2019 858/858
f 2512/2512 858/858 1433/1433
f 1453/1453 2512/2512 1433/1433
f 1453/1453 1433/1433 609/609
f 712/712 1800/1800 2513/2513
f 712/712 2513/2513 1781/1781
f 1800/1800 1042/1042 2021/2021
f 1800/1800 2021/2021 2513/2513
f 2513/2513 2021/2021 1102/1102
f 2513/2513 1102/1102 2024/2024
f 1781/1781 2513/2513 2024/2024
f 1781/1781 2024/2024 1032/1032
f 1042/1042 1799/1799 2514/2514
f 1042/1042 2514/2514 2021/2021
f 1799/1799 714/714 1693/1693
f 1799/1799 1693/1693 2514/2514
f 2514/2514 1693/1693 989/989
f 2514/2514 989/989 2022/2022
f 2021/2021 2514/2514 2022/2022
f 2021/2021 2022/2022 1102/1102
f 1102/1102 2022/2022 2515/2515
f 1102/1102 2515/2515 2023/2023
f 2022/2022 989/989 1695/1695
f 2022/2022 1695/1695 2515/2515
f 2515/2515 1695/1695 525/525
f 2515/2515 525/525 1198/1198
f 2023/2023 2515/2515 1198/1198
f 2023/2023 1198/1198 731/731
f 1032/1032 2024/2024 2516/2516
f 1032/1032 2516/2516 1779/1779
f 2024/2024 1102/1102 2023/2023
f 2024/2024 2023/2023 2516/2516
f 2516/2516 2023/2023 731/731
f 2516/2516 731/731 1197/1197
f 1779/1779 2516/2516 1197/1197
f 1779/1779 1197/1197 530/530
f 717/717 1798/1798 2517/2517
f 717/717 2517/2517 1698/1698
f 1798/1798 1041/1041 2025/2025
f 1798/1798 2025/2025 2517/2517
f 2517/2517 2025/2025 1103/1103
f 2517/2517 1103/1103 2028/2028
f 1698/1698 2517/2517 2028/2028
f 1698/1698 2028/2028 992/992
f 1041/1041 1797/1797 2518/2518
f 1041/1041 2518/2518 2025/2025
f 1797/1797 719/719 1702/1702
f 1797/1797 1702/1702 2518/2518
f 2518/2518 1702/1702 994/994
f 2518/2518 994/994 2026/2026
f 2025/2025 2518/2518 2026/2026
f 2025/2025 2026/2026 1103/1103
f 1103/1103 2026/2026 2519/2519
f 1103/1103 2519/2519 2027/2027
f 2026/2026 994/994 1704/1704
f 2026/2026 1704/1704 2519/2519
f 2519/2519 1704/1704 579/579
f 2519/2519 579/579 1384/1384
f 2027/2027 2519/2519 1384/1384
f 2027/2027 1384/1384 833/833
f 992/992 2028/2028 2520/2520
f 992/992 2520/2520 1700/1700
f 2028/2028 1103/1103 2027/2027
f 2028/2028 2027/2027 2520/2520
f 2520/2520 2027/2027 833/833
f 2520/2520 833/833 1383/1383
f 1700/1700 2520/2520 1383/1383
f 1700/1700 1383/1383 581/581
f 710/710 1767/1767 2521/2521
f 710/710 2521/2521 1769/1769
f 1767/1767 1025/1025 2029/2029
f 1767/1767 2029/2029 2521/2521
f 2521/2521 2029/2029 1104/1104
f 2521/2521 1104/1104 2032/2032
f 1769/1769 2521/2521 2032/2032
f 1769/1769 2032/2032 1027/1027
f 1025/1025 1765/1765 2522/2522
f 1025/1025 2522/2522 2029/2029
f 1765/1765 597/597 1407/1407
f 1765/1765 1407/1407 2522/2522
f 2522/2522 1407/1407 845/845
f 2522/2522 845/845 2030/2030
f 2029/2029 2522/2522 2030/2030
f 2029/2029 2030/2030 1104/1104
f 1104/1104 2030/2030 2523/2523
f 1104/1104 2523/2523 2031/2031
f 2030/2030 845/845 1408/1408
f 2030/2030 1408/1408 2523/2523
f 2523/2523 1408/1408 599/599
f 2523/2523 599/599 1425/1425
f 2031/2031 2523/2523 1425/1425
f 2031/2031 1425/1425 853/853
f 1027/1027 2032/2032 2524/2524
f 1027/1027 2524/2524 1770/1770
f 2032/2032 1104/1104 2031/2031
f 2032/2032 2031/2031 2524/2524
f 2524/2524 2031/2031 853/853
f 2524/2524 853/853 1423/1423
f 1770/1770 2524/2524 1423/1423
f 1770/1770 1423/1423 708/708
f 528/528 1180/1180 2525/2525
f 528/528 2525/2525 1240/1240
f 1180/1180 722/722 2033/2033
f 1180/1180 2033/2033 2525/2525
f 2525/2525 2033/2033 1105/1105
f 2525/2525 1105/1105 2036/2036
f 1240/1240 2525/2525 2036/2036
f 1240/1240 2036/2036 752/752
f 722/722 1179/1179 2526/2526
f 722/722 2526/2526 2033/2033
f 1179/1179 613/613 1491/1491
f 1179/1179 1491/1491 2526/2526
f 2526/2526 1491/1491 887/887
f 2526/2526 887/887 2034/2034
f 2033/2033 2526/2526 2034/2034
f 2033/2033 2034/2034 1105/1105
f 1105/1105 2034/2034 2527/2527
f 1105/1105 2527/2527 2035/2035
f 2034/2034 887/887 1492/1492
f 2034/2034 1492/1492 2527/2527
f 2527/2527 1492/1492 629/629
f 2527/2527 629/629 1403/1403
f 2035/2035 2527/2527 1403/1403
f 2035/2035 1403/1403 843/843
f 752/752 2036/2036 2528/2528
f 752/752 2528/2528 1239/1239
f 2036/2036 1105/1105 2035/2035
f 2036/2036 2035/2035 2528/2528
f 2528/2528 2035/2035 843/843
f 2528/2528 843/843 1404/1404
f 1239/1239 2528/2528 1404/1404
f 1239/1239 1404/1404 595/595
f 538/538 1212/1212 2529/2529
f 538/538 2529/2529 1387/1387
f 1212/1212 738/738 2037/2037
f 1212/1212 2037/2037 2529/2529
f 2529/2529 2037/2037 1106/1106
f 2529/2529 1106/1106 2040/2040
f 1387/1387 2529/2529 2040/2040
f 1387/1387 2040/2040 835/835
f 738/738 1211/1211 2530/2530
f 738/738 2530/2530 2037/2037
f 1211/1211 616/616 1493/1493
f 1211/1211 1493/1493 2530/2530
f 2530/2530 1493/1493 888/888
f 2530/2530 888/888 2038/2038
f 2037/2037 2530/2530 2038/2038
f 2037/2037 2038/2038 1106/1106
f 1106/1106 2038/2038 2531/2531
f 1106/1106 2531/2531 2039/2039
f 2038/2038 888/888 1494/1494
f 2038/2038 1494/1494 2531/2531
f 2531/2531 1494/1494 628/628
f 2531/2531 628/628 1399/1399
f 2039/2039 2531/2531 1399/1399
f 2039/2039 1399/1399 841/841
f 835/835 2040/2040 2532/2532
f 835/835 2532/2532 1389/1389
f 2040/2040 1106/1106 2039/2039
f 2040/2040 2039/2039 2532/2532
f 2532/2532 2039/2039 841/841
f 2532/2532 841/841 1400/1400
f 1389/1389 2532/2532 1400/1400
f 1389/1389 1400/1400 589/589
f 622/622 1257/1257 2533/2533
f 622/622 2533/2533 1363/1363
f 1257/1257 763/763 2041/2041
f 1257/1257 2041/2041 2533/2533
f 2533/2533 2041/2041 1107/1107
f 2533/2533 1107/1107 2044/2044
f 1363/1363 2533/2533 2044/2044
f 1363/1363 2044/2044 822/822
f 763/763 1258/1258 2534/2534
f 763/763 2534/2534 2041/2041
f 1258/1258 574/574 1359/1359
f 1258/1258 1359/1359 2534/2534
f 2534/2534 1359/1359 820/820
f 2534/2534 820/820 2042/2042
f 2041/2041 2534/2534 2042/2042
f 2041/2041 2042/2042 1107/1107
f 1107/1107 2042/2042 2535/2535
f 1107/1107 2535/2535 2043/2043
f 2042/2042 820/820 1360/1360
f 2042/2042 1360/1360 2535/2535
f 2535/2535 1360/1360 585/585
f 2535/2535 585/585 1376/1376
f 2043/2043 2535/2535 1376/1376
f 2043/2043 1376/1376 829/829
f 822/822 2044/2044 2536/2536
f 822/822 2536/2536 1364/1364
f 2044/2044 1107/1107 2043/2043
f 2044/2044 2043/2043 2536/2536
f 2536/2536 2043/2043 829/829
f 2536/2536 829/829 1375/1375
f 1364/1364 2536/2536 1375/1375
f 1364/1364 1375/1375 564/564
f 573/573 1481/1481 2537/2537
f 573/573 2537/2537 1501/1501
f 1481/1481 882/882 2045/2045
f 1481/1481 2045/2045 2537/2537
f 2537/2537 2045/2045 1108/1108
f 2537/2537 1108/1108 2050/2050
f 1501/1501 2537/2537 2050/2050
f 1501/1501 2050/2050 893/893
f 882/882 1482/1482 2538/2538
f 882/882 2538/2538 2045/2045
f 1482/1482 624/624 1293/1293
f 1482/1482 1293/1293 2538/2538
f 2538/2538 1293/1293 785/785
f 2538/2538 785/785 2046/2046
f 2045/2045 2538/2538 2046/2046
f 2045/2045 2046/2046 1108/1108
f 1109/1109 2047/2047 2539/2539
f 1109/1109 2539/2539 2048/2048
f 2047/2047 786/786 1294/1294
f 2047/2047 1294/1294 2539/2539
f 2539/2539 1294/1294 561/561
f 2539/2539 561/561 1297/1297
f 2048/2048 2539/2539 1297/1297
f 2048/2048 1297/1297 788/788
f 892/892 2049/2049 2540/2540
f 892/892 2540/2540 1502/1502
f 2049/2049 1109/1109 2048/2048
f 2049/2049 2048/2048 2540/2540
f 2540/2540 2048/2048 788/788
f 2540/2540 788/788 1298/1298
f 1502/1502 2540/2540 1298/1298
f 1502/1502 1298/1298 622/622
f 625/625 1497/1497 2541/2541
f 625/625 2541/2541 1477/1477
f 1497/1497 889/889 2051/2051
f 1497/1497 2051/2051 2541/2541
f 2541/2541 2051/2051 1110/1110
f 2541/2541 1110/1110 2054/2054
f 1477/1477 2541/2541 2054/2054
f 1477/1477 2054/2054 880/880
f 889/889 1495/1495 2542/2542
f 889/889 2542/2542 2051/2051
f 1495/1495 554/554 1285/1285
f 1495/1495 1285/1285 2542/2542
f 2542/2542 1285/1285 781/781
f 2542/2542 781/781 2052/2052
f 2051/2051 2542/2542 2052/2052
f 2051/2051 2052/2052 1110/1110
f 1110/1110 2052/2052 2543/2543
f 1110/1110 2543/2543 2053/2053
f 2052/2052 781/781 1286/1286
f 2052/2052 1286/1286 2543/2543
f 2543/2543 1286/1286 565/565
f 2543/2543 565/565 1247/1247
f 2053/2053 2543/2543 1247/1247
f 2053/2053 1247/1247 757/757
f 880/880 2054/2054 2544/2544
f 880/880 2544/2544 1478/1478
f 2054/2054 1110/1110 2053/2053
f 2054/2054 2053/2053 2544/2544
f 2544/2544 2053/2053 757/757
f 2544/2544 757/757 1249/1249
f 1478/1478 2544/2544 1249/1249
f 1478/1478 1249/1249 575/575
f 568/568 1284/1284 2545/2545
f 568/568 2545/2545 1288/1288
f 1284/1284 779/779 2055/2055
f 1284/1284 2055/2055 2545/2545
f 2545/2545 2055/2055 1111/1111
f 2545/2545 1111/1111 2060/2060
f 1288/1288 2545/2545 2060/2060
f 1288/1288 2060/2060 782/782
f 780/780 1282/1282 2546/2546
f 780/780 2546/2546 2056/2056
f 1282/1282 576/576 1251/1251
f 1282/1282 1251/1251 2546/2546
f 2546/2546 1251/1251 759/759
f 2546/2546 759/759 2057/2057
f 2056/2056 2546/2546 2057/2057
f 2056/2056 2057/2057 1112/1112
f 1112/1112 2057/2057 2547/2547
f 1112/1112 2547/2547 2059/2059
f 2057/2057 759/759 1252/1252
f 2057/2057 1252/1252 2547/2547
f 2547/2547 1252/1252 569/569
f 2547/2547 569/569 1276/1276
f 2059/2059 2547/2547 1276/1276
f 2059/2059 1276/1276 775/775
f 782/782 2060/2060 2548/2548
f 782/782 2548/2548 1287/1287
f 2060/2060 1111/1111 2058/2058
f 2060/2060 2058/2058 2548/2548
f 2548/2548 2058/2058 774/774
f 2548/2548 774/774 1275/1275
f 1287/1287 2548/2548 1275/1275
f 1287/1287 1275/1275 586/586
f 573/573 1314/1314 2549/2549
f 573/573 2549/2549 1481/1481
f 1314/1314 797/797 2061/2061
f 1314/1314 2061/2061 2549/2549
f 2549/2549 2061/2061 1113/1113
f 2549/2549 1113/1113 2064/2064
f 1481/1481 2549/2549 2064/2064
f 1481/1481 2064/2064 882/882
f 797/797 1313/1313 2550/2550
f 797/797 2550/2550 2061/2061
f 1313/1313 535/535 1455/1455
f 1313/1313 1455/1455 2550/2550
f 2550/2550 1455/1455 869/869
f 2550/2550 869/869 2062/2062
f 2061/2061 2550/2550 2062/2062
f 2061/2061 2062/2062 1113/1113
f 1113/1113 2062/2062 2551/2551
f 1113/1113 2551/2551 2063/2063
f 2062/2062 869/869 1456/1456
f 2062/2062 1456/1456 2551/2551
f 2551/2551 1456/1456 613/613
f 2551/2551 613/613 1505/1505
f 2063/2063 2551/2551 1505/1505
f 2063/2063 1505/1505 895/895
f 882/882 2064/2064 2552/2552
f 882/882 2552/2552 1482/1482
f 2064/2064 1113/1113 2063/2063
f 2064/2064 2063/2063 2552/2552
f 2552/2552 2063/2063 895/895
f 2552/2552 895/895 1506/1506
f 1482/1482 2552/2552 1506/1506
f 1482/1482 1506/1506 624/624
f 563/563 1334/1334 2553/2553
f 563/563 2553/2553 1475/1475
f 1334/1334 807/807 2065/2065
f 1334/1334 2065/2065 2553/2553
f 2553/2553 2065/2065 1114/1114
f 2553/2553 1114/1114 2068/2068
f 1475/1475 2553/2553 2068/2068
f 1475/1475 2068/2068 879/879
f 807/807 1333/1333 2554/2554
f 807/807 2554/2554 2065/2065
f 1333/1333 533/533 1465/1465
f 1333/1333 1465/1465 2554/2554
f 2554/2554 1465/1465 874/874
f 2554/2554 874/874 2066/2066
f 2065/2065 2554/2554 2066/2066
f 2065/2065 2066/2066 1114/1114
f 1114/1114 2066/2066 2555/2555
f 1114/1114 2555/2555 2067/2067
f 2066/2066 874/874 1466/1466
f 2066/2066 1466/1466 2555/2555
f 2555/2555 1466/1466 616/616
f 2555/2555 616/616 1507/1507
f 2067/2067 2555/2555 1507/1507
f 2067/2067 1507/1507 896/896
f 879/879 2068/2068 2556/2556
f 879/879 2556/2556 1476/1476
f 2068/2068 1114/1114 2067/2067
f 2068/2068 2067/2067 2556/2556
f 2556/2556 2067/2067 896/896
f 2556/2556 896/896 1508/1508
f 1476/1476 2556/2556 1508/1508
f 1476/1476 1508/1508 621/621
f 589/589 1400/1400 2557/2557
f 589/589 2557/2557 1231/1231
f 1400/1400 841/841 2069/2069
f 1400/1400 2069/2069 2557/2557
f 2557/2557 2069/2069 1115/1115
f 2557/2557 1115/1115 2072/2072
f 1231/1231 2557/2557 2072/2072
f 1231/1231 2072/2072 748/748
f 841/841 1399/1399 2558/2558
f 841/841 2558/2558 2069/2069
f 1399/1399 628/628 1509/1509
f 1399/1399 1509/1509 2558/2558
f 2558/2558 1509/1509 897/897
f 2558/2558 897/897 2070/2070
f 2069/2069 2558/2558 2070/2070
f 2069/2069 2070/2070 1115/1115
f 1115/1115 2070/2070 2559/2559
f 1115/1115 2559/2559 2071/2071
f 2070/2070 897/897 1510/1510
f 2070/2070 1510/1510 2559/2559
f 2559/2559 1510/1510 620/620
f 2559/2559 620/620 1226/1226
f 2071/2071 2559/2559 1226/1226
f 2071/2071 1226/1226 746/746
f 748/748 2072/2072 2560/2560
f 748/748 2560/2560 1233/1233
f 2072/2072 1115/1115 2071/2071
f 2072/2072 2071/2071 2560/2560
f 2560/2560 2071/2071 746/746
f 2560/2560 746/746 1228/1228
f 1233/1233 2560/2560 1228/1228
f 1233/1233 1228/1228 552/552
f 595/595 1404/1404 2561/2561
f 595/595 2561/2561 1396/1396
f 1404/1404 843/843 2073/2073
f 1404/1404 2073/2073 2561/2561
f 2561/2561 2073/2073 1116/1116
f 2561/2561 1116/1116 2076/2076
f 1396/1396 2561/2561 2076/2076
f 1396/1396 2076/2076 839/839
f 843/843 1403/1403 2562/2562
f 843/843 2562/2562 2073/2073
f 1403/1403 629/629 1511/1511
f 1403/1403 1511/1511 2562/2562
f 2562/2562 1511/1511 898/898
f 2562/2562 898/898 2074/2074
f 2073/2073 2562/2562 2074/2074
f 2073/2073 2074/2074 1116/1116
f 1116/1116 2074/2074 2563/2563
f 1116/1116 2563/2563 2075/2075
f 2074/2074 898/898 1512/1512
f 2074/2074 1512/1512 2563/2563
f 2563/2563 1512/1512 618/618
f 2563/2563 618/618 1218/1218
f 2075/2075 2563/2563 1218/1218
f 2075/2075 1218/1218 742/742
f 839/839 2076/2076 2564/2564
f 839/839 2564/2564 1395/1395
f 2076/2076 1116/1116 2075/2075
f 2076/2076 2075/2075 2564/2564
f 2564/2564 2075/2075 742/742
f 2564/2564 742/742 1220/1220
f 1395/1395 2564/2564 1220/1220
f 1395/1395 1220/1220 546/546
f 617/617 1469/1469 2565/2565
f 617/617 2565/2565 1578/1578
f 1469/1469 875/875 2077/2077
f 1469/1469 2077/2077 2565/2565
f 2565/2565 2077/2077 1117/1117
f 2565/2565 1117/1117 2080/2080
f 1578/1578 2565/2565 2080/2080
f 1578/1578 2080/2080 931/931
f 875/875 1467/1467 2566/2566
f 875/875 2566/2566 2077/2077
f 1467/1467 541/541 1514/1514
f 1467/1467 1514/1514 2566/2566
f 2566/2566 1514/1514 900/900
f 2566/2566 900/900 2078/2078
f 2077/2077 2566/2566 2078/2078
f 2077/2077 2078/2078 1117/1117
f 1117/1117 2078/2078 2567/2567
f 1117/1117 2567/2567 2079/2079
f 2078/2078 900/900 1516/1516
f 2078/2078 1516/1516 2567/2567
f 2567/2567 1516/1516 667/667
f 2567/2567 667/667 1571/1571
f 2079/2079 2567/2567 1571/1571
f 2079/2079 1571/1571 928/928
f 931/931 2080/2080 2568/2568
f 931/931 2568/2568 1577/1577
f 2080/2080 1117/1117 2079/2079
f 2080/2080 2079/2079 2568/2568
f 2568/2568 2079/2079 928/928
f 2568/2568 928/928 1572/1572
f 1577/1577 2568/2568 1572/1572
f 1577/1577 1572/1572 658/658
f 527/527 1628/1628 2569/2569
f 527/527 2569/2569 1643/1643
f 1628/1628 956/956 2081/2081
f 1628/1628 2081/2081 2569/2569
f 2569/2569 2081/2081 1118/1118
f 2569/2569 1118/1118 2084/2084
f 1643/1643 2569/2569 2084/2084
f 1643/1643 2084/2084 964/964
f 956/956 1627/1627 2570/2570
f 956/956 2570/2570 2081/2081
f 1627/1627 532/532 1630/1630
f 1627/1627 1630/1630 2570/2570
f 2570/2570 1630/1630 957/957
f 2570/2570 957/957 2082/2082
f 2081/2081 2570/2570 2082/2082
f 2081/2081 2082/2082 1118/1118
f 1118/1118 2082/2082 2571/2571
f 1118/1118 2571/2571 2083/2083
f 2082/2082 957/957 1629/1629
f 2082/2082 1629/1629 2571/2571
f 2571/2571 1629/1629 672/672
f 2571/2571 672/672 1517/1517
f 2083/2083 2571/2571 1517/1517
f 2083/2083 1517/1517 901/901
f 964/964 2084/2084 2572/2572
f 964/964 2572/2572 1644/1644
f 2084/2084 1118/1118 2083/2083
f 2084/2084 2083/2083 2572/2572
f 2572/2572 2083/2083 901/901
f 2572/2572 901/901 1518/1518
f 1644/1644 2572/2572 1518/1518
f 1644/1644 1518/1518 674/674
f 635/635 1336/1336 2573/2573
f 635/635 2573/2573 1189/1189
f 1336/1336 808/808 2085/2085
f 1336/1336 2085/2085 2573/2573
f 2573/2573 2085/2085 1119/1119
f 2573/2573 1119/1119 2088/2088
f 1189/1189 2573/2573 2088/2088
f 1189/1189 2088/2088 726/726
f 808/808 1335/1335 2574/2574
f 808/808 2574/2574 2085/2085
f 1335/1335 562/562 1274/1274
f 1335/1335 1274/1274 2574/2574
f 2574/2574 1274/1274 773/773
f 2574/2574 773/773 2086/2086
f 2085/2085 2574/2574 2086/2086
f 2085/2085 2086/2086 1119/1119
f 1119/1119 2086/2086 2575/2575
f 1119/1119 2575/2575 2087/2087
f 2086/2086 773/773 1273/1273
f 2086/2086 1273/1273 2575/2575
f 2575/2575 1273/1273 623/623
f 2575/2575 623/623 1521/1521
f 2087/2087 2575/2575 1521/1521
f 2087/2087 1521/1521 903/903
f 726/726 2088/2088 2576/2576
f 726/726 2576/2576 1187/1187
f 2088/2088 1119/1119 2087/2087
f 2088/2088 2087/2087 2576/2576
f 2576/2576 2087/2087 903/903
f 2576/2576 903/903 1522/1522
f 1187/1187 2576/2576 1522/1522
f 1187/1187 1522/1522 639/639
f 641/641 1315/1315 2577/2577
f 641/641 2577/2577 1195/1195
f 1315/1315 798/798 2089/2089
f 1315/1315 2089/2089 2577/2577
f 2577/2577 2089/2089 1120/1120
f 2577/2577 1120/1120 2092/2092
f 1195/1195 2577/2577 2092/2092
f 1195/1195 2092/2092 729/729
f 798/798 1317/1317 2578/2578
f 798/798 2578/2578 2089/2089
f 1317/1317 565/565 1286/1286
f 1317/1317 1286/1286 2578/2578
f 2578/2578 1286/1286 781/781
f 2578/2578 781/781 2090/2090
f 2089/2089 2578/2578 2090/2090
f 2089/2089 2090/2090 1120/1120
f 1120/1120 2090/2090 2579/2579
f 1120/1120 2579/2579 2091/2091
f 2090/2090 781/781 1285/1285
f 2090/2090 1285/1285 2579/2579
f 2579/2579 1285/1285 554/554
f 2579/2579 554/554 1319/1319
f 2091/2091 2579/2579 1319/1319
f 2091/2091 1319/1319 800/800
f 729/729 2092/2092 2580/2580
f 729/729 2580/2580 1193/1193
f 2092/2092 1120/1120 2091/2091
f 2092/2092 2091/2091 2580/2580
f 2580/2580 2091/2091 800/800
f 2580/2580 800/800 1321/1321
f 1193/1193 2580/2580 1321/1321
f 1193/1193 1321/1321 632/632
f 577/577 1523/1523 2581/2581
f 577/577 2581/2581 1544/1544
f 1523/1523 904/904 2093/2093
f 1523/1523 2093/2093 2581/2581
f 2581/2581 2093/2093 1121/1121
f 2581/2581 1121/1121 2096/2096
f 1544/1544 2581/2581 2096/2096
f 1544/1544 2096/2096 914/914
f 904/904 1524/1524 2582/2582
f 904/904 2582/2582 2093/2093
f 1524/1524 669/669 1545/1545
f 1524/1524 1545/1545 2582/2582
f 2582/2582 1545/1545 915/915
f 2582/2582 915/915 2094/2094
f 2093/2093 2582/2582 2094/2094
f 2093/2093 2094/2094 1121/1121
f 1121/1121 2094/2094 2583/2583
f 1121/1121 2583/2583 2095/2095
f 2094/2094 915/915 1546/1546
f 2094/2094 1546/1546 2583/2583
f 2583/2583 1546/1546 634/634
f 2583/2583 634/634 1178/1178
f 2095/2095 2583/2583 1178/1178
f 2095/2095 1178/1178 721/721
f 914/914 2096/2096 2584/2584
f 914/914 2584/2584 1543/1543
f 2096/2096 1121/1121 2095/2095
f 2096/2096 2095/2095 2584/2584
f 2584/2584 2095/2095 721/721
f 2584/2584 721/721 1176/1176
f 1543/1543 2584/2584 1176/1176
f 1543/1543 1176/1176 631/631
f 670/670 1525/1525 2585/2585
f 670/670 2585/2585 1548/1548
f 1525/1525 905/905 2097/2097
f 1525/1525 2097/2097 2585/2585
f 2585/2585 2097/2097 1122/1122
f 2585/2585 1122/1122 2100/2100
f 1548/1548 2585/2585 2100/2100
f 1548/1548 2100/2100 916/916
f 905/905 1526/1526 2586/2586
f 905/905 2586/2586 2097/2097
f 1526/1526 671/671 1549/1549
f 1526/1526 1549/1549 2586/2586
f 2586/2586 1549/1549 917/917
f 2586/2586 917/917 2098/2098
f 2097/2097 2586/2586 2098/2098
f 2097/2097 2098/2098 1122/1122
f 1122/1122 2098/2098 2587/2587
f 1122/1122 2587/2587 2099/2099
f 2098/2098 917/917 1550/1550
f 2098/2098 1550/1550 2587/2587
f 2587/2587 1550/1550 638/638
f 2587/2587 638/638 1184/1184
f 2099/2099 2587/2587 1184/1184
f 2099/2099 1184/1184 724/724
f 916/916 2100/2100 2588/2588
f 916/916 2588/2588 1547/1547
f 2100/2100 1122/1122 2099/2099
f 2100/2100 2099/2099 2588/2588
f 2588/2588 2099/2099 724/724
f 2588/2588 724/724 1182/1182
f 1547/1547 2588/2588 1182/1182
f 1547/1547 1182/1182 636/636
f 614/614 1527/1527 2589/2589
f 614/614 2589/2589 1552/1552
f 1527/1527 906/906 2101/2101
f 1527/1527 2101/2101 2589/2589
f 2589/2589 2101/2101 1123/1123
f 2589/2589 1123/1123 2104/2104
f 1552/1552 2589/2589 2104/2104
f 1552/1552 2104/2104 918/918
f 906/906 1528/1528 2590/2590
f 906/906 2590/2590 2101/2101
f 1528/1528 670/670 1548/1548
f 1528/1528 1548/1548 2590/2590
f 2590/2590 1548/1548 916/916
f 2590/2590 916/916 2102/2102
f 2101/2101 2590/2590 2102/2102
f 2101/2101 2102/2102 1123/1123
f 1123/1123 2102/2102 2591/2591
f 1123/1123 2591/2591 2103/2103
f 2102/2102 916/916 1547/1547
f 2102/2102 1547/1547 2591/2591
f 2591/2591 1547/1547 636/636
f 2591/2591 636/636 1190/1190
f 2103/2103 2591/2591 1190/1190
f 2103/2103 1190/1190 727/727
f 918/918 2104/2104 2592/2592
f 918/918 2592/2592 1551/1551
f 2104/2104 1123/1123 2103/2103
f 2104/2104 2103/2103 2592/2592
f 2592/2592 2103/2103 727/727
f 2592/2592 727/727 1188/1188
f 1551/1551 2592/2592 1188/1188
f 1551/1551 1188/1188 640/640
f 669/669 1529/1529 2593/2593
f 669/669 2593/2593 1545/1545
f 1529/1529 907/907 2105/2105
f 1529/1529 2105/2105 2593/2593
f 2593/2593 2105/2105 1124/1124
f 2593/2593 1124/1124 2108/2108
f 1545/1545 2593/2593 2108/2108
f 1545/1545 2108/2108 915/915
f 907/907 1530/1530 2594/2594
f 907/907 2594/2594 2105/2105
f 1530/1530 673/673 1553/1553
f 1530/1530 1553/1553 2594/2594
f 2594/2594 1553/1553 919/919
f 2594/2594 919/919 2106/2106
f 2105/2105 2594/2594 2106/2106
f 2105/2105 2106/2106 1124/1124
f 1124/1124 2106/2106 2595/2595
f 1124/1124 2595/2595 2107/2107
f 2106/2106 919/919 1554/1554
f 2106/2106 1554/1554 2595/2595
f 2595/2595 1554/1554 642/642
f 2595/2595 642/642 1196/1196
f 2107/2107 2595/2595 1196/1196
f 2107/2107 1196/1196 730/730
f 915/915 2108/2108 2596/2596
f 915/915 2596/2596 1546/1546
f 2108/2108 1124/1124 2107/2107
f 2108/2108 2107/2107 2596/2596
f 2596/2596 2107/2107 730/730
f 2596/2596 730/730 1194/1194
f 1546/1546 2596/2596 1194/1194
f 1546/1546 1194/1194 634/634
f 615/615 1531/1531 2597/2597
f 615/615 2597/2597 1556/1556
f 1531/1531 908/908 2109/2109
f 1531/1531 2109/2109 2597/2597
f 2597/2597 2109/2109 1125/1125
f 2597/2597 1125/1125 2112/2112
f 1556/1556 2597/2597 2112/2112
f 1556/1556 2112/2112 920/920
f 908/908 1532/1532 2598/2598
f 908/908 2598/2598 2109/2109
f 1532/1532 534/534 1557/1557
f 1532/1532 1557/1557 2598/2598
f 2598/2598 1557/1557 921/921
f 2598/2598 921/921 2110/2110
f 2109/2109 2598/2598 2110/2110
f 2109/2109 2110/2110 1125/1125
f 1125/1125 2110/2110 2599/2599
f 1125/1125 2599/2599 2111/2111
f 2110/2110 921/921 1558/1558
f 2110/2110 1558/1558 2599/2599
f 2599/2599 1558/1558 647/647
f 2599/2599 647/647 1202/1202
f 2111/2111 2599/2599 1202/1202
f 2111/2111 1202/1202 733/733
f 920/920 2112/2112 2600/2600
f 920/920 2600/2600 1555/1555
f 2112/2112 1125/1125 2111/2111
f 2112/2112 2111/2111 2600/2600
f 2600/2600 2111/2111 733/733
f 2600/2600 733/733 1200/1200
f 1555/1555 2600/2600 1200/1200
f 1555/1555 1200/1200 645/645
f 582/582 1533/1533 2601/2601
f 582/582 2601/2601 1560/1560
f 1533/1533 909/909 2113/2113
f 1533/1533 2113/2113 2601/2601
f 2601/2601 2113/2113 1126/1126
f 2601/2601 1126/1126 2116/2116
f 1560/1560 2601/2601 2116/2116
f 1560/1560 2116/2116 922/922
f 909/909 1534/1534 2602/2602
f 909/909 2602/2602 2113/2113
f 1534/1534 537/537 1561/1561
f 1534/1534 1561/1561 2602/2602
f 2602/2602 1561/1561 923/923
f 2602/2602 923/923 2114/2114
f 2113/2113 2602/2602 2114/2114
f 2113/2113 2114/2114 1126/1126
f 1126/1126 2114/2114 2603/2603
f 1126/1126 2603/2603 2115/2115
f 2114/2114 923/923 1562/1562
f 2114/2114 1562/1562 2603/2603
f 2603/2603 1562/1562 650/650
f 2603/2603 650/650 1209/1209
f 2115/2115 2603/2603 1209/1209
f 2115/2115 1209/1209 736/736
f 922/922 2116/2116 2604/2604
f 922/922 2604/2604 1559/1559
f 2116/2116 1126/1126 2115/2115
f 2116/2116 2115/2115 2604/2604
f 2604/2604 2115/2115 736/736
f 2604/2604 736/736 1207/1207
f 1559/1559 2604/2604 1207/1207
f 1559/1559 1207/1207 648/648
f 534/534 1535/1535 2605/2605
f 534/534 2605/2605 1557/1557
f 1535/1535 910/910 2117/2117
f 1535/1535 2117/2117 2605/2605
f 2605/2605 2117/2117 1127/1127
f 2605/2605 1127/1127 2120/2120
f 1557/1557 2605/2605 2120/2120
f 1557/1557 2120/2120 921/921
f 910/910 1536/1536 2606/2606
f 910/910 2606/2606 2117/2117
f 1536/1536 577/577 1544/1544
f 1536/1536 1544/1544 2606/2606
f 2606/2606 1544/1544 914/914
f 2606/2606 914/914 2118/2118
f 2117/2117 2606/2606 2118/2118
f 2117/2117 2118/2118 1127/1127
f 1127/1127 2118/2118 2607/2607
f 1127/1127 2607/2607 2119/2119
f 2118/2118 914/914 1543/1543
f 2118/2118 1543/1543 2607/2607
f 2607/2607 1543/1543 631/631
f 2607/2607 631/631 1344/1344
f 2119/2119 2607/2607 1344/1344
f 2119/2119 1344/1344 812/812
f 921/921 2120/2120 2608/2608
f 921/921 2608/2608 1558/1558
f 2120/2120 1127/1127 2119/2119
f 2120/2120 2119/2119 2608/2608
f 2608/2608 2119/2119 812/812
f 2608/2608 812/812 1342/1342
f 1558/1558 2608/2608 1342/1342
f 1558/1558 1342/1342 647/647
f 673/673 1537/1537 2609/2609
f 673/673 2609/2609 1553/1553
f 1537/1537 911/911 2121/2121
f 1537/1537 2121/2121 2609/2609
f 2609/2609 2121/2121 1128/1128
f 2609/2609 1128/1128 2124/2124
f 1553/1553 2609/2609 2124/2124
f 1553/1553 2124/2124 919/919
f 911/911 1538/1538 2610/2610
f 911/911 2610/2610 2121/2121
f 1538/1538 582/582 1560/1560
f 1538/1538 1560/1560 2610/2610
f 2610/2610 1560/1560 922/922
f 2610/2610 922/922 2122/2122
f 2121/2121 2610/2610 2122/2122
f 2121/2121 2122/2122 1128/1128
f 1128/1128 2122/2122 2611/2611
f 1128/1128 2611/2611 2123/2123
f 2122/2122 922/922 1559/1559
f 2122/2122 1559/1559 2611/2611
f 2611/2611 1559/1559 648/648
f 2611/2611 648/648 1353/1353
f 2123/2123 2611/2611 1353/1353
f 2123/2123 1353/1353 816/816
f 919/919 2124/2124 2612/2612
f 919/919 2612/2612 1554/1554
f 2124/2124 1128/1128 2123/2123
f 2124/2124 2123/2123 2612/2612
f 2612/2612 2123/2123 816/816
f 2612/2612 816/816 1351/1351
f 1554/1554 2612/2612 1351/1351
f 1554/1554 1351/1351 642/642
f 537/537 1539/1539 2613/2613
f 537/537 2613/2613 1561/1561
f 1539/1539 912/912 2125/2125
f 1539/1539 2125/2125 2613/2613
f 2613/2613 2125/2125 1129/1129
f 2613/2613 1129/1129 2128/2128
f 1561/1561 2613/2613 2128/2128
f 1561/1561 2128/2128 923/923
f 912/912 1540/1540 2614/2614
f 912/912 2614/2614 2125/2125
f 1540/1540 614/614 1552/1552
f 1540/1540 1552/1552 2614/2614
f 2614/2614 1552/1552 918/918
f 2614/2614 918/918 2126/2126
f 2125/2125 2614/2614 2126/2126
f 2125/2125 2126/2126 1129/1129
f 1129/1129 2126/2126 2615/2615
f 1129/1129 2615/2615 2127/2127
f 2126/2126 918/918 1551/1551
f 2126/2126 1551/1551 2615/2615
f 2615/2615 1551/1551 640/640
f 2615/2615 640/640 1459/1459
f 2127/2127 2615/2615 1459/1459
f 2127/2127 1459/1459 870/870
f 923/923 2128/2128 2616/2616
f 923/923 2616/2616 1562/1562
f 2128/2128 1129/1129 2127/2127
f 2128/2128 2127/2127 2616/2616
f 2616/2616 2127/2127 870/870
f 2616/2616 870/870 1457/1457
f 1562/1562 2616/2616 1457/1457
f 1562/1562 1457/1457 650/650
f 671/671 1541/1541 2617/2617
f 671/671 2617/2617 1549/1549
f 1541/1541 913/913 2129/2129
f 1541/1541 2129/2129 2617/2617
f 2617/2617 2129/2129 1130/1130
f 2617/2617 1130/1130 2132/2132
f 1549/1549 2617/2617 2132/2132
f 1549/1549 2132/2132 917/917
f 913/913 1542/1542 2618/2618
f 913/913 2618/2618 2129/2129
f 1542/1542 615/615 1556/1556
f 1542/1542 1556/1556 2618/2618
f 2618/2618 1556/1556 920/920
f 2618/2618 920/920 2130/2130
f 2129/2129 2618/2618 2130/2130
f 2129/2129 2130/2130 1130/1130
f 1130/1130 2130/2130 2619/2619
f 1130/1130 2619/2619 2131/2131
f 2130/2130 920/920 1555/1555
f 2130/2130 1555/1555 2619/2619
f 2619/2619 1555/1555 645/645
f 2619/2619 645/645 1464/1464
f 2131/2131 2619/2619 1464/1464
f 2131/2131 1464/1464 873/873
f 917/917 2132/2132 2620/2620
f 917/917 2620/2620 1550/1550
f 2132/2132 1130/1130 2131/2131
f 2132/2132 2131/2131 2620/2620
f 2620/2620 2131/2131 873/873
f 2620/2620 873/873 1462/1462
f 1550/1550 2620/2620 1462/1462
f 1550/1550 1462/1462 638/638
f 655/655 1576/1576 2621/2621
f 655/655 2621/2621 1597/1597
f 1576/1576 930/930 2133/2133
f 1576/1576 2133/2133 2621/2621
f 2621/2621 2133/2133 1131/1131
f 2621/2621 1131/1131 2136/2136
f 1597/1597 2621/2621 2136/2136
f 1597/1597 2136/2136 941/941
f 930/930 1575/1575 2622/2622
f 930/930 2622/2622 2133/2133
f 1575/1575 652/652 1602/1602
f 1575/1575 1602/1602 2622/2622
f 2622/2622 1602/1602 943/943
f 2622/2622 943/943 2134/2134
f 2133/2133 2622/2622 2134/2134
f 2133/2133 2134/2134 1131/1131
f 1131/1131 2134/2134 2623/2623
f 1131/1131 2623/2623 2135/2135
f 2134/2134 943/943 1601/1601
f 2134/2134 1601/1601 2623/2623
f 2623/2623 1601/1601 657/657
f 2623/2623 657/657 1599/1599
f 2135/2135 2623/2623 1599/1599
f 2135/2135 1599/1599 942/942
f 941/941 2136/2136 2624/2624
f 941/941 2624/2624 1598/1598
f 2136/2136 1131/1131 2135/2135
f 2136/2136 2135/2135 2624/2624
f 2624/2624 2135/2135 942/942
f 2624/2624 942/942 1600/1600
f 1598/1598 2624/2624 1600/1600
f 1598/1598 1600/1600 656/656
f 654/654 1596/1596 2625/2625
f 654/654 2625/2625 1603/1603
f 1596/1596 940/940 2137/2137
f 1596/1596 2137/2137 2625/2625
f 2625/2625 2137/2137 1132/1132
f 2625/2625 1132/1132 2140/2140
f 1603/1603 2625/2625 2140/2140
f 1603/1603 2140/2140 944/944
f 940/940 1595/1595 2626/2626
f 940/940 2626/2626 2137/2137
f 1595/1595 653/653 1594/1594
f 1595/1595 1594/1594 2626/2626
f 2626/2626 1594/1594 939/939
f 2626/2626 939/939 2138/2138
f 2137/2137 2626/2626 2138/2138
f 2137/2137 2138/2138 1132/1132
f 1132/1132 2138/2138 2627/2627
f 1132/1132 2627/2627 2139/2139
f 2138/2138 939/939 1593/1593
f 2138/2138 1593/1593 2627/2627
f 2627/2627 1593/1593 652/652
f 2627/2627 652/652 1575/1575
f 2139/2139 2627/2627 1575/1575
f 2139/2139 1575/1575 930/930
f 944/944 2140/2140 2628/2628
f 944/944 2628/2628 1604/1604
f 2140/2140 1132/1132 2139/2139
f 2140/2140 2139/2139 2628/2628
f 2628/2628 2139/2139 930/930
f 2628/2628 930/930 1576/1576
f 1604/1604 2628/2628 1576/1576
f 1604/1604 1576/1576 655/655
f 548/548 1223/1223 2629/2629
f 548/548 2629/2629 1590/1590
f 1223/1223 743/743 2141/2141
f 1223/1223 2141/2141 2629/2629
f 2629/2629 2141/2141 1133/1133
f 2629/2629 1133/1133 2144/2144
f 1590/1590 2629/2629 2144/2144
f 1590/1590 2144/2144 937/937
f 743/743 1221/1221 2630/2630
f 743/743 2630/2630 2141/2141
f 1221/1221 544/544 1583/1583
f 1221/1221 1583/1583 2630/2630
f 2630/2630 1583/1583 934/934
f 2630/2630 934/934 2142/2142
f 2141/2141 2630/2630 2142/2142
f 2141/2141 2142/2142 1133/1133
f 1133/1133 2142/2142 2631/2631
f 1133/1133 2631/2631 2143/2143
f 2142/2142 934/934 1585/1585
f 2142/2142 1585/1585 2631/2631
f 2631/2631 1585/1585 659/659
f 2631/2631 659/659 1565/1565
f 2143/2143 2631/2631 1565/1565
f 2143/2143 1565/1565 925/925
f 937/937 2144/2144 2632/2632
f 937/937 2632/2632 1588/1588
f 2144/2144 1133/1133 2143/2143
f 2144/2144 2143/2143 2632/2632
f 2632/2632 2143/2143 925/925
f 2632/2632 925/925 1566/1566
f 1588/1588 2632/2632 1566/1566
f 1588/1588 1566/1566 662/662
f 619/619 1473/1473 2633/2633
f 619/619 2633/2633 1592/1592
f 1473/1473 877/877 2145/2145
f 1473/1473 2145/2145 2633/2633
f 2633/2633 2145/2145 1134/1134
f 2633/2633 1134/1134 2148/2148
f 1592/1592 2633/2633 2148/2148
f 1592/1592 2148/2148 938/938
f 877/877 1471/1471 2634/2634
f 877/877 2634/2634 2145/2145
f 1471/1471 547/547 1589/1589
f 1471/1471 1589/1589 2634/2634
f 2634/2634 1589/1589 936/936
f 2634/2634 936/936 2146/2146
f 2145/2145 2634/2634 2146/2146
f 2145/2145 2146/2146 1134/1134
f 1134/1134 2146/2146 2635/2635
f 1134/1134 2635/2635 2147/2147
f 2146/2146 936/936 1587/1587
f 2146/2146 1587/1587 2635/2635
f 2635/2635 1587/1587 661/661
f 2635/2635 661/661 1573/1573
f 2147/2147 2635/2635 1573/1573
f 2147/2147 1573/1573 929/929
f 938/938 2148/2148 2636/2636
f 938/938 2636/2636 1591/1591
f 2148/2148 1134/1134 2147/2147
f 2148/2148 2147/2147 2636/2636
f 2636/2636 2147/2147 929/929
f 2636/2636 929/929 1574/1574
f 1591/1591 2636/2636 1574/1574
f 1591/1591 1574/1574 663/663
f 550/550 1227/1227 2637/2637
f 550/550 2637/2637 1579/1579
f 1227/1227 745/745 2149/2149
f 1227/1227 2149/2149 2637/2637
f 2637/2637 2149/2149 1135/1135
f 2637/2637 1135/1135 2152/2152
f 1579/1579 2637/2637 2152/2152
f 1579/1579 2152/2152 932/932
f 745/745 1225/1225 2638/2638
f 745/745 2638/2638 2149/2149
f 1225/1225 619/619 1592/1592
f 1225/1225 1592/1592 2638/2638
f 2638/2638 1592/1592 938/938
f 2638/2638 938/938 2150/2150
f 2149/2149 2638/2638 2150/2150
f 2149/2149 2150/2150 1135/1135
f 1135/1135 2150/2150 2639/2639
f 1135/1135 2639/2639 2151/2151
f 2150/2150 938/938 1591/1591
f 2150/2150 1591/1591 2639/2639
f 2639/2639 1591/1591 663/663
f 2639/2639 663/663 1567/1567
f 2151/2151 2639/2639 1567/1567
f 2151/2151 1567/1567 926/926
f 932/932 2152/2152 2640/2640
f 932/932 2640/2640 1581/1581
f 2152/2152 1135/1135 2151/2151
f 2152/2152 2151/2151 2640/2640
f 2640/2640 2151/2151 926/926
f 2640/2640 926/926 1568/1568
f 1581/1581 2640/2640 1568/1568
f 1581/1581 1568/1568 664/664
f 545/545 1219/1219 2641/2641
f 545/545 2641/2641 1584/1584
f 1219/1219 741/741 2153/2153
f 1219/1219 2153/2153 2641/2641
f 2641/2641 2153/2153 1136/1136
f 2641/2641 1136/1136 2156/2156
f 1584/1584 2641/2641 2156/2156
f 1584/1584 2156/2156 935/935
f 741/741 1217/1217 2642/2642
f 741/741 2642/2642 2153/2153
f 1217/1217 617/617 1578/1578
f 1217/1217 1578/1578 2642/2642
f 2642/2642 1578/1578 931/931
f 2642/2642 931/931 2154/2154
f 2153/2153 2642/2642 2154/2154
f 2153/2153 2154/2154 1136/1136
f 1136/1136 2154/2154 2643/2643
f 1136/1136 2643/2643 2155/2155
f 2154/2154 931/931 1577/1577
f 2154/2154 1577/1577 2643/2643
f 2643/2643 1577/1577 658/658
f 2643/2643 658/658 1563/1563
f 2155/2155 2643/2643 1563/1563
f 2155/2155 1563/1563 924/924
f 935/935 2156/2156 2644/2644
f 935/935 2644/2644 1586/1586
f 2156/2156 1136/1136 2155/2155
f 2156/2156 2155/2155 2644/2644
f 2644/2644 2155/2155 924/924
f 2644/2644 924/924 1564/1564
f 1586/1586 2644/2644 1564/1564
f 1586/1586 1564/1564 660/660
f 652/652 1593/1593 2645/2645
f 652/652 2645/2645 1606/1606
f 1593/1593 939/939 2157/2157
f 1593/1593 2157/2157 2645/2645
f 2645/2645 2157/2157 1137/1137
f 2645/2645 1137/1137 2160/2160
f 1606/1606 2645/2645 2160/2160
f 1606/1606 2160/2160 945/945
f 939/939 1594/1594 2646/2646
f 939/939 2646/2646 2157/2157
f 1594/1594 653/653 1608/1608
f 1594/1594 1608/1608 2646/2646
f 2646/2646 1608/1608 947/947
f 2646/2646 947/947 2158/2158
f 2157/2157 2646/2646 2158/2158
f 2157/2157 2158/2158 1137/1137
f 1137/1137 2158/2158 2647/2647
f 1137/1137 2647/2647 2159/2159
f 2158/2158 947/947 1610/1610
f 2158/2158 1610/1610 2647/2647
f 2647/2647 1610/1610 660/660
f 2647/2647 660/660 1564/1564
f 2159/2159 2647/2647 1564/1564
f 2159/2159 1564/1564 924/924
f 945/945 2160/2160 2648/2648
f 945/945 2648/2648 1605/1605
f 2160/2160 1137/1137 2159/2159
f 2160/2160 2159/2159 2648/2648
f 2648/2648 2159/2159 924/924
f 2648/2648 924/924 1563/1563
f 1605/1605 2648/2648 1563/1563
f 1605/1605 1563/1563 658/658
f 653/653 1595/1595 2649/2649
f 653/653 2649/2649 1607/1607
f 1595/1595 940/940 2161/2161
f 1595/1595 2161/2161 2649/2649
f 2649/2649 2161/2161 1138/1138
f 2649/2649 1138/1138 2164/2164
f 1607/1607 2649/2649 2164/2164
f 1607/1607 2164/2164 946/946
f 940/940 1596/1596 2650/2650
f 940/940 2650/2650 2161/2161
f 1596/1596 654/654 1612/1612
f 1596/1596 1612/1612 2650/2650
f 2650/2650 1612/1612 949/949
f 2650/2650 949/949 2162/2162
f 2161/2161 2650/2650 2162/2162
f 2161/2161 2162/2162 1138/1138
f 1138/1138 2162/2162 2651/2651
f 1138/1138 2651/2651 2163/2163
f 2162/2162 949/949 1614/1614
f 2162/2162 1614/1614 2651/2651
f 2651/2651 1614/1614 662/662
f 2651/2651 662/662 1566/1566
f 2163/2163 2651/2651 1566/1566
f 2163/2163 1566/1566 925/925
f 946/946 2164/2164 2652/2652
f 946/946 2652/2652 1609/1609
f 2164/2164 1138/1138 2163/2163
f 2164/2164 2163/2163 2652/2652
f 2652/2652 2163/2163 925/925
f 2652/2652 925/925 1565/1565
f 1609/1609 2652/2652 1565/1565
f 1609/1609 1565/1565 659/659
f 655/655 1597/1597 2653/2653
f 655/655 2653/2653 1616/1616
f 1597/1597 941/941 2165/2165
f 1597/1597 2165/2165 2653/2653
f 2653/2653 2165/2165 1139/1139
f 2653/2653 1139/1139 2168/2168
f 1616/1616 2653/2653 2168/2168
f 1616/1616 2168/2168 950/950
f 941/941 1598/1598 2654/2654
f 941/941 2654/2654 2165/2165
f 1598/1598 656/656 1617/1617
f 1598/1598 1617/1617 2654/2654
f 2654/2654 1617/1617 951/951
f 2654/2654 951/951 2166/2166
f 2165/2165 2654/2654 2166/2166
f 2165/2165 2166/2166 1139/1139
f 1139/1139 2166/2166 2655/2655
f 1139/1139 2655/2655 2167/2167
f 2166/2166 951/951 1619/1619
f 2166/2166 1619/1619 2655/2655
f 2655/2655 1619/1619 664/664
f 2655/2655 664/664 1568/1568
f 2167/2167 2655/2655 1568/1568
f 2167/2167 1568/1568 926/926
f 950/950 2168/2168 2656/2656
f 950/950 2656/2656 1615/1615
f 2168/2168 1139/1139 2167/2167
f 2168/2168 2167/2167 2656/2656
f 2656/2656 2167/2167 926/926
f 2656/2656 926/926 1567/1567
f 1615/1615 2656/2656 1567/1567
f 1615/1615 1567/1567 663/663
f 656/656 1600/1600 2657/2657
f 656/656 2657/2657 1618/1618
f 1600/1600 942/942 2169/2169
f 1600/1600 2169/2169 2657/2657
f 2657/2657 2169/2169 1140/1140
f 2657/2657 1140/1140 2172/2172
f 1618/1618 2657/2657 2172/2172
f 1618/1618 2172/2172 952/952
f 942/942 1599/1599 2658/2658
f 942/942 2658/2658 2169/2169
f 1599/1599 657/657 1621/1621
f 1599/1599 1621/1621 2658/2658
f 2658/2658 1621/1621 953/953
f 2658/2658 953/953 2170/2170
f 2169/2169 2658/2658 2170/2170
f 2169/2169 2170/2170 1140/1140
f 1140/1140 2170/2170 2659/2659
f 1140/1140 2659/2659 2171/2171
f 2170/2170 953/953 1623/1623
f 2170/2170 1623/1623 2659/2659
f 2659/2659 1623/1623 666/666
f 2659/2659 666/666 1569/1569
f 2171/2171 2659/2659 1569/1569
f 2171/2171 1569/1569 927/927
f 952/952 2172/2172 2660/2660
f 952/952 2660/2660 1620/1620
f 2172/2172 1140/1140 2171/2171
f 2172/2172 2171/2171 2660/2660
f 2660/2660 2171/2171 927/927
f 2660/2660 927/927 1570/1570
f 1620/1620 2660/2660 1570/1570
f 1620/1620 1570/1570 665/665
f 657/657 1601/1601 2661/2661
f 657/657 2661/2661 1622/1622
f 1601/1601 943/943 2173/2173
f 1601/1601 2173/2173 2661/2661
f 2661/2661 2173/2173 1141/1141
f 2661/2661 1141/1141 2176/2176
f 1622/1622 2661/2661 2176/2176
f 1622/1622 2176/2176 954/954
f 943/943 1602/1602 2662/2662
f 943/943 2662/2662 2173/2173
f 1602/1602 652/652 1606/1606
f 1602/1602 1606/1606 2662/2662
f 2662/2662 1606/1606 945/945
f 2662/2662 945/945 2174/2174
f 2173/2173 2662/2662 2174/2174
f 2173/2173 2174/2174 1141/1141
f 1141/1141 2174/2174 2663/2663
f 1141/1141 2663/2663 2175/2175
f 2174/2174 945/945 1605/1605
f 2174/2174 1605/1605 2663/2663
f 2663/2663 1605/1605 658/658
f 2663/2663 658/658 1572/1572
f 2175/2175 2663/2663 1572/1572
f 2175/2175 1572/1572 928/928
f 954/954 2176/2176 2664/2664
f 954/954 2664/2664 1624/1624
f 2176/2176 1141/1141 2175/2175
f 2176/2176 2175/2175 2664/2664
f 2664/2664 2175/2175 928/928
f 2664/2664 928/928 1571/1571
f 1624/1624 2664/2664 1571/1571
f 1624/1624 1571/1571 667/667
f 654/654 1603/1603 2665/2665
f 654/654 2665/2665 1611/1611
f 1603/1603 944/944 2177/2177
f 1603/1603 2177/2177 2665/2665
f 2665/2665 2177/2177 1142/1142
f 2665/2665 1142/1142 2180/2180
f 1611/1611 2665/2665 2180/2180
f 1611/1611 2180/2180 948/948
f 944/944 1604/1604 2666/2666
f 944/944 2666/2666 2177/2177
f 1604/1604 655/655 1616/1616
f 1604/1604 1616/1616 2666/2666
f 2666/2666 1616/1616 950/950
f 2666/2666 950/950 2178/2178
f 2177/2177 2666/2666 2178/2178
f 2177/2177 2178/2178 1142/1142
f 1142/1142 2178/2178 2667/2667
f 1142/1142 2667/2667 2179/2179
f 2178/2178 950/950 1615/1615
f 2178/2178 1615/1615 2667/2667
f 2667/2667 1615/1615 663/663
f 2667/2667 663/663 1574/1574
f 2179/2179 2667/2667 1574/1574
f 2179/2179 1574/1574 929/929
f 948/948 2180/2180 2668/2668
f 948/948 2668/2668 1613/1613
f 2180/2180 1142/1142 2179/2179
f 2180/2180 2179/2179 2668/2668
f 2668/2668 2179/2179 929/929
f 2668/2668 929/929 1573/1573
f 1613/1613 2668/2668 1573/1573
f 1613/1613 1573/1573 661/661
f 626/626 1484/1484 2669/2669
f 626/626 2669/2669 1498/1498
f 1484/1484 883/883 2181/2181
f 1484/1484 2181/2181 2669/2669
f 2669/2669 2181/2181 1143/1143
f 2669/2669 1143/1143 2184/2184
f 1498/1498 2669/2669 2184/2184
f 1498/1498 2184/2184 890/890
f 883/883 1483/1483 2670/2670
f 883/883 2670/2670 2181/2181
f 1483/1483 564/564 1375/1375
f 1483/1483 1375/1375 2670/2670
f 2670/2670 1375/1375 829/829
f 2670/2670 829/829 2182/2182
f 2181/2181 2670/2670 2182/2182
f 2181/2181 2182/2182 1143/1143
f 1143/1143 2182/2182 2671/2671
f 1143/1143 2671/2671 2183/2183
f 2182/2182 829/829 1376/1376
f 2182/2182 1376/1376 2671/2671
f 2671/2671 1376/1376 585/585
f 2671/2671 585/585 1259/1259
f 2183/2183 2671/2671 1259/1259
f 2183/2183 1259/1259 764/764
f 890/890 2184/2184 2672/2672
f 890/890 2672/2672 1496/1496
f 2184/2184 1143/1143 2183/2183
f 2184/2184 2183/2183 2672/2672
f 2672/2672 2183/2183 764/764
f 2672/2672 764/764 1260/1260
f 1496/1496 2672/2672 1260/1260
f 1496/1496 1260/1260 555/555
f 668/668 1625/1625 2673/2673
f 668/668 2673/2673 1646/1646
f 1625/1625 955/955 2185/2185
f 1625/1625 2185/2185 2673/2673
f 2673/2673 2185/2185 1144/1144
f 2673/2673 1144/1144 2188/2188
f 1646/1646 2673/2673 2188/2188
f 1646/1646 2188/2188 965/965
f 955/955 1626/1626 2674/2674
f 955/955 2674/2674 2185/2185
f 1626/1626 524/524 1647/1647
f 1626/1626 1647/1647 2674/2674
f 2674/2674 1647/1647 966/966
f 2674/2674 966/966 2186/2186
f 2185/2185 2674/2674 2186/2186
f 2185/2185 2186/2186 1144/1144
f 1144/1144 2186/2186 2675/2675
f 1144/1144 2675/2675 2187/2187
f 2186/2186 966/966 1648/1648
f 2186/2186 1648/1648 2675/2675
f 2675/2675 1648/1648 669/669
f 2675/2675 669/669 1524/1524
f 2187/2187 2675/2675 1524/1524
f 2187/2187 1524/1524 904/904
f 965/965 2188/2188 2676/2676
f 965/965 2676/2676 1645/1645
f 2188/2188 1144/1144 2187/2187
f 2188/2188 2187/2187 2676/2676
f 2676/2676 2187/2187 904/904
f 2676/2676 904/904 1523/1523
f 1645/1645 2676/2676 1523/1523
f 1645/1645 1523/1523 577/577
f 532/532 1627/1627 2677/2677
f 532/532 2677/2677 1650/1650
f 1627/1627 956/956 2189/2189
f 1627/1627 2189/2189 2677/2677
f 2677/2677 2189/2189 1145/1145
f 2677/2677 1145/1145 2192/2192
f 1650/1650 2677/2677 2192/2192
f 1650/1650 2192/2192 967/967
f 956/956 1628/1628 2678/2678
f 956/956 2678/2678 2189/2189
f 1628/1628 527/527 1651/1651
f 1628/1628 1651/1651 2678/2678
f 2678/2678 1651/1651 968/968
f 2678/2678 968/968 2190/2190
f 2189/2189 2678/2678 2190/2190
f 2189/2189 2190/2190 1145/1145
f 1145/1145 2190/2190 2679/2679
f 1145/1145 2679/2679 2191/2191
f 2190/2190 968/968 1652/1652
f 2190/2190 1652/1652 2679/2679
f 2679/2679 1652/1652 671/671
f 2679/2679 671/671 1526/1526
f 2191/2191 2679/2679 1526/1526
f 2191/2191 1526/1526 905/905
f 967/967 2192/2192 2680/2680
f 967/967 2680/2680 1649/1649
f 2192/2192 1145/1145 2191/2191
f 2192/2192 2191/2191 2680/2680
f 2680/2680 2191/2191 905/905
f 2680/2680 905/905 1525/1525
f 1649/1649 2680/2680 1525/1525
f 1649/1649 1525/1525 670/670
f 672/672 1629/1629 2681/2681
f 672/672 2681/2681 1654/1654
f 1629/1629 957/957 2193/2193
f 1629/1629 2193/2193 2681/2681
f 2681/2681 2193/2193 1146/1146
f 2681/2681 1146/1146 2196/2196
f 1654/1654 2681/2681 2196/2196
f 1654/1654 2196/2196 969/969
f 957/957 1630/1630 2682/2682
f 957/957 2682/2682 2193/2193
f 1630/1630 532/532 1650/1650
f 1630/1630 1650/1650 2682/2682
f 2682/2682 1650/1650 967/967
f 2682/2682 967/967 2194/2194
f 2193/2193 2682/2682 2194/2194
f 2193/2193 2194/2194 1146/1146
f 1146/1146 2194/2194 2683/2683
f 1146/1146 2683/2683 2195/2195
f 2194/2194 967/967 1649/1649
f 2194/2194 1649/1649 2683/2683
f 2683/2683 1649/1649 670/670
f 2683/2683 670/670 1528/1528
f 2195/2195 2683/2683 1528/1528
f 2195/2195 1528/1528 906/906
f 969/969 2196/2196 2684/2684
f 969/969 2684/2684 1653/1653
f 2196/2196 1146/1146 2195/2195
f 2196/2196 2195/2195 2684/2684
f 2684/2684 2195/2195 906/906
f 2684/2684 906/906 1527/1527
f 1653/1653 2684/2684 1527/1527
f 1653/1653 1527/1527 614/614
f 524/524 1631/1631 2685/2685
f 524/524 2685/2685 1647/1647
f 1631/1631 958/958 2197/2197
f 1631/1631 2197/2197 2685/2685
f 2685/2685 2197/2197 1147/1147
f 2685/2685 1147/1147 2200/2200
f 1647/1647 2685/2685 2200/2200
f 1647/1647 2200/2200 966/966
f 958/958 1632/1632 2686/2686
f 958/958 2686/2686 2197/2197
f 1632/1632 529/529 1655/1655
f 1632/1632 1655/1655 2686/2686
f 2686/2686 1655/1655 970/970
f 2686/2686 970/970 2198/2198
f 2197/2197 2686/2686 2198/2198
f 2197/2197 2198/2198 1147/1147
f 1147/1147 2198/2198 2687/2687
f 1147/1147 2687/2687 2199/2199
f 2198/2198 970/970 1656/1656
f 2198/2198 1656/1656 2687/2687
f 2687/2687 1656/1656 673/673
f 2687/2687 673/673 1530/1530
f 2199/2199 2687/2687 1530/1530
f 2199/2199 1530/1530 907/907
f 966/966 2200/2200 2688/2688
f 966/966 2688/2688 1648/1648
f 2200/2200 1147/1147 2199/2199
f 2200/2200 2199/2199 2688/2688
f 2688/2688 2199/2199 907/907
f 2688/2688 907/907 1529/1529
f 1648/1648 2688/2688 1529/1529
f 1648/1648 1529/1529 669/669
f 674/674 1633/1633 2689/2689
f 674/674 2689/2689 1658/1658
f 1633/1633 959/959 2201/2201
f 1633/1633 2201/2201 2689/2689
f 2689/2689 2201/2201 1148/1148
f 2689/2689 1148/1148 2204/2204
f 1658/1658 2689/2689 2204/2204
f 1658/1658 2204/2204 971/971
f 959/959 1634/1634 2690/2690
f 959/959 2690/2690 2201/2201
f 1634/1634 675/675 1659/1659
f 1634/1634 1659/1659 2690/2690
f 2690/2690 1659/1659 972/972
f 2690/2690 972/972 2202/2202
f 2201/2201 2690/2690 2202/2202
f 2201/2201 2202/2202 1148/1148
f 1148/1148 2202/2202 2691/2691
f 1148/1148 2691/2691 2203/2203
f 2202/2202 972/972 1660/1660
f 2202/2202 1660/1660 2691/2691
f 2691/2691 1660/1660 534/534
f 2691/2691 534/534 1532/1532
f 2203/2203 2691/2691 1532/1532
f 2203/2203 1532/1532 908/908
f 971/971 2204/2204 2692/2692
f 971/971 2692/2692 1657/1657
f 2204/2204 1148/1148 2203/2203
f 2204/2204 2203/2203 2692/2692
f 2692/2692 2203/2203 908/908
f 2692/2692 908/908 1531/1531
f 1657/1657 2692/2692 1531/1531
f 1657/1657 1531/1531 615/615
f 676/676 1635/1635 2693/2693
f 676/676 2693/2693 1662/1662
f 1635/1635 960/960 2205/2205
f 1635/1635 2205/2205 2693/2693
f 2693/2693 2205/2205 1149/1149
f 2693/2693 1149/1149 2208/2208
f 1662/1662 2693/2693 2208/2208
f 1662/1662 2208/2208 973/973
f 960/960 1636/1636 2694/2694
f 960/960 2694/2694 2205/2205
f 1636/1636 677/677 1663/1663
f 1636/1636 1663/1663 2694/2694
f 2694/2694 1663/1663 974/974
f 2694/2694 974/974 2206/2206
f 2205/2205 2694/2694 2206/2206
f 2205/2205 2206/2206 1149/1149
f 1149/1149 2206/2206 2695/2695
f 1149/1149 2695/2695 2207/2207
f 2206/2206 974/974 1664/1664
f 2206/2206 1664/1664 2695/2695
f 2695/2695 1664/1664 537/537
f 2695/2695 537/537 1534/1534
f 2207/2207 2695/2695 1534/1534
f 2207/2207 1534/1534 909/909
f 973/973 2208/2208 2696/2696
f 973/973 2696/2696 1661/1661
f 2208/2208 1149/1149 2207/2207
f 2208/2208 2207/2207 2696/2696
f 2696/2696 2207/2207 909/909
f 2696/2696 909/909 1533/1533
f 1661/1661 2696/2696 1533/1533
f 1661/1661 1533/1533 582/582
f 675/675 1637/1637 2697/2697
f 675/675 2697/2697 1659/1659
f 1637/1637 961/961 2209/2209
f 1637/1637 2209/2209 2697/2697
f 2697/2697 2209/2209 1150/1150
f 2697/2697 1150/1150 2212/2212
f 1659/1659 2697/2697 2212/2212
f 1659/1659 2212/2212 972/972
f 961/961 1638/1638 2698/2698
f 961/961 2698/2698 2209/2209
f 1638/1638 668/668 1646/1646
f 1638/1638 1646/1646 2698/2698
f 2698/2698 1646/1646 965/965
f 2698/2698 965/965 2210/2210
f 2209/2209 2698/2698 2210/2210
f 2209/2209 2210/2210 1150/1150
f 1150/1150 2210/2210 2699/2699
f 1150/1150 2699/2699 2211/2211
f 2210/2210 965/965 1645/1645
f 2210/2210 1645/1645 2699/2699
f 2699/2699 1645/1645 577/577
f 2699/2699 577/577 1536/1536
f 2211/2211 2699/2699 1536/1536
f 2211/2211 1536/1536 910/910
f 972/972 2212/2212 2700/2700
f 972/972 2700/2700 1660/1660
f 2212/2212 1150/1150 2211/2211
f 2212/2212 2211/2211 2700/2700
f 2700/2700 2211/2211 910/910
f 2700/2700 910/910 1535/1535
f 1660/1660 2700/2700 1535/1535
f 1660/1660 1535/1535 534/534
f 529/529 1639/1639 2701/2701
f 529/529 2701/2701 1655/1655
f 1639/1639 962/962 2213/2213
f 1639/1639 2213/2213 2701/2701
f 2701/2701 2213/2213 1151/1151
f 2701/2701 1151/1151 2216/2216
f 1655/1655 2701/2701 2216/2216
f 1655/1655 2216/2216 970/970
f 962/962 1640/1640 2702/2702
f 962/962 2702/2702 2213/2213
f 1640/1640 676/676 1662/1662
f 1640/1640 1662/1662 2702/2702
f 2702/2702 1662/1662 973/973
f 2702/2702 973/973 2214/2214
f 2213/2213 2702/2702 2214/2214
f 2213/2213 2214/2214 1151/1151
f 1151/1151 2214/2214 2703/2703
f 1151/1151 2703/2703 2215/2215
f 2214/2214 973/973 1661/1661
f 2214/2214 1661/1661 2703/2703
f 2703/2703 1661/1661 582/582
f 2703/2703 582/582 1538/1538
f 2215/2215 2703/2703 1538/1538
f 2215/2215 1538/1538 911/911
f 970/970 2216/2216 2704/2704
f 970/970 2704/2704 1656/1656
f 2216/2216 1151/1151 2215/2215
f 2216/2216 2215/2215 2704/2704
f 2704/2704 2215/2215 911/911
f 2704/2704 911/911 1537/1537
f 1656/1656 2704/2704 1537/1537
f 1656/1656 1537/1537 673/673
f 677/677 1641/1641 2705/2705
f 677/677 2705/2705 1663/1663
f 1641/1641 963/963 2217/2217
f 1641/1641 2217/2217 2705/2705
f 2705/2705 2217/2217 1152/1152
f 2705/2705 1152/1152 2220/2220
f 1663/1663 2705/2705 2220/2220
f 1663/1663 2220/2220 974/974
f 963/963 1642/1642 2706/2706
f 963/963 2706/2706 2217/2217
f 1642/1642 672/672 1654/1654
f 1642/1642 1654/1654 2706/2706
f 2706/2706 1654/1654 969/969
f 2706/2706 969/969 2218/2218
f 2217/2217 2706/2706 2218/2218
f 2217/2217 2218/2218 1152/1152
f 1152/1152 2218/2218 2707/2707
f 1152/1152 2707/2707 2219/2219
f 2218/2218 969/969 1653/1653
f 2218/2218 1653/1653 2707/2707
f 2707/2707 1653/1653 614/614
f 2707/2707 614/614 1540/1540
f 2219/2219 2707/2707 1540/1540
f 2219/2219 1540/1540 912/912
f 974/974 2220/2220 2708/2708
f 974/974 2708/2708 1664/1664
f 2220/2220 1152/1152 2219/2219
f 2220/2220 2219/2219 2708/2708
f 2708/2708 2219/2219 912/912
f 2708/2708 912/912 1539/1539
f 1664/1664 2708/2708 1539/1539
f 1664/1664 1539/1539 537/537
f 527/527 1643/1643 2709/2709
f 527/527 2709/2709 1651/1651
f 1643/1643 964/964 2221/2221
f 1643/1643 2221/2221 2709/2709
f 2709/2709 2221/2221 1153/1153
f 2709/2709 1153/1153 2224/2224
f 1651/1651 2709/2709 2224/2224
f 1651/1651 2224/2224 968/968
f 964/964 1644/1644 2710/2710
f 964/964 2710/2710 2221/2221
f 1644/1644 674/674 1658/1658
f 1644/1644 1658/1658 2710/2710
f 2710/2710 1658/1658 971/971
f 2710/2710 971/971 2222/2222
f 2221/2221 2710/2710 2222/2222
f 2221/2221 2222/2222 1153/1153
f 1153/1153 2222/2222 2711/2711
f 1153/1153 2711/2711 2223/2223
f 2222/2222 971/971 1657/1657
f 2222/2222 1657/1657 2711/2711
f 2711/2711 1657/1657 615/615
f 2711/2711 615/615 1542/1542
f 2223/2223 2711/2711 1542/1542
f 2223/2223 1542/1542 913/913
f 968/968 2224/2224 2712/2712
f 968/968 2712/2712 1652/1652
f 2224/2224 1153/1153 2223/2223
f 2224/2224 2223/2223 2712/2712
f 2712/2712 2223/2223 913/913
f 2712/2712 913/913 1541/1541
f 1652/1652 2712/2712 1541/1541
f 1652/1652 1541/1541 671/671
f 700/700 1752/1752 2713/2713
f 700/700 2713/2713 1677/1677
f 1752/1752 1018/1018 2225/2225
f 1752/1752 2225/2225 2713/2713
f 2713/2713 2225/2225 1154/1154
f 2713/2713 1154/1154 2228/2228
f 1677/1677 2713/2713 2228/2228
f 1677/1677 2228/2228 981/981
f 1018/1018 1751/1751 2714/2714
f 1018/1018 2714/2714 2225/2225
f 1751/1751 697/697 1736/1736
f 1751/1751 1736/1736 2714/2714
f 2714/2714 1736/1736 1010/1010
f 2714/2714 1010/1010 2226/2226
f 2225/2225 2714/2714 2226/2226
f 2225/2225 2226/2226 1154/1154
f 1154/1154 2226/2226 2715/2715
f 1154/1154 2715/2715 2227/2227
f 2226/2226 1010/1010 1734/1734
f 2226/2226 1734/1734 2715/2715
f 2715/2715 1734/1734 683/683
f 2715/2715 683/683 1681/1681
f 2227/2227 2715/2715 1681/1681
f 2227/2227 1681/1681 983/983
f 981/981 2228/2228 2716/2716
f 981/981 2716/2716 1679/1679
f 2228/2228 1154/1154 2227/2227
f 2228/2228 2227/2227 2716/2716
f 2716/2716 2227/2227 983/983
f 2716/2716 983/983 1682/1682
f 1679/1679 2716/2716 1682/1682
f 1679/1679 1682/1682 684/684
f 699/699 1750/1750 2717/2717
f 699/699 2717/2717 1666/1666
f 1750/1750 1017/1017 2229/2229
f 1750/1750 2229/2229 2717/2717
f 2717/2717 2229/2229 1155/1155
f 2717/2717 1155/1155 2232/2232
f 1666/1666 2717/2717 2232/2232
f 1666/1666 2232/2232 976/976
f 1017/1017 1749/1749 2718/2718
f 1017/1017 2718/2718 2229/2229
f 1749/1749 701/701 1678/1678
f 1749/1749 1678/1678 2718/2718
f 2718/2718 1678/1678 982/982
f 2718/2718 982/982 2230/2230
f 2229/2229 2718/2718 2230/2230
f 2229/2229 2230/2230 1155/1155
f 1155/1155 2230/2230 2719/2719
f 1155/1155 2719/2719 2231/2231
f 2230/2230 982/982 1680/1680
f 2230/2230 1680/1680 2719/2719
f 2719/2719 1680/1680 685/685
f 2719/2719 685/685 1683/1683
f 2231/2231 2719/2719 1683/1683
f 2231/2231 1683/1683 984/984
f 976/976 2232/2232 2720/2720
f 976/976 2720/2720 1668/1668
f 2232/2232 1155/1155 2231/2231
f 2232/2232 2231/2231 2720/2720
f 2720/2720 2231/2231 984/984
f 2720/2720 984/984 1684/1684
f 1668/1668 2720/2720 1684/1684
f 1668/1668 1684/1684 679/679
f 696/696 1748/1748 2721/2721
f 696/696 2721/2721 1735/1735
f 1748/1748 1016/1016 2233/2233
f 1748/1748 2233/2233 2721/2721
f 2721/2721 2233/2233 1156/1156
f 2721/2721 1156/1156 2236/2236
f 1735/1735 2721/2721 2236/2236
f 1735/1735 2236/2236 1009/1009
f 1016/1016 1747/1747 2722/2722
f 1016/1016 2722/2722 2233/2233
f 1747/1747 694/694 1731/1731
f 1747/1747 1731/1731 2722/2722
f 2722/2722 1731/1731 1007/1007
f 2722/2722 1007/1007 2234/2234
f 2233/2233 2722/2722 2234/2234
f 2233/2233 2234/2234 1156/1156
f 1156/1156 2234/2234 2723/2723
f 1156/1156 2723/2723 2235/2235
f 2234/2234 1007/1007 1729/1729
f 2234/2234 1729/1729 2723/2723
f 2723/2723 1729/1729 680/680
f 2723/2723 680/680 1685/1685
f 2235/2235 2723/2723 1685/1685
f 2235/2235 1685/1685 985/985
f 1009/1009 2236/2236 2724/2724
f 1009/1009 2724/2724 1733/1733
f 2236/2236 1156/1156 2235/2235
f 2236/2236 2235/2235 2724/2724
f 2724/2724 2235/2235 985/985
f 2724/2724 985/985 1686/1686
f 1733/1733 2724/2724 1686/1686
f 1733/1733 1686/1686 682/682
f 695/695 1746/1746 2725/2725
f 695/695 2725/2725 1732/1732
f 1746/1746 1015/1015 2237/2237
f 1746/1746 2237/2237 2725/2725
f 2725/2725 2237/2237 1157/1157
f 2725/2725 1157/1157 2240/2240
f 1732/1732 2725/2725 2240/2240
f 1732/1732 2240/2240 1008/1008
f 1015/1015 1745/1745 2726/2726
f 1015/1015 2726/2726 2237/2237
f 1745/1745 698/698 1665/1665
f 1745/1745 1665/1665 2726/2726
f 2726/2726 1665/1665 975/975
f 2726/2726 975/975 2238/2238
f 2237/2237 2726/2726 2238/2238
f 2237/2237 2238/2238 1157/1157
f 1157/1157 2238/2238 2727/2727
f 1157/1157 2727/2727 2239/2239
f 2238/2238 975/975 1667/1667
f 2238/2238 1667/1667 2727/2727
f 2727/2727 1667/1667 678/678
f 2727/2727 678/678 1687/1687
f 2239/2239 2727/2727 1687/1687
f 2239/2239 1687/1687 986/986
f 1008/1008 2240/2240 2728/2728
f 1008/1008 2728/2728 1730/1730
f 2240/2240 1157/1157 2239/2239
f 2240/2240 2239/2239 2728/2728
f 2728/2728 2239/2239 986/986
f 2728/2728 986/986 1688/1688
f 1730/1730 2728/2728 1688/1688
f 1730/1730 1688/1688 681/681
f 718/718 1796/1796 2729/2729
f 718/718 2729/2729 1701/1701
f 1796/1796 1040/1040 2241/2241
f 1796/1796 2241/2241 2729/2729
f 2729/2729 2241/2241 1158/1158
f 2729/2729 1158/1158 2244/2244
f 1701/1701 2729/2729 2244/2244
f 1701/1701 2244/2244 993/993
f 1040/1040 1795/1795 2730/2730
f 1040/1040 2730/2730 2241/2241
f 1795/1795 713/713 1782/1782
f 1795/1795 1782/1782 2730/2730
f 2730/2730 1782/1782 1033/1033
f 2730/2730 1033/1033 2242/2242
f 2241/2241 2730/2730 2242/2242
f 2241/2241 2242/2242 1158/1158
f 1158/1158 2242/2242 2731/2731
f 1158/1158 2731/2731 2243/2243
f 2242/2242 1033/1033 1780/1780
f 2242/2242 1780/1780 2731/2731
f 2731/2731 1780/1780 531/531
f 2731/2731 531/531 1192/1192
f 2243/2243 2731/2731 1192/1192
f 2243/2243 1192/1192 728/728
f 993/993 2244/2244 2732/2732
f 993/993 2732/2732 1703/1703
f 2244/2244 1158/1158 2243/2243
f 2244/2244 2243/2243 2732/2732
f 2732/2732 2243/2243 728/728
f 2732/2732 728/728 1191/1191
f 1703/1703 2732/2732 1191/1191
f 1703/1703 1191/1191 578/578
f 684/684 1682/1682 2733/2733
f 684/684 2733/2733 1709/1709
f 1682/1682 983/983 2245/2245
f 1682/1682 2245/2245 2733/2733
f 2733/2733 2245/2245 1159/1159
f 2733/2733 1159/1159 2248/2248
f 1709/1709 2733/2733 2248/2248
f 1709/1709 2248/2248 997/997
f 983/983 1681/1681 2734/2734
f 983/983 2734/2734 2245/2245
f 1681/1681 683/683 1676/1676
f 1681/1681 1676/1676 2734/2734
f 2734/2734 1676/1676 980/980
f 2734/2734 980/980 2246/2246
f 2245/2245 2734/2734 2246/2246
f 2245/2245 2246/2246 1159/1159
f 1159/1159 2246/2246 2735/2735
f 1159/1159 2735/2735 2247/2247
f 2246/2246 980/980 1674/1674
f 2246/2246 1674/1674 2735/2735
f 2735/2735 1674/1674 693/693
f 2735/2735 693/693 1721/1721
f 2247/2247 2735/2735 1721/1721
f 2247/2247 1721/1721 1003/1003
f 997/997 2248/2248 2736/2736
f 997/997 2736/2736 1711/1711
f 2248/2248 1159/1159 2247/2247
f 2248/2248 2247/2247 2736/2736
f 2736/2736 2247/2247 1003/1003
f 2736/2736 1003/1003 1722/1722
f 1711/1711 2736/2736 1722/1722
f 1711/1711 1722/1722 688/688
f 679/679 1684/1684 2737/2737
f 679/679 2737/2737 1706/1706
f 1684/1684 984/984 2249/2249
f 1684/1684 2249/2249 2737/2737
f 2737/2737 2249/2249 1160/1160
f 2737/2737 1160/1160 2252/2252
f 1706/1706 2737/2737 2252/2252
f 1706/1706 2252/2252 996/996
f 984/984 1683/1683 2738/2738
f 984/984 2738/2738 2249/2249
f 1683/1683 685/685 1710/1710
f 1683/1683 1710/1710 2738/2738
f 2738/2738 1710/1710 998/998
f 2738/2738 998/998 2250/2250
f 2249/2249 2738/2738 2250/2250
f 2249/2249 2250/2250 1160/1160
f 1160/1160 2250/2250 2739/2739
f 1160/1160 2739/2739 2251/2251
f 2250/2250 998/998 1712/1712
f 2250/2250 1712/1712 2739/2739
f 2739/2739 1712/1712 689/689
f 2739/2739 689/689 1723/1723
f 2251/2251 2739/2739 1723/1723
f 2251/2251 1723/1723 1004/1004
f 996/996 2252/2252 2740/2740
f 996/996 2740/2740 1708/1708
f 2252/2252 1160/1160 2251/2251
f 2252/2252 2251/2251 2740/2740
f 2740/2740 2251/2251 1004/1004
f 2740/2740 1004/1004 1724/1724
f 1708/1708 2740/2740 1724/1724
f 1708/1708 1724/1724 687/687
f 682/682 1686/1686 2741/2741
f 682/682 2741/2741 1675/1675
f 1686/1686 985/985 2253/2253
f 1686/1686 2253/2253 2741/2741
f 2741/2741 2253/2253 1161/1161
f 2741/2741 1161/1161 2256/2256
f 1675/1675 2741/2741 2256/2256
f 1675/1675 2256/2256 979/979
f 985/985 1685/1685 2742/2742
f 985/985 2742/2742 2253/2253
f 1685/1685 680/680 1671/1671
f 1685/1685 1671/1671 2742/2742
f 2742/2742 1671/1671 977/977
f 2742/2742 977/977 2254/2254
f 2253/2253 2742/2742 2254/2254
f 2253/2253 2254/2254 1161/1161
f 1161/1161 2254/2254 2743/2743
f 1161/1161 2743/2743 2255/2255
f 2254/2254 977/977 1669/1669
f 2254/2254 1669/1669 2743/2743
f 2743/2743 1669/1669 690/690
f 2743/2743 690/690 1725/1725
f 2255/2255 2743/2743 1725/1725
f 2255/2255 1725/1725 1005/1005
f 979/979 2256/2256 2744/2744
f 979/979 2744/2744 1673/1673
f 2256/2256 1161/1161 2255/2255
f 2256/2256 2255/2255 2744/2744
f 2744/2744 2255/2255 1005/1005
f 2744/2744 1005/1005 1726/1726
f 1673/1673 2744/2744 1726/1726
f 1673/1673 1726/1726 692/692
f 681/681 1688/1688 2745/2745
f 681/681 2745/2745 1672/1672
f 1688/1688 986/986 2257/2257
f 1688/1688 2257/2257 2745/2745
f 2745/2745 2257/2257 1162/1162
f 2745/2745 1162/1162 2260/2260
f 1672/1672 2745/2745 2260/2260
f 1672/1672 2260/2260 978/978
f 986/986 1687/1687 2746/2746
f 986/986 2746/2746 2257/2257
f 1687/1687 678/678 1705/1705
f 1687/1687 1705/1705 2746/2746
f 2746/2746 1705/1705 995/995
f 2746/2746 995/995 2258/2258
f 2257/2257 2746/2746 2258/2258
f 2257/2257 2258/2258 1162/1162
f 1162/1162 2258/2258 2747/2747
f 1162/1162 2747/2747 2259/2259
f 2258/2258 995/995 1707/1707
f 2258/2258 1707/1707 2747/2747
f 2747/2747 1707/1707 686/686
f 2747/2747 686/686 1727/1727
f 2259/2259 2747/2747 1727/1727
f 2259/2259 1727/1727 1006/1006
f 978/978 2260/2260 2748/2748
f 978/978 2748/2748 1670/1670
f 2260/2260 1162/1162 2259/2259
f 2260/2260 2259/2259 2748/2748
f 2748/2748 2259/2259 1006/1006
f 2748/2748 1006/1006 1728/1728
f 1670/1670 2748/2748 1728/1728
f 1670/1670 1728/1728 691/691
f 598/598 1411/1411 2749/2749
f 598/598 2749/2749 1446/1446
f 1411/1411 847/847 2261/2261
f 1411/1411 2261/2261 2749/2749
f 2749/2749 2261/2261 1163/1163
f 2749/2749 1163/1163 2264/2264
f 1446/1446 2749/2749 2264/2264
f 1446/1446 2264/2264 864/864
f 847/847 1412/1412 2750/2750
f 847/847 2750/2750 2261/2261
f 1412/1412 604/604 1738/1738
f 1412/1412 1738/1738 2750/2750
f 2750/2750 1738/1738 1011/1011
f 2750/2750 1011/1011 2262/2262
f 2261/2261 2750/2750 2262/2262
f 2261/2261 2262/2262 1163/1163
f 1163/1163 2262/2262 2751/2751
f 1163/1163 2751/2751 2263/2263
f 2262/2262 1011/1011 1739/1739
f 2262/2262 1739/1739 2751/2751
f 2751/2751 1739/1739 698/698
f 2751/2751 698/698 1745/1745
f 2263/2263 2751/2751 1745/1745
f 2263/2263 1745/1745 1015/1015
f 864/864 2264/2264 2752/2752
f 864/864 2752/2752 1444/1444
f 2264/2264 1163/1163 2263/2263
f 2264/2264 2263/2263 2752/2752
f 2752/2752 2263/2263 1015/1015
f 2752/2752 1015/1015 1746/1746
f 1444/1444 2752/2752 1746/1746
f 1444/1444 1746/1746 695/695
f 599/599 1408/1408 2753/2753
f 599/599 2753/2753 1449/1449
f 1408/1408 845/845 2265/2265
f 1408/1408 2265/2265 2753/2753
f 2753/2753 2265/2265 1164/1164
f 2753/2753 1164/1164 2268/2268
f 1449/1449 2753/2753 2268/2268
f 1449/1449 2268/2268 865/865
f 845/845 1407/1407 2754/2754
f 845/845 2754/2754 2265/2265
f 1407/1407 597/597 1445/1445
f 1407/1407 1445/1445 2754/2754
f 2754/2754 1445/1445 863/863
f 2754/2754 863/863 2266/2266
f 2265/2265 2754/2754 2266/2266
f 2265/2265 2266/2266 1164/1164
f 1164/1164 2266/2266 2755/2755
f 1164/1164 2755/2755 2267/2267
f 2266/2266 863/863 1443/1443
f 2266/2266 1443/1443 2755/2755
f 2755/2755 1443/1443 694/694
f 2755/2755 694/694 1747/1747
f 2267/2267 2755/2755 1747/1747
f 2267/2267 1747/1747 1016/1016
f 865/865 2268/2268 2756/2756
f 865/865 2756/2756 1447/1447
f 2268/2268 1164/1164 2267/2267
f 2268/2268 2267/2267 2756/2756
f 2756/2756 2267/2267 1016/1016
f 2756/2756 1016/1016 1748/1748
f 1447/1447 2756/2756 1748/1748
f 1447/1447 1748/1748 696/696
f 603/603 1414/1414 2757/2757
f 603/603 2757/2757 1737/1737
f 1414/1414 848/848 2269/2269
f 1414/1414 2269/2269 2757/2757
f 2757/2757 2269/2269 1165/1165
f 2757/2757 1165/1165 2272/2272
f 1737/1737 2757/2757 2272/2272
f 1737/1737 2272/2272 1012/1012
f 848/848 1413/1413 2758/2758
f 848/848 2758/2758 2269/2269
f 1413/1413 601/601 1741/1741
f 1413/1413 1741/1741 2758/2758
f 2758/2758 1741/1741 1014/1014
f 2758/2758 1014/1014 2270/2270
f 2269/2269 2758/2758 2270/2270
f 2269/2269 2270/2270 1165/1165
f 1165/1165 2270/2270 2759/2759
f 1165/1165 2759/2759 2271/2271
f 2270/2270 1014/1014 1744/1744
f 2270/2270 1744/1744 2759/2759
f 2759/2759 1744/1744 701/701
f 2759/2759 701/701 1749/1749
f 2271/2271 2759/2759 1749/1749
f 2271/2271 1749/1749 1017/1017
f 1012/1012 2272/2272 2760/2760
f 1012/1012 2760/2760 1740/1740
f 2272/2272 1165/1165 2271/2271
f 2272/2272 2271/2271 2760/2760
f 2760/2760 2271/2271 1017/1017
f 2760/2760 1017/1017 1750/1750
f 1740/1740 2760/2760 1750/1750
f 1740/1740 1750/1750 699/699
f 602/602 1409/1409 2761/2761
f 602/602 2761/2761 1742/1742
f 1409/1409 846/846 2273/2273
f 1409/1409 2273/2273 2761/2761
f 2761/2761 2273/2273 1166/1166
f 2761/2761 1166/1166 2276/2276
f 1742/1742 2761/2761 2276/2276
f 1742/1742 2276/2276 1013/1013
f 846/846 1410/1410 2762/2762
f 846/846 2762/2762 2273/2273
f 1410/1410 600/600 1450/1450
f 1410/1410 1450/1450 2762/2762
f 2762/2762 1450/1450 866/866
f 2762/2762 866/866 2274/2274
f 2273/2273 2762/2762 2274/2274
f 2273/2273 2274/2274 1166/1166
f 1166/1166 2274/2274 2763/2763
f 1166/1166 2763/2763 2275/2275
f 2274/2274 866/866 1448/1448
f 2274/2274 1448/1448 2763/2763
f 2763/2763 1448/1448 697/697
f 2763/2763 697/697 1751/1751
f 2275/2275 2763/2763 1751/1751
f 2275/2275 1751/1751 1018/1018
f 1013/1013 2276/2276 2764/2764
f 1013/1013 2764/2764 1743/1743
f 2276/2276 1166/1166 2275/2275
f 2276/2276 2275/2275 2764/2764
f 2764/2764 2275/2275 1018/1018
f 2764/2764 1018/1018 1752/1752
f 1743/1743 2764/2764 1752/1752
f 1743/1743 1752/1752 700/700
f 540/540 1429/1429 2765/2765
f 540/540 2765/2765 1229/1229
f 1429/1429 855/855 2277/2277
f 1429/1429 2277/2277 2765/2765
f 2765/2765 2277/2277 1167/1167
f 2765/2765 1167/1167 2280/2280
f 1229/1229 2765/2765 2280/2280
f 1229/1229 2280/2280 747/747
f 855/855 1427/1427 2766/2766
f 855/855 2766/2766 2277/2277
f 1427/1427 710/710 1769/1769
f 1427/1427 1769/1769 2766/2766
f 2766/2766 1769/1769 1027/1027
f 2766/2766 1027/1027 2278/2278
f 2277/2277 2766/2766 2278/2278
f 2277/2277 2278/2278 1167/1167
f 1167/1167 2278/2278 2767/2767
f 1167/1167 2767/2767 2279/2279
f 2278/2278 1027/1027 1770/1770
f 2278/2278 1770/1770 2767/2767
f 2767/2767 1770/1770 708/708
f 2767/2767 708/708 1763/1763
f 2279/2279 2767/2767 1763/1763
f 2279/2279 1763/1763 1023/1023
f 747/747 2280/2280 2768/2768
f 747/747 2768/2768 1230/1230
f 2280/2280 1167/1167 2279/2279
f 2280/2280 2279/2279 2768/2768
f 2768/2768 2279/2279 1023/1023
f 2768/2768 1023/1023 1761/1761
f 1230/1230 2768/2768 1761/1761
f 1230/1230 1761/1761 551/551
f 553/553 1762/1762 2769/2769
f 553/553 2769/2769 1234/1234
f 1762/1762 1024/1024 2281/2281
f 1762/1762 2281/2281 2769/2769
f 2769/2769 2281/2281 1168/1168
f 2769/2769 1168/1168 2284/2284
f 1234/1234 2769/2769 2284/2284
f 1234/1234 2284/2284 749/749
f 1024/1024 1764/1764 2770/2770
f 1024/1024 2770/2770 2281/2281
f 1764/1764 709/709 1771/1771
f 1764/1764 1771/1771 2770/2770
f 2770/2770 1771/1771 1028/1028
f 2770/2770 1028/1028 2282/2282
f 2281/2281 2770/2770 2282/2282
f 2281/2281 2282/2282 1168/1168
f 1168/1168 2282/2282 2771/2771
f 1168/1168 2771/2771 2283/2283
f 2282/2282 1028/1028 1772/1772
f 2282/2282 1772/1772 2771/2771
f 2771/2771 1772/1772 703/703
f 2771/2771 703/703 1755/1755
f 2283/2283 2771/2771 1755/1755
f 2283/2283 1755/1755 1019/1019
f 749/749 2284/2284 2772/2772
f 749/749 2772/2772 1232/1232
f 2284/2284 1168/1168 2283/2283
f 2284/2284 2283/2283 2772/2772
f 2772/2772 2283/2283 1019/1019
f 2772/2772 1019/1019 1753/1753
f 1232/1232 2772/2772 1753/1753
f 1232/1232 1753/1753 590/590
f 594/594 1406/1406 2773/2773
f 594/594 2773/2773 1422/1422
f 1406/1406 844/844 2285/2285
f 1406/1406 2285/2285 2773/2773
f 2773/2773 2285/2285 1169/1169
f 2773/2773 1169/1169 2288/2288
f 1422/1422 2773/2773 2288/2288
f 1422/1422 2288/2288 852/852
f 844/844 1405/1405 2774/2774
f 844/844 2774/2774 2285/2285
f 1405/1405 591/591 1754/1754
f 1405/1405 1754/1754 2774/2774
f 2774/2774 1754/1754 1020/1020
f 2774/2774 1020/1020 2286/2286
f 2285/2285 2774/2774 2286/2286
f 2285/2285 2286/2286 1169/1169
f 1169/1169 2286/2286 2775/2775
f 1169/1169 2775/2775 2287/2287
f 2286/2286 1020/1020 1756/1756
f 2286/2286 1756/1756 2775/2775
f 2775/2775 1756/1756 704/704
f 2775/2775 704/704 1774/1774
f 2287/2287 2775/2775 1774/1774
f 2287/2287 1774/1774 1030/1030
f 852/852 2288/2288 2776/2776
f 852/852 2776/2776 1420/1420
f 2288/2288 1169/1169 2287/2287
f 2288/2288 2287/2287 2776/2776
f 2776/2776 2287/2287 1030/1030
f 2776/2776 1030/1030 1776/1776
f 1420/1420 2776/2776 1776/1776
f 1420/1420 1776/1776 707/707
f 593/593 1421/1421 2777/2777
f 593/593 2777/2777 1394/1394
f 1421/1421 851/851 2289/2289
f 1421/1421 2289/2289 2777/2777
f 2777/2777 2289/2289 1170/1170
f 2777/2777 1170/1170 2292/2292
f 1394/1394 2777/2777 2292/2292
f 1394/1394 2292/2292 838/838
f 851/851 1419/1419 2778/2778
f 851/851 2778/2778 2289/2289
f 1419/1419 706/706 1777/1777
f 1419/1419 1777/1777 2778/2778
f 2778/2778 1777/1777 1031/1031
f 2778/2778 1031/1031 2290/2290
f 2289/2289 2778/2778 2290/2290
f 2289/2289 2290/2290 1170/1170
f 1170/1170 2290/2290 2779/2779
f 1170/1170 2779/2779 2291/2291
f 2290/2290 1031/1031 1778/1778
f 2290/2290 1778/1778 2779/2779
f 2779/2779 1778/1778 711/711
f 2779/2779 711/711 1428/1428
f 2291/2291 2779/2779 1428/1428
f 2291/2291 1428/1428 856/856
f 838/838 2292/2292 2780/2780
f 838/838 2780/2780 1392/1392
f 2292/2292 1170/1170 2291/2291
f 2292/2292 2291/2291 2780/2780
f 2780/2780 2291/2291 856/856
f 2780/2780 856/856 1430/1430
f 1392/1392 2780/2780 1430/1430
f 1392/1392 1430/1430 543/543
f 609/609 1433/1433 2781/2781
f 609/609 2781/2781 1791/1791
f 1433/1433 858/858 2293/2293
f 1433/1433 2293/2293 2781/2781
f 2781/2781 2293/2293 1171/1171
f 2781/2781 1171/1171 2296/2296
f 1791/1791 2781/2781 2296/2296
f 1791/1791 2296/2296 1038/1038
f 858/858 1434/1434 2782/2782
f 858/858 2782/2782 2293/2293
f 1434/1434 608/608 1692/1692
f 1434/1434 1692/1692 2782/2782
f 2782/2782 1692/1692 988/988
f 2782/2782 988/988 2294/2294
f 2293/2293 2782/2782 2294/2294
f 2293/2293 2294/2294 1171/1171
f 1171/1171 2294/2294 2783/2783
f 1171/1171 2783/2783 2295/2295
f 2294/2294 988/988 1690/1690
f 2294/2294 1690/1690 2783/2783
f 2783/2783 1690/1690 713/713
f 2783/2783 713/713 1795/1795
f 2295/2295 2783/2783 1795/1795
f 2295/2295 1795/1795 1040/1040
f 1038/1038 2296/2296 2784/2784
f 1038/1038 2784/2784 1793/1793
f 2296/2296 1171/1171 2295/2295
f 2296/2296 2295/2295 2784/2784
f 2784/2784 2295/2295 1040/1040
f 2784/2784 1040/1040 1796/1796
f 1793/1793 2784/2784 1796/1796
f 1793/1793 1796/1796 718/718
f 612/612 1438/1438 2785/2785
f 612/612 2785/2785 1788/1788
f 1438/1438 860/860 2297/2297
f 1438/1438 2297/2297 2785/2785
f 2785/2785 2297/2297 1172/1172
f 2785/2785 1172/1172 2300/2300
f 1788/1788 2785/2785 2300/2300
f 1788/1788 2300/2300 1037/1037
f 860/860 1437/1437 2786/2786
f 860/860 2786/2786 2297/2297
f 1437/1437 610/610 1792/1792
f 1437/1437 1792/1792 2786/2786
f 2786/2786 1792/1792 1039/1039
f 2786/2786 1039/1039 2298/2298
f 2297/2297 2786/2786 2298/2298
f 2297/2297 2298/2298 1172/1172
f 1172/1172 2298/2298 2787/2787
f 1172/1172 2787/2787 2299/2299
f 2298/2298 1039/1039 1794/1794
f 2298/2298 1794/1794 2787/2787
f 2787/2787 1794/1794 719/719
f 2787/2787 719/719 1797/1797
f 2299/2299 2787/2787 1797/1797
f 2299/2299 1797/1797 1041/1041
f 1037/1037 2300/2300 2788/2788
f 1037/1037 2788/2788 1790/1790
f 2300/2300 1172/1172 2299/2299
f 2300/2300 2299/2299 2788/2788
f 2788/2788 2299/2299 1041/1041
f 2788/2788 1041/1041 1798/1798
f 1790/1790 2788/2788 1798/1798
f 1790/1790 1798/1798 717/717
f 607/607 1432/1432 2789/2789
f 607/607 2789/2789 1691/1691
f 1432/1432 857/857 2301/2301
f 1432/1432 2301/2301 2789/2789
f 2789/2789 2301/2301 1173/1173
f 2789/2789 1173/1173 2304/2304
f 1691/1691 2789/2789 2304/2304
f 1691/1691 2304/2304 987/987
f 857/857 1431/1431 2790/2790
f 857/857 2790/2790 2301/2301
f 1431/1431 605/605 1783/1783
f 1431/1431 1783/1783 2790/2790
f 2790/2790 1783/1783 1034/1034
f 2790/2790 1034/1034 2302/2302
f 2301/2301 2790/2790 2302/2302
f 2301/2301 2302/2302 1173/1173
f 1173/1173 2302/2302 2791/2791
f 1173/1173 2791/2791 2303/2303
f 2302/2302 1034/1034 1785/1785
f 2302/2302 1785/1785 2791/2791
f 2791/2791 1785/1785 714/714
f 2791/2791 714/714 1799/1799
f 2303/2303 2791/2791 1799/1799
f 2303/2303 1799/1799 1042/1042
f 987/987 2304/2304 2792/2792
f 987/987 2792/2792 1689/1689
f 2304/2304 1173/1173 2303/2303
f 2304/2304 2303/2303 2792/2792
f 2792/2792 2303/2303 1042/1042
f 2792/2792 1042/1042 1800/1800
f 1689/1689 2792/2792 1800/1800
f 1689/1689 1800/1800 712/712
f 606/606 1435/1435 2793/2793
f 606/606 2793/2793 1784/1784
f 1435/1435 859/859 2305/2305
f 1435/1435 2305/2305 2793/2793
f 2793/2793 2305/2305 1174/1174
f 2793/2793 1174/1174 2308/2308
f 1784/1784 2793/2793 2308/2308
f 1784/1784 2308/2308 1035/1035
f 859/859 1436/1436 2794/2794
f 859/859 2794/2794 2305/2305
f 1436/1436 611/611 1787/1787
f 1436/1436 1787/1787 2794/2794
f 2794/2794 1787/1787 1036/1036
f 2794/2794 1036/1036 2306/2306
f 2305/2305 2794/2794 2306/2306
f 2305/2305 2306/2306 1174/1174
f 1174/1174 2306/2306 2795/2795
f 1174/1174 2795/2795 2307/2307
f 2306/2306 1036/1036 1789/1789
f 2306/2306 1789/1789 2795/2795
f 2795/2795 1789/1789 716/716
f 2795/2795 716/716 1801/1801
f 2307/2307 2795/2795 1801/1801
f 2307/2307 1801/1801 1043/1043
f 1035/1035 2308/2308 2796/2796
f 1035/1035 2796/2796 1786/1786
f 2308/2308 1174/1174 2307/2307
f 2308/2308 2307/2307 2796/2796
f 2796/2796 2307/2307 1043/1043
f 2796/2796 1043/1043 1802/1802
f 1786/1786 2796/2796 1802/1802
f 1786/1786 1802/1802 715/715

