# HWR household_v1 locked asset
mtllib dining_cup.mtl

o Circle.012
usemtl tea_set_01
v 0.02733782 -0.08340253 0.08925776
v 0.05051371 -0.06791690 0.08925776
v 0.06599934 -0.04474101 0.08925776
v 0.07143717 -0.01740320 0.08925776
v 0.06599935 0.00993461 0.08925776
v 0.05051372 0.03311050 0.08925776
v 0.02733783 0.04859613 0.08925776
v 0.02513184 -0.07807682 0.07103356
v 0.04643758 -0.06384077 0.07103356
v 0.06067363 -0.04253503 0.07103356
v 0.06567266 -0.01740320 0.07103356
v 0.06067364 0.00772863 0.07103356
v 0.04643759 0.02903438 0.07103356
v 0.02523146 0.04324024 0.07103356
v 0.02252981 -0.07179496 0.04812595
v 0.04162965 -0.05903284 0.04812595
v 0.05439176 -0.03993300 0.04812595
v 0.05887322 -0.01740320 0.04812595
v 0.05439177 0.00512660 0.04812595
v 0.04162966 0.02422645 0.04812595
v 0.02260254 0.03696653 0.04812595
v 0.01813244 -0.06117878 0.02801692
v 0.03350438 -0.05090757 0.02801692
v 0.04377558 -0.03553563 0.02801692
v 0.04738236 -0.01740320 0.02801692
v 0.04377559 0.00072923 0.02801692
v 0.03350439 0.01610117 0.02801692
v 0.01820517 0.02635034 0.02801692
v 0.01300699 -0.04880485 0.01826421
v 0.02403378 -0.04143698 0.01826421
v 0.03140165 -0.03041019 0.01826421
v 0.03398890 -0.01740320 0.01826421
v 0.03140166 -0.00439621 0.01826421
v 0.02403379 0.00663058 0.01826421
v 0.01300699 0.01399845 0.01826421
v 0.01431437 -0.05196113 0.00017309
v 0.02644950 -0.04385270 0.00017309
v 0.03455794 -0.03171757 0.00017309
v 0.03740525 -0.01740320 0.00017309
v 0.03455794 -0.00308884 0.00017309
v 0.02644951 0.00904630 0.00017309
v 0.01431437 0.01715474 0.00017309
v 0.01213888 -0.04670904 0.00043660
v 0.02242972 -0.03983291 0.00043660
v 0.02930584 -0.02954207 0.00043660
v 0.03172041 -0.01740320 0.00043660
v 0.02930584 -0.00526433 0.00043660
v 0.02242972 0.00502652 0.00043660
v 0.01213888 0.01190264 0.00043660
v 0.00981433 -0.04109708 0.00223487
v 0.01813451 -0.03553771 0.00223487
v 0.02369388 -0.02721752 0.00223487
v 0.02564607 -0.01740320 0.00223487
v 0.02369388 -0.00758888 0.00223487
v 0.01813451 0.00073131 0.00223487
v 0.00981433 0.00629068 0.00223487
v 0.02640390 -0.08114783 0.08945313
v 0.04878803 -0.06619123 0.08945313
v 0.06374464 -0.04380709 0.08945313
v 0.06899670 -0.01740320 0.08945313
v 0.06374464 0.00900069 0.08945313
v 0.04878805 0.03138482 0.08945313
v 0.02640390 0.04634144 0.08945313
v 0.00881194 -0.03867710 0.01943101
v 0.00881194 -0.03867710 0.01943101
v 0.01628235 -0.03368554 0.01943101
v 0.01628235 -0.03368554 0.01943101
v 0.02127391 -0.02621514 0.01943101
v 0.02127391 -0.02621514 0.01943101
v 0.02302672 -0.01740320 0.01943101
v 0.02302672 -0.01740320 0.01943101
v 0.02127391 -0.00859126 0.01943101
v 0.02127391 -0.00859126 0.01943101
v 0.01628235 -0.00112085 0.01943101
v 0.01628235 -0.00112085 0.01943101
v 0.00881194 0.00387071 0.01943101
v 0.00881194 0.00387071 0.01943101
v 0.01393640 -0.08746617 0.08925776
v 0.03968749 -0.07679971 0.08925776
v 0.05939652 -0.05709068 0.08925776
v 0.07006298 -0.03133959 0.08925776
v 0.07006298 -0.00346681 0.08925776
v 0.05939654 0.02228429 0.08925776
v 0.03968750 0.04199332 0.08925776
v 0.01393640 0.05265978 0.08925776
v 0.01281182 -0.08181256 0.07103356
v 0.03648497 -0.07200681 0.07103356
v 0.05460362 -0.05388816 0.07103356
v 0.06440936 -0.03021502 0.07103356
v 0.06440937 -0.00459139 0.07103356
v 0.05460363 0.01908177 0.07103356
v 0.03648498 0.03720042 0.07103356
v 0.01484405 0.04677755 0.07104584
v 0.04799608 -0.06539928 0.07872229
v 0.06559994 -0.04457558 0.08717297
v 0.07100487 -0.01740320 0.08717297
v 0.06559995 0.00976918 0.08717297
v 0.05020803 0.03280482 0.08717297
v 0.02717239 0.04819675 0.08717297
v 0.02717239 -0.08300313 0.08717297
v 0.01148535 -0.07514391 0.04812595
v 0.03270749 -0.06635341 0.04812595
v 0.04895021 -0.05011068 0.04812595
v 0.05774071 -0.02888854 0.04812595
v 0.05774072 -0.00591786 0.04812595
v 0.04895023 0.01530428 0.04812595
v 0.03270750 0.03154701 0.04812595
v 0.01125502 0.04023572 0.04764684
v 0.02401074 -0.07537024 0.06027491
v 0.04436604 -0.06176924 0.06027491
v 0.05796704 -0.04141393 0.06027491
v 0.06274307 -0.01740320 0.06027491
v 0.05796705 0.00660753 0.06027491
v 0.04436606 0.02696284 0.06027491
v 0.02403564 0.04055630 0.06027491
v 0.00924364 -0.06387408 0.02801692
v 0.02632364 -0.05679931 0.02801692
v 0.03939611 -0.04372683 0.02801692
v 0.04647088 -0.02664683 0.02801692
v 0.04647089 -0.00815957 0.02801692
v 0.03939612 0.00892044 0.02801692
v 0.02632365 0.02199291 0.02801692
v 0.00917277 0.02941252 0.02827930
v 0.04973924 0.00319946 0.03687242
v 0.03806877 0.02066555 0.03687242
v 0.02089360 0.03224789 0.03687242
v 0.02060267 -0.06714243 0.03687242
v 0.03806876 -0.05547196 0.03687242
v 0.04973923 -0.03800586 0.03687242
v 0.05383736 -0.01740320 0.03687242
v 0.00663076 -0.05073828 0.01826422
v 0.01888281 -0.04566331 0.01826422
v 0.02826012 -0.03628600 0.01826422
v 0.03333508 -0.02403396 0.01826422
v 0.03333509 -0.01077244 0.01826422
v 0.02826012 0.00147960 0.01826422
v 0.01888281 0.01085692 0.01826422
v 0.00663076 0.01593189 0.01826422
v 0.03697583 -0.03271909 0.02209254
v 0.04002235 -0.01740320 0.02209254
v 0.03697583 -0.00208732 0.02209254
v 0.02830008 0.01089687 0.02209254
v 0.01531589 0.01957263 0.02209254
v 0.01531589 -0.05437903 0.02209254
v 0.02830007 -0.04570327 0.02209254
v 0.01195224 -0.04625845 0.01533076
v 0.01195224 -0.04625845 0.01533076
v 0.02208485 -0.03948805 0.01533076
v 0.02208485 -0.03948805 0.01533076
v 0.02885525 -0.02935543 0.01533076
v 0.02885525 -0.02935543 0.01533076
v 0.03123270 -0.01740320 0.01533076
v 0.03123270 -0.01740320 0.01533076
v 0.02885526 -0.00545097 0.01533076
v 0.02885526 -0.00545097 0.01533076
v 0.02208486 0.00468165 0.01533076
v 0.02208486 0.00468165 0.01533076
v 0.01195224 0.01145205 0.01533076
v 0.01195224 0.01145205 0.01533076
v 0.00729724 -0.05408890 0.00017309
v 0.02078079 -0.04850384 0.00017309
v 0.03110064 -0.03818398 0.00017309
v 0.03668570 -0.02470044 0.00017309
v 0.03668571 -0.01010596 0.00017309
v 0.03110065 0.00337758 0.00017309
v 0.02078079 0.01369744 0.00017309
v 0.00729724 0.01928251 0.00017309
v 0.01510566 -0.05387148 0.00091409
v 0.01510566 -0.05387148 0.00091409
v 0.02791162 -0.04531481 0.00091409
v 0.02791162 -0.04531481 0.00091409
v 0.03646828 -0.03250886 0.00091409
v 0.03646828 -0.03250886 0.00091409
v 0.03947299 -0.01740320 0.00091409
v 0.03947299 -0.01740320 0.00091409
v 0.03646829 -0.00229754 0.00091409
v 0.03646829 -0.00229754 0.00091409
v 0.02791162 0.01050841 0.00091409
v 0.02791162 0.01050841 0.00091409
v 0.01510566 0.01906509 0.00091409
v 0.01510566 0.01906509 0.00091409
v 0.00618821 -0.04851343 0.00043660
v 0.01762253 -0.04377717 0.00043660
v 0.02637398 -0.03502572 0.00043660
v 0.03111022 -0.02359141 0.00043660
v 0.03111023 -0.01121499 0.00043660
v 0.02637398 0.00021933 0.00043660
v 0.01762253 0.00897078 0.00043660
v 0.00618821 0.01370703 0.00043660
v 0.02458362 0.00718041 0.00000000
v 0.01330456 0.01471684 0.00000000
v 0.01330456 -0.04952324 0.00000000
v 0.02458362 -0.04198681 0.00000000
v 0.03212004 -0.03070775 0.00000000
v 0.03476648 -0.01740320 0.00000000
v 0.03212005 -0.00409865 0.00000000
v 0.00500349 -0.04255743 0.00223487
v 0.01424873 -0.03872793 0.00223487
v 0.02132473 -0.03165193 0.00223487
v 0.02515423 -0.02240669 0.00223487
v 0.02515424 -0.01239971 0.00223487
v 0.02132473 -0.00315447 0.00223487
v 0.01424873 0.00392153 0.00223487
v 0.00500349 0.00775103 0.00223487
v 0.01630708 -0.00109612 0.00277936
v 0.00882533 0.00390303 0.00277936
v 0.00882533 -0.03870943 0.00277936
v 0.01630708 -0.03371028 0.00277936
v 0.02130623 -0.02622853 0.00277936
v 0.02306170 -0.01740320 0.00277936
v 0.02130623 -0.00857787 0.00277936
v 0.01346030 -0.08507266 0.08945313
v 0.03833167 -0.07477059 0.08945313
v 0.05736740 -0.05573486 0.08945313
v 0.06766946 -0.03086349 0.08945313
v 0.06766947 -0.00394291 0.08945313
v 0.05736740 0.02092846 0.08945313
v 0.03833168 0.03996419 0.08945313
v 0.01346029 0.05026626 0.08945313
v 0.02700669 0.04779671 0.08999999
v 0.02700669 0.04779671 0.08999999
v 0.04990186 0.03249864 0.08999999
v 0.04990186 0.03249864 0.08999999
v 0.02700669 -0.08260310 0.08999999
v 0.02700669 -0.08260310 0.08999999
v 0.04990185 -0.06730504 0.08999999
v 0.04990185 -0.06730504 0.08999999
v 0.06519991 -0.04440988 0.08999999
v 0.06519991 -0.04440988 0.08999999
v 0.07057188 -0.01740320 0.08999999
v 0.07057188 -0.01740320 0.08999999
v 0.06519991 0.00960347 0.08999999
v 0.06519991 0.00960347 0.08999999
v 0.00452530 -0.04015343 0.01943514
v 0.00452530 -0.04015343 0.01943514
v 0.01288697 -0.03668991 0.01943514
v 0.01288697 -0.03668991 0.01943514
v 0.01928671 -0.03029017 0.01943514
v 0.01928671 -0.03029017 0.01943514
v 0.02275023 -0.02192850 0.01943514
v 0.02275023 -0.02192850 0.01943514
v 0.02275024 -0.01287790 0.01943514
v 0.02275024 -0.01287790 0.01943514
v 0.01928672 -0.00451623 0.01943514
v 0.01928672 -0.00451623 0.01943514
v 0.01288698 0.00188351 0.01943514
v 0.01288698 0.00188351 0.01943514
v 0.00452530 0.00534703 0.01943514
v 0.00452530 0.00534703 0.01943514
v 0.01380049 -0.02311955 0.01829895
v 0.01056244 -0.02796563 0.01829895
v 0.01493754 -0.01740320 0.01829895
v 0.01380049 -0.01168685 0.01829895
v 0.01056244 -0.00684077 0.01829895
v 0.00571635 -0.00360271 0.01829895
v 0.00571635 -0.03120368 0.01829895
v 0.05020802 -0.06761121 0.08717297
v 0.06270991 -0.04337849 0.07872229
v 0.06787672 -0.01740320 0.07872229
v 0.06270992 0.00857208 0.07872229
v 0.04799610 0.03059288 0.07872229
v 0.02600020 0.04529917 0.07872229
v 0.02597530 -0.08011310 0.07872229
v 0.05643618 -0.05511264 0.07872229
v 0.06657102 -0.03064500 0.07872229
v 0.06657103 -0.00416141 0.07872229
v 0.05643620 0.02030625 0.07872229
v 0.03770946 0.03903298 0.07872229
v 0.01291355 0.04924461 0.07857117
v 0.01324180 -0.08397421 0.07872229
v 0.03770946 -0.07383938 0.07872229
v 0.01224030 -0.07893933 0.06027491
v 0.03485742 -0.06957100 0.06027491
v 0.05216781 -0.05226061 0.06027491
v 0.06153613 -0.02964350 0.06027491
v 0.06153614 -0.00516291 0.06027491
v 0.05216782 0.01745421 0.06027491
v 0.03485742 0.03476461 0.06027491
v 0.01197698 0.04442107 0.06084399
v 0.04476315 0.01250657 0.03687243
v 0.02990978 0.02735994 0.03687243
v 0.01293728 0.03489793 0.03689400
v 0.01050292 -0.07020492 0.03687243
v 0.02990978 -0.06216634 0.03687243
v 0.04476314 -0.04731297 0.03687243
v 0.05280172 -0.02790612 0.03687243
v 0.05280173 -0.00690029 0.03687243
v 0.03925247 -0.02521100 0.02209254
v 0.03925247 -0.00959540 0.02209254
v 0.03327664 0.00483153 0.02209254
v 0.02223474 0.01587343 0.02209254
v 0.00780780 0.02184927 0.02209254
v 0.00780780 -0.05665566 0.02209254
v 0.02223474 -0.05067983 0.02209254
v 0.03327663 -0.03963793 0.02209254
v 0.01735158 -0.04337166 0.01533076
v 0.01735158 -0.04337166 0.01533076
v 0.02596847 -0.03475477 0.01533076
v 0.02596847 -0.03475477 0.01533076
v 0.03063190 -0.02349626 0.01533076
v 0.03063190 -0.02349626 0.01533076
v 0.03063190 -0.01131014 0.01533076
v 0.03063190 -0.01131014 0.01533076
v 0.02596848 -0.00005163 0.01533076
v 0.02596848 -0.00005163 0.01533076
v 0.01735158 0.00856527 0.01533076
v 0.01735158 0.00856527 0.01533076
v 0.00609306 0.01322870 0.01533076
v 0.00609306 0.01322870 0.01533076
v 0.00609307 -0.04803510 0.01533076
v 0.00609307 -0.04803510 0.01533076
v 0.02192954 -0.05022306 0.00091409
v 0.02192954 -0.05022306 0.00091409
v 0.03281987 -0.03933273 0.00091409
v 0.03281987 -0.03933273 0.00091409
v 0.03871367 -0.02510383 0.00091409
v 0.03871367 -0.02510383 0.00091409
v 0.03871368 -0.00970257 0.00091409
v 0.03871368 -0.00970257 0.00091409
v 0.03281987 0.00452633 0.00091409
v 0.03281987 0.00452633 0.00091409
v 0.02192954 0.01541667 0.00091409
v 0.02192954 0.01541667 0.00091409
v 0.00770063 0.02131048 0.00091409
v 0.00770063 0.02131048 0.00091409
v 0.00770063 -0.05611687 0.00091409
v 0.00770063 -0.05611687 0.00091409
v 0.01931480 0.01150343 0.00000000
v 0.00678246 0.01669451 0.00000000
v 0.00678246 -0.05150090 0.00000000
v 0.01931480 -0.04630983 0.00000000
v 0.02890664 -0.03671799 0.00000000
v 0.03409770 -0.02418565 0.00000000
v 0.03409771 -0.01062075 0.00000000
v 0.02890664 0.00191159 0.00000000
v 0.01282230 0.00178672 0.00277936
v 0.00450259 0.00523286 0.00277936
v 0.00450259 -0.04003926 0.00277936
v 0.01282230 -0.03659312 0.00277936
v 0.01918992 -0.03022549 0.00277936
v 0.02263605 -0.02190579 0.00277936
v 0.02263606 -0.01290061 0.00277936
v 0.01918993 -0.00458090 0.00277936
v 0.03920678 0.04127387 0.08999999
v 0.03920678 0.04127387 0.08999999
v 0.01376759 0.05181113 0.08999999
v 0.01376759 0.05181113 0.08999999
v 0.01376759 -0.08661752 0.08999999
v 0.01376759 -0.08661752 0.08999999
v 0.03920677 -0.07608027 0.08999999
v 0.03920677 -0.07608027 0.08999999
v 0.05867708 -0.05660996 0.08999999
v 0.05867708 -0.05660996 0.08999999
v 0.06921433 -0.03117079 0.08999999
v 0.06921433 -0.03117079 0.08999999
v 0.06921434 -0.00363562 0.08999999
v 0.06921434 -0.00363562 0.08999999
v 0.05867709 0.02180356 0.08999999
v 0.05867709 0.02180356 0.08999999
v 0.01242005 -0.02570201 0.01829895
v 0.01465045 -0.02031735 0.01829895
v 0.01465045 -0.01448904 0.01829895
v 0.01242005 -0.00910439 0.01829895
v 0.00829881 -0.00498315 0.01829895
v 0.00291416 -0.00275275 0.01829895
v 0.00291416 -0.03205365 0.01829895
v 0.00829881 -0.02982325 0.01829895
v 0.03944732 -0.07644028 0.08717297
v 0.01385206 -0.08704219 0.08717297
v 0.01385206 0.05223580 0.08717297
v 0.03944733 0.04163390 0.08717297
v 0.05903711 0.02204412 0.08717297
v 0.06963901 -0.00355115 0.08717297
v 0.06963901 -0.03125525 0.08717297
v 0.05903709 -0.05685052 0.08717297
v 0.00369957 0.05483298 0.06573342
v 0.01020636 0.04823986 0.07105270
v 0.01020636 0.04823986 0.07105270
v 0.00811019 0.04930802 0.07519792
v 0.00811019 0.04930802 0.07519792
v 0.00774444 0.04686138 0.06585058
v 0.00774444 0.04686138 0.06585058
v 0.00831259 0.04994588 0.07109127
v 0.00693225 0.05072636 0.07435752
v 0.00664722 0.04904641 0.06694049
v 0.00636916 0.05148559 0.07180236
v 0.00541433 0.05210210 0.07446407
v 0.00518284 0.05094520 0.06844422
v 0.00582195 0.05340009 0.07189828
v 0.00514751 0.05443034 0.07534560
v 0.00492218 0.05325658 0.06833793
v 0.00376328 0.05740985 0.06603638
v 0.00435663 0.05731055 0.06882841
v 0.00441871 0.05748720 0.07193435
v 0.00440526 0.05890183 0.07477920
v 0.00427158 0.06270281 0.07829201
v 0.00424544 0.06039193 0.08126146
v 0.00423718 0.06767050 0.08036655
v 0.00410782 0.06730955 0.08463498
v 0.00423718 0.07991953 0.07863617
v 0.00418957 0.08292510 0.08213595
v 0.00423718 0.08402505 0.07237293
v 0.00410782 0.08765707 0.07276595
v 0.00423610 0.08019736 0.06125605
v 0.00410675 0.08382716 0.05969468
v 0.00423181 0.06727098 0.04935356
v 0.00410246 0.07075372 0.04726504
v 0.00423718 0.07402608 0.08066799
v 0.00418957 0.07595861 0.08534327
v 0.00293350 0.08316133 0.08555935
v 0.00293350 0.08134130 0.08630246
v 0.00448215 0.05973848 0.04605280
v 0.00384648 0.05713014 0.04758061
v 0.00384648 0.05557295 0.04647710
v 0.00448215 0.05508274 0.04311598
v 0.00448215 0.05184567 0.04208762
v 0.00384647 0.05040175 0.04358956
v 0.00410760 0.04575112 0.04102212
v 0.00410139 0.06059031 0.04073096
v 0.00410138 0.05509878 0.03769016
v 0.00410138 0.05186720 0.03614810
v 0.00629791 0.03946140 0.04291461
v 0.00629791 0.03946140 0.04291461
v 0.00564196 0.03360585 0.03196861
v 0.00564196 0.03360585 0.03196861
v 0.00817213 0.03656524 0.03706646
v 0.00817213 0.03656524 0.03706646
v 0.00492166 0.04520376 0.03777996
v 0.00396039 0.04373650 0.03222639
v 0.00429075 0.04372365 0.04072659
v 0.00528832 0.04290247 0.03764212
v 0.00408973 0.04168137 0.03360829
v 0.00000000 -0.08884036 0.08925776
v -0.02733782 -0.08340253 0.08925777
v -0.05051371 -0.06791690 0.08925777
v -0.06599934 -0.04474102 0.08925777
v -0.07143717 -0.01740321 0.08925777
v -0.06599935 0.00993461 0.08925777
v -0.05051372 0.03311050 0.08925777
v -0.02733783 0.04859613 0.08925777
v -0.00000000 0.05403397 0.08925776
v -0.00000000 0.05403397 0.08925776
v 0.00000000 -0.08307586 0.07103356
v -0.02513184 -0.07807681 0.07103356
v -0.04643758 -0.06384077 0.07103356
v -0.06067363 -0.04253504 0.07103356
v -0.06567266 -0.01740321 0.07103356
v -0.06067364 0.00772862 0.07103356
v -0.04643759 0.02903438 0.07103356
v -0.02523147 0.04324024 0.07103356
v 0.00000000 -0.07627642 0.04812595
v -0.02252980 -0.07179496 0.04812595
v -0.04162965 -0.05903285 0.04812595
v -0.05439176 -0.03993301 0.04812595
v -0.05887322 -0.01740321 0.04812595
v -0.05439177 0.00512659 0.04812595
v -0.04162967 0.02422644 0.04812595
v -0.02260254 0.03696653 0.04812595
v -0.00000000 0.04198143 0.04942084
v -0.00000000 0.04198143 0.04942084
v 0.00000000 -0.06478555 0.02801692
v -0.01813244 -0.06117878 0.02801692
v -0.03350438 -0.05090757 0.02801692
v -0.04377558 -0.03553564 0.02801692
v -0.04738236 -0.01740321 0.02801692
v -0.04377559 0.00072923 0.02801692
v -0.03350439 0.01610117 0.02801692
v -0.01820518 0.02635034 0.02801692
v -0.00000000 0.02924774 0.02709875
v -0.00000000 0.02924774 0.02709875
v 0.00000000 -0.05139210 0.01826421
v -0.01300699 -0.04880484 0.01826422
v -0.02403378 -0.04143698 0.01826422
v -0.03140165 -0.03041019 0.01826422
v -0.03398890 -0.01740320 0.01826422
v -0.03140165 -0.00439622 0.01826422
v -0.02403379 0.00663058 0.01826422
v -0.01300700 0.01399845 0.01826422
v -0.00000000 0.01658571 0.01826421
v -0.00000000 0.01658571 0.01826421
v 0.00000000 -0.05480844 0.00017309
v -0.01431437 -0.05196113 0.00017309
v -0.02644951 -0.04385270 0.00017309
v -0.03455794 -0.03171757 0.00017309
v -0.03740525 -0.01740320 0.00017309
v -0.03455794 -0.00308884 0.00017309
v -0.02644951 0.00904630 0.00017309
v -0.01431437 0.01715474 0.00017309
v -0.00000000 0.02000205 0.00017309
v 0.00000000 -0.04912361 0.00043660
v -0.01213888 -0.04670903 0.00043660
v -0.02242972 -0.03983291 0.00043660
v -0.02930584 -0.02954208 0.00043660
v -0.03172041 -0.01740320 0.00043660
v -0.02930584 -0.00526433 0.00043660
v -0.02242972 0.00502652 0.00043660
v -0.01213888 0.01190264 0.00043660
v -0.00000000 0.01431721 0.00043660
v 0.00000000 -0.04304927 0.00223487
v -0.00981433 -0.04109708 0.00223487
v -0.01813451 -0.03553771 0.00223487
v -0.02369388 -0.02721753 0.00223487
v -0.02564607 -0.01740320 0.00223487
v -0.02369388 -0.00758888 0.00223487
v -0.01813452 0.00073131 0.00223487
v -0.00981433 0.00629068 0.00223487
v -0.00000000 0.00824287 0.00223487
v 0.00000000 -0.08639989 0.08945313
v -0.02640389 -0.08114783 0.08945313
v -0.04878803 -0.06619123 0.08945313
v -0.06374464 -0.04380709 0.08945313
v -0.06899671 -0.01740321 0.08945313
v -0.06374464 0.00900068 0.08945313
v -0.04878805 0.03138482 0.08945313
v -0.02640390 0.04634144 0.08945313
v -0.00000000 0.05159350 0.08945313
v -0.00000000 0.05159350 0.08945313
v 0.00000000 -0.04042991 0.01943101
v 0.00000000 -0.04042991 0.01943101
v -0.00881194 -0.03867710 0.01943101
v -0.00881194 -0.03867710 0.01943101
v -0.01628234 -0.03368554 0.01943101
v -0.01628234 -0.03368554 0.01943101
v -0.02127391 -0.02621514 0.01943101
v -0.02127391 -0.02621514 0.01943101
v -0.02302672 -0.01740320 0.01943101
v -0.02302672 -0.01740320 0.01943101
v -0.02127391 -0.00859126 0.01943101
v -0.02127391 -0.00859126 0.01943101
v -0.01628235 -0.00112086 0.01943101
v -0.01628235 -0.00112086 0.01943101
v -0.00881194 0.00387071 0.01943101
v -0.00881194 0.00387071 0.01943101
v -0.00000000 0.00562352 0.01943101
v -0.00000000 0.00562352 0.01943101
v -0.00000000 0.00562352 0.01943101
v -0.00000000 -0.01740320 0.01764005
v -0.01393639 -0.08746617 0.08925777
v -0.03968749 -0.07679972 0.08925777
v -0.05939652 -0.05709069 0.08925777
v -0.07006298 -0.03133960 0.08925777
v -0.07006299 -0.00346682 0.08925777
v -0.05939654 0.02228428 0.08925777
v -0.03968750 0.04199332 0.08925777
v -0.01393640 0.05265978 0.08925777
v -0.01281182 -0.08181256 0.07103356
v -0.03648497 -0.07200681 0.07103356
v -0.05460362 -0.05388817 0.07103356
v -0.06440936 -0.03021502 0.07103356
v -0.06440937 -0.00459139 0.07103356
v -0.05460363 0.01908176 0.07103356
v -0.03648498 0.03720042 0.07103356
v -0.01484405 0.04677754 0.07104585
v -0.04799609 -0.06539928 0.07872229
v -0.06559994 -0.04457559 0.08717297
v -0.07100487 -0.01740321 0.08717297
v -0.06559995 0.00976917 0.08717297
v -0.05020803 0.03280482 0.08717297
v -0.02717239 0.04819674 0.08717297
v 0.00000000 -0.08840807 0.08717297
v -0.00000000 0.05360167 0.08717297
v -0.00000000 0.05360167 0.08717297
v -0.02717239 -0.08300314 0.08717297
v -0.01148534 -0.07514391 0.04812595
v -0.03270749 -0.06635341 0.04812595
v -0.04895021 -0.05011069 0.04812595
v -0.05774071 -0.02888855 0.04812595
v -0.05774072 -0.00591787 0.04812595
v -0.04895023 0.01530427 0.04812595
v -0.03270750 0.03154702 0.04812595
v -0.01125503 0.04023572 0.04764684
v 0.00000000 -0.08014627 0.06027491
v -0.02401074 -0.07537024 0.06027491
v -0.00000000 0.04500482 0.05901822
v -0.00000000 0.04500482 0.05901822
v -0.04436604 -0.06176925 0.06027491
v -0.05796704 -0.04141394 0.06027491
v -0.06274308 -0.01740321 0.06027491
v -0.05796705 0.00660752 0.06027491
v -0.04436606 0.02696284 0.06027491
v -0.02403565 0.04055630 0.06027491
v -0.00924363 -0.06387408 0.02801692
v -0.02632364 -0.05679931 0.02801692
v -0.03939611 -0.04372684 0.02801692
v -0.04647089 -0.02664684 0.02801692
v -0.04647089 -0.00815957 0.02801692
v -0.03939612 0.00892043 0.02801692
v -0.02632365 0.02199291 0.02801692
v -0.00917278 0.02941252 0.02827930
v -0.04973924 0.00319946 0.03687242
v -0.03806877 0.02066555 0.03687242
v -0.02089360 0.03224789 0.03687242
v 0.00000000 -0.07124055 0.03687242
v -0.02060267 -0.06714243 0.03687242
v -0.03806876 -0.05547196 0.03687242
v -0.04973924 -0.03800587 0.03687242
v -0.05383737 -0.01740321 0.03687242
v -0.00663076 -0.05073828 0.01826422
v -0.01888281 -0.04566331 0.01826422
v -0.02826012 -0.03628600 0.01826422
v -0.03333508 -0.02403396 0.01826422
v -0.03333509 -0.01077244 0.01826422
v -0.02826012 0.00147960 0.01826422
v -0.01888281 0.01085692 0.01826422
v -0.00663076 0.01593189 0.01826422
v -0.03697583 -0.03271909 0.02209254
v -0.04002236 -0.01740320 0.02209254
v -0.03697584 -0.00208732 0.02209254
v -0.02830008 0.01089687 0.02209254
v -0.01531590 0.01957263 0.02209254
v 0.00000000 -0.05742555 0.02209254
v -0.00000000 0.02261916 0.02209254
v -0.00000000 0.02261916 0.02209254
v -0.01531589 -0.05437903 0.02209254
v -0.02830008 -0.04570327 0.02209254
v -0.00000000 0.01382950 0.01533076
v -0.00000000 0.01382950 0.01533076
v -0.00000000 0.01382950 0.01533076
v -0.00000000 0.01382950 0.01533076
v -0.01195224 -0.04625845 0.01533076
v -0.01195224 -0.04625845 0.01533076
v -0.02208485 -0.03948805 0.01533076
v -0.02208485 -0.03948805 0.01533076
v -0.02885525 -0.02935544 0.01533076
v -0.02885525 -0.02935544 0.01533076
v -0.03123270 -0.01740320 0.01533076
v -0.03123270 -0.01740320 0.01533076
v -0.02885526 -0.00545097 0.01533076
v -0.02885526 -0.00545097 0.01533076
v -0.02208486 0.00468165 0.01533076
v -0.02208486 0.00468165 0.01533076
v -0.01195224 0.01145205 0.01533076
v -0.01195224 0.01145205 0.01533076
v 0.00000000 -0.04863590 0.01533076
v 0.00000000 -0.04863590 0.01533076
v -0.00729724 -0.05408890 0.00017309
v -0.02078079 -0.04850384 0.00017309
v -0.03110064 -0.03818398 0.00017309
v -0.03668570 -0.02470044 0.00017309
v -0.03668571 -0.01010597 0.00017309
v -0.03110065 0.00337758 0.00017309
v -0.02078079 0.01369744 0.00017309
v -0.00729724 0.01928251 0.00017309
v -0.00000000 0.02206979 0.00091409
v -0.00000000 0.02206979 0.00091409
v -0.00000000 0.02206979 0.00091409
v -0.01510566 -0.05387148 0.00091409
v -0.01510566 -0.05387148 0.00091409
v -0.02791162 -0.04531481 0.00091409
v -0.02791162 -0.04531481 0.00091409
v -0.03646828 -0.03250886 0.00091409
v -0.03646828 -0.03250886 0.00091409
v -0.03947299 -0.01740320 0.00091409
v -0.03947299 -0.01740320 0.00091409
v -0.03646829 -0.00229755 0.00091409
v -0.03646829 -0.00229755 0.00091409
v -0.02791162 0.01050842 0.00091409
v -0.02791162 0.01050842 0.00091409
v -0.01510567 0.01906509 0.00091409
v -0.01510567 0.01906509 0.00091409
v 0.00000000 -0.05687618 0.00091409
v 0.00000000 -0.05687618 0.00091409
v -0.00618821 -0.04851343 0.00043660
v -0.01762253 -0.04377717 0.00043660
v -0.02637398 -0.03502573 0.00043660
v -0.03111022 -0.02359141 0.00043660
v -0.03111023 -0.01121499 0.00043660
v -0.02637398 0.00021932 0.00043660
v -0.01762253 0.00897078 0.00043660
v -0.00618821 0.01370703 0.00043660
v -0.02458362 0.00718041 0.00000000
v -0.01330456 0.01471684 0.00000000
v 0.00000000 -0.05216968 0.00000000
v -0.00000000 0.01736328 0.00000000
v -0.01330456 -0.04952324 0.00000000
v -0.02458362 -0.04198681 0.00000000
v -0.03212004 -0.03070776 0.00000000
v -0.03476648 -0.01740320 0.00000000
v -0.03212005 -0.00409865 0.00000000
v -0.00500349 -0.04255743 0.00223487
v -0.01424873 -0.03872793 0.00223487
v -0.02132473 -0.03165193 0.00223487
v -0.02515423 -0.02240669 0.00223487
v -0.02515424 -0.01239972 0.00223487
v -0.02132474 -0.00315447 0.00223487
v -0.01424874 0.00392153 0.00223487
v -0.00500349 0.00775103 0.00223487
v -0.01630709 -0.00109612 0.00277936
v -0.00882533 0.00390303 0.00277936
v 0.00000000 -0.04046489 0.00277936
v -0.00000000 0.00565850 0.00277936
v -0.00882533 -0.03870943 0.00277936
v -0.01630708 -0.03371028 0.00277936
v -0.02130623 -0.02622853 0.00277936
v -0.02306169 -0.01740320 0.00277936
v -0.02130623 -0.00857787 0.00277936
v -0.01346029 -0.08507265 0.08945313
v -0.03833167 -0.07477059 0.08945313
v -0.05736739 -0.05573487 0.08945313
v -0.06766947 -0.03086349 0.08945313
v -0.06766946 -0.00394292 0.08945313
v -0.05736741 0.02092845 0.08945313
v -0.03833169 0.03996419 0.08945313
v -0.01346030 0.05026627 0.08945313
v -0.02700670 0.04779671 0.08999999
v -0.02700670 0.04779671 0.08999999
v -0.04990186 0.03249864 0.08999999
v -0.04990186 0.03249864 0.08999999
v 0.00000000 -0.08797507 0.08999999
v 0.00000000 -0.08797507 0.08999999
v -0.00000000 0.05316868 0.08999999
v -0.00000000 0.05316868 0.08999999
v -0.00000000 0.05316868 0.08999999
v -0.00000000 0.05316868 0.08999999
v -0.02700669 -0.08260310 0.08999999
v -0.02700669 -0.08260310 0.08999999
v -0.04990185 -0.06730504 0.08999999
v -0.04990185 -0.06730504 0.08999999
v -0.06519991 -0.04440989 0.08999999
v -0.06519991 -0.04440989 0.08999999
v -0.07057188 -0.01740321 0.08999999
v -0.07057188 -0.01740321 0.08999999
v -0.06519991 0.00960347 0.08999999
v -0.06519991 0.00960347 0.08999999
v -0.00452530 -0.04015343 0.01943514
v -0.00452530 -0.04015343 0.01943514
v -0.01288697 -0.03668991 0.01943514
v -0.01288697 -0.03668991 0.01943514
v -0.01928672 -0.03029017 0.01943514
v -0.01928672 -0.03029017 0.01943514
v -0.02275023 -0.02192850 0.01943514
v -0.02275023 -0.02192850 0.01943514
v -0.02275024 -0.01287790 0.01943514
v -0.02275024 -0.01287790 0.01943514
v -0.01928672 -0.00451623 0.01943514
v -0.01928672 -0.00451623 0.01943514
v -0.01288698 0.00188351 0.01943514
v -0.01288698 0.00188351 0.01943514
v -0.00452531 0.00534703 0.01943514
v -0.00452531 0.00534703 0.01943514
v -0.01380049 -0.02311955 0.01829895
v -0.01056244 -0.02796563 0.01829895
v -0.01493754 -0.01740320 0.01829895
v -0.01380049 -0.01168685 0.01829895
v -0.01056244 -0.00684077 0.01829895
v -0.00571635 -0.00360271 0.01829895
v 0.00000000 -0.03234074 0.01829895
v -0.00000000 -0.00246566 0.01829895
v -0.00571635 -0.03120368 0.01829895
v -0.05020802 -0.06761121 0.08717297
v -0.06270991 -0.04337850 0.07872229
v -0.06787672 -0.01740321 0.07872229
v -0.06270992 0.00857208 0.07872229
v -0.04799610 0.03059288 0.07872229
v -0.02600021 0.04529916 0.07872229
v 0.00000000 -0.08527990 0.07872229
v -0.00000000 0.05090770 0.08010395
v -0.00000000 0.05090770 0.08010395
v -0.02597530 -0.08011310 0.07872229
v -0.05643619 -0.05511265 0.07872229
v -0.06657102 -0.03064500 0.07872229
v -0.06657102 -0.00416141 0.07872229
v -0.05643620 0.02030624 0.07872229
v -0.03770947 0.03903298 0.07872229
v -0.01291355 0.04924462 0.07857117
v -0.01324180 -0.08397422 0.07872229
v -0.03770945 -0.07383938 0.07872229
v -0.01224030 -0.07893932 0.06027490
v -0.03485741 -0.06957100 0.06027490
v -0.05216781 -0.05226061 0.06027490
v -0.06153613 -0.02964350 0.06027490
v -0.06153613 -0.00516291 0.06027490
v -0.05216783 0.01745420 0.06027490
v -0.03485743 0.03476461 0.06027490
v -0.01197698 0.04442107 0.06084399
v -0.04476315 0.01250657 0.03687243
v -0.02990979 0.02735994 0.03687243
v -0.01293729 0.03489793 0.03689400
v -0.01050292 -0.07020492 0.03687243
v -0.02990978 -0.06216634 0.03687243
v -0.04476314 -0.04731297 0.03687243
v -0.05280173 -0.02790612 0.03687243
v -0.05280173 -0.00690029 0.03687243
v -0.03925247 -0.02521100 0.02209254
v -0.03925247 -0.00959541 0.02209254
v -0.03327664 0.00483153 0.02209254
v -0.02223475 0.01587343 0.02209254
v -0.00780781 0.02184927 0.02209254
v -0.00780780 -0.05665566 0.02209254
v -0.02223474 -0.05067983 0.02209254
v -0.03327663 -0.03963793 0.02209254
v -0.01735158 -0.04337167 0.01533076
v -0.01735158 -0.04337167 0.01533076
v -0.02596847 -0.03475478 0.01533076
v -0.02596847 -0.03475478 0.01533076
v -0.03063190 -0.02349627 0.01533076
v -0.03063190 -0.02349627 0.01533076
v -0.03063190 -0.01131014 0.01533076
v -0.03063190 -0.01131014 0.01533076
v -0.02596848 -0.00005163 0.01533076
v -0.02596848 -0.00005163 0.01533076
v -0.01735158 0.00856527 0.01533076
v -0.01735158 0.00856527 0.01533076
v -0.00609307 0.01322870 0.01533076
v -0.00609307 0.01322870 0.01533076
v -0.00609306 -0.04803510 0.01533076
v -0.00609306 -0.04803510 0.01533076
v -0.02192953 -0.05022306 0.00091409
v -0.02192953 -0.05022306 0.00091409
v -0.03281987 -0.03933273 0.00091409
v -0.03281987 -0.03933273 0.00091409
v -0.03871367 -0.02510383 0.00091409
v -0.03871367 -0.02510383 0.00091409
v -0.03871368 -0.00970258 0.00091409
v -0.03871368 -0.00970258 0.00091409
v -0.03281987 0.00452633 0.00091409
v -0.03281987 0.00452633 0.00091409
v -0.02192954 0.01541667 0.00091409
v -0.02192954 0.01541667 0.00091409
v -0.00770063 0.02131047 0.00091409
v -0.00770063 0.02131047 0.00091409
v -0.00770063 -0.05611687 0.00091409
v -0.00770063 -0.05611687 0.00091409
v -0.01931480 0.01150343 0.00000000
v -0.00678246 0.01669451 0.00000000
v -0.00678246 -0.05150090 0.00000000
v -0.01931480 -0.04630983 0.00000000
v -0.02890664 -0.03671799 0.00000000
v -0.03409770 -0.02418566 0.00000000
v -0.03409771 -0.01062075 0.00000000
v -0.02890664 0.00191159 0.00000000
v -0.01282230 0.00178672 0.00277936
v -0.00450259 0.00523285 0.00277936
v -0.00450259 -0.04003925 0.00277936
v -0.01282230 -0.03659312 0.00277936
v -0.01918992 -0.03022550 0.00277936
v -0.02263606 -0.02190579 0.00277936
v -0.02263606 -0.01290061 0.00277936
v -0.01918993 -0.00458091 0.00277936
v -0.03920678 0.04127387 0.09000000
v -0.03920678 0.04127387 0.09000000
v -0.01376759 0.05181113 0.09000000
v -0.01376759 0.05181113 0.09000000
v -0.01376759 -0.08661752 0.09000000
v -0.01376759 -0.08661752 0.09000000
v -0.03920677 -0.07608027 0.09000000
v -0.03920677 -0.07608027 0.09000000
v -0.05867708 -0.05660996 0.09000000
v -0.05867708 -0.05660996 0.09000000
v -0.06921432 -0.03117079 0.09000000
v -0.06921432 -0.03117079 0.09000000
v -0.06921434 -0.00363562 0.09000000
v -0.06921434 -0.00363562 0.09000000
v -0.05867709 0.02180355 0.09000000
v -0.05867709 0.02180355 0.09000000
v -0.06646455 -0.00418259 0.08817737
v -0.05634592 0.02024592 0.08817737
v -0.03764915 0.03894272 0.08817737
v -0.01322062 0.04906134 0.08817737
v -0.01322062 -0.08386774 0.08817737
v -0.03764914 -0.07374911 0.08817737
v -0.05634592 -0.05505234 0.08817737
v -0.06646455 -0.03062382 0.08817737
v -0.06260962 -0.04333695 0.08817737
v -0.04791932 -0.06532252 0.08817737
v -0.02593375 -0.08001281 0.08817737
v -0.02593376 0.04520642 0.08817737
v -0.04791933 0.03051611 0.08817737
v -0.06260961 0.00853053 0.08817737
v -0.06776816 -0.01740321 0.08817737
v 0.06646455 -0.00418259 0.08817737
v 0.05634592 0.02024593 0.08817737
v 0.03764914 0.03894271 0.08817737
v 0.01322062 0.04906134 0.08817737
v 0.01322062 -0.08386774 0.08817737
v 0.03764914 -0.07374911 0.08817737
v 0.05634591 -0.05505233 0.08817737
v 0.06646454 -0.03062382 0.08817737
v 0.06260961 -0.04333695 0.08817737
v 0.04791932 -0.06532251 0.08817737
v 0.02593375 -0.08001281 0.08817737
v -0.00000000 0.05036495 0.08817737
v -0.00000000 0.05036495 0.08817737
v 0.00000000 -0.08517135 0.08817737
v 0.02593375 0.04520641 0.08817737
v 0.04791933 0.03051611 0.08817737
v 0.06260962 0.00853054 0.08817737
v 0.06776816 -0.01740320 0.08817737
v -0.01242005 -0.02570201 0.01829895
v -0.01465045 -0.02031735 0.01829895
v -0.01465045 -0.01448905 0.01829895
v -0.01242005 -0.00910439 0.01829895
v -0.00829882 -0.00498315 0.01829895
v -0.00291416 -0.00275275 0.01829895
v -0.00291416 -0.03205365 0.01829895
v -0.00829881 -0.02982325 0.01829895
v -0.03944732 -0.07644028 0.08717298
v -0.01385206 -0.08704219 0.08717298
v -0.01385206 0.05223581 0.08717298
v -0.03944734 0.04163389 0.08717298
v -0.05903710 0.02204411 0.08717298
v -0.06963901 -0.00355115 0.08717298
v -0.06963900 -0.03125526 0.08717298
v -0.05903709 -0.05685052 0.08717298
v -0.00369958 0.05483298 0.06573342
v -0.01020637 0.04823986 0.07105270
v -0.01020637 0.04823986 0.07105270
v -0.00000000 0.04665093 0.06351699
v -0.00000000 0.04665093 0.06351699
v -0.00000000 0.04665093 0.06351699
v -0.00000000 0.04665093 0.06351699
v -0.00000000 0.05017730 0.07685954
v -0.00000000 0.05017730 0.07685954
v -0.00000000 0.05017730 0.07685954
v -0.00811020 0.04930802 0.07519793
v -0.00811020 0.04930802 0.07519793
v -0.00774445 0.04686138 0.06585058
v -0.00774445 0.04686138 0.06585058
v -0.00000000 0.05465417 0.06451688
v -0.00000000 0.05465417 0.06451688
v -0.00831260 0.04994588 0.07109127
v -0.00000000 0.04876801 0.06469410
v -0.00000000 0.04876801 0.06469410
v -0.00000000 0.05130441 0.07582519
v -0.00693226 0.05072636 0.07435752
v -0.00664723 0.04904641 0.06694049
v -0.00636917 0.05148559 0.07180236
v -0.00000000 0.05079309 0.06662687
v -0.00000000 0.05079309 0.06662687
v -0.00000000 0.05253768 0.07565467
v -0.00541434 0.05210209 0.07446408
v -0.00518284 0.05094520 0.06844422
v -0.00582196 0.05340009 0.07189829
v -0.00000000 0.05275084 0.06651560
v -0.00000000 0.05275084 0.06651560
v -0.00000000 0.05432633 0.07682683
v -0.00514751 0.05443034 0.07534559
v -0.00492219 0.05325659 0.06833793
v -0.00376329 0.05740985 0.06603638
v -0.00000000 0.05805533 0.06503940
v -0.00000000 0.05805533 0.06503940
v -0.00435664 0.05731055 0.06882841
v -0.00441872 0.05748720 0.07193435
v -0.00440526 0.05890183 0.07477920
v -0.00427159 0.06270281 0.07829201
v -0.00000000 0.05971644 0.08230124
v -0.00424545 0.06039192 0.08126146
v -0.00423719 0.06767050 0.08036655
v -0.00000000 0.05824291 0.06870962
v -0.00000000 0.05824291 0.06870962
v -0.00000000 0.05846686 0.07195061
v -0.00000000 0.05846686 0.07195061
v -0.00000000 0.05986811 0.07462629
v -0.00000000 0.05986811 0.07462629
v -0.00000000 0.06327165 0.07757669
v -0.00000000 0.06327165 0.07757669
v -0.00000000 0.06715751 0.08600622
v -0.00410783 0.06730955 0.08463498
v -0.00000000 0.06775512 0.07932708
v -0.00000000 0.06775512 0.07932708
v -0.00423719 0.07991954 0.07863617
v -0.00000000 0.08476210 0.08224262
v -0.00418958 0.08292509 0.08213594
v -0.00000000 0.07928409 0.07796459
v -0.00000000 0.07928409 0.07796459
v -0.00423719 0.08402506 0.07237293
v -0.00000000 0.08884036 0.07293244
v -0.00410783 0.08765707 0.07276595
v -0.00000000 0.08314208 0.07228088
v -0.00000000 0.08314208 0.07228088
v -0.00423611 0.08019735 0.06125605
v -0.00000000 0.08499252 0.05918920
v -0.00410676 0.08382716 0.05969468
v -0.00000000 0.07931335 0.06163593
v -0.00000000 0.07931335 0.06163593
v -0.00423182 0.06727097 0.04935356
v -0.00000000 0.07177821 0.04651645
v -0.00410247 0.07075371 0.04726504
v -0.00000000 0.06641427 0.04985511
v -0.00000000 0.06641427 0.04985511
v -0.00000000 0.07374833 0.07964837
v -0.00000000 0.07374833 0.07964837
v -0.00423719 0.07402608 0.08066799
v -0.00418958 0.07595861 0.08534326
v -0.00000000 0.07533837 0.08677080
v -0.00000000 0.08373311 0.08588186
v -0.00293351 0.08316132 0.08555935
v -0.00293351 0.08134130 0.08630246
v -0.00000000 0.08162061 0.08671854
v -0.00448216 0.05973848 0.04605281
v -0.00000000 0.06025371 0.04737524
v -0.00000000 0.06025371 0.04737524
v -0.00384648 0.05713014 0.04758061
v -0.00000000 0.05717611 0.04790247
v -0.00000000 0.05717611 0.04790247
v -0.00384648 0.05557295 0.04647710
v -0.00000000 0.05527562 0.04659052
v -0.00000000 0.05527562 0.04659052
v -0.00448216 0.05508274 0.04311599
v -0.00000000 0.05442959 0.04374589
v -0.00000000 0.05442959 0.04374589
v -0.00448216 0.05184567 0.04208762
v -0.00000000 0.05234517 0.04345162
v -0.00000000 0.05234517 0.04345162
v -0.00384648 0.05040175 0.04358956
v -0.00000000 0.05051822 0.04386850
v -0.00000000 0.05051822 0.04386850
v -0.00410761 0.04575112 0.04102212
v -0.00000000 0.06085971 0.03932824
v -0.00410139 0.06059031 0.04073096
v -0.00410139 0.05509878 0.03769015
v -0.00000000 0.05519192 0.03622613
v -0.00410139 0.05186721 0.03614810
v -0.00000000 0.05197860 0.03459635
v -0.00000000 0.04056054 0.04459576
v -0.00000000 0.04056054 0.04459576
v -0.00000000 0.04056054 0.04459576
v -0.00000000 0.04056054 0.04459576
v -0.00000000 0.03297784 0.03052246
v -0.00000000 0.03297784 0.03052246
v -0.00000000 0.03297784 0.03052246
v -0.00629792 0.03946140 0.04291461
v -0.00629792 0.03946140 0.04291461
v -0.00564197 0.03360586 0.03196861
v -0.00564197 0.03360586 0.03196861
v -0.00817213 0.03656524 0.03706646
v -0.00817213 0.03656524 0.03706646
v -0.00000000 0.04581670 0.04154172
v -0.00000000 0.04581670 0.04154172
v -0.00492166 0.04520376 0.03777996
v -0.00000000 0.04347276 0.03075739
v -0.00396040 0.04373650 0.03222639
v -0.00000000 0.04398760 0.04141754
v -0.00000000 0.04398760 0.04141754
v -0.00429076 0.04372365 0.04072659
v -0.00528832 0.04290247 0.03764212
v -0.00408973 0.04168137 0.03360829
v -0.00000000 0.04144271 0.03248208
v 0.00909360 0.04592943 0.06422325
v 0.04726821 -0.06467141 0.07527050
v -0.05764306 -0.05591906 0.08286239
v 0.06594306 -0.04471771 0.08838145
v -0.06799463 -0.03092818 0.08286239
v 0.07137626 -0.01740320 0.08838145
v -0.06799463 -0.00387824 0.08286239
v 0.06594307 0.00991130 0.08838145
v -0.05764307 0.02111265 0.08286239
v 0.05047064 0.03306743 0.08838145
v -0.03851588 0.04023985 0.08286239
v 0.02731451 0.04853986 0.08838145
v -0.01350154 0.05062741 0.08293853
v 0.00000000 -0.08877946 0.08838145
v -0.01352497 -0.08539782 0.08286239
v -0.00000000 0.05397306 0.08838145
v -0.00000000 0.05397306 0.08838145
v -0.03851586 -0.07504625 0.08286239
v 0.02731451 -0.08334625 0.08838145
v 0.00544478 0.04164154 0.04921076
v 0.00000000 -0.08171665 0.06596820
v 0.00000000 -0.07834100 0.05422456
v 0.02331989 -0.07370238 0.05422456
v 0.02461170 -0.07682108 0.06596820
v -0.00000000 0.04591217 0.06204402
v -0.00000000 0.04591217 0.06204402
v -0.00000000 0.04355665 0.05422934
v -0.00000000 0.04355665 0.05422934
v 0.04308952 -0.06049272 0.05422456
v 0.04547648 -0.06287967 0.06596820
v 0.05629918 -0.04072308 0.05422456
v 0.05941788 -0.04201489 0.06596820
v 0.06093780 -0.01740320 0.05422456
v 0.06431346 -0.01740320 0.06596820
v 0.05629920 0.00591668 0.05422456
v 0.05941789 0.00720849 0.06596820
v 0.04308955 0.02568632 0.05422456
v 0.04547649 0.02807328 0.06596820
v 0.02333209 0.03889228 0.05422456
v 0.02468330 0.04199300 0.06596820
v 0.05221856 0.00422643 0.04227425
v 0.04692106 0.00203214 0.03208527
v 0.03591183 0.01850862 0.03208527
v 0.03996636 0.02256314 0.04227425
v 0.01964445 0.02945450 0.03208527
v 0.02183874 0.03475199 0.04227425
v 0.00000000 -0.06819019 0.03208527
v 0.00000000 -0.07392415 0.04227425
v 0.01011615 0.03559658 0.03694792
v 0.01943535 -0.06432425 0.03208527
v 0.02162964 -0.06962175 0.04227425
v 0.03591183 -0.05331502 0.03208527
v 0.03996635 -0.05736954 0.04227425
v 0.04692106 -0.03683854 0.03208527
v 0.05221855 -0.03903283 0.04227425
v 0.05078700 -0.01740320 0.03208527
v 0.05652096 -0.01740320 0.04227425
v -0.00000000 0.01360683 0.01395708
v -0.00000000 0.01360683 0.01395708
v 0.01186703 -0.04605273 0.01395708
v 0.02192740 -0.03933060 0.01395708
v 0.02864953 -0.02927022 0.01395708
v 0.03101003 -0.01740320 0.01395708
v 0.02864954 -0.00553618 0.01395708
v 0.02192741 0.00452420 0.01395708
v 0.01186703 0.01124634 0.01395708
v 0.00000000 -0.04841323 0.01395708
v 0.02593495 0.00853174 0.00647075
v 0.02753581 0.01013260 0.00507662
v 0.01308155 0.01417845 0.00851612
v 0.01226695 0.01221184 0.01117459
v 0.00000000 -0.05158693 0.00851612
v 0.00000000 -0.04945828 0.01117459
v -0.00000000 0.01678053 0.00851612
v -0.00000000 0.01678053 0.00851612
v -0.00000000 0.01465189 0.01117459
v -0.00000000 0.01465189 0.01117459
v 0.01308155 -0.04898484 0.00851612
v 0.01226695 -0.04701823 0.01117459
v 0.02417155 -0.04157474 0.00851612
v 0.02266637 -0.04006956 0.01117459
v 0.03158165 -0.03048474 0.00851612
v 0.02961503 -0.02967015 0.01117459
v 0.03418373 -0.01740320 0.00851612
v 0.03205508 -0.01740320 0.01117459
v 0.03158165 -0.00432166 0.00851612
v 0.02961504 -0.00513625 0.01117459
v 0.03737364 -0.03288387 0.00388400
v 0.03778526 -0.03305436 0.00264232
v 0.04089847 -0.01740320 0.00264232
v 0.04045294 -0.01740320 0.00388400
v 0.03778526 -0.00175204 0.00264232
v 0.03737365 -0.00192254 0.00388400
v 0.02891959 0.01151638 0.00264232
v 0.02860455 0.01120135 0.00388400
v 0.01565117 0.02038206 0.00264232
v 0.01548067 0.01997045 0.00388400
v 0.00000000 -0.05830166 0.00264232
v 0.00000000 -0.05785613 0.00388400
v -0.00000000 0.02349527 0.00264232
v -0.00000000 0.02349527 0.00264232
v -0.00000000 0.02304974 0.00388400
v -0.00000000 0.02304974 0.00388400
v 0.01565117 -0.05518845 0.00264232
v 0.01548067 -0.05477684 0.00388400
v 0.02891959 -0.04632278 0.00264232
v 0.02860455 -0.04600774 0.00388400
v -0.00000000 0.02280426 0.00143839
v -0.00000000 0.02280426 0.00143839
v 0.01538673 -0.05455005 0.00143839
v 0.02843097 -0.04583417 0.00143839
v 0.03714685 -0.03278993 0.00143839
v 0.04020746 -0.01740320 0.00143839
v 0.03714686 -0.00201647 0.00143839
v 0.02843098 0.01102777 0.00143839
v 0.01538673 0.01974365 0.00143839
v 0.00000000 -0.05761066 0.00143839
v 0.02266637 0.00526316 0.01117459
v 0.02417155 0.00676834 0.00851612
v 0.01490227 0.01857406 0.00507662
v 0.01403589 0.01648244 0.00647075
v 0.00000000 -0.05634470 0.00507662
v 0.00000000 -0.05408074 0.00647075
v -0.00000000 0.02153831 0.00507662
v -0.00000000 0.02153831 0.00507662
v -0.00000000 0.01927435 0.00647075
v -0.00000000 0.01927435 0.00647075
v 0.01490227 -0.05338045 0.00507662
v 0.01403589 -0.05128883 0.00647075
v 0.02753580 -0.04493900 0.00507662
v 0.02593494 -0.04333814 0.00647075
v 0.03597726 -0.03230547 0.00507662
v 0.03388563 -0.03143909 0.00647075
v 0.03894151 -0.01740320 0.00507662
v 0.03667754 -0.01740320 0.00647075
v 0.03597726 -0.00250094 0.00507662
v 0.03388564 -0.00336732 0.00647075
v 0.01724629 -0.00015692 0.00255752
v 0.00933362 0.00513016 0.00255752
v 0.00000000 -0.04179313 0.00255752
v -0.00000000 0.00698673 0.00255752
v 0.00933362 -0.03993655 0.00255752
v 0.01724629 -0.03464948 0.00255752
v 0.02253336 -0.02673682 0.00255752
v 0.02438993 -0.01740320 0.00255752
v 0.02253336 -0.00806958 0.00255752
v 0.00000000 -0.01740320 0.00336679
v 0.02722596 0.04832607 0.08979492
v 0.02671918 0.04710261 0.08988325
v 0.04937061 0.03196739 0.08988325
v 0.05030701 0.03290379 0.08979492
v 0.00000000 -0.08854804 0.08979492
v 0.00000000 -0.08722377 0.08988325
v -0.00000000 0.05374165 0.08979492
v -0.00000000 0.05374165 0.08979492
v -0.00000000 0.05241738 0.08988325
v -0.00000000 0.05241738 0.08988325
v 0.02722595 -0.08313245 0.08979492
v 0.02671918 -0.08190899 0.08988325
v 0.05030700 -0.06771019 0.08979492
v 0.04937060 -0.06677380 0.08988325
v 0.06572926 -0.04462915 0.08979492
v 0.06450580 -0.04412237 0.08988325
v 0.07114485 -0.01740320 0.08979492
v 0.06982058 -0.01740320 0.08988325
v 0.06572927 0.00982275 0.08979492
v 0.06450580 0.00931596 0.08988325
v 0.05938065 0.00719306 0.08208024
v 0.05670767 0.00608588 0.07558928
v 0.06646753 -0.01740320 0.08621484
v 0.04544799 0.02804477 0.08208024
v 0.04340218 0.02599896 0.07558928
v 0.02459628 0.04197745 0.08208024
v 0.02348909 0.03930447 0.07558928
v 0.00000000 -0.08167635 0.08208024
v 0.00000000 -0.07878313 0.07558928
v -0.00000000 0.04686996 0.08208024
v -0.00000000 0.04686996 0.08208024
v -0.00000000 0.04397674 0.07558928
v -0.00000000 0.04397674 0.07558928
v 0.02459628 -0.07678384 0.08208024
v 0.02348909 -0.07411086 0.07558928
v 0.04544798 -0.06285117 0.08208024
v 0.04340216 -0.06080536 0.07558928
v 0.05938064 -0.04199946 0.08208024
v 0.05670767 -0.04089228 0.07558928
v 0.05349304 -0.03956074 0.06600979
v 0.04982833 -0.03804277 0.05412654
v 0.03813695 -0.05554014 0.05412654
v 0.04094180 -0.05834499 0.06600979
v 0.05790046 -0.01740320 0.06600979
v 0.05393380 -0.01740320 0.05412654
v 0.05349304 0.00475433 0.06600979
v 0.04982834 0.00323637 0.05412654
v 0.04094180 0.02353859 0.06600979
v 0.03813696 0.02073375 0.05412654
v 0.02215754 0.03608984 0.06600979
v 0.02063957 0.03242513 0.05412654
v 0.00000000 -0.07530365 0.06600979
v 0.00000000 -0.07133699 0.05412654
v -0.00000000 0.04049725 0.06600979
v -0.00000000 0.04049725 0.06600979
v -0.00000000 0.03653060 0.05412654
v -0.00000000 0.03653060 0.05412654
v 0.02215755 -0.07089623 0.06600979
v 0.02063957 -0.06723153 0.05412654
v 0.00000000 -0.06679673 0.04217391
v 0.00000000 -0.06117508 0.03206790
v -0.00000000 0.03199033 0.04217391
v -0.00000000 0.03199033 0.04217391
v -0.00000000 0.02636868 0.03206790
v -0.00000000 0.02636868 0.03206790
v 0.01675078 0.02303674 0.03206790
v 0.01890209 0.02823047 0.04217391
v 0.01890209 -0.06303687 0.04217391
v 0.01675078 -0.05784314 0.03206790
v 0.03492650 -0.05232970 0.04217391
v 0.03095140 -0.04835459 0.03206790
v 0.04563368 -0.03630528 0.04217391
v 0.04043995 -0.03415397 0.03206790
v 0.04939354 -0.01740320 0.04217391
v 0.04377188 -0.01740320 0.03206790
v 0.04563368 0.00149888 0.04217391
v 0.04043995 -0.00065243 0.03206790
v 0.03492651 0.01752330 0.04217391
v 0.03095140 0.01354819 0.03206790
v 0.03362850 -0.00347382 0.02486231
v 0.02547579 -0.00685078 0.02063915
v 0.02757480 -0.01740320 0.02063915
v 0.03639923 -0.01740320 0.02486231
v 0.02573814 0.00833493 0.02486231
v 0.01949833 0.00209513 0.02063915
v 0.01392938 0.01622530 0.02486231
v 0.01055242 0.00807259 0.02063915
v 0.00000000 -0.05380242 0.02486231
v 0.00000000 -0.04497800 0.02063915
v -0.00000000 0.01899602 0.02486231
v -0.00000000 0.01899602 0.02486231
v -0.00000000 0.01017160 0.02063915
v -0.00000000 0.01017160 0.02063915
v 0.01392938 -0.05103170 0.02486231
v 0.01055242 -0.04287898 0.02063915
v 0.02573814 -0.04314133 0.02486231
v 0.01949833 -0.03690152 0.02063915
v 0.03362850 -0.03133258 0.02486231
v 0.02547579 -0.02795561 0.02063915
v 0.06140800 0.00803282 0.08621484
v 0.06137995 -0.01740320 0.07558928
v 0.06427316 -0.01740320 0.08208024
v 0.04699965 0.02959644 0.08621484
v 0.02543603 0.04400479 0.08621484
v 0.00000000 -0.08387073 0.08621484
v -0.00000000 0.04906434 0.08621484
v -0.00000000 0.04906434 0.08621484
v 0.02543603 -0.07881119 0.08621484
v 0.04699965 -0.06440284 0.08621484
v 0.06140800 -0.04283922 0.08621484
v 0.05047063 -0.06787383 0.08838145
v -0.02653077 -0.08145413 0.08286239
v 0.06175890 -0.04298457 0.07527050
v 0.06684736 -0.01740320 0.07527050
v 0.06175891 0.00817817 0.07527050
v 0.04726823 0.02986501 0.07527050
v 0.02565299 0.04433401 0.07527050
v 0.00000000 -0.08425055 0.07527050
v 0.01186669 0.04760935 0.07106515
v 0.02558138 -0.07916210 0.07527050
v 0.05558032 -0.05454078 0.07527050
v 0.06556146 -0.03044419 0.07527050
v 0.06556146 -0.00436222 0.07527050
v 0.05558034 0.01973438 0.07527050
v 0.03713759 0.03817712 0.07527050
v 0.01472044 0.04788120 0.07495073
v 0.01304099 -0.08296465 0.07527050
v 0.03713759 -0.07298351 0.07527050
v 0.01254666 -0.08047950 0.06596820
v 0.01188812 -0.07716878 0.05422456
v 0.03572986 -0.07087670 0.06596820
v 0.03385448 -0.06807000 0.05422456
v 0.05347350 -0.05313305 0.06596820
v 0.05066680 -0.05125767 0.05422456
v 0.06307630 -0.02994986 0.06596820
v 0.05976558 -0.02929131 0.05422456
v 0.06307631 -0.00485655 0.06596820
v 0.05976559 -0.00551509 0.05422456
v 0.05347352 0.01832665 0.06596820
v 0.05066682 0.01645127 0.05422456
v 0.03572986 0.03607030 0.06596820
v 0.03385449 0.03326361 0.05422456
v 0.01420402 0.04561483 0.06642478
v 0.01184216 0.04238799 0.05423480
v 0.00577761 0.04480554 0.05927481
v 0.04699444 0.01399746 0.04227425
v 0.04222692 0.01081191 0.03208527
v 0.03140068 0.02959123 0.04227425
v 0.02821513 0.02482371 0.03208527
v 0.01292419 0.03747452 0.04190114
v 0.01177331 0.03226977 0.03243278
v -0.00000000 0.03121464 0.02911084
v -0.00000000 0.03121464 0.02911084
v 0.01102645 -0.07283690 0.04227425
v 0.00990784 -0.06721324 0.03208527
v 0.03140067 -0.06439762 0.04227425
v 0.02821512 -0.05963010 0.03208527
v 0.04699442 -0.04880386 0.04227425
v 0.04222691 -0.04561831 0.03208527
v 0.05543370 -0.02842965 0.04227425
v 0.04981003 -0.02731103 0.03208527
v 0.05543371 -0.00637676 0.04227425
v 0.04981005 -0.00749537 0.03208527
v 0.01722787 -0.04318652 0.01395708
v 0.02578333 -0.03463107 0.01395708
v 0.03041351 -0.02345282 0.01395708
v 0.03041352 -0.01135358 0.01395708
v 0.02578334 -0.00017533 0.01395708
v 0.01722788 0.00838013 0.01395708
v 0.00604962 0.01301031 0.01395708
v 0.00604963 -0.04781671 0.01395708
v 0.02037651 0.01309239 0.00647075
v 0.02163427 0.01497477 0.00507662
v 0.00715528 0.01856880 0.00647075
v 0.00759695 0.02078922 0.00507662
v 0.00715528 -0.05337519 0.00647075
v 0.00759695 -0.05559561 0.00507662
v 0.02037651 -0.04789878 0.00647075
v 0.02163427 -0.04978116 0.00507662
v 0.03049559 -0.03777970 0.00647075
v 0.03237797 -0.03903746 0.00507662
v 0.03597200 -0.02455848 0.00647075
v 0.03819241 -0.02500014 0.00507662
v 0.03597201 -0.01024793 0.00647075
v 0.03819241 -0.00980626 0.00507662
v 0.03049560 0.00297330 0.00647075
v 0.03237797 0.00423106 0.00507662
v 0.03967477 -0.02529500 0.00388400
v 0.04011173 -0.02538192 0.00264232
v 0.03967477 -0.00951140 0.00388400
v 0.04011174 -0.00942448 0.00264232
v 0.03363466 0.00507076 0.00388400
v 0.03400509 0.00531827 0.00264232
v 0.02247396 0.01623145 0.00388400
v 0.02272148 0.01660189 0.00264232
v 0.00789180 0.02227157 0.00388400
v 0.00797872 0.02270854 0.00264232
v 0.00789181 -0.05707797 0.00388400
v 0.00797872 -0.05751493 0.00264232
v 0.02247396 -0.05103784 0.00388400
v 0.02272148 -0.05140828 0.00264232
v 0.03363465 -0.03987715 0.00388400
v 0.03400509 -0.04012467 0.00264232
v 0.02233758 -0.05083375 0.00143839
v 0.03343055 -0.03974077 0.00143839
v 0.03943402 -0.02524711 0.00143839
v 0.03943403 -0.00955929 0.00143839
v 0.03343056 0.00493438 0.00143839
v 0.02233758 0.01602735 0.00143839
v 0.00784392 0.02203082 0.00143839
v 0.00784392 -0.05683722 0.00143839
v 0.02665225 0.00040525 0.01117459
v 0.02842212 0.00158784 0.00851612
v 0.03143846 -0.01114970 0.01117459
v 0.03352616 -0.01073444 0.00851612
v 0.03143846 -0.02365670 0.01117459
v 0.03352616 -0.02407197 0.00851612
v 0.02665224 -0.03521165 0.01117459
v 0.02842211 -0.03639424 0.00851612
v 0.01780846 -0.04405543 0.01117459
v 0.01899105 -0.04582530 0.00851612
v 0.00625350 -0.04884166 0.01117459
v 0.00666877 -0.05092935 0.00851612
v 0.00625350 0.01403527 0.01117459
v 0.00666877 0.01612296 0.00851612
v 0.01780846 0.00924904 0.01117459
v 0.01899105 0.01101891 0.00851612
v 0.01355331 0.00288076 0.00255752
v 0.00475929 0.00652337 0.00255752
v 0.00475929 -0.04132976 0.00255752
v 0.01355331 -0.03768716 0.00255752
v 0.02028396 -0.03095651 0.00255752
v 0.02392656 -0.02216249 0.00255752
v 0.02392656 -0.01264391 0.00255752
v 0.02028397 -0.00384989 0.00255752
v 0.03952510 0.04175027 0.08979492
v 0.03878938 0.04064921 0.08988325
v 0.01387937 0.05237309 0.08979492
v 0.01362102 0.05107429 0.08988325
v 0.01387937 -0.08717948 0.08979492
v 0.01362102 -0.08588067 0.08988325
v 0.03952509 -0.07655667 0.08979492
v 0.03878938 -0.07545560 0.08988325
v 0.05915348 -0.05692828 0.08979492
v 0.05805240 -0.05619257 0.08988325
v 0.06977628 -0.03128256 0.08979492
v 0.06847748 -0.03102422 0.08988325
v 0.06977629 -0.00352384 0.08979492
v 0.06847749 -0.00378219 0.08988325
v 0.05915348 0.02212188 0.08979492
v 0.05805242 0.02138617 0.08988325
v 0.06303678 -0.00486441 0.08208024
v 0.06019921 -0.00542884 0.07558929
v 0.05344001 0.01830426 0.08208024
v 0.05103443 0.01669690 0.07558929
v 0.03570747 0.03603680 0.08208024
v 0.03410012 0.03363122 0.07558929
v 0.01253880 0.04563358 0.08208024
v 0.01197437 0.04279601 0.07558929
v 0.01253880 -0.08043997 0.08208024
v 0.01197437 -0.07760240 0.07558929
v 0.03570747 -0.07084320 0.08208024
v 0.03410011 -0.06843762 0.07558929
v 0.05344000 -0.05311065 0.08208024
v 0.05103442 -0.05150330 0.07558929
v 0.06303678 -0.02994199 0.08208024
v 0.06019921 -0.02937757 0.07558929
v 0.04814140 -0.04957025 0.06600980
v 0.04484332 -0.04736654 0.05412654
v 0.05678666 -0.02869877 0.06600980
v 0.05289631 -0.02792493 0.05412654
v 0.05678666 -0.00610764 0.06600980
v 0.05289632 -0.00688147 0.05412654
v 0.04814140 0.01476385 0.06600980
v 0.04484333 0.01256014 0.05412654
v 0.03216706 0.03073820 0.06600980
v 0.02996335 0.02744012 0.05412654
v 0.01129557 0.03938346 0.06600980
v 0.01052173 0.03549311 0.05412654
v 0.01129557 -0.07418985 0.06600980
v 0.01052173 -0.07029951 0.05412654
v 0.03216706 -0.06554459 0.06600980
v 0.02996335 -0.06224651 0.05412654
v 0.00963599 0.03104019 0.04217391
v 0.00853932 0.02552687 0.03206790
v 0.00963599 -0.06584658 0.04217391
v 0.00853932 -0.06033326 0.03206790
v 0.02744098 -0.05847151 0.04217391
v 0.02431793 -0.05379755 0.03206790
v 0.04106831 -0.04484417 0.04217391
v 0.03639435 -0.04172112 0.03206790
v 0.04844339 -0.02703919 0.04217391
v 0.04293006 -0.02594252 0.03206790
v 0.04844339 -0.00776722 0.04217391
v 0.04293007 -0.00886388 0.03206790
v 0.04106833 0.01003777 0.04217391
v 0.03639436 0.00691472 0.03206790
v 0.02744098 0.02366511 0.04217391
v 0.02431793 0.01899114 0.03206790
v 0.03570492 -0.01030105 0.02486231
v 0.02709819 -0.01201304 0.02063967
v 0.03026917 0.00282201 0.02486231
v 0.02297273 -0.00205331 0.02063967
v 0.02022521 0.01286597 0.02486231
v 0.01534989 0.00556953 0.02063967
v 0.00710215 0.01830172 0.02486231
v 0.00539016 0.00969499 0.02063967
v 0.00710215 -0.05310811 0.02486231
v 0.00539017 -0.04450138 0.02063967
v 0.02022521 -0.04767236 0.02486231
v 0.01534989 -0.04037592 0.02063967
v 0.03026917 -0.03762841 0.02486231
v 0.02297273 -0.03275308 0.02063967
v 0.03570492 -0.02450535 0.02486231
v 0.02709819 -0.02279336 0.02063967
v 0.06518895 -0.03037009 0.08621484
v 0.05526452 -0.05432976 0.08621484
v 0.03692658 -0.07266772 0.08621484
v 0.01296689 -0.08259214 0.08621484
v 0.01296689 0.04778575 0.08621484
v 0.03692658 0.03786132 0.08621484
v 0.05526453 0.01952336 0.08621484
v 0.06518895 -0.00443632 0.08621484
v 0.03965365 -0.07674907 0.08838145
v -0.02653315 0.04664703 0.08286239
v 0.01392451 -0.08740644 0.08838145
v -0.04902248 0.03161927 0.08286239
v 0.01392451 0.05260004 0.08838145
v -0.06405095 0.00912756 0.08286239
v 0.03965365 0.04194267 0.08838145
v -0.06932824 -0.01740321 0.08286239
v 0.05934588 0.02225044 0.08838145
v -0.06405095 -0.04393397 0.08286239
v 0.07000325 -0.00347870 0.08838145
v -0.04902247 -0.06642566 0.08286239
v 0.07000324 -0.03132771 0.08838145
v 0.05764306 -0.05591905 0.08286238
v 0.05934588 -0.05705684 0.08838145
v 0.06799464 -0.03092817 0.08286238
v 0.00511234 0.05274952 0.07457804
v 0.00986143 0.04880191 0.07338606
v 0.00986143 0.04880191 0.07338606
v 0.00960997 0.04748998 0.06835297
v 0.00960997 0.04748998 0.06835297
v 0.00432101 0.04664911 0.06413834
v 0.00432101 0.04664911 0.06413834
v 0.00961089 0.04923515 0.07651812
v -0.00000000 0.05034935 0.07827316
v -0.00000000 0.05034935 0.07827316
v 0.00817604 0.05034882 0.07290125
v 0.00798009 0.04946650 0.06899495
v 0.00377962 0.04882480 0.06534169
v -0.00000000 0.05182447 0.06694359
v -0.00000000 0.05182447 0.06694359
v 0.00489095 0.05187908 0.06868734
v 0.00631201 0.05179173 0.07327603
v 0.00615286 0.05118379 0.07010452
v 0.00296536 0.05082353 0.06715113
v 0.00425686 0.05413593 0.06673076
v -0.00000000 0.05352118 0.06548398
v -0.00000000 0.05352118 0.06548398
v 0.00226025 0.05464137 0.06495900
v 0.00580383 0.05368566 0.07338254
v 0.00567289 0.05328918 0.07028307
v 0.00269557 0.05276045 0.06700722
v -0.00000000 0.05313314 0.07577822
v 0.00598444 0.05217331 0.07191757
v 0.00234987 0.05790898 0.06540404
v -0.00000000 0.05648631 0.06429716
v -0.00000000 0.05648631 0.06429716
v 0.00397604 0.05615492 0.06580455
v 0.00420031 0.05750216 0.06719637
v 0.00440024 0.05728013 0.07044850
v 0.00442682 0.05794157 0.07329480
v 0.00433990 0.06057370 0.07656383
v 0.00519856 0.05545820 0.06872020
v 0.00544378 0.05550682 0.07190545
v 0.00534265 0.05690300 0.07507801
v 0.00455908 0.05729780 0.07837295
v -0.00000000 0.05660831 0.07933170
v 0.00489729 0.06156070 0.07973618
v 0.00479838 0.06749846 0.08245929
v -0.00000000 0.05822068 0.07047049
v -0.00000000 0.05822068 0.07047049
v -0.00000000 0.05895068 0.07326959
v -0.00000000 0.05895068 0.07326959
v -0.00000000 0.06137897 0.07614551
v -0.00000000 0.06137897 0.07614551
v 0.00247071 0.05811779 0.06877070
v 0.00247847 0.05834441 0.07194858
v 0.00247679 0.05974732 0.07464541
v 0.00246008 0.06320055 0.07766611
v -0.00000000 0.05844765 0.06670480
v -0.00000000 0.05844765 0.06670480
v 0.00245578 0.06774454 0.07945702
v -0.00000000 0.06533799 0.07864167
v -0.00000000 0.06533799 0.07864167
v 0.00424148 0.06502168 0.07956724
v 0.00412502 0.06371353 0.08336971
v -0.00000000 0.06326852 0.08459585
v 0.00482335 0.08124416 0.08006273
v 0.00245578 0.07936353 0.07804855
v -0.00000000 0.07661151 0.07917330
v -0.00000000 0.07661151 0.07917330
v 0.00423718 0.07077888 0.08074149
v 0.00459559 0.07952696 0.08397066
v -0.00000000 0.07128827 0.08661858
v 0.00479837 0.08580352 0.07256013
v 0.00245578 0.08325246 0.07229239
v -0.00000000 0.08171126 0.07572452
v -0.00000000 0.08171126 0.07572452
v 0.00423718 0.08250343 0.07612189
v 0.00411819 0.08582006 0.07783742
v -0.00000000 0.08698027 0.07832989
v 0.00479714 0.08197709 0.06049108
v 0.00245516 0.07942386 0.06158845
v -0.00000000 0.08265146 0.06754485
v -0.00000000 0.08265146 0.06754485
v 0.00423704 0.08353660 0.06734701
v 0.00410768 0.08718042 0.06654555
v -0.00000000 0.08837536 0.06631754
v 0.00479221 0.06899137 0.04834018
v 0.00245270 0.06652136 0.04979242
v -0.00000000 0.07295458 0.05508431
v -0.00000000 0.07295458 0.05508431
v 0.00423396 0.07388844 0.05467211
v 0.00410460 0.07769828 0.05295667
v -0.00000000 0.07885534 0.05234453
v -0.00000000 0.07067311 0.07967053
v -0.00000000 0.07067311 0.07967053
v 0.00423718 0.07706833 0.08005712
v 0.00411819 0.07126407 0.08519965
v 0.00350277 0.08288408 0.08463964
v 0.00482335 0.07466155 0.08277343
v 0.00245578 0.07378305 0.07977582
v 0.00309231 0.08244114 0.08597930
v -0.00000000 0.08314548 0.08648412
v 0.00350277 0.07950500 0.08610239
v -0.00000000 0.07892116 0.08679129
v -0.00000000 0.08390142 0.08462507
v 0.00247991 0.06020841 0.04724470
v -0.00000000 0.06242155 0.04761165
v -0.00000000 0.06242155 0.04761165
v 0.00425781 0.06287452 0.04677039
v 0.00240207 0.05717007 0.04784900
v -0.00000000 0.05859077 0.04769863
v -0.00000000 0.05859077 0.04769863
v 0.00422310 0.05803472 0.04716402
v 0.00240207 0.05532472 0.04656943
v -0.00000000 0.05603734 0.04757295
v -0.00000000 0.05603734 0.04757295
v 0.00412744 0.05626892 0.04717194
v 0.00247991 0.05449532 0.04367812
v -0.00000000 0.05489399 0.04506705
v -0.00000000 0.05489399 0.04506705
v 0.00422310 0.05548544 0.04533594
v 0.00247991 0.05229578 0.04331340
v -0.00000000 0.05347933 0.04329529
v -0.00000000 0.05347933 0.04329529
v 0.00428462 0.05348609 0.04209447
v 0.00240207 0.05049929 0.04382238
v -0.00000000 0.05139031 0.04375202
v -0.00000000 0.05139031 0.04375202
v 0.00422310 0.05092762 0.04324507
v -0.00000000 0.04954520 0.04358068
v -0.00000000 0.04954520 0.04358068
v 0.00419583 0.04962098 0.04319929
v 0.00473844 0.04444108 0.03484463
v 0.00410152 0.06497741 0.04332408
v -0.00000000 0.06563164 0.04224068
v 0.00409742 0.04979104 0.03495357
v -0.00000000 0.05747520 0.03742314
v 0.00496131 0.05722483 0.04434123
v 0.00501784 0.05002789 0.04052714
v 0.00410139 0.05737191 0.03890863
v -0.00000000 0.05358558 0.03542467
v 0.00483572 0.06026551 0.04315554
v 0.00483572 0.05513311 0.04021453
v 0.00410138 0.05346870 0.03692878
v -0.00000000 0.04983298 0.03342221
v 0.00483572 0.05187606 0.03887208
v 0.00349616 0.04027947 0.04426210
v 0.00349616 0.04027947 0.04426210
v 0.00235715 0.04580311 0.04147121
v 0.00785228 0.03816910 0.04027944
v 0.00785228 0.03816910 0.04027944
v 0.00740132 0.03489153 0.03413626
v 0.00740132 0.03489153 0.03413626
v 0.00483964 0.04561132 0.03986529
v 0.00694639 0.03179745 0.03057709
v 0.00802840 0.03949502 0.04445881
v -0.00000000 0.04084814 0.04631502
v -0.00000000 0.04084814 0.04631502
v -0.00000000 0.04708556 0.04219215
v -0.00000000 0.04708556 0.04219215
v 0.00416139 0.04705480 0.04165901
v 0.00400847 0.04538520 0.03254470
v -0.00000000 0.04519339 0.03103097
v 0.00495911 0.04662786 0.03826016
v -0.00000000 0.04128453 0.04352540
v -0.00000000 0.04128453 0.04352540
v 0.00538852 0.04043317 0.04209258
v 0.00699837 0.03828434 0.03726140
v 0.00494343 0.03596018 0.03274413
v -0.00000000 0.03541254 0.03137024
v -0.00000000 0.04327005 0.04196717
v -0.00000000 0.04327005 0.04196717
v 0.00456125 0.04285270 0.04107920
v 0.00571869 0.04172040 0.03759506
v 0.00430058 0.04033096 0.03364238
v -0.00000000 0.04003803 0.03249821
v 0.00243670 0.04391969 0.04129518
v 0.00515051 0.04339963 0.03948458
v 0.00501230 0.04224047 0.03545479
v -0.00909361 0.04592943 0.06422324
v -0.04726822 -0.06467141 0.07527049
v 0.06799463 -0.00387823 0.08286238
v -0.06594305 -0.04471771 0.08838144
v 0.05764307 0.02111265 0.08286238
v -0.07137626 -0.01740321 0.08838144
v 0.03851587 0.04023986 0.08286238
v -0.06594307 0.00991130 0.08838144
v 0.01350153 0.05062740 0.08293853
v -0.05047064 0.03306743 0.08838144
v 0.01352498 -0.08539782 0.08286238
v -0.02731452 0.04853986 0.08838144
v 0.03851586 -0.07504625 0.08286238
v -0.02731451 -0.08334625 0.08838144
v -0.00544479 0.04164154 0.04921075
v -0.02331989 -0.07370238 0.05422456
v -0.02461170 -0.07682108 0.06596820
v -0.04308953 -0.06049272 0.05422456
v -0.04547648 -0.06287967 0.06596820
v -0.05629918 -0.04072309 0.05422456
v -0.05941788 -0.04201490 0.06596820
v -0.06093780 -0.01740321 0.05422456
v -0.06431346 -0.01740321 0.06596820
v -0.05629920 0.00591668 0.05422456
v -0.05941789 0.00720848 0.06596820
v -0.04308954 0.02568633 0.05422456
v -0.04547649 0.02807327 0.06596820
v -0.02333210 0.03889228 0.05422456
v -0.02468330 0.04199299 0.06596820
v -0.05221856 0.00422642 0.04227425
v -0.04692107 0.00203213 0.03208527
v -0.03591184 0.01850862 0.03208527
v -0.03996636 0.02256314 0.04227425
v -0.01964445 0.02945451 0.03208527
v -0.02183874 0.03475200 0.04227425
v -0.01011615 0.03559658 0.03694792
v -0.01943534 -0.06432426 0.03208527
v -0.02162963 -0.06962175 0.04227425
v -0.03591183 -0.05331502 0.03208527
v -0.03996635 -0.05736955 0.04227425
v -0.04692106 -0.03683854 0.03208527
v -0.05221855 -0.03903283 0.04227425
v -0.05078700 -0.01740321 0.03208527
v -0.05652096 -0.01740321 0.04227425
v -0.01186703 -0.04605273 0.01395708
v -0.02192740 -0.03933060 0.01395708
v -0.02864953 -0.02927022 0.01395708
v -0.03101003 -0.01740320 0.01395708
v -0.02864954 -0.00553618 0.01395708
v -0.02192741 0.00452420 0.01395708
v -0.01186703 0.01124634 0.01395708
v -0.02593494 0.00853174 0.00647075
v -0.02753581 0.01013260 0.00507662
v -0.01308155 0.01417845 0.00851612
v -0.01226695 0.01221184 0.01117458
v -0.01308155 -0.04898484 0.00851612
v -0.01226695 -0.04701823 0.01117458
v -0.02417154 -0.04157474 0.00851612
v -0.02266637 -0.04006956 0.01117458
v -0.03158165 -0.03048475 0.00851612
v -0.02961503 -0.02967015 0.01117458
v -0.03418373 -0.01740320 0.00851612
v -0.03205508 -0.01740320 0.01117458
v -0.03158165 -0.00432166 0.00851612
v -0.02961504 -0.00513626 0.01117458
v -0.03737364 -0.03288387 0.00388400
v -0.03778526 -0.03305437 0.00264232
v -0.04089847 -0.01740320 0.00264232
v -0.04045294 -0.01740320 0.00388400
v -0.03778526 -0.00175204 0.00264232
v -0.03737365 -0.00192254 0.00388400
v -0.02891960 0.01151638 0.00264232
v -0.02860456 0.01120134 0.00388400
v -0.01565117 0.02038207 0.00264232
v -0.01548068 0.01997045 0.00388400
v -0.01565117 -0.05518845 0.00264232
v -0.01548067 -0.05477684 0.00388400
v -0.02891959 -0.04632278 0.00264232
v -0.02860454 -0.04600774 0.00388400
v -0.01538673 -0.05455005 0.00143839
v -0.02843098 -0.04583417 0.00143839
v -0.03714685 -0.03278993 0.00143839
v -0.04020746 -0.01740320 0.00143839
v -0.03714686 -0.00201648 0.00143839
v -0.02843097 0.01102777 0.00143839
v -0.01538674 0.01974365 0.00143839
v -0.02266637 0.00526316 0.01117458
v -0.02417155 0.00676834 0.00851612
v -0.01490227 0.01857406 0.00507662
v -0.01403589 0.01648243 0.00647075
v -0.01490227 -0.05338045 0.00507662
v -0.01403589 -0.05128883 0.00647075
v -0.02753580 -0.04493900 0.00507662
v -0.02593494 -0.04333813 0.00647075
v -0.03597726 -0.03230547 0.00507662
v -0.03388563 -0.03143909 0.00647075
v -0.03894151 -0.01740320 0.00507662
v -0.03667754 -0.01740320 0.00647075
v -0.03597726 -0.00250094 0.00507662
v -0.03388564 -0.00336732 0.00647075
v -0.01724629 -0.00015692 0.00255752
v -0.00933363 0.00513016 0.00255752
v -0.00933362 -0.03993655 0.00255752
v -0.01724628 -0.03464948 0.00255752
v -0.02253336 -0.02673682 0.00255752
v -0.02438993 -0.01740320 0.00255752
v -0.02253336 -0.00806958 0.00255752
v -0.02722596 0.04832607 0.08979490
v -0.02671919 0.04710260 0.08988325
v -0.04937061 0.03196739 0.08988325
v -0.05030700 0.03290380 0.08979490
v -0.02722595 -0.08313245 0.08979490
v -0.02671917 -0.08190899 0.08988325
v -0.05030700 -0.06771019 0.08979490
v -0.04937060 -0.06677379 0.08988325
v -0.06572926 -0.04462915 0.08979490
v -0.06450580 -0.04412237 0.08988325
v -0.07114485 -0.01740321 0.08979490
v -0.06982058 -0.01740321 0.08988325
v -0.06572927 0.00982274 0.08979490
v -0.06450580 0.00931596 0.08988325
v -0.05938066 0.00719306 0.08208024
v -0.05670767 0.00608587 0.07558928
v -0.06646753 -0.01740321 0.08621483
v -0.04544799 0.02804477 0.08208024
v -0.04340218 0.02599896 0.07558928
v -0.02459628 0.04197745 0.08208024
v -0.02348909 0.03930447 0.07558928
v -0.02459627 -0.07678384 0.08208024
v -0.02348908 -0.07411086 0.07558928
v -0.04544799 -0.06285118 0.08208024
v -0.04340217 -0.06080536 0.07558928
v -0.05938065 -0.04199947 0.08208024
v -0.05670767 -0.04089228 0.07558928
v -0.05349304 -0.03956074 0.06600979
v -0.04982833 -0.03804277 0.05412653
v -0.03813695 -0.05554015 0.05412653
v -0.04094179 -0.05834499 0.06600979
v -0.05790045 -0.01740321 0.06600979
v -0.05393380 -0.01740321 0.05412653
v -0.05349304 0.00475433 0.06600979
v -0.04982833 0.00323636 0.05412653
v -0.04094181 0.02353859 0.06600979
v -0.03813696 0.02073374 0.05412653
v -0.02215755 0.03608984 0.06600979
v -0.02063958 0.03242513 0.05412653
v -0.02215754 -0.07089623 0.06600979
v -0.02063957 -0.06723153 0.05412653
v -0.01675078 0.02303674 0.03206790
v -0.01890210 0.02823047 0.04217392
v -0.01890209 -0.06303687 0.04217392
v -0.01675077 -0.05784314 0.03206790
v -0.03492650 -0.05232970 0.04217392
v -0.03095139 -0.04835460 0.03206790
v -0.04563368 -0.03630529 0.04217392
v -0.04043995 -0.03415398 0.03206790
v -0.04939354 -0.01740321 0.04217392
v -0.04377188 -0.01740321 0.03206790
v -0.04563368 0.00149888 0.04217392
v -0.04043995 -0.00065243 0.03206790
v -0.03492651 0.01752330 0.04217392
v -0.03095141 0.01354819 0.03206790
v -0.03362850 -0.00347383 0.02486231
v -0.02547579 -0.00685079 0.02063915
v -0.02757480 -0.01740320 0.02063915
v -0.03639923 -0.01740320 0.02486231
v -0.02573814 0.00833493 0.02486231
v -0.01949833 0.00209512 0.02063915
v -0.01392939 0.01622529 0.02486231
v -0.01055242 0.00807259 0.02063915
v -0.01392938 -0.05103169 0.02486231
v -0.01055242 -0.04287899 0.02063915
v -0.02573814 -0.04314133 0.02486231
v -0.01949832 -0.03690152 0.02063915
v -0.03362850 -0.03133258 0.02486231
v -0.02547580 -0.02795562 0.02063915
v -0.06140801 0.00803281 0.08621483
v -0.06137995 -0.01740321 0.07558928
v -0.06427316 -0.01740321 0.08208024
v -0.04699965 0.02959644 0.08621483
v -0.02543604 0.04400480 0.08621483
v -0.02543602 -0.07881120 0.08621483
v -0.04699965 -0.06440284 0.08621483
v -0.06140800 -0.04283922 0.08621483
v -0.05047064 -0.06787383 0.08838144
v 0.02653077 -0.08145414 0.08286238
v -0.06175890 -0.04298458 0.07527049
v -0.06684736 -0.01740321 0.07527049
v -0.06175891 0.00817816 0.07527049
v -0.04726823 0.02986501 0.07527049
v -0.02565299 0.04433400 0.07527049
v -0.01186669 0.04760935 0.07106515
v -0.02558138 -0.07916210 0.07527049
v -0.05558032 -0.05454078 0.07527049
v -0.06556146 -0.03044419 0.07527049
v -0.06556146 -0.00436223 0.07527049
v -0.05558033 0.01973437 0.07527049
v -0.03713760 0.03817712 0.07527049
v -0.01472044 0.04788120 0.07495074
v -0.01304099 -0.08296465 0.07527049
v -0.03713758 -0.07298351 0.07527049
v -0.01254666 -0.08047950 0.06596820
v -0.01188811 -0.07716878 0.05422456
v -0.03572985 -0.07087670 0.06596820
v -0.03385448 -0.06807000 0.05422456
v -0.05347350 -0.05313305 0.06596820
v -0.05066680 -0.05125768 0.05422456
v -0.06307631 -0.02994986 0.06596820
v -0.05976558 -0.02929132 0.05422456
v -0.06307631 -0.00485655 0.06596820
v -0.05976559 -0.00551510 0.05422456
v -0.05347352 0.01832665 0.06596820
v -0.05066682 0.01645127 0.05422456
v -0.03572986 0.03607030 0.06596820
v -0.03385449 0.03326361 0.05422456
v -0.01420402 0.04561482 0.06642477
v -0.01184216 0.04238798 0.05423481
v -0.00577761 0.04480554 0.05927481
v -0.04699443 0.01399746 0.04227425
v -0.04222692 0.01081191 0.03208527
v -0.03140068 0.02959122 0.04227425
v -0.02821513 0.02482371 0.03208527
v -0.01292420 0.03747452 0.04190114
v -0.01177332 0.03226977 0.03243278
v -0.01102645 -0.07283690 0.04227425
v -0.00990783 -0.06721324 0.03208527
v -0.03140067 -0.06439762 0.04227425
v -0.02821512 -0.05963010 0.03208527
v -0.04699442 -0.04880386 0.04227425
v -0.04222691 -0.04561832 0.03208527
v -0.05543370 -0.02842965 0.04227425
v -0.04981003 -0.02731104 0.03208527
v -0.05543371 -0.00637676 0.04227425
v -0.04981005 -0.00749538 0.03208527
v -0.01722787 -0.04318653 0.01395708
v -0.02578333 -0.03463107 0.01395708
v -0.03041351 -0.02345283 0.01395708
v -0.03041352 -0.01135358 0.01395708
v -0.02578334 -0.00017533 0.01395708
v -0.01722788 0.00838013 0.01395708
v -0.00604963 0.01301032 0.01395708
v -0.00604962 -0.04781671 0.01395708
v -0.02037651 0.01309239 0.00647075
v -0.02163427 0.01497477 0.00507662
v -0.00715528 0.01856880 0.00647075
v -0.00759695 0.02078922 0.00507662
v -0.00715528 -0.05337519 0.00647075
v -0.00759694 -0.05559561 0.00507662
v -0.02037650 -0.04789878 0.00647075
v -0.02163426 -0.04978116 0.00507662
v -0.03049559 -0.03777970 0.00647075
v -0.03237797 -0.03903746 0.00507662
v -0.03597200 -0.02455848 0.00647075
v -0.03819241 -0.02500015 0.00507662
v -0.03597201 -0.01024793 0.00647075
v -0.03819241 -0.00980626 0.00507662
v -0.03049560 0.00297330 0.00647075
v -0.03237797 0.00423106 0.00507662
v -0.03967477 -0.02529501 0.00388400
v -0.04011174 -0.02538192 0.00264232
v -0.03967477 -0.00951140 0.00388400
v -0.04011174 -0.00942449 0.00264232
v -0.03363465 0.00507075 0.00388400
v -0.03400509 0.00531827 0.00264232
v -0.02247396 0.01623145 0.00388400
v -0.02272149 0.01660189 0.00264232
v -0.00789181 0.02227157 0.00388400
v -0.00797872 0.02270854 0.00264232
v -0.00789180 -0.05707797 0.00388400
v -0.00797872 -0.05751493 0.00264232
v -0.02247395 -0.05103784 0.00388400
v -0.02272148 -0.05140828 0.00264232
v -0.03363465 -0.03987715 0.00388400
v -0.03400509 -0.04012467 0.00264232
v -0.02233758 -0.05083375 0.00143839
v -0.03343055 -0.03974078 0.00143839
v -0.03943402 -0.02524712 0.00143839
v -0.03943403 -0.00955929 0.00143839
v -0.03343056 0.00493437 0.00143839
v -0.02233759 0.01602735 0.00143839
v -0.00784392 0.02203082 0.00143839
v -0.00784391 -0.05683722 0.00143839
v -0.02665225 0.00040525 0.01117459
v -0.02842212 0.00158784 0.00851612
v -0.03143846 -0.01114971 0.01117459
v -0.03352616 -0.01073444 0.00851612
v -0.03143846 -0.02365670 0.01117459
v -0.03352616 -0.02407197 0.00851612
v -0.02665224 -0.03521165 0.01117459
v -0.02842211 -0.03639424 0.00851612
v -0.01780846 -0.04405543 0.01117459
v -0.01899105 -0.04582530 0.00851612
v -0.00625350 -0.04884166 0.01117459
v -0.00666877 -0.05092935 0.00851612
v -0.00625350 0.01403526 0.01117459
v -0.00666877 0.01612296 0.00851612
v -0.01780846 0.00924904 0.01117459
v -0.01899105 0.01101891 0.00851612
v -0.01355331 0.00288076 0.00255752
v -0.00475929 0.00652337 0.00255752
v -0.00475929 -0.04132976 0.00255752
v -0.01355331 -0.03768716 0.00255752
v -0.02028396 -0.03095651 0.00255752
v -0.02392656 -0.02216249 0.00255752
v -0.02392656 -0.01264391 0.00255752
v -0.02028397 -0.00384989 0.00255752
v -0.03952510 0.04175027 0.08979491
v -0.03878939 0.04064921 0.08988325
v -0.01387937 0.05237309 0.08979491
v -0.01362102 0.05107429 0.08988325
v -0.01387936 -0.08717947 0.08979491
v -0.01362102 -0.08588067 0.08988325
v -0.03952508 -0.07655667 0.08979491
v -0.03878937 -0.07545560 0.08988325
v -0.05915347 -0.05692829 0.08979491
v -0.05805241 -0.05619258 0.08988325
v -0.06977628 -0.03128257 0.08979491
v -0.06847748 -0.03102422 0.08988325
v -0.06977629 -0.00352385 0.08979491
v -0.06847749 -0.00378219 0.08988325
v -0.05915348 0.02212187 0.08979491
v -0.05805241 0.02138616 0.08988325
v -0.06303678 -0.00486442 0.08208024
v -0.06019921 -0.00542884 0.07558928
v -0.05344001 0.01830425 0.08208024
v -0.05103444 0.01669690 0.07558928
v -0.03570748 0.03603680 0.08208024
v -0.03410013 0.03363122 0.07558928
v -0.01253880 0.04563358 0.08208024
v -0.01197437 0.04279601 0.07558928
v -0.01253879 -0.08043997 0.08208024
v -0.01197437 -0.07760241 0.07558928
v -0.03570746 -0.07084319 0.08208024
v -0.03410011 -0.06843762 0.07558928
v -0.05344000 -0.05311066 0.08208024
v -0.05103443 -0.05150331 0.07558928
v -0.06303678 -0.02994200 0.08208024
v -0.06019921 -0.02937757 0.07558928
v -0.04814139 -0.04957026 0.06600979
v -0.04484333 -0.04736655 0.05412654
v -0.05678666 -0.02869877 0.06600979
v -0.05289631 -0.02792493 0.05412654
v -0.05678665 -0.00610764 0.06600979
v -0.05289632 -0.00688148 0.05412654
v -0.04814141 0.01476384 0.06600979
v -0.04484333 0.01256014 0.05412654
v -0.03216707 0.03073820 0.06600979
v -0.02996336 0.02744012 0.05412654
v -0.01129557 0.03938347 0.06600979
v -0.01052174 0.03549311 0.05412654
v -0.01129557 -0.07418985 0.06600979
v -0.01052173 -0.07029951 0.05412654
v -0.03216705 -0.06554459 0.06600979
v -0.02996335 -0.06224651 0.05412654
v -0.00963599 0.03104019 0.04217392
v -0.00853933 0.02552687 0.03206790
v -0.00963599 -0.06584658 0.04217392
v -0.00853932 -0.06033326 0.03206790
v -0.02744097 -0.05847152 0.04217392
v -0.02431792 -0.05379755 0.03206790
v -0.04106831 -0.04484417 0.04217392
v -0.03639435 -0.04172113 0.03206790
v -0.04844339 -0.02703919 0.04217392
v -0.04293006 -0.02594252 0.03206790
v -0.04844339 -0.00776722 0.04217392
v -0.04293007 -0.00886389 0.03206790
v -0.04106833 0.01003776 0.04217392
v -0.03639436 0.00691472 0.03206790
v -0.02744098 0.02366511 0.04217392
v -0.02431794 0.01899114 0.03206790
v -0.03570492 -0.01030106 0.02486231
v -0.02709818 -0.01201304 0.02063966
v -0.03026918 0.00282200 0.02486231
v -0.02297273 -0.00205332 0.02063966
v -0.02022522 0.01286597 0.02486231
v -0.01534989 0.00556953 0.02063966
v -0.00710215 0.01830172 0.02486231
v -0.00539017 0.00969499 0.02063966
v -0.00710215 -0.05310812 0.02486231
v -0.00539016 -0.04450138 0.02063966
v -0.02022521 -0.04767236 0.02486231
v -0.01534989 -0.04037592 0.02063966
v -0.03026917 -0.03762841 0.02486231
v -0.02297273 -0.03275308 0.02063966
v -0.03570492 -0.02450535 0.02486231
v -0.02709819 -0.02279336 0.02063966
v -0.06518895 -0.03037009 0.08621483
v -0.05526452 -0.05432977 0.08621483
v -0.03692657 -0.07266772 0.08621483
v -0.01296689 -0.08259214 0.08621483
v -0.01296689 0.04778576 0.08621483
v -0.03692659 0.03786131 0.08621483
v -0.05526453 0.01952335 0.08621483
v -0.06518895 -0.00443632 0.08621483
v -0.03965365 -0.07674908 0.08838144
v -0.00000000 0.05206379 0.08326301
v -0.00000000 0.05206379 0.08326301
v -0.01392451 -0.08740644 0.08838144
v 0.00000000 -0.08673144 0.08286238
v -0.01392452 0.05260005 0.08838144
v 0.02653314 0.04664703 0.08286238
v -0.03965366 0.04194268 0.08838144
v 0.04902248 0.03161927 0.08286238
v -0.05934589 0.02225044 0.08838144
v 0.06405095 0.00912756 0.08286238
v -0.07000325 -0.00347870 0.08838144
v 0.06932824 -0.01740320 0.08286238
v -0.07000324 -0.03132771 0.08838144
v 0.06405094 -0.04393396 0.08286238
v -0.05934588 -0.05705685 0.08838144
v 0.04902247 -0.06642567 0.08286238
v -0.00511234 0.05274952 0.07457804
v -0.00986143 0.04880192 0.07338606
v -0.00986143 0.04880192 0.07338606
v -0.00960998 0.04748998 0.06835297
v -0.00960998 0.04748998 0.06835297
v -0.00432101 0.04664911 0.06413834
v -0.00432101 0.04664911 0.06413834
v -0.00961090 0.04923515 0.07651812
v -0.00817605 0.05034882 0.07290125
v -0.00798009 0.04946649 0.06899495
v -0.00377962 0.04882480 0.06534170
v -0.00489096 0.05187908 0.06868734
v -0.00631202 0.05179173 0.07327603
v -0.00615286 0.05118379 0.07010452
v -0.00296537 0.05082353 0.06715114
v -0.00425687 0.05413593 0.06673076
v -0.00226025 0.05464137 0.06495900
v -0.00580383 0.05368566 0.07338253
v -0.00567289 0.05328917 0.07028307
v -0.00269557 0.05276045 0.06700722
v -0.00598445 0.05217331 0.07191757
v -0.00234988 0.05790898 0.06540405
v -0.00397604 0.05615491 0.06580455
v -0.00420032 0.05750216 0.06719637
v -0.00440025 0.05728014 0.07044850
v -0.00442683 0.05794157 0.07329479
v -0.00433991 0.06057371 0.07656383
v -0.00519857 0.05545821 0.06872020
v -0.00544379 0.05550682 0.07190545
v -0.00534266 0.05690300 0.07507801
v -0.00455909 0.05729780 0.07837295
v -0.00489730 0.06156069 0.07973618
v -0.00479838 0.06749846 0.08245929
v -0.00247072 0.05811780 0.06877071
v -0.00247848 0.05834440 0.07194858
v -0.00247680 0.05974732 0.07464540
v -0.00246009 0.06320055 0.07766611
v -0.00245579 0.06774454 0.07945703
v -0.00424149 0.06502168 0.07956724
v -0.00412503 0.06371353 0.08336971
v -0.00482336 0.08124416 0.08006273
v -0.00245579 0.07936353 0.07804855
v -0.00423719 0.07077887 0.08074149
v -0.00459560 0.07952696 0.08397065
v -0.00479838 0.08580353 0.07256013
v -0.00245579 0.08325245 0.07229239
v -0.00423719 0.08250342 0.07612189
v -0.00411820 0.08582006 0.07783741
v -0.00479715 0.08197710 0.06049107
v -0.00245517 0.07942386 0.06158845
v -0.00423705 0.08353659 0.06734702
v -0.00410769 0.08718042 0.06654556
v -0.00479221 0.06899136 0.04834018
v -0.00245270 0.06652136 0.04979241
v -0.00423397 0.07388845 0.05467211
v -0.00410461 0.07769828 0.05295667
v -0.00423719 0.07706833 0.08005713
v -0.00411819 0.07126408 0.08519965
v -0.00350278 0.08288408 0.08463964
v -0.00482336 0.07466154 0.08277343
v -0.00245579 0.07378305 0.07977582
v -0.00309232 0.08244114 0.08597931
v -0.00350278 0.07950500 0.08610239
v -0.00247992 0.06020840 0.04724470
v -0.00425782 0.06287452 0.04677039
v -0.00240207 0.05717007 0.04784900
v -0.00422310 0.05803472 0.04716402
v -0.00240207 0.05532472 0.04656943
v -0.00412745 0.05626892 0.04717194
v -0.00247992 0.05449532 0.04367812
v -0.00422310 0.05548544 0.04533594
v -0.00247992 0.05229578 0.04331341
v -0.00428462 0.05348608 0.04209447
v -0.00240207 0.05049929 0.04382238
v -0.00422310 0.05092762 0.04324507
v -0.00419583 0.04962098 0.04319929
v -0.00473844 0.04444108 0.03484463
v -0.00410153 0.06497741 0.04332408
v -0.00409743 0.04979104 0.03495357
v -0.00496132 0.05722483 0.04434123
v -0.00501784 0.05002789 0.04052714
v -0.00410139 0.05737191 0.03890862
v -0.00483573 0.06026551 0.04315554
v -0.00483572 0.05513311 0.04021453
v -0.00410139 0.05346870 0.03692878
v -0.00483572 0.05187606 0.03887208
v -0.00349617 0.04027947 0.04426210
v -0.00349617 0.04027947 0.04426210
v -0.00235716 0.04580311 0.04147120
v -0.00785229 0.03816910 0.04027944
v -0.00785229 0.03816910 0.04027944
v -0.00740132 0.03489153 0.03413625
v -0.00740132 0.03489153 0.03413625
v -0.00483965 0.04561131 0.03986529
v -0.00694639 0.03179745 0.03057708
v -0.00802841 0.03949502 0.04445881
v -0.00416140 0.04705481 0.04165901
v -0.00400848 0.04538520 0.03254470
v -0.00495911 0.04662786 0.03826017
v -0.00538852 0.04043317 0.04209258
v -0.00699837 0.03828434 0.03726141
v -0.00494343 0.03596019 0.03274413
v -0.00456126 0.04285270 0.04107920
v -0.00571869 0.04172039 0.03759506
v -0.00430058 0.04033095 0.03364238
v -0.00243670 0.04391970 0.04129518
v -0.00515052 0.04339963 0.03948458
v -0.00501231 0.04224047 0.03545479
v 0.01155608 0.04844062 0.07416309
v 0.00501076 0.04582836 0.06250836
v 0.00590257 0.04326639 0.05423444
v 0.00912553 0.03344459 0.03327769
v 0.01120894 0.04665448 0.06746532
v 0.00578720 0.05199203 0.07029601
v 0.00245710 0.05354356 0.06592489
v 0.00229437 0.05639523 0.06475339
v 0.00593674 0.05243254 0.07335053
v 0.00278742 0.05182129 0.06744302
v 0.00483334 0.05580308 0.06714681
v 0.00537803 0.05537378 0.07036247
v 0.00545766 0.05589214 0.07334496
v 0.00510375 0.05894762 0.07741272
v 0.00247616 0.05810203 0.07047352
v 0.00247949 0.05882454 0.07327274
v 0.00244118 0.05830269 0.06690754
v 0.00246862 0.06127831 0.07619779
v 0.00245632 0.06529845 0.07875735
v 0.00481074 0.06438368 0.08143090
v 0.00245578 0.07666861 0.07928378
v 0.00485388 0.07806027 0.08187926
v 0.00245578 0.08181027 0.07577418
v 0.00480155 0.08410682 0.07694132
v 0.00245570 0.08276211 0.06752012
v 0.00479822 0.08531979 0.06695005
v 0.00245393 0.07307133 0.05503278
v 0.00479467 0.07576546 0.05383938
v 0.00480155 0.07100674 0.08290992
v 0.00245578 0.07068631 0.07980440
v 0.00399120 0.08118254 0.08531788
v 0.00245889 0.06247284 0.04750815
v 0.00244945 0.05852967 0.04762651
v 0.00242977 0.05606644 0.04752257
v 0.00244945 0.05496574 0.04508617
v 0.00246555 0.05348146 0.04315364
v 0.00244945 0.05133699 0.04368347
v 0.00244084 0.04955168 0.04353100
v 0.00239221 0.04708104 0.04212480
v 0.00482409 0.05673859 0.04622237
v 0.00491460 0.04984304 0.04233310
v 0.00479786 0.06390941 0.04505414
v 0.00487567 0.05737550 0.04148601
v 0.00480444 0.05346974 0.03950781
v 0.00488170 0.04993504 0.03762028
v 0.00985068 0.03772197 0.04102769
v 0.00441578 0.04052970 0.04600955
v 0.00488708 0.04695868 0.04043793
v 0.00478195 0.04598077 0.03523320
v 0.00299499 0.04105963 0.04322723
v 0.00670825 0.03947995 0.03993479
v 0.00640224 0.03698904 0.03471002
v 0.00536054 0.04095388 0.03541758
v 0.00553976 0.04237079 0.03960620
v 0.00257284 0.04316075 0.04179728
v -0.01155608 0.04844062 0.07416308
v -0.00501077 0.04582836 0.06250837
v -0.00590258 0.04326639 0.05423444
v -0.00912553 0.03344459 0.03327769
v -0.01120895 0.04665448 0.06746532
v -0.00578720 0.05199203 0.07029601
v -0.00245710 0.05354356 0.06592490
v -0.00229437 0.05639523 0.06475339
v -0.00593675 0.05243254 0.07335053
v -0.00278743 0.05182129 0.06744302
v -0.00483335 0.05580308 0.06714681
v -0.00537804 0.05537378 0.07036247
v -0.00545767 0.05589214 0.07334495
v -0.00510375 0.05894762 0.07741271
v -0.00247617 0.05810203 0.07047352
v -0.00247949 0.05882454 0.07327274
v -0.00244119 0.05830269 0.06690754
v -0.00246863 0.06127831 0.07619779
v -0.00245632 0.06529844 0.07875736
v -0.00481075 0.06438368 0.08143091
v -0.00245579 0.07666861 0.07928377
v -0.00485389 0.07806027 0.08187925
v -0.00245579 0.08181027 0.07577419
v -0.00480155 0.08410682 0.07694132
v -0.00245571 0.08276210 0.06752012
v -0.00479823 0.08531978 0.06695005
v -0.00245394 0.07307133 0.05503278
v -0.00479468 0.07576547 0.05383937
v -0.00480155 0.07100674 0.08290992
v -0.00245579 0.07068631 0.07980440
v -0.00399121 0.08118254 0.08531787
v -0.00245890 0.06247284 0.04750815
v -0.00244946 0.05852967 0.04762651
v -0.00242977 0.05606644 0.04752257
v -0.00244946 0.05496573 0.04508616
v -0.00246555 0.05348146 0.04315364
v -0.00244946 0.05133699 0.04368347
v -0.00244085 0.04955167 0.04353099
v -0.00239222 0.04708103 0.04212480
v -0.00482409 0.05673859 0.04622237
v -0.00491461 0.04984304 0.04233310
v -0.00479787 0.06390941 0.04505414
v -0.00487568 0.05737550 0.04148601
v -0.00480445 0.05346974 0.03950781
v -0.00488170 0.04993504 0.03762028
v -0.00985068 0.03772197 0.04102769
v -0.00441578 0.04052969 0.04600954
v -0.00488709 0.04695867 0.04043793
v -0.00478196 0.04598076 0.03523320
v -0.00299500 0.04105963 0.04322722
v -0.00670825 0.03947995 0.03993478
v -0.00640225 0.03698904 0.03471002
v -0.00536054 0.04095387 0.03541758
v -0.00553976 0.04237079 0.03960620
v -0.00257285 0.04316075 0.04179727
vt 0.35020760 0.74914765
vt 0.33020911 0.75356156
vt 0.31101486 0.76084840
vt 0.29298455 0.77084559
vt 0.27639636 0.78332883
vt 0.26140118 0.79799646
vt 0.24782442 0.81445551
vt 0.35220826 0.76288557
vt 0.33420306 0.76688898
vt 0.31692031 0.77350461
vt 0.30068174 0.78261167
vt 0.28573680 0.79405719
vt 0.27220240 0.80768120
vt 0.25995389 0.82332468
vt 0.35464910 0.77949077
vt 0.33907539 0.78299242
vt 0.32414240 0.78878754
vt 0.31014496 0.79679775
vt 0.29733416 0.80694550
vt 0.28588912 0.81921262
vt 0.27590555 0.83372730
vt 0.35705215 0.79565835
vt 0.34387088 0.79865199
vt 0.33126524 0.80360776
vt 0.31951889 0.81046820
vt 0.30891365 0.81918281
vt 0.29974833 0.82975513
vt 0.29244897 0.84229910
vt 0.35900199 0.80868763
vt 0.34775662 0.81124759
vt 0.33703193 0.81547612
vt 0.32709840 0.82131082
vt 0.31824717 0.82867515
vt 0.31082669 0.83749336
vt 0.30532113 0.84768116
vt 0.48993236 0.96684742
vt 0.49965987 0.96164876
vt 0.50665742 0.95312315
vt 0.50985968 0.94256872
vt 0.50877911 0.93159217
vt 0.50358033 0.92186457
vt 0.49505475 0.91486722
vt 0.48867756 0.96271050
vt 0.49691737 0.95830673
vt 0.50284457 0.95108491
vt 0.50555706 0.94214469
vt 0.50464177 0.93284702
vt 0.50023824 0.92460734
vt 0.49301642 0.91867989
vt 0.48729593 0.95815426
vt 0.49389729 0.95462638
vt 0.49864605 0.94884056
vt 0.50081921 0.94167787
vt 0.50008583 0.93422872
vt 0.49655774 0.92762727
vt 0.49077204 0.92287856
vt 0.87139523 0.27103496
vt 0.87912732 0.25020134
vt 0.89152777 0.23174274
vt 0.90790015 0.21665823
vt 0.92733693 0.20573056
vt 0.94878060 0.19947690
vt 0.97107607 0.19813973
vt 0.50688016 0.00805902
vt 0.93343824 0.28610218
vt 0.51028734 0.01390558
vt 0.93591809 0.27951074
vt 0.51119804 0.02061099
vt 0.93989843 0.27370167
vt 0.50947326 0.02715456
vt 0.94515818 0.26902056
vt 0.50537568 0.03253984
vt 0.95140088 0.26576519
vt 0.49952918 0.03594720
vt 0.95826101 0.26418507
vt 0.49282366 0.03685772
vt 0.96529108 0.26449490
vt 0.36038291 0.74805105
vt 0.34013233 0.75098860
vt 0.32048738 0.75685531
vt 0.30183405 0.76552182
vt 0.28449753 0.77679455
vt 0.26870465 0.79041952
vt 0.25447023 0.80604041
vt 0.24135818 0.82320476
vt 0.36136961 0.76188719
vt 0.34313685 0.76455343
vt 0.32544920 0.76987553
vt 0.30865121 0.77775443
vt 0.29303360 0.78805119
vt 0.27879006 0.80060565
vt 0.26592717 0.81527239
vt 0.25488591 0.83064592
vt 0.33254272 0.76136005
vt 0.31168243 0.76228374
vt 0.29385296 0.77217942
vt 0.27744740 0.78454661
vt 0.26260707 0.79909414
vt 0.24915145 0.81546724
vt 0.35043427 0.75070602
vt 0.36257789 0.77863127
vt 0.34680465 0.78096390
vt 0.33151430 0.78562015
vt 0.31701615 0.79253232
vt 0.30358553 0.80161798
vt 0.29144192 0.81281877
vt 0.28071168 0.82619095
vt 0.27164689 0.84237880
vt 0.35335451 0.77070683
vt 0.33649117 0.77447551
vt 0.32030940 0.78070754
vt 0.30511567 0.78930408
vt 0.29115480 0.80015111
vt 0.27856013 0.81316507
vt 0.26725587 0.82838392
vt 0.36376926 0.79492247
vt 0.35041025 0.79691797
vt 0.33748278 0.80089879
vt 0.32527366 0.80681354
vt 0.31406465 0.81460422
vt 0.30414200 0.82423860
vt 0.29582942 0.83578056
vt 0.28932443 0.84954023
vt 0.30336401 0.81339699
vt 0.29309914 0.82483900
vt 0.28458166 0.83830237
vt 0.35590231 0.78794307
vt 0.34157661 0.79118252
vt 0.32785681 0.79654574
vt 0.31503052 0.80396938
vt 0.36473373 0.80799842
vt 0.35332000 0.80970812
vt 0.34229502 0.81311154
vt 0.33192518 0.81815630
vt 0.32248935 0.82477087
vt 0.31430170 0.83287841
vt 0.30776730 0.84240341
vt 0.30349180 0.85323614
vt 0.33442453 0.81011641
vt 0.32367519 0.81642604
vt 0.31404191 0.82442206
vt 0.30586272 0.83407325
vt 0.29960057 0.84538156
vt 0.35811922 0.80279410
vt 0.34599847 0.80555308
vt 0.35952848 0.81220353
vt 0.78865492 0.58056992
vt 0.34880438 0.81464279
vt 0.78697348 0.59005839
vt 0.33858386 0.81866753
vt 0.78419632 0.59928548
vt 0.32913050 0.82421076
vt 0.78036189 0.60812593
vt 0.32073158 0.83118457
vt 0.77552235 0.61645806
vt 0.31373209 0.83948511
vt 0.76974493 0.62416613
vt 0.30860257 0.84897399
vt 0.76311123 0.63113397
vt 0.48449683 0.96792388
vt 0.49504995 0.96472323
vt 0.50357497 0.95772761
vt 0.50877392 0.94800228
vt 0.50985539 0.93702763
vt 0.50665474 0.92647451
vt 0.49965927 0.91794956
vt 0.48993373 0.91275060
vt 0.49041489 0.96843839
vt 0.80303276 0.58225900
vt 0.50071430 0.96293384
vt 0.80105603 0.59341323
vt 0.50812340 0.95390683
vt 0.79779130 0.60426050
vt 0.51151401 0.94273174
vt 0.79328340 0.61465293
vt 0.51036990 0.93110979
vt 0.78759336 0.62444872
vt 0.50486535 0.92081016
vt 0.78079760 0.63351470
vt 0.49583846 0.91340107
vt 0.77298266 0.64173615
vt 0.48407358 0.96362382
vt 0.49301332 0.96091259
vt 0.50023520 0.95498657
vt 0.50463933 0.94674808
vt 0.50555545 0.93745089
vt 0.50284404 0.92851114
vt 0.49691808 0.92128932
vt 0.48867938 0.91688526
vt 0.50203377 0.92313385
vt 0.49411154 0.91663152
vt 0.48935172 0.96493328
vt 0.49839079 0.96010208
vt 0.50489295 0.95217997
vt 0.50786865 0.94237250
vt 0.50686467 0.93217289
vt 0.48360759 0.95889038
vt 0.49077150 0.95671773
vt 0.49655846 0.95196879
vt 0.50008762 0.94536698
vt 0.50082183 0.93791687
vt 0.49864921 0.93075323
vt 0.49390039 0.92496616
vt 0.48729855 0.92143691
vt 0.49503064 0.92888051
vt 0.48984066 0.92462081
vt 0.48672244 0.95626372
vt 0.49264404 0.95309901
vt 0.49690381 0.94790918
vt 0.49885312 0.94148397
vt 0.49819547 0.93480211
vt 0.86941278 0.28198540
vt 0.87463039 0.26038527
vt 0.88477010 0.24060011
vt 0.89926034 0.22371316
vt 0.91729230 0.21062332
vt 0.93787485 0.20198506
vt 0.95989740 0.19817424
vt 0.98214072 0.19933486
vt 0.24706163 0.81387180
vt 0.97114843 0.19675809
vt 0.26070547 0.79736173
vt 0.94854403 0.19810915
vt 0.35007653 0.74824363
vt 0.87005287 0.27071059
vt 0.32994726 0.75268447
vt 0.87789804 0.24957120
vt 0.31062809 0.76001555
vt 0.89047843 0.23084259
vt 0.29248169 0.77007169
vt 0.90708691 0.21553814
vt 0.27578872 0.78262413
vt 0.92680025 0.20445216
vt 0.50446552 0.00564462
vt 0.93272597 0.28956318
vt 0.50898075 0.01075089
vt 0.93440312 0.28270280
vt 0.51119804 0.01719642
vt 0.93766445 0.27643919
vt 0.51077986 0.02399993
vt 0.94232976 0.27113807
vt 0.50779015 0.03012544
vt 0.94813848 0.26712251
vt 0.50268382 0.03464049
vt 0.95475936 0.26466548
vt 0.49623817 0.03685772
vt 0.96179116 0.26399469
vt 0.48943478 0.03643972
vt 0.96872973 0.26531732
vt 0.50507241 0.02023458
vt 0.50448400 0.01590204
vt 0.50395787 0.02446246
vt 0.50131023 0.02794206
vt 0.49753267 0.03014362
vt 0.49320018 0.03073210
vt 0.50228244 0.01212442
vt 0.33066127 0.75507331
vt 0.31446370 0.76825404
vt 0.29747552 0.77772993
vt 0.28183684 0.78960598
vt 0.26766786 0.80366147
vt 0.25478873 0.81967431
vt 0.35137653 0.75718641
vt 0.32338330 0.76446682
vt 0.30580989 0.77267259
vt 0.28946921 0.78337455
vt 0.27456170 0.79637110
vt 0.26108411 0.81143486
vt 0.24850491 0.82867193
vt 0.36095864 0.75613958
vt 0.34188643 0.75891870
vt 0.36193672 0.76977432
vt 0.34485966 0.77228439
vt 0.32829693 0.77729499
vt 0.31257451 0.78472286
vt 0.29797193 0.79445815
vt 0.28468686 0.80639410
vt 0.27276003 0.82049596
vt 0.26141262 0.83691466
vt 0.29805487 0.81887102
vt 0.28858134 0.83136737
vt 0.28162327 0.84449929
vt 0.36319920 0.78715169
vt 0.34868634 0.78931022
vt 0.33462879 0.79361808
vt 0.32132342 0.80001873
vt 0.30904776 0.80844736
vt 0.32892263 0.81304413
vt 0.31869251 0.82020491
vt 0.30973899 0.82903039
vt 0.30245778 0.83951831
vt 0.29747263 0.85171491
vt 0.36429727 0.80208945
vt 0.35200465 0.80392998
vt 0.34012079 0.80759841
vt 0.35410756 0.81316948
vt 0.78798890 0.58534515
vt 0.34359533 0.81641191
vt 0.78575480 0.59472311
vt 0.33371788 0.82121116
vt 0.78244197 0.60377634
vt 0.32474920 0.82748967
vt 0.77809548 0.61238116
vt 0.31700101 0.83515167
vt 0.77277541 0.62041920
vt 0.31087407 0.84408039
vt 0.76655555 0.62777549
vt 0.30693397 0.85409898
vt 0.75953048 0.63432914
vt 0.36499554 0.81153923
vt 0.78911352 0.57577056
vt 0.49583572 0.96619320
vt 0.80216449 0.58785737
vt 0.50486320 0.95878506
vt 0.79954040 0.59887189
vt 0.51036876 0.94848615
vt 0.79564935 0.60950541
vt 0.51151401 0.93686450
vt 0.79054397 0.61961204
vt 0.50812459 0.92568910
vt 0.78429365 0.62905443
vt 0.50071651 0.91666132
vt 0.77698022 0.63770646
vt 0.49041772 0.91115588
vt 0.76869863 0.64548421
vt 0.48466021 0.96958250
vt 0.80348545 0.57661188
vt 0.49839193 0.91949385
vt 0.48935392 0.91466212
vt 0.48430124 0.96593583
vt 0.49410856 0.96296132
vt 0.50203097 0.95646024
vt 0.50686240 0.94742239
vt 0.50786752 0.93722332
vt 0.50489295 0.92741621
vt 0.49265480 0.92648369
vt 0.48672843 0.92331564
vt 0.48341519 0.95693642
vt 0.48984602 0.95498616
vt 0.49504089 0.95072323
vt 0.49820906 0.94479686
vt 0.49886790 0.93810928
vt 0.49691772 0.93167847
vt 0.25374639 0.80544174
vt 0.95981485 0.19679630
vt 0.24058515 0.82263058
vt 0.98237371 0.19798458
vt 0.36031911 0.74715132
vt 0.86804795 0.28182280
vt 0.33993778 0.75010639
vt 0.87334144 0.25990677
vt 0.32016614 0.75600863
vt 0.88362813 0.23983300
vt 0.30139354 0.76472664
vt 0.89832729 0.22270048
vt 0.28394753 0.77606297
vt 0.91661650 0.20942134
vt 0.26805878 0.78975815
vt 0.93748808 0.20065922
vt 0.50499225 0.01803929
vt 0.50472391 0.02240360
vt 0.50280607 0.02633315
vt 0.49953038 0.02922958
vt 0.49539560 0.03065199
vt 0.49103105 0.03038377
vt 0.50067347 0.01062870
vt 0.50356984 0.01390439
vt 0.34047198 0.75252438
vt 0.36049461 0.74961758
vt 0.24271666 0.82420349
vt 0.25573447 0.80708098
vt 0.26983038 0.79156899
vt 0.28545740 0.77806824
vt 0.30260262 0.76690632
vt 0.32104778 0.75832939
vt 0.16901253 0.68458128
vt 0.17778756 0.68035686
vt 0.25255841 0.83397627
vt 0.17691366 0.67694253
vt 0.24856643 0.83350354
vt 0.17754982 0.68460411
vt 0.25558171 0.83803385
vt 0.17579992 0.68021071
vt 0.17501207 0.67688107
vt 0.17565976 0.68394089
vt 0.17344095 0.67938000
vt 0.17288102 0.67563903
vt 0.17324714 0.68315953
vt 0.17120354 0.67909306
vt 0.16940491 0.67494506
vt 0.17089973 0.68287504
vt 0.16757153 0.68408066
vt 0.16748886 0.68225950
vt 0.16667692 0.67966259
vt 0.16456755 0.67725194
vt 0.16016944 0.67511100
vt 0.16122703 0.67192113
vt 0.15579145 0.67423397
vt 0.15570952 0.67108166
vt 0.14669858 0.67332619
vt 0.14678897 0.67047286
vt 0.14123996 0.67304784
vt 0.14112894 0.67061108
vt 0.13294022 0.67351562
vt 0.13330619 0.67091757
vt 0.12056170 0.67432439
vt 0.12155260 0.67140800
vt 0.15111248 0.67377454
vt 0.15059240 0.67061687
vt 0.14781137 0.66929322
vt 0.14845692 0.66938138
vt 0.11417998 0.67551023
vt 0.11311878 0.67712808
vt 0.11210255 0.67720544
vt 0.11003853 0.67581177
vt 0.10686828 0.67632550
vt 0.10612153 0.67778999
vt 0.10200419 0.67791694
vt 0.11263128 0.67165613
vt 0.10776688 0.67174906
vt 0.10493882 0.67174882
vt 0.09585021 0.68036127
vt 0.27370453 0.84791309
vt 0.08992906 0.67269862
vt 0.28406075 0.85175461
vt 0.09267054 0.67646027
vt 0.27960405 0.84832501
vt 0.10040571 0.67509985
vt 0.09844626 0.67099947
vt 0.10000400 0.67839938
vt 0.09837680 0.67550361
vt 0.09676160 0.67192239
vt 0.37060532 0.74770123
vt 0.39098349 0.74923652
vt 0.41094169 0.75372976
vt 0.43007487 0.76108372
vt 0.44802499 0.77113175
vt 0.46451649 0.78364187
vt 0.47941238 0.79832464
vt 0.49287069 0.81477249
vt 0.23471183 0.83217895
vt 0.50585377 0.83245051
vt 0.37057468 0.76156849
vt 0.38892844 0.76295775
vt 0.40690005 0.76702589
vt 0.42413083 0.77369553
vt 0.44030190 0.78284168
vt 0.45516732 0.79430813
vt 0.46861470 0.80793571
vt 0.48076671 0.82355946
vt 0.37054390 0.77833545
vt 0.38642964 0.77954298
vt 0.40197742 0.78309196
vt 0.41686973 0.78892595
vt 0.43081382 0.79696316
vt 0.44356194 0.80712372
vt 0.45493776 0.81938726
vt 0.46484855 0.83387840
vt 0.26595592 0.85043103
vt 0.47472215 0.85054076
vt 0.37051946 0.79466772
vt 0.38398021 0.79569370
vt 0.39714202 0.79871899
vt 0.40971676 0.80370021
vt 0.42142275 0.81057715
vt 0.43198055 0.81929672
vt 0.44109449 0.82986152
vt 0.44834208 0.84238231
vt 0.28894052 0.85754031
vt 0.45180732 0.85757989
vt 0.37050408 0.80783737
vt 0.38200125 0.80871046
vt 0.39323169 0.81129092
vt 0.40393248 0.81553543
vt 0.41383505 0.82137871
vt 0.42264998 0.82874340
vt 0.43003178 0.83755243
vt 0.43549991 0.84772021
vt 0.30247346 0.85901725
vt 0.43831578 0.85902530
vt 0.47895598 0.96792805
vt 0.46840149 0.96472591
vt 0.45987591 0.95772809
vt 0.45467702 0.94800073
vt 0.45359656 0.93702430
vt 0.45679879 0.92646998
vt 0.46379626 0.91794431
vt 0.47352383 0.91274554
vt 0.48450029 0.91166502
vt 0.47937989 0.96362549
vt 0.47043964 0.96091312
vt 0.46321800 0.95498580
vt 0.45881423 0.94674623
vt 0.45789900 0.93744838
vt 0.46061152 0.92850816
vt 0.46653879 0.92128634
vt 0.47477865 0.91688263
vt 0.48407623 0.91596740
vt 0.47984678 0.95888758
vt 0.47268414 0.95671469
vt 0.46689832 0.95196563
vt 0.46337032 0.94536430
vt 0.46263689 0.93791521
vt 0.46481013 0.93075264
vt 0.46955895 0.92496687
vt 0.47616023 0.92143881
vt 0.48360935 0.92070538
vt 0.86876810 0.29309440
vt 0.87139499 0.31515384
vt 0.87912709 0.33598745
vt 0.89152753 0.35444605
vt 0.90789992 0.36953068
vt 0.92733669 0.38045824
vt 0.94878036 0.38671267
vt 0.97107595 0.38804948
vt 0.99280596 0.20188093
vt 0.99280608 0.38430858
vt 0.50149477 0.00396150
vt 0.93259597 0.29309452
vt 0.49495119 0.00223666
vt 0.93343824 0.30008662
vt 0.48824590 0.00314724
vt 0.93591797 0.30667818
vt 0.48239928 0.00655460
vt 0.93989843 0.31248748
vt 0.47830176 0.01193994
vt 0.94515818 0.31716859
vt 0.47657692 0.01848346
vt 0.95140088 0.32042384
vt 0.47748750 0.02518892
vt 0.95826101 0.32200408
vt 0.48089489 0.03103536
vt 0.96529120 0.32169414
vt 0.48628026 0.03513300
vt 0.97188461 0.26690638
vt 0.97188473 0.31928289
vt 0.49388754 0.01954728
vt 0.38081977 0.74810100
vt 0.40104023 0.75112283
vt 0.42063370 0.75706297
vt 0.43921542 0.76578915
vt 0.45646283 0.77710128
vt 0.47216436 0.79073960
vt 0.48628968 0.80636358
vt 0.49927479 0.82349694
vt 0.37977636 0.76192391
vt 0.39798540 0.76465899
vt 0.41563010 0.77004093
vt 0.43236792 0.77796704
vt 0.44791144 0.78829414
vt 0.46207169 0.80086100
vt 0.47484252 0.81552082
vt 0.48579150 0.83086294
vt 0.40857947 0.76151085
vt 0.42940205 0.76251638
vt 0.44715261 0.77246153
vt 0.46346426 0.78485268
vt 0.47820866 0.79941237
vt 0.49154902 0.81577289
vt 0.37060201 0.74927408
vt 0.23613273 0.83318764
vt 0.50444239 0.83344537
vt 0.39075053 0.75079536
vt 0.37850749 0.77865756
vt 0.39426303 0.78104049
vt 0.40951988 0.78574038
vt 0.42397064 0.79268593
vt 0.43734291 0.80179197
vt 0.44942027 0.81299752
vt 0.46007881 0.82635647
vt 0.46907067 0.84250760
vt 0.37055945 0.76946521
vt 0.38775373 0.77076924
vt 0.25808808 0.84671259
vt 0.48256630 0.84685397
vt 0.40458712 0.77459431
vt 0.42072234 0.78087312
vt 0.43585533 0.78950298
vt 0.44974476 0.80036724
vt 0.46226054 0.81338084
vt 0.47347948 0.82857770
vt 0.37726817 0.79494023
vt 0.39061388 0.79696971
vt 0.40351588 0.80097926
vt 0.41568902 0.80691546
vt 0.42685395 0.81471705
vt 0.43672693 0.82435048
vt 0.44498715 0.83587736
vt 0.45144090 0.84960604
vt 0.43753031 0.81354100
vt 0.44773546 0.82497662
vt 0.45619214 0.83841670
vt 0.37053040 0.78687268
vt 0.38515079 0.78798592
vt 0.39945403 0.79126453
vt 0.41313857 0.79665965
vt 0.42591837 0.80410445
vt 0.37627342 0.80800992
vt 0.38767710 0.80974185
vt 0.39868245 0.81316376
vt 0.40902451 0.81822091
vt 0.41842645 0.82484043
vt 0.42657629 0.83294350
vt 0.43307197 0.84245378
vt 0.43731233 0.85326082
vt 0.40654716 0.81019026
vt 0.41726118 0.81651199
vt 0.42685348 0.82451057
vt 0.43498841 0.83415270
vt 0.44120705 0.84543961
vt 0.37051064 0.80187958
vt 0.29620203 0.85841131
vt 0.44456798 0.85843378
vt 0.38289621 0.80282229
vt 0.39499998 0.80560684
vt 0.30598721 0.85940039
vt 0.43481261 0.85940039
vt 0.75581944 0.63724780
vt 0.75581944 0.50465381
vt 0.38146812 0.81222349
vt 0.78865480 0.56133080
vt 0.39217845 0.81468022
vt 0.78697336 0.55184251
vt 0.40237698 0.81871837
vt 0.78419626 0.54261535
vt 0.41180158 0.82426834
vt 0.78036177 0.53377527
vt 0.42016706 0.83124143
vt 0.77552223 0.52544338
vt 0.42713100 0.83953232
vt 0.76974487 0.51773512
vt 0.43222618 0.84900218
vt 0.76311117 0.51076770
vt 0.37050071 0.81139272
vt 0.78921795 0.57095045
vt 0.47352228 0.96684241
vt 0.46379685 0.96164346
vt 0.45680135 0.95311844
vt 0.45360070 0.94256544
vt 0.45468223 0.93159068
vt 0.45988119 0.92186528
vt 0.46840614 0.91486961
vt 0.47895926 0.91166919
vt 0.48466334 0.91001058
vt 0.76428431 0.49270701
vt 0.76428461 0.64919490
vt 0.46761778 0.96619195
vt 0.80303264 0.55964166
vt 0.45859078 0.95878273
vt 0.80105579 0.54848760
vt 0.45308623 0.94848329
vt 0.79779106 0.53764039
vt 0.45194221 0.93686128
vt 0.79328316 0.52724808
vt 0.45533276 0.92568624
vt 0.78759301 0.51745260
vt 0.46274167 0.91665918
vt 0.78079730 0.50838673
vt 0.47304127 0.91115475
vt 0.77298230 0.50016546
vt 0.47879285 0.96958250
vt 0.80369467 0.57095039
vt 0.47477674 0.96270782
vt 0.46653807 0.95830381
vt 0.46061200 0.95108181
vt 0.45790073 0.94214207
vt 0.45881692 0.93284535
vt 0.46322098 0.92460650
vt 0.47044280 0.91868037
vt 0.47938246 0.91596913
vt 0.46506539 0.91949081
vt 0.47410440 0.91465992
vt 0.47915205 0.96593702
vt 0.48430404 0.91365588
vt 0.46934453 0.96296144
vt 0.46142238 0.95645911
vt 0.45659149 0.94742012
vt 0.45558754 0.93722045
vt 0.45856315 0.92741305
vt 0.47615767 0.95815599
vt 0.46955585 0.95462698
vt 0.46480694 0.94883996
vt 0.46263435 0.94167620
vt 0.46336836 0.93422621
vt 0.46689767 0.92762423
vt 0.47268474 0.92287534
vt 0.47984850 0.92070270
vt 0.47081205 0.92649406
vt 0.47673365 0.92332923
vt 0.48004046 0.95692158
vt 0.48341554 0.92267138
vt 0.47361547 0.95497227
vt 0.46842551 0.95071256
vt 0.46526062 0.94479084
vt 0.46460298 0.93810892
vt 0.46655232 0.93168408
vt 0.86941266 0.30420339
vt 0.87463015 0.32580352
vt 0.88476986 0.34558880
vt 0.89926010 0.36247563
vt 0.91729206 0.37556589
vt 0.93787450 0.38420427
vt 0.95989716 0.38801503
vt 0.98214072 0.38685453
vt 0.49363214 0.81419438
vt 0.97114843 0.38943136
vt 0.48010817 0.79769486
vt 0.94854367 0.38808012
vt 0.37060761 0.74678898
vt 0.86738741 0.29309440
vt 0.23395802 0.83153278
vt 0.50660622 0.83181047
vt 0.99324352 0.38559937
vt 0.99324352 0.20059001
vt 0.39111838 0.74833387
vt 0.87005275 0.31547785
vt 0.41120684 0.75285506
vt 0.87789780 0.33661747
vt 0.43046427 0.76025450
vt 0.89047819 0.35534644
vt 0.44852957 0.77036196
vt 0.90708667 0.37065089
vt 0.46512455 0.78294134
vt 0.92679989 0.38173687
vt 0.49834013 0.00265473
vt 0.93272597 0.29662573
vt 0.49153674 0.00223666
vt 0.93440312 0.30348587
vt 0.48509115 0.00445402
vt 0.93766445 0.30974972
vt 0.47998482 0.00896907
vt 0.94232965 0.31505096
vt 0.47699502 0.01509458
vt 0.94813848 0.31906652
vt 0.47657692 0.02189797
vt 0.95475936 0.32152343
vt 0.47879416 0.02834350
vt 0.96179116 0.32219434
vt 0.48330933 0.03344995
vt 0.96872985 0.32087183
vt 0.48646462 0.01115233
vt 0.49024224 0.00895077
vt 0.48381704 0.01463193
vt 0.48270267 0.01885992
vt 0.48329097 0.02319241
vt 0.48549253 0.02696997
vt 0.49880278 0.00947678
vt 0.48897231 0.02961761
vt 0.49457490 0.00836235
vt 0.41048366 0.75524038
vt 0.42660263 0.76846403
vt 0.44351801 0.77798367
vt 0.45907092 0.78988284
vt 0.47314775 0.80394530
vt 0.48592150 0.81994104
vt 0.37058690 0.75581521
vt 0.24129531 0.83668250
vt 0.49929669 0.83690631
vt 0.38978210 0.75726622
vt 0.41771340 0.76464862
vt 0.43522191 0.77290666
vt 0.45148271 0.78364247
vt 0.46630165 0.79665405
vt 0.47968000 0.81171429
vt 0.49214777 0.82891601
vt 0.38021055 0.75618029
vt 0.39925665 0.75903493
vt 0.37917933 0.76980597
vt 0.39623573 0.77237594
vt 0.41276005 0.77743864
vt 0.42842856 0.78490698
vt 0.44296446 0.79466760
vt 0.45617411 0.80661243
vt 0.46801847 0.82070392
vt 0.47927719 0.83708858
vt 0.44281003 0.81901395
vt 0.45222259 0.83149546
vt 0.45912629 0.84459859
vt 0.37785971 0.78717369
vt 0.39235735 0.78937340
vt 0.40638557 0.79371697
vt 0.41964990 0.80014449
vt 0.43187469 0.80858856
vt 0.41203234 0.81312513
vt 0.42222396 0.82029349
vt 0.43113434 0.82911575
vt 0.43837121 0.83958882
vt 0.44331512 0.85175675
vt 0.37672260 0.80210370
vt 0.38900381 0.80397153
vt 0.40086544 0.80766308
vt 0.38688356 0.81319863
vt 0.78798878 0.55655569
vt 0.39737767 0.81645674
vt 0.78575468 0.54717785
vt 0.40722945 0.82126635
vt 0.78244185 0.53812462
vt 0.41616678 0.82754821
vt 0.77809542 0.52952003
vt 0.42387977 0.83520532
vt 0.77277529 0.52148217
vt 0.42997137 0.84411949
vt 0.76655543 0.51412594
vt 0.43387941 0.85411423
vt 0.75953054 0.50757253
vt 0.37600508 0.81154943
vt 0.78911352 0.56613022
vt 0.46273947 0.96293169
vt 0.80216438 0.55404347
vt 0.45533162 0.95390409
vt 0.79954028 0.54302883
vt 0.45194221 0.94272858
vt 0.79564905 0.53239554
vt 0.45308742 0.93110693
vt 0.79054362 0.52228910
vt 0.45859292 0.92080802
vt 0.78429329 0.51284677
vt 0.46762052 0.91339993
vt 0.77697986 0.50419503
vt 0.47879595 0.91001058
vt 0.76869833 0.49641746
vt 0.47303841 0.96843714
vt 0.80348533 0.56528896
vt 0.46934763 0.91663152
vt 0.47915488 0.91365719
vt 0.47410226 0.96493089
vt 0.46506414 0.96009928
vt 0.45856321 0.95217681
vt 0.45558873 0.94236976
vt 0.45659363 0.93217075
vt 0.46142519 0.92313278
vt 0.47361001 0.92460704
vt 0.48004094 0.92265660
vt 0.47672766 0.95627731
vt 0.47080141 0.95310950
vt 0.46653849 0.94791442
vt 0.46458822 0.94148374
vt 0.46524712 0.93479615
vt 0.46841529 0.92886972
vt 0.48701304 0.80577034
vt 0.95981473 0.38939297
vt 0.50004584 0.82292855
vt 0.98237360 0.38820493
vt 0.38088751 0.74720210
vt 0.86804783 0.30436587
vt 0.40123829 0.75024235
vt 0.87334120 0.32628179
vt 0.42095801 0.75621909
vt 0.88362789 0.34635580
vt 0.43965840 0.76499724
vt 0.89832705 0.36348832
vt 0.45701402 0.77637374
vt 0.91661614 0.37676764
vt 0.47281098 0.79008275
vt 0.93748772 0.38552976
vt 0.91800588 0.37429595
vt 0.93828303 0.38280344
vt 0.95998460 0.38655841
vt 0.98189729 0.38542771
vt 0.87085378 0.30403173
vt 0.87599111 0.32529843
vt 0.88597560 0.34477866
vt 0.90024555 0.36140609
vt 0.89263076 0.35349953
vt 0.88041961 0.33532500
vt 0.87280625 0.31481290
vt 0.97100043 0.38659549
vt 0.94902927 0.38527346
vt 0.92790079 0.37911355
vt 0.90875494 0.36835265
vt 0.91800612 0.21189314
vt 0.93828326 0.20338589
vt 0.95998472 0.19963104
vt 0.98189729 0.20076174
vt 0.87085390 0.28215683
vt 0.87599134 0.26089025
vt 0.88597584 0.24141014
vt 0.90024579 0.22478282
vt 0.89263099 0.23268950
vt 0.88041985 0.25086391
vt 0.87280637 0.27137566
vt 0.99238330 0.38295436
vt 0.99238330 0.20323485
vt 0.87021965 0.29309440
vt 0.97100055 0.19959384
vt 0.94902939 0.20091569
vt 0.92790115 0.20707548
vt 0.90875518 0.21783650
vt 0.48824459 0.00986487
vt 0.48496896 0.01276135
vt 0.48305094 0.01669091
vt 0.48278266 0.02105522
vt 0.48420525 0.02519000
vt 0.48710150 0.02846581
vt 0.49674392 0.00871062
vt 0.49237937 0.00844252
vt 0.40069571 0.75265306
vt 0.38070196 0.74966341
vt 0.49792057 0.82448685
vt 0.48502463 0.80739766
vt 0.47103620 0.79188412
vt 0.45550305 0.77836567
vt 0.43844479 0.76716548
vt 0.42006972 0.75853008
vt 0.16901253 0.65218794
vt 0.17778756 0.65641224
vt 0.48809987 0.83418369
vt 0.17492051 0.68966556
vt 0.17492051 0.64710373
vt 0.25436717 0.84489942
vt 0.48627576 0.84505612
vt 0.17461200 0.66838461
vt 0.24357682 0.83822113
vt 0.49702293 0.83843035
vt 0.17691366 0.65982664
vt 0.49207312 0.83372325
vt 0.17754970 0.65216494
vt 0.48508090 0.83821642
vt 0.16835289 0.68708402
vt 0.16835289 0.64968503
vt 0.17579992 0.65655845
vt 0.17351146 0.68873382
vt 0.17351146 0.64803553
vt 0.17289664 0.66838461
vt 0.17501207 0.65988797
vt 0.17565976 0.65282822
vt 0.17344095 0.65738922
vt 0.17183940 0.68772703
vt 0.17183940 0.64904219
vt 0.17144094 0.66838461
vt 0.17288102 0.66113013
vt 0.17324708 0.65360951
vt 0.17120354 0.65767610
vt 0.17037289 0.68731928
vt 0.17037289 0.64944988
vt 0.16882791 0.66838461
vt 0.16940491 0.66182399
vt 0.17089973 0.65389413
vt 0.16757153 0.65268838
vt 0.16607781 0.68595624
vt 0.16607781 0.65081304
vt 0.16748886 0.65450948
vt 0.16667692 0.65710670
vt 0.16456749 0.65951723
vt 0.16016938 0.66165829
vt 0.16142468 0.66838461
vt 0.16122703 0.66484791
vt 0.15579145 0.66253513
vt 0.16450576 0.68369770
vt 0.16450576 0.65307134
vt 0.16330759 0.68166983
vt 0.16330759 0.65509933
vt 0.16176282 0.68010288
vt 0.16176282 0.65666604
vt 0.15884329 0.67854357
vt 0.15884329 0.65822554
vt 0.15568258 0.66838461
vt 0.15570952 0.66568762
vt 0.15533404 0.67764163
vt 0.15533404 0.65912753
vt 0.14669858 0.66344291
vt 0.14615835 0.66838461
vt 0.14678897 0.66629642
vt 0.14646359 0.67657828
vt 0.14646359 0.66019100
vt 0.14123990 0.66372126
vt 0.14111887 0.66838461
vt 0.14112894 0.66615796
vt 0.14126201 0.67622381
vt 0.14126201 0.66054541
vt 0.13294022 0.66325355
vt 0.13340740 0.66838461
vt 0.13330619 0.66585171
vt 0.13301589 0.67659116
vt 0.13301589 0.66017812
vt 0.12056170 0.66244489
vt 0.12176476 0.66838461
vt 0.12155254 0.66536129
vt 0.12063967 0.67754942
vt 0.12063967 0.65921974
vt 0.15085624 0.67706978
vt 0.15085624 0.65969938
vt 0.15111248 0.66299450
vt 0.15059240 0.66615224
vt 0.15111794 0.66838461
vt 0.14771812 0.66838461
vt 0.14781131 0.66747606
vt 0.14845692 0.66738778
vt 0.14848863 0.66838461
vt 0.11417998 0.66125917
vt 0.11591072 0.65812576
vt 0.11591078 0.67864341
vt 0.11311878 0.65964115
vt 0.11380704 0.67938685
vt 0.11380704 0.65738231
vt 0.11210255 0.65956372
vt 0.11210643 0.67966050
vt 0.11210643 0.65710890
vt 0.11003853 0.66095740
vt 0.10991792 0.67970562
vt 0.10991792 0.65706354
vt 0.10686828 0.66044378
vt 0.10833912 0.67997235
vt 0.10833912 0.65679693
vt 0.10612153 0.65897906
vt 0.10698129 0.68036282
vt 0.10698129 0.65640646
vt 0.10200419 0.65885234
vt 0.11223672 0.66838461
vt 0.11263128 0.66511309
vt 0.10776694 0.66502011
vt 0.10730805 0.66838461
vt 0.10493882 0.66502041
vt 0.10455216 0.66838461
vt 0.09926255 0.68379408
vt 0.09926255 0.65297508
vt 0.26993212 0.85224164
vt 0.47075775 0.85233617
vt 0.08936451 0.66838467
vt 0.28454742 0.85686934
vt 0.45618698 0.85692006
vt 0.09585021 0.65640801
vt 0.46700895 0.84801644
vt 0.08992906 0.66407055
vt 0.45668238 0.85182345
vt 0.09267054 0.66030908
vt 0.46113035 0.84841490
vt 0.10314254 0.68127602
vt 0.10314254 0.65549326
vt 0.10040571 0.66166943
vt 0.09824936 0.66838461
vt 0.09844626 0.66576982
vt 0.10190536 0.68175274
vt 0.10190536 0.65501648
vt 0.10000406 0.65836990
vt 0.09837680 0.66126561
vt 0.09676160 0.66484672
vt 0.09628867 0.66838461
vt 0.25752580 0.83769983
vt 0.33329192 0.76385719
vt 0.41886011 0.76167327
vt 0.31129012 0.76143956
vt 0.43679109 0.77011448
vt 0.29334247 0.77139497
vt 0.45344180 0.78107578
vt 0.27683014 0.78383172
vt 0.46861225 0.79433292
vt 0.26189846 0.79844958
vt 0.48229727 0.80961239
vt 0.24837099 0.81487310
vt 0.49502882 0.82658404
vt 0.37060428 0.74834925
vt 0.38044971 0.75301117
vt 0.23529090 0.83260226
vt 0.50528175 0.83286530
vt 0.39995679 0.75593156
vt 0.35030121 0.74978966
vt 0.26813734 0.84627557
vt 0.37056732 0.76530129
vt 0.37055144 0.77387393
vt 0.35399702 0.77507281
vt 0.35274935 0.76658297
vt 0.25564647 0.84551406
vt 0.48500043 0.84566534
vt 0.26198035 0.84859329
vt 0.47868562 0.84871846
vt 0.33777365 0.77870917
vt 0.33528328 0.77047575
vt 0.32221106 0.78472537
vt 0.31851983 0.77691048
vt 0.30760887 0.79303271
vt 0.30277270 0.78577679
vt 0.29421383 0.80353701
vt 0.28828833 0.79694140
vt 0.28217858 0.81619102
vt 0.27518818 0.81028098
vt 0.27150598 0.83109093
vt 0.26336664 0.82572764
vt 0.30040231 0.81025076
vt 0.30619782 0.81636846
vt 0.29649529 0.82738125
vt 0.28955308 0.82211202
vt 0.28861246 0.84038663
vt 0.28031632 0.83610886
vt 0.37052473 0.79085714
vt 0.37053686 0.78269172
vt 0.28061002 0.84673458
vt 0.35648948 0.79188699
vt 0.35528776 0.78380400
vt 0.34274828 0.79500163
vt 0.34035003 0.78717273
vt 0.32959735 0.80015844
vt 0.32603478 0.79274905
vt 0.31732249 0.80729789
vt 0.31263292 0.80046332
vt 0.75649613 0.50382090
vt 0.75649619 0.63808078
vt 0.78975672 0.58069950
vt 0.78805250 0.59031540
vt 0.78523815 0.59966689
vt 0.78135186 0.60862601
vt 0.77644730 0.61707002
vt 0.77059138 0.62488192
vt 0.76386553 0.63194257
vt 0.79032725 0.57095045
vt 0.77629101 0.62970370
vt 0.77776718 0.63095230
vt 0.76728231 0.63562310
vt 0.76546925 0.63366765
vt 0.79535788 0.57095039
vt 0.79268819 0.57095045
vt 0.75924027 0.49979079
vt 0.75924033 0.64211100
vt 0.75781220 0.50197506
vt 0.75781226 0.63992661
vt 0.79475302 0.58128637
vt 0.79210150 0.58097488
vt 0.79294616 0.59148127
vt 0.79034925 0.59086251
vt 0.78996229 0.60139555
vt 0.78745538 0.60047817
vt 0.78584218 0.61089402
vt 0.78345942 0.60969049
vt 0.78064179 0.61984670
vt 0.77841586 0.61837316
vt 0.79535085 0.60336751
vt 0.79622912 0.60368890
vt 0.79179859 0.61390311
vt 0.79096377 0.61348116
vt 0.78620642 0.62353039
vt 0.78542614 0.62301391
vt 0.77952671 0.63244021
vt 0.77881211 0.63183582
vt 0.77184057 0.64051843
vt 0.77119851 0.63983268
vt 0.80203140 0.57095039
vt 0.80109560 0.57095039
vt 0.76309490 0.49397290
vt 0.76309508 0.64792901
vt 0.76248640 0.49477488
vt 0.76248658 0.64712715
vt 0.80138057 0.58206505
vt 0.80045158 0.58195573
vt 0.79943788 0.59302765
vt 0.79852778 0.59281087
vt 0.76380885 0.49318981
vt 0.76380908 0.64871192
vt 0.80237675 0.58218193
vt 0.80041361 0.59326017
vt 0.79717135 0.60403371
vt 0.79269403 0.61435527
vt 0.78704280 0.62408412
vt 0.78029317 0.63308805
vt 0.77252913 0.64125311
vt 0.80303431 0.57095039
vt 0.77239311 0.62640584
vt 0.77443033 0.62812948
vt 0.77026135 0.63882935
vt 0.76894122 0.63741100
vt 0.79972804 0.57095039
vt 0.79779518 0.57095039
vt 0.76166517 0.49599230
vt 0.76166534 0.64590955
vt 0.76056600 0.49770212
vt 0.76056617 0.64419967
vt 0.79909307 0.58179623
vt 0.79717344 0.58157074
vt 0.79719722 0.59249389
vt 0.79531711 0.59204602
vt 0.79406631 0.60289729
vt 0.79225117 0.60223311
vt 0.78974277 0.61286443
vt 0.78801751 0.61199296
vt 0.78428566 0.62225884
vt 0.78267390 0.62119204
vt 0.49580786 0.92824262
vt 0.49031469 0.92373383
vt 0.47994182 0.95792246
vt 0.48351434 0.92167062
vt 0.48701429 0.95722610
vt 0.49328190 0.95387655
vt 0.49779058 0.94838327
vt 0.49985397 0.94158274
vt 0.49915776 0.93451011
vt 0.48172805 0.93979651
vt 0.24744250 0.81416357
vt 0.97111595 0.19737899
vt 0.94865036 0.19872373
vt 0.26105297 0.79767901
vt 0.37060639 0.74724507
vt 0.86800820 0.29309440
vt 0.23432614 0.83186346
vt 0.50623876 0.83213818
vt 0.99304301 0.38501871
vt 0.99304301 0.20117074
vt 0.35014215 0.74869543
vt 0.87065643 0.27085638
vt 0.33007812 0.75312293
vt 0.87845051 0.24985445
vt 0.31082141 0.76043195
vt 0.89095002 0.23124719
vt 0.29273301 0.77045858
vt 0.90745240 0.21604156
vt 0.27609250 0.78297645
vt 0.92704141 0.20502675
vt 0.93014312 0.21242487
vt 0.93237108 0.21775520
vt 0.90989476 0.21940672
vt 0.95001900 0.20664483
vt 0.95100266 0.21236289
vt 0.97070813 0.20538741
vt 0.97043365 0.21118259
vt 0.87598407 0.29309440
vt 0.88171148 0.29309440
vt 0.99085373 0.37757385
vt 0.99085385 0.20861560
vt 0.98946357 0.21402264
vt 0.98946369 0.37216675
vt 0.87841052 0.27272987
vt 0.88397908 0.27407598
vt 0.88555342 0.25349569
vt 0.89065468 0.25611246
vt 0.89701301 0.23645163
vt 0.90136766 0.24019361
vt 0.90740460 0.24538982
vt 0.91442364 0.25144923
vt 0.90595186 0.26397717
vt 0.89772660 0.25974452
vt 0.92020774 0.23366004
vt 0.92564148 0.24122322
vt 0.93545532 0.22517306
vt 0.93902349 0.23384929
vt 0.95236075 0.22033936
vt 0.95390755 0.22970283
vt 0.97007293 0.21930480
vt 0.96962357 0.22893012
vt 0.88965142 0.29309440
vt 0.89888746 0.29309440
vt 0.98768789 0.36441636
vt 0.98768789 0.22177291
vt 0.98562670 0.35488939
vt 0.98562670 0.23130000
vt 0.89169842 0.27594376
vt 0.90067798 0.27811968
vt 0.90772796 0.29309440
vt 0.91537261 0.29309440
vt 0.98329949 0.34521270
vt 0.98329949 0.24097675
vt 0.98060936 0.33655763
vt 0.98060936 0.24963164
vt 0.96824825 0.24659282
vt 0.96902883 0.23834693
vt 0.90927219 0.28020668
vt 0.91670299 0.28201520
vt 0.91382176 0.26803792
vt 0.92062271 0.27155781
vt 0.92113316 0.25726652
vt 0.92692322 0.26231062
vt 0.93082225 0.24849212
vt 0.93527478 0.25479841
vt 0.94239575 0.24220407
vt 0.94525474 0.24945945
vt 0.95530361 0.23875690
vt 0.95639193 0.24663562
vt 0.94773209 0.25593364
vt 0.95016313 0.26243031
vt 0.94313908 0.26609969
vt 0.93920863 0.26042962
vt 0.95721436 0.25365019
vt 0.95792150 0.26063037
vt 0.96722168 0.25387561
vt 0.96596515 0.26095843
vt 0.92218429 0.29309452
vt 0.92905051 0.29309452
vt 0.97736007 0.25703645
vt 0.97736019 0.32915270
vt 0.97372329 0.26373434
vt 0.97372347 0.32245469
vt 0.92332280 0.28363013
vt 0.92999387 0.28526020
vt 0.92667687 0.27470124
vt 0.93277258 0.27787292
vt 0.93206710 0.26681542
vt 0.93723512 0.27135777
vt 0.92865306 0.20886838
vt 0.91552866 0.22718149
vt 0.91215235 0.22251999
vt 0.94936132 0.20283502
vt 0.97090089 0.20153344
vt 0.87215334 0.29309440
vt 0.99185193 0.20504129
vt 0.99185205 0.38114798
vt 0.87468642 0.27183008
vt 0.88214201 0.25174654
vt 0.89410084 0.23395109
vt 0.33039564 0.75418431
vt 0.39025286 0.75412244
vt 0.31557187 0.77062547
vt 0.29892117 0.77993500
vt 0.28359342 0.79161662
vt 0.26970592 0.80547792
vt 0.25710601 0.82131749
vt 0.37058133 0.75841361
vt 0.25342655 0.83275807
vt 0.35175180 0.75976032
vt 0.32431555 0.76691014
vt 0.30709168 0.77496839
vt 0.29107592 0.78548735
vt 0.27646479 0.79828453
vt 0.26325688 0.81317067
vt 0.25195959 0.82903737
vt 0.36114404 0.75873584
vt 0.34245074 0.76146406
vt 0.36163723 0.76561612
vt 0.36225477 0.77417654
vt 0.34395033 0.76820868
vt 0.34582499 0.77659899
vt 0.32679361 0.77338380
vt 0.32989350 0.78143424
vt 0.31050235 0.78105009
vt 0.31477737 0.78860742
vt 0.29536137 0.79108262
vt 0.30075327 0.79802305
vt 0.28156394 0.80334729
vt 0.28802732 0.80960089
vt 0.26912883 0.81775290
vt 0.27667278 0.82336098
vt 0.25806856 0.83303839
vt 0.26655936 0.83955443
vt 0.26011398 0.84218299
vt 0.29480532 0.81592697
vt 0.30116379 0.82163566
vt 0.28470838 0.82887709
vt 0.29228300 0.83366805
vt 0.27714196 0.84301972
vt 0.28558132 0.84654570
vt 0.28650749 0.85715628
vt 0.45423299 0.85720211
vt 0.36289442 0.78297967
vt 0.36349022 0.79112470
vt 0.34776366 0.78522384
vt 0.34956688 0.79320031
vt 0.33310160 0.78970367
vt 0.33608660 0.79734224
vt 0.31921044 0.79635704
vt 0.32334107 0.80349714
vt 0.30636650 0.80511230
vt 0.31161001 0.81160474
vt 0.78906220 0.58553535
vt 0.78679854 0.59503716
vt 0.78344184 0.60421020
vt 0.77903795 0.61292857
vt 0.77364719 0.62107265
vt 0.76734358 0.62852591
vt 0.76022363 0.63515985
vt 0.79020166 0.57583416
vt 0.77274668 0.63367677
vt 0.77413881 0.63500303
vt 0.76492226 0.64094305
vt 0.76614600 0.64245045
vt 0.79765761 0.57627058
vt 0.79957527 0.57638288
vt 0.79641616 0.58683866
vt 0.79830766 0.58717382
vt 0.79395032 0.59718955
vt 0.79578978 0.59774309
vt 0.79029351 0.60718220
vt 0.79205608 0.60794669
vt 0.78549588 0.61667973
vt 0.78715706 0.61764467
vt 0.77962202 0.62555206
vt 0.78115916 0.62670451
vt 0.79329824 0.60848546
vt 0.79415232 0.60885584
vt 0.78832787 0.61832476
vt 0.78913289 0.61879236
vt 0.78224266 0.62751704
vt 0.78298771 0.62807566
vt 0.77512074 0.63593793
vt 0.77579600 0.63658071
vt 0.76702029 0.64350855
vt 0.76762646 0.64422983
vt 0.80092716 0.57646209
vt 0.80185646 0.57651645
vt 0.79964107 0.58741021
vt 0.80055761 0.58757263
vt 0.79708636 0.59813344
vt 0.79797792 0.59840178
vt 0.80152625 0.58774424
vt 0.79891962 0.59868520
vt 0.79505461 0.60924733
vt 0.78998345 0.61928660
vt 0.78377491 0.62866569
vt 0.77650982 0.63725930
vt 0.76827097 0.64498603
vt 0.80283833 0.57657403
vt 0.77554452 0.62249494
vt 0.77767807 0.62409467
vt 0.78108877 0.61411965
vt 0.78339487 0.61545926
vt 0.78561783 0.60515398
vt 0.78806466 0.60621530
vt 0.78906977 0.59572071
vt 0.79162353 0.59648937
vt 0.79139751 0.58594924
vt 0.79402375 0.58641464
vt 0.79256958 0.57597280
vt 0.79523188 0.57612872
vt 0.76172101 0.63697618
vt 0.76339298 0.63904178
vt 0.76905870 0.63016021
vt 0.77098781 0.63199979
vt 0.49328712 0.92571324
vt 0.48701784 0.92236191
vt 0.48351297 0.95792836
vt 0.49031579 0.95586514
vt 0.49581128 0.95135546
vt 0.49916261 0.94508630
vt 0.49985987 0.93801147
vt 0.49779657 0.93120861
vt 0.25410554 0.80573887
vt 0.95985186 0.19741541
vt 0.24096951 0.82291645
vt 0.98226893 0.19859093
vt 0.36035079 0.74759805
vt 0.86866128 0.28189576
vt 0.34003431 0.75054443
vt 0.87392074 0.26012182
vt 0.32032567 0.75642914
vt 0.88414133 0.24017775
vt 0.30161232 0.76512146
vt 0.89874655 0.22315562
vt 0.28422067 0.77642614
vt 0.91692024 0.20996135
vt 0.26837930 0.79008633
vt 0.93766183 0.20125502
vt 0.92084414 0.21694583
vt 0.92366379 0.22197628
vt 0.93990785 0.20896441
vt 0.94152153 0.21452558
vt 0.96033520 0.20543671
vt 0.96068794 0.21123600
vt 0.98096687 0.20644540
vt 0.98009974 0.21213317
vt 0.87658101 0.28283906
vt 0.88227022 0.28351724
vt 0.88140047 0.26289845
vt 0.88677388 0.26489460
vt 0.89076865 0.24463141
vt 0.89553028 0.24783397
vt 0.90416288 0.22903705
vt 0.90805477 0.23326874
vt 0.90214026 0.25228572
vt 0.90982842 0.25747597
vt 0.91345698 0.23915511
vt 0.91973609 0.24602395
vt 0.92757529 0.22898132
vt 0.93211192 0.23716736
vt 0.94375551 0.22228390
vt 0.94632727 0.23137355
vt 0.96117675 0.21935225
vt 0.96170729 0.22891319
vt 0.97896469 0.22015446
vt 0.97762585 0.22977358
vt 0.89016771 0.28445923
vt 0.89935547 0.28555667
vt 0.89423323 0.26766825
vt 0.90291101 0.27090049
vt 0.97609293 0.23931223
vt 0.97430968 0.24769276
vt 0.90814650 0.28660882
vt 0.91571420 0.28751659
vt 0.91121238 0.27399969
vt 0.91835636 0.27667415
vt 0.91717917 0.26245558
vt 0.92349941 0.26675403
vt 0.92573011 0.25261939
vt 0.93087113 0.25831592
vt 0.93642187 0.24503899
vt 0.94009030 0.25184357
vt 0.94872504 0.24013853
vt 0.95070142 0.24772662
vt 0.96209204 0.23819536
vt 0.96223181 0.24626046
vt 0.94331604 0.25791049
vt 0.94652241 0.26402545
vt 0.95237678 0.25448191
vt 0.95397156 0.26125455
vt 0.96217829 0.25341260
vt 0.96194160 0.26048148
vt 0.97230154 0.25503266
vt 0.96994150 0.26198137
vt 0.92245531 0.28832686
vt 0.92926353 0.28914630
vt 0.92471761 0.27906084
vt 0.93113881 0.28147495
vt 0.92912078 0.27058959
vt 0.93478680 0.27446759
vt 0.93543035 0.26339781
vt 0.94000918 0.26853132
vt 0.90156031 0.22620988
vt 0.88758415 0.24249101
vt 0.87780648 0.26156414
vt 0.87277591 0.28238583
vt 0.98157817 0.20266473
vt 0.96010172 0.20157611
vt 0.93882841 0.20525587
vt 0.91895837 0.21358758
vt 0.34027284 0.75162268
vt 0.48868608 0.81791806
vt 0.36042947 0.74869800
vt 0.47561803 0.80174142
vt 0.24191509 0.82361561
vt 0.46121088 0.78743839
vt 0.25499010 0.80646873
vt 0.44528645 0.77530044
vt 0.26916796 0.79089290
vt 0.42796400 0.76557434
vt 0.28489402 0.77732033
vt 0.40950519 0.75846440
vt 0.30215168 0.76609349
vt 0.32224640 0.76148200
vt 0.32071903 0.75746381
vt 0.30424827 0.76986843
vt 0.17192714 0.67529333
vt 0.17757450 0.67865831
vt 0.25068769 0.83315486
vt 0.17787747 0.68236905
vt 0.25438064 0.83558851
vt 0.17644037 0.68705881
vt 0.25555143 0.84133101
vt 0.24838324 0.83185321
vt 0.24260798 0.83755660
vt 0.49798846 0.83777225
vt 0.17569129 0.67862839
vt 0.17590399 0.68198693
vt 0.17476849 0.68628567
vt 0.17110668 0.68744916
vt 0.17110668 0.64932007
vt 0.17227547 0.68293762
vt 0.17337184 0.67762452
vt 0.17348243 0.68122429
vt 0.17263757 0.68546104
vt 0.16972904 0.68400013
vt 0.16943242 0.68724519
vt 0.16943242 0.64952379
vt 0.16882224 0.68559432
vt 0.17086072 0.67733490
vt 0.17121421 0.68084496
vt 0.17084931 0.68522042
vt 0.17069839 0.66838461
vt 0.17258941 0.67916709
vt 0.16700749 0.68474841
vt 0.16711445 0.68662608
vt 0.16711445 0.65014303
vt 0.16827096 0.68422854
vt 0.16755833 0.68337464
vt 0.16720028 0.68096095
vt 0.16589464 0.67845953
vt 0.16250737 0.67604595
vt 0.16908737 0.68216282
vt 0.16888605 0.67920828
vt 0.16665836 0.67618906
vt 0.16493155 0.67304063
vt 0.16522495 0.66838461
vt 0.16078140 0.67355216
vt 0.15577765 0.67263108
vt 0.16390292 0.68256491
vt 0.16390292 0.65420425
vt 0.16264962 0.68089545
vt 0.16264962 0.65587372
vt 0.16044761 0.67925739
vt 0.16044761 0.65751177
vt 0.16607590 0.68279696
vt 0.16490443 0.68051463
vt 0.16305016 0.67855561
vt 0.15954302 0.67670411
vt 0.16525812 0.68499196
vt 0.16525818 0.65177721
vt 0.15564935 0.67577982
vt 0.15717261 0.67803639
vt 0.15717261 0.65873289
vt 0.15798227 0.67455333
vt 0.15826802 0.67134792
vt 0.15832581 0.66838461
vt 0.14668877 0.67202169
vt 0.14663954 0.67473692
vt 0.14866982 0.67682034
vt 0.14866982 0.65994871
vt 0.15344660 0.67400074
vt 0.14864407 0.67078936
vt 0.15324531 0.66838461
vt 0.14117555 0.67179549
vt 0.14127170 0.67443991
vt 0.14399825 0.67634451
vt 0.14399825 0.66042453
vt 0.14414228 0.67308193
vt 0.14406772 0.67065865
vt 0.14398463 0.66838461
vt 0.13312756 0.67222130
vt 0.13291033 0.67486292
vt 0.13781829 0.67627805
vt 0.13781829 0.66049111
vt 0.13769342 0.67315257
vt 0.13768964 0.67072743
vt 0.13772298 0.66838461
vt 0.12106051 0.67288971
vt 0.12044184 0.67577505
vt 0.12660925 0.67706299
vt 0.12660925 0.65970623
vt 0.12667917 0.67394882
vt 0.12763681 0.67116916
vt 0.12786181 0.66838461
vt 0.15315838 0.67733455
vt 0.15315838 0.65943444
vt 0.14892997 0.67354578
vt 0.15323706 0.67091513
vt 0.14761223 0.66966593
vt 0.15100943 0.67226648
vt 0.15105598 0.67523164
vt 0.14807628 0.66936862
vt 0.14798899 0.66838461
vt 0.14905955 0.66978687
vt 0.14952396 0.66838461
vt 0.14724816 0.66838461
vt 0.11526249 0.67694575
vt 0.11739875 0.65860951
vt 0.11739881 0.67815959
vt 0.11661409 0.67477435
vt 0.11340372 0.67787749
vt 0.11478887 0.67908412
vt 0.11478887 0.65768516
vt 0.11344232 0.67665476
vt 0.11201425 0.67805535
vt 0.11298586 0.67957240
vt 0.11298586 0.65719676
vt 0.11262350 0.67710668
vt 0.10980584 0.67772239
vt 0.11095293 0.65706939
vt 0.11095299 0.67969972
vt 0.11154123 0.67672443
vt 0.10781778 0.67808950
vt 0.10915266 0.67979610
vt 0.10915266 0.65697318
vt 0.10828458 0.67588562
vt 0.10649689 0.67867601
vt 0.10761698 0.65658516
vt 0.10761704 0.68018407
vt 0.10634007 0.67735755
vt 0.10624705 0.68055367
vt 0.10624705 0.65621567
vt 0.10552956 0.67765456
vt 0.09917672 0.67289752
vt 0.11647262 0.67157030
vt 0.11639608 0.66838461
vt 0.10309853 0.67159379
vt 0.10929056 0.66838461
vt 0.11199750 0.67535102
vt 0.10500138 0.67561781
vt 0.10978596 0.67172790
vt 0.10592695 0.66838461
vt 0.11339606 0.67343593
vt 0.10874717 0.67363352
vt 0.10634623 0.67177117
vt 0.10274346 0.66838461
vt 0.10585429 0.67381912
vt 0.09752692 0.68198609
vt 0.27150223 0.84962499
vt 0.10254093 0.67947733
vt 0.09430097 0.67850006
vt 0.27656513 0.84757710
vt 0.09109922 0.67454737
vt 0.28225461 0.84976137
vt 0.10138576 0.67676526
vt 0.28620097 0.85094416
vt 0.27312681 0.84599859
vt 0.26856214 0.85160726
vt 0.47212377 0.85170692
vt 0.10417391 0.68100160
vt 0.10417391 0.65576768
vt 0.10329948 0.67773902
vt 0.09955405 0.67106181
vt 0.09932728 0.66838461
vt 0.10168771 0.67508966
vt 0.09990691 0.68315595
vt 0.09990691 0.65361327
vt 0.09692971 0.67983693
vt 0.09420921 0.67611730
vt 0.09184511 0.67241299
vt 0.09133478 0.66838467
vt 0.10133450 0.68208808
vt 0.10133450 0.65468109
vt 0.09914230 0.67877829
vt 0.09728299 0.67570728
vt 0.09559946 0.67217177
vt 0.09517796 0.66838461
vt 0.10095535 0.68001342
vt 0.09922127 0.67707813
vt 0.09744932 0.67368597
vt 0.48314592 0.83787948
vt 0.40782148 0.76400167
vt 0.28751424 0.78079355
vt 0.42979708 0.76167548
vt 0.27225244 0.79403448
vt 0.44766489 0.77168077
vt 0.25846428 0.80931526
vt 0.46408227 0.78414190
vt 0.24561644 0.82631999
vt 0.47891730 0.79877299
vt 0.36073267 0.75296801
vt 0.49232784 0.81518430
vt 0.34119797 0.75580913
vt 0.39088726 0.74988031
vt 0.47255817 0.84639704
vt 0.38709623 0.77513009
vt 0.38837355 0.76665068
vt 0.40329170 0.77881831
vt 0.40580785 0.77060395
vt 0.41881064 0.78487730
vt 0.42252201 0.77708912
vt 0.43335584 0.79321468
vt 0.43820465 0.78599221
vt 0.44668370 0.80373418
vt 0.45261356 0.79717594
vt 0.45864490 0.81638622
vt 0.46563038 0.81051695
vt 0.46923855 0.83126295
vt 0.47736081 0.82594270
vt 0.44049266 0.81041110
vt 0.43469632 0.81649685
vt 0.44434327 0.82750261
vt 0.45127752 0.82226747
vt 0.45217019 0.84048462
vt 0.46044779 0.83624077
vt 0.46013117 0.84682810
vt 0.38455281 0.79192603
vt 0.38577762 0.78385139
vt 0.39827302 0.79507595
vt 0.40069124 0.78726315
vt 0.41139087 0.80026126
vt 0.41496837 0.79287469
vt 0.42362246 0.80741942
vt 0.42832068 0.80061299
vt 0.78975666 0.56120139
vt 0.78805238 0.55158550
vt 0.78523797 0.54223418
vt 0.78135175 0.53327519
vt 0.77644718 0.52483100
vt 0.77059126 0.51701939
vt 0.76386547 0.50995898
vt 0.77629077 0.51219779
vt 0.77776688 0.51094925
vt 0.76728207 0.50627857
vt 0.76546913 0.50823396
vt 0.79475296 0.56061447
vt 0.79210144 0.56092584
vt 0.79294604 0.55041969
vt 0.79034913 0.55103821
vt 0.78996217 0.54050529
vt 0.78745520 0.54142267
vt 0.78584200 0.53100705
vt 0.78345925 0.53221065
vt 0.78064150 0.52205455
vt 0.77841574 0.52352804
vt 0.79535061 0.53853339
vt 0.79622895 0.53821194
vt 0.79179829 0.52799821
vt 0.79096347 0.52841991
vt 0.78620613 0.51837081
vt 0.78542590 0.51888716
vt 0.77952641 0.50946128
vt 0.77881175 0.51006562
vt 0.77184033 0.50138313
vt 0.77119827 0.50206894
vt 0.80138057 0.55983579
vt 0.80045146 0.55994487
vt 0.79943764 0.54887319
vt 0.79852760 0.54908985
vt 0.80237675 0.55971879
vt 0.80041349 0.54864067
vt 0.79717100 0.53786719
vt 0.79269367 0.52754575
vt 0.78704250 0.51781702
vt 0.78029281 0.50881320
vt 0.77252877 0.50064856
vt 0.77239293 0.51549548
vt 0.77443016 0.51377195
vt 0.77026111 0.50307226
vt 0.76894104 0.50449049
vt 0.79909295 0.56010455
vt 0.79717344 0.56033003
vt 0.79719710 0.54940695
vt 0.79531699 0.54985482
vt 0.79406607 0.53900349
vt 0.79225087 0.53966767
vt 0.78974247 0.52903652
vt 0.78801733 0.52990806
vt 0.78428537 0.51964229
vt 0.78267366 0.52070934
vt 0.47017410 0.92571652
vt 0.47644174 0.92236692
vt 0.47314140 0.95585918
vt 0.46764809 0.95135039
vt 0.46429840 0.94508278
vt 0.46360216 0.93801028
vt 0.46566558 0.93120968
vt 0.49325204 0.81448334
vt 0.97111583 0.38881028
vt 0.94865012 0.38746548
vt 0.47976056 0.79800963
vt 0.39105088 0.74878508
vt 0.87065631 0.31533217
vt 0.41107428 0.75329232
vt 0.87845027 0.33633423
vt 0.43026960 0.76066911
vt 0.89094979 0.35494173
vt 0.44827738 0.77074683
vt 0.90745217 0.37014735
vt 0.46482062 0.78329158
vt 0.92704117 0.38116229
vt 0.93014288 0.37376416
vt 0.93237084 0.36843395
vt 0.90989453 0.36678219
vt 0.95001888 0.37954426
vt 0.95100254 0.37382650
vt 0.97070801 0.38080192
vt 0.97043365 0.37500656
vt 0.87841040 0.31345892
vt 0.88397890 0.31211269
vt 0.88555330 0.33269310
vt 0.89065444 0.33007634
vt 0.89701277 0.34973729
vt 0.90136743 0.34599519
vt 0.90740448 0.34079897
vt 0.91442341 0.33473980
vt 0.90595174 0.32221174
vt 0.89772648 0.32644427
vt 0.92020750 0.35252893
vt 0.92564136 0.34496582
vt 0.93545520 0.36101592
vt 0.93902338 0.35233974
vt 0.95236063 0.36584997
vt 0.95390743 0.35648632
vt 0.97007281 0.36688447
vt 0.96962357 0.35725915
vt 0.89169842 0.31024504
vt 0.90067786 0.30806899
vt 0.96824825 0.33959639
vt 0.96902883 0.34784222
vt 0.90927207 0.30598223
vt 0.91670299 0.30417371
vt 0.91382176 0.31815100
vt 0.92062271 0.31463099
vt 0.92113316 0.32892239
vt 0.92692322 0.32387817
vt 0.93082213 0.33769691
vt 0.93527466 0.33139050
vt 0.94239563 0.34398496
vt 0.94525462 0.33672976
vt 0.95530361 0.34743237
vt 0.95639181 0.33955348
vt 0.94773197 0.33025527
vt 0.95016313 0.32375872
vt 0.94313896 0.32008934
vt 0.93920863 0.32575929
vt 0.95721436 0.33253896
vt 0.95792162 0.32555878
vt 0.96722180 0.33231342
vt 0.96596515 0.32523060
vt 0.92332280 0.30255890
vt 0.92999387 0.30092871
vt 0.92667687 0.31148791
vt 0.93277246 0.30831611
vt 0.93206710 0.31937349
vt 0.93723500 0.31483102
vt 0.92865282 0.37732077
vt 0.91552842 0.35900736
vt 0.91215211 0.36366916
vt 0.94936109 0.38335431
vt 0.97090077 0.38465595
vt 0.87468630 0.31435871
vt 0.88214177 0.33444238
vt 0.89410061 0.35223782
vt 0.41075253 0.75435364
vt 0.35091835 0.75403816
vt 0.42548743 0.77082670
vt 0.44206777 0.78017789
vt 0.45731261 0.79188192
vt 0.47111028 0.80574846
vt 0.48360878 0.82156968
vt 0.48723865 0.83296925
vt 0.38939679 0.75983667
vt 0.41677311 0.76708436
vt 0.43393442 0.77519262
vt 0.44987276 0.78574407
vt 0.46439761 0.79855490
vt 0.47750962 0.81343609
vt 0.48870879 0.82926977
vt 0.38001448 0.75877476
vt 0.39868286 0.76157558
vt 0.37949431 0.76565027
vt 0.37884572 0.77420545
vt 0.39715904 0.76830751
vt 0.39525631 0.77668285
vt 0.41427493 0.77353877
vt 0.41115180 0.78156590
vt 0.43050891 0.78124899
vt 0.42621726 0.78877604
vt 0.44557941 0.79130965
vt 0.44017899 0.79821461
vt 0.45929730 0.80358499
vt 0.45283416 0.80979919
vt 0.47164485 0.81798184
vt 0.46411142 0.82354736
vt 0.48261666 0.83323669
vt 0.47414482 0.83970582
vt 0.48055837 0.84233826
vt 0.44605812 0.81608689
vt 0.43970296 0.82176226
vt 0.45608875 0.82902324
vt 0.44852725 0.83377963
vt 0.46359476 0.84313405
vt 0.45517763 0.84662932
vt 0.37817711 0.78300369
vt 0.37755731 0.79114449
vt 0.39329141 0.78529358
vt 0.39146650 0.79325753
vt 0.40792221 0.78981286
vt 0.40491951 0.79743183
vt 0.42176920 0.79649633
vt 0.41762656 0.80361038
vt 0.43455866 0.80526924
vt 0.42931029 0.81173140
vt 0.78906214 0.55636555
vt 0.78679842 0.54686368
vt 0.78344166 0.53769094
vt 0.77903777 0.52897269
vt 0.77364707 0.52082860
vt 0.76734346 0.51337558
vt 0.76022369 0.50674182
vt 0.79020166 0.56606662
vt 0.77274650 0.50822479
vt 0.77413851 0.50689852
vt 0.76492202 0.50095850
vt 0.76614577 0.49945140
vt 0.79765749 0.56563008
vt 0.79957527 0.56551796
vt 0.79641604 0.55506223
vt 0.79830754 0.55472684
vt 0.79395014 0.54471123
vt 0.79578966 0.54415768
vt 0.79029328 0.53471887
vt 0.79205585 0.53395450
vt 0.78549564 0.52522153
vt 0.78715670 0.52425635
vt 0.77962172 0.51634920
vt 0.78115892 0.51519668
vt 0.79329801 0.53341550
vt 0.79415202 0.53304499
vt 0.78832763 0.52357638
vt 0.78913260 0.52310866
vt 0.78224236 0.51438427
vt 0.78298742 0.51382577
vt 0.77512044 0.50596362
vt 0.77579570 0.50532085
vt 0.76702011 0.49839312
vt 0.76762623 0.49767184
vt 0.80092716 0.56543869
vt 0.80185646 0.56538427
vt 0.79964095 0.55449063
vt 0.80055749 0.55432820
vt 0.79708612 0.54376745
vt 0.79797769 0.54349917
vt 0.80152613 0.55415648
vt 0.79891950 0.54321563
vt 0.79505426 0.53265357
vt 0.78998309 0.52261466
vt 0.78377455 0.51323569
vt 0.77650952 0.50464225
vt 0.76827073 0.49691582
vt 0.80283833 0.56532687
vt 0.77554435 0.51940626
vt 0.77767789 0.51780665
vt 0.78108865 0.52778137
vt 0.78339469 0.52644181
vt 0.78561765 0.53674704
vt 0.78806442 0.53568578
vt 0.78906959 0.54618013
vt 0.79162341 0.54541153
vt 0.79139745 0.55595165
vt 0.79402363 0.55548626
vt 0.79256958 0.56592786
vt 0.79523188 0.56577206
vt 0.76172090 0.50492543
vt 0.76339293 0.50285983
vt 0.76905853 0.51174116
vt 0.77098763 0.50990176
vt 0.47314027 0.92372799
vt 0.47994319 0.92166471
vt 0.47643828 0.95723104
vt 0.47016895 0.95387977
vt 0.46565956 0.94838423
vt 0.46359622 0.94158137
vt 0.46429345 0.93450683
vt 0.46764484 0.92823762
vt 0.48665413 0.80606496
vt 0.95985162 0.38877404
vt 0.49966243 0.82321167
vt 0.98226893 0.38759851
vt 0.38085383 0.74764836
vt 0.86866117 0.30429280
vt 0.40114003 0.75067943
vt 0.87392050 0.32606685
vt 0.42079702 0.75663823
vt 0.88414109 0.34601104
vt 0.43943843 0.76539040
vt 0.89874631 0.36303341
vt 0.45674041 0.77673513
vt 0.91691989 0.37622774
vt 0.47249007 0.79040885
vt 0.93766159 0.38493419
vt 0.92084378 0.36924338
vt 0.92366356 0.36421275
vt 0.93990761 0.37722492
vt 0.94152129 0.37166357
vt 0.96033508 0.38075268
vt 0.96068782 0.37495339
vt 0.98096675 0.37974393
vt 0.98009974 0.37405610
vt 0.87658101 0.30334949
vt 0.88227022 0.30267143
vt 0.88140035 0.32329023
vt 0.88677377 0.32129431
vt 0.89076841 0.34155750
vt 0.89553005 0.33835495
vt 0.90416265 0.35715187
vt 0.90805453 0.35292017
vt 0.90214014 0.33390307
vt 0.90982831 0.32871294
vt 0.91345686 0.34703374
vt 0.91973597 0.34016502
vt 0.92757505 0.35720778
vt 0.93211168 0.34902191
vt 0.94375539 0.36390507
vt 0.94632715 0.35481560
vt 0.96117663 0.36683702
vt 0.96170717 0.35727608
vt 0.97896469 0.36603487
vt 0.97762585 0.35641563
vt 0.89016771 0.30172956
vt 0.89935547 0.30063212
vt 0.89423311 0.31852067
vt 0.90291089 0.31528854
vt 0.97609293 0.34687674
vt 0.97430968 0.33849645
vt 0.90814650 0.29957998
vt 0.91571420 0.29867220
vt 0.91121227 0.31218922
vt 0.91835624 0.30951464
vt 0.91717917 0.32373345
vt 0.92349941 0.31943512
vt 0.92572999 0.33356965
vt 0.93087113 0.32787299
vt 0.93642175 0.34114993
vt 0.94009018 0.33434546
vt 0.94872493 0.34605050
vt 0.95070130 0.33846259
vt 0.96209204 0.34799397
vt 0.96223181 0.33992863
vt 0.94331592 0.32827866
vt 0.94652241 0.32216358
vt 0.95237678 0.33170712
vt 0.95397156 0.32493448
vt 0.96217829 0.33277655
vt 0.96194160 0.32570767
vt 0.97230166 0.33115637
vt 0.96994150 0.32420778
vt 0.92245531 0.29786205
vt 0.92926353 0.29704273
vt 0.92471749 0.30712795
vt 0.93113881 0.30471408
vt 0.92912066 0.31559944
vt 0.93478680 0.31172132
vt 0.93543035 0.32279110
vt 0.94000906 0.31765759
vt 0.90155995 0.35997903
vt 0.88758391 0.34369791
vt 0.87780625 0.32462454
vt 0.87277579 0.30380285
vt 0.98157805 0.38352454
vt 0.96010160 0.38461328
vt 0.93882817 0.38093340
vt 0.91895813 0.37260139
vt 0.40089831 0.75175309
vt 0.23899055 0.83514285
vt 0.50159395 0.83538139
vt 0.38077122 0.74874455
vt 0.37059397 0.75263733
vt 0.49871987 0.82390457
vt 0.25201899 0.81763268
vt 0.48576820 0.80679083
vt 0.26519737 0.80144089
vt 0.47169906 0.79121250
vt 0.27969885 0.78714716
vt 0.45606762 0.77762216
vt 0.29571277 0.77503318
vt 0.43889803 0.76635599
vt 0.31311107 0.76535356
vt 0.42040148 0.75766730
vt 0.33162794 0.75830585
vt 0.17192714 0.66147572
vt 0.17757450 0.65811086
vt 0.48996356 0.83337098
vt 0.17787747 0.65439999
vt 0.48628223 0.83578414
vt 0.17644037 0.64971030
vt 0.48510385 0.84149987
vt 0.49225992 0.83208179
vt 0.17569129 0.65814072
vt 0.17590399 0.65478235
vt 0.17476849 0.65048331
vt 0.17227541 0.65383154
vt 0.17337178 0.65914464
vt 0.17348237 0.65554482
vt 0.17263757 0.65130800
vt 0.16972904 0.65276891
vt 0.16882224 0.65117478
vt 0.17086072 0.65943414
vt 0.17121421 0.65592408
vt 0.17084925 0.65154886
vt 0.17258941 0.65760201
vt 0.16700749 0.65202063
vt 0.16827096 0.65254062
vt 0.16755833 0.65339422
vt 0.16720022 0.65580815
vt 0.16589464 0.65830958
vt 0.16250737 0.66072333
vt 0.16908737 0.65460622
vt 0.16888605 0.65756077
vt 0.16665836 0.66058022
vt 0.16493155 0.66372859
vt 0.16078140 0.66321689
vt 0.15577765 0.66413802
vt 0.16607590 0.65397203
vt 0.16490443 0.65625453
vt 0.16305010 0.65821368
vt 0.15954296 0.66006488
vt 0.15564929 0.66098934
vt 0.15798227 0.66221595
vt 0.15826796 0.66542125
vt 0.14668877 0.66474736
vt 0.14663954 0.66203231
vt 0.15344660 0.66276836
vt 0.14864396 0.66597956
vt 0.14117555 0.66497362
vt 0.14127170 0.66232926
vt 0.14414228 0.66368705
vt 0.14406772 0.66611046
vt 0.13312756 0.66454780
vt 0.13291027 0.66190636
vt 0.13769342 0.66361648
vt 0.13768964 0.66604185
vt 0.12106051 0.66387945
vt 0.12044184 0.66099405
vt 0.12667917 0.66282028
vt 0.12763681 0.66560000
vt 0.14892997 0.66322315
vt 0.15323706 0.66585404
vt 0.14761223 0.66710323
vt 0.15100943 0.66450244
vt 0.15105598 0.66153741
vt 0.14807622 0.66740054
vt 0.14905955 0.66698247
vt 0.11526249 0.65982342
vt 0.11661409 0.66199493
vt 0.11340372 0.65889174
vt 0.11344232 0.66011441
vt 0.11201425 0.65871400
vt 0.11262350 0.65966243
vt 0.10980578 0.65904677
vt 0.11154123 0.66004479
vt 0.10781778 0.65867966
vt 0.10828458 0.66088349
vt 0.10649689 0.65809315
vt 0.10634001 0.65941179
vt 0.10552950 0.65911478
vt 0.09917678 0.66387171
vt 0.11647262 0.66519892
vt 0.10309853 0.66517526
vt 0.11199750 0.66141808
vt 0.10500138 0.66115147
vt 0.10978596 0.66504139
vt 0.11339606 0.66333312
vt 0.10874723 0.66313571
vt 0.10634623 0.66499811
vt 0.10585429 0.66295004
vt 0.09752692 0.65478319
vt 0.46919921 0.84972632
vt 0.10254093 0.65729177
vt 0.09430097 0.65826917
vt 0.46415976 0.84767592
vt 0.09109922 0.66222185
vt 0.45848617 0.84984100
vt 0.10138582 0.66000408
vt 0.45455092 0.85101163
vt 0.46758857 0.84611064
vt 0.10329948 0.65903014
vt 0.09955405 0.66570747
vt 0.10168771 0.66167957
vt 0.09692971 0.65693229
vt 0.09420921 0.66065180
vt 0.09184511 0.66435629
vt 0.09914230 0.65799087
vt 0.09728299 0.66106200
vt 0.09559946 0.66459757
vt 0.10095535 0.65675581
vt 0.09922127 0.65969104
vt 0.09744932 0.66308331
vt 0.25099415 0.83159810
vt 0.25722253 0.84147942
vt 0.26420993 0.84402966
vt 0.28393182 0.84851730
vt 0.25588614 0.83478791
vt 0.17256092 0.68100154
vt 0.16981418 0.68548214
vt 0.16779713 0.68528557
vt 0.17247017 0.67736262
vt 0.17174955 0.68523443
vt 0.16867824 0.68331909
vt 0.16914211 0.68072921
vt 0.16824616 0.67773819
vt 0.16380735 0.67465723
vt 0.16553427 0.68159550
vt 0.16414030 0.67954296
vt 0.16655092 0.68395978
vt 0.16143604 0.67753327
vt 0.15765713 0.67614323
vt 0.15817751 0.67294240
vt 0.14886574 0.67497700
vt 0.14886890 0.67215502
vt 0.14411540 0.67450577
vt 0.14410840 0.67182970
vt 0.13773952 0.67451209
vt 0.13768636 0.67192614
vt 0.12651671 0.67532820
vt 0.12716465 0.67257887
vt 0.15336223 0.67243510
vt 0.15338026 0.67549479
vt 0.14832775 0.66988331
vt 0.11691310 0.67633611
vt 0.11418225 0.67752427
vt 0.11273815 0.67800653
vt 0.11099003 0.67790288
vt 0.10880034 0.67778957
vt 0.10707043 0.67843056
vt 0.10580619 0.67882705
vt 0.10370211 0.67919528
vt 0.11251126 0.67645860
vt 0.10538332 0.67688495
vt 0.11654143 0.67318308
vt 0.11083113 0.67355818
vt 0.10726385 0.67374462
vt 0.10401128 0.67355132
vt 0.27678105 0.84571177
vt 0.27044788 0.84826028
vt 0.10270797 0.67668462
vt 0.10042532 0.67290789
vt 0.09841825 0.68147326
vt 0.09558322 0.67805290
vt 0.09286071 0.67423546
vt 0.09631936 0.67391467
vt 0.09822355 0.67735934
vt 0.10024421 0.68035597
vt 0.48966262 0.83182091
vt 0.48343948 0.84164387
vt 0.47647503 0.84416848
vt 0.45681733 0.84859747
vt 0.48478532 0.83498394
vt 0.17256092 0.65576768
vt 0.16981418 0.65128702
vt 0.16779713 0.65148348
vt 0.17247017 0.65940648
vt 0.17174955 0.65153462
vt 0.16867824 0.65345013
vt 0.16914211 0.65603977
vt 0.16824616 0.65903091
vt 0.16380735 0.66211200
vt 0.16553427 0.65517354
vt 0.16414030 0.65722620
vt 0.16655092 0.65280926
vt 0.16143598 0.65923589
vt 0.15765707 0.66062587
vt 0.15817751 0.66382688
vt 0.14886574 0.66179210
vt 0.14886890 0.66461420
vt 0.14411534 0.66226327
vt 0.14410840 0.66493940
vt 0.13773952 0.66225702
vt 0.13768636 0.66484314
vt 0.12651671 0.66144091
vt 0.12716465 0.66419047
vt 0.15336223 0.66433406
vt 0.15338026 0.66127437
vt 0.14832775 0.66688597
vt 0.11691310 0.66043299
vt 0.11418219 0.65924495
vt 0.11273815 0.65876275
vt 0.11098997 0.65886641
vt 0.10880034 0.65897954
vt 0.10707043 0.65833861
vt 0.10580619 0.65794212
vt 0.10370211 0.65757376
vt 0.11251126 0.66031075
vt 0.10538332 0.65988421
vt 0.11654143 0.66358608
vt 0.11083113 0.66321117
vt 0.10726397 0.66302449
vt 0.10401128 0.66321790
vt 0.46394843 0.84581697
vt 0.47025234 0.84836918
vt 0.10270797 0.66008461
vt 0.10042532 0.66386127
vt 0.09841825 0.65529609
vt 0.09558322 0.65871626
vt 0.09286071 0.66253382
vt 0.09631936 0.66285461
vt 0.09822355 0.65941000
vt 0.10024421 0.65641332
f 2110/2110 94/94 264/264
f 2110/2110 264/264 1522/1522
f 259/259 2106/2106 1524/1524
f 259/259 1524/1524 265/265
f 94/94 1040/1040 1306/1306
f 94/94 1306/1306 264/264
f 1306/1306 1040/1040 9/9
f 1306/1306 9/9 88/88
f 258/258 264/264 1306/1306
f 258/258 1306/1306 1298/1298
f 1298/1298 1306/1306 88/88
f 1298/1298 88/88 10/10
f 257/257 2110/2110 1522/1522
f 257/257 1522/1522 375/375
f 2108/2108 258/258 265/265
f 2108/2108 265/265 1524/1524
f 260/260 2104/2104 1702/1702
f 260/260 1702/1702 266/266
f 258/258 1298/1298 1307/1307
f 258/258 1307/1307 265/265
f 1307/1307 1298/1298 10/10
f 1307/1307 10/10 89/89
f 259/259 265/265 1307/1307
f 259/259 1307/1307 1299/1299
f 1299/1299 1307/1307 89/89
f 1299/1299 89/89 11/11
f 95/95 2108/2108 1524/1524
f 95/95 1524/1524 374/374
f 2106/2106 259/259 266/266
f 2106/2106 266/266 1702/1702
f 261/261 2102/2102 1704/1704
f 261/261 1704/1704 267/267
f 259/259 1299/1299 1308/1308
f 259/259 1308/1308 266/266
f 1308/1308 1299/1299 11/11
f 1308/1308 11/11 90/90
f 260/260 266/266 1308/1308
f 260/260 1308/1308 1300/1300
f 1300/1300 1308/1308 90/90
f 1300/1300 90/90 12/12
f 96/96 2106/2106 1702/1702
f 96/96 1702/1702 373/373
f 2104/2104 260/260 267/267
f 2104/2104 267/267 1704/1704
f 262/262 2100/2100 1706/1706
f 262/262 1706/1706 268/268
f 260/260 1300/1300 1309/1309
f 260/260 1309/1309 267/267
f 1309/1309 1300/1300 12/12
f 1309/1309 12/12 91/91
f 261/261 267/267 1309/1309
f 261/261 1309/1309 1301/1301
f 1301/1301 1309/1309 91/91
f 1301/1301 91/91 13/13
f 97/97 2104/2104 1704/1704
f 97/97 1704/1704 372/372
f 2102/2102 261/261 268/268
f 2102/2102 268/268 1706/1706
f 757/757 2095/2095 1708/1708
f 757/757 1708/1708 269/269
f 261/261 1301/1301 1310/1310
f 261/261 1310/1310 268/268
f 1310/1310 1301/1301 13/13
f 1310/1310 13/13 92/92
f 262/262 268/268 1310/1310
f 262/262 1310/1310 1302/1302
f 1302/1302 1310/1310 92/92
f 1302/1302 92/92 14/14
f 98/98 2102/2102 1706/1706
f 98/98 1706/1706 371/371
f 2100/2100 262/262 269/269
f 2100/2100 269/269 1708/1708
f 263/263 1885/1885 1710/1710
f 263/263 1710/1710 270/270
f 262/262 1302/1302 1311/1311
f 262/262 1311/1311 269/269
f 1311/1311 1302/1302 14/14
f 1311/1311 14/14 93/93
f 99/99 2100/2100 1708/1708
f 99/99 1708/1708 370/370
f 269/269 1311/1311 2219/2219
f 269/269 2219/2219 1532/1532
f 1311/1311 93/93 1304/1304
f 1311/1311 1304/1304 2219/2219
f 2219/2219 1304/1304 378/378
f 2219/2219 378/378 1527/1527
f 1532/1532 2219/2219 1527/1527
f 1532/1532 1527/1527 380/380
f 2098/2098 756/756 270/270
f 2098/2098 270/270 1710/1710
f 94/94 2110/2110 1712/1712
f 94/94 1712/1712 271/271
f 756/756 1303/1303 1312/1312
f 756/756 1312/1312 270/270
f 1312/1312 1303/1303 443/443
f 1312/1312 443/443 86/86
f 263/263 270/270 1312/1312
f 263/263 1312/1312 1305/1305
f 1305/1305 1312/1312 86/86
f 1305/1305 86/86 8/8
f 560/560 2098/2098 1710/1710
f 560/560 1710/1710 369/369
f 1885/1885 263/263 271/271
f 1885/1885 271/271 1712/1712
f 760/760 1041/1041 1518/1518
f 760/760 1518/1518 751/751
f 263/263 1305/1305 1313/1313
f 263/263 1313/1313 271/271
f 1313/1313 1305/1305 8/8
f 1313/1313 8/8 87/87
f 94/94 271/271 1313/1313
f 94/94 1313/1313 1040/1040
f 1040/1040 1313/1313 87/87
f 1040/1040 87/87 9/9
f 8/8 86/86 1314/1314
f 8/8 1314/1314 1062/1062
f 1062/1062 1314/1314 272/272
f 1062/1062 272/272 109/109
f 86/86 443/443 1059/1059
f 86/86 1059/1059 1314/1314
f 1314/1314 1059/1059 572/572
f 1314/1314 572/572 272/272
f 572/572 1060/1060 1315/1315
f 572/572 1315/1315 272/272
f 1315/1315 1060/1060 451/451
f 1315/1315 451/451 101/101
f 109/109 272/272 1315/1315
f 109/109 1315/1315 1061/1061
f 1061/1061 1315/1315 101/101
f 1061/1061 101/101 15/15
f 9/9 87/87 1316/1316
f 9/9 1316/1316 1068/1068
f 1068/1068 1316/1316 273/273
f 1068/1068 273/273 110/110
f 87/87 8/8 1062/1062
f 87/87 1062/1062 1316/1316
f 1316/1316 1062/1062 109/109
f 1316/1316 109/109 273/273
f 109/109 1061/1061 1317/1317
f 109/109 1317/1317 273/273
f 1317/1317 1061/1061 15/15
f 1317/1317 15/15 102/102
f 110/110 273/273 1317/1317
f 110/110 1317/1317 1067/1067
f 1067/1067 1317/1317 102/102
f 1067/1067 102/102 16/16
f 10/10 88/88 1318/1318
f 10/10 1318/1318 1070/1070
f 1070/1070 1318/1318 274/274
f 1070/1070 274/274 111/111
f 88/88 9/9 1068/1068
f 88/88 1068/1068 1318/1318
f 1318/1318 1068/1068 110/110
f 1318/1318 110/110 274/274
f 110/110 1067/1067 1319/1319
f 110/110 1319/1319 274/274
f 1319/1319 1067/1067 16/16
f 1319/1319 16/16 103/103
f 111/111 274/274 1319/1319
f 111/111 1319/1319 1069/1069
f 1069/1069 1319/1319 103/103
f 1069/1069 103/103 17/17
f 11/11 89/89 1320/1320
f 11/11 1320/1320 1072/1072
f 1072/1072 1320/1320 275/275
f 1072/1072 275/275 112/112
f 89/89 10/10 1070/1070
f 89/89 1070/1070 1320/1320
f 1320/1320 1070/1070 111/111
f 1320/1320 111/111 275/275
f 111/111 1069/1069 1321/1321
f 111/111 1321/1321 275/275
f 1321/1321 1069/1069 17/17
f 1321/1321 17/17 104/104
f 112/112 275/275 1321/1321
f 112/112 1321/1321 1071/1071
f 1071/1071 1321/1321 104/104
f 1071/1071 104/104 18/18
f 12/12 90/90 1322/1322
f 12/12 1322/1322 1074/1074
f 1074/1074 1322/1322 276/276
f 1074/1074 276/276 113/113
f 90/90 11/11 1072/1072
f 90/90 1072/1072 1322/1322
f 1322/1322 1072/1072 112/112
f 1322/1322 112/112 276/276
f 112/112 1071/1071 1323/1323
f 112/112 1323/1323 276/276
f 1323/1323 1071/1071 18/18
f 1323/1323 18/18 105/105
f 113/113 276/276 1323/1323
f 113/113 1323/1323 1073/1073
f 1073/1073 1323/1323 105/105
f 1073/1073 105/105 19/19
f 13/13 91/91 1324/1324
f 13/13 1324/1324 1076/1076
f 1076/1076 1324/1324 277/277
f 1076/1076 277/277 114/114
f 91/91 12/12 1074/1074
f 91/91 1074/1074 1324/1324
f 1324/1324 1074/1074 113/113
f 1324/1324 113/113 277/277
f 113/113 1073/1073 1325/1325
f 113/113 1325/1325 277/277
f 1325/1325 1073/1073 19/19
f 1325/1325 19/19 106/106
f 114/114 277/277 1325/1325
f 114/114 1325/1325 1075/1075
f 1075/1075 1325/1325 106/106
f 1075/1075 106/106 20/20
f 14/14 92/92 1326/1326
f 14/14 1326/1326 1078/1078
f 1078/1078 1326/1326 278/278
f 1078/1078 278/278 115/115
f 92/92 13/13 1076/1076
f 92/92 1076/1076 1326/1326
f 1326/1326 1076/1076 114/114
f 1326/1326 114/114 278/278
f 114/114 1075/1075 1327/1327
f 114/114 1327/1327 278/278
f 1327/1327 1075/1075 20/20
f 1327/1327 20/20 107/107
f 115/115 278/278 1327/1327
f 115/115 1327/1327 1077/1077
f 1077/1077 1327/1327 107/107
f 1077/1077 107/107 21/21
f 93/93 14/14 1078/1078
f 93/93 1078/1078 1328/1328
f 279/279 1330/1330 2220/2220
f 279/279 2220/2220 1039/1039
f 1330/1330 574/574 1063/1063
f 1330/1330 1063/1063 2220/2220
f 2220/2220 1063/1063 910/910
f 2220/2220 910/910 1531/1531
f 1039/1039 2220/2220 1531/1531
f 1039/1039 1531/1531 382/382
f 1328/1328 1078/1078 115/115
f 1328/1328 115/115 279/279
f 115/115 1077/1077 1329/1329
f 115/115 1329/1329 279/279
f 1329/1329 1077/1077 21/21
f 1329/1329 21/21 108/108
f 20/20 106/106 1331/1331
f 20/20 1331/1331 1082/1082
f 574/574 1330/1330 2221/2221
f 574/574 2221/2221 1065/1065
f 1330/1330 279/279 1329/1329
f 1330/1330 1329/1329 2221/2221
f 2221/2221 1329/1329 108/108
f 2221/2221 108/108 1058/1058
f 1065/1065 2221/2221 1058/1058
f 1065/1065 1058/1058 459/459
f 1082/1082 1331/1331 280/280
f 1082/1082 280/280 125/125
f 106/106 19/19 1079/1079
f 106/106 1079/1079 1331/1331
f 1331/1331 1079/1079 124/124
f 1331/1331 124/124 280/280
f 124/124 1080/1080 1332/1332
f 124/124 1332/1332 280/280
f 1332/1332 1080/1080 26/26
f 1332/1332 26/26 121/121
f 125/125 280/280 1332/1332
f 125/125 1332/1332 1081/1081
f 1081/1081 1332/1332 121/121
f 1081/1081 121/121 27/27
f 21/21 107/107 1333/1333
f 21/21 1333/1333 1084/1084
f 1084/1084 1333/1333 281/281
f 1084/1084 281/281 126/126
f 107/107 20/20 1082/1082
f 107/107 1082/1082 1333/1333
f 1333/1333 1082/1082 125/125
f 1333/1333 125/125 281/281
f 125/125 1081/1081 1334/1334
f 125/125 1334/1334 281/281
f 1334/1334 1081/1081 27/27
f 1334/1334 27/27 122/122
f 126/126 281/281 1334/1334
f 126/126 1334/1334 1083/1083
f 1083/1083 1334/1334 122/122
f 1083/1083 122/122 28/28
f 108/108 21/21 1084/1084
f 108/108 1084/1084 1335/1335
f 282/282 1336/1336 2222/2222
f 282/282 2222/2222 1087/1087
f 1336/1336 123/123 1675/1675
f 1336/1336 1675/1675 2222/2222
f 2222/2222 1675/1675 425/425
f 2222/2222 425/425 1673/1673
f 1087/1087 2222/2222 1673/1673
f 1087/1087 1673/1673 427/427
f 1335/1335 1084/1084 126/126
f 1335/1335 126/126 282/282
f 126/126 1083/1083 1336/1336
f 126/126 1336/1336 282/282
f 1336/1336 1083/1083 28/28
f 1336/1336 28/28 123/123
f 469/469 1337/1337 1675/1675
f 469/469 1675/1675 123/123
f 1675/1675 1337/1337 1020/1020
f 1675/1675 1020/1020 425/425
f 15/15 101/101 1339/1339
f 15/15 1339/1339 1089/1089
f 1089/1089 1339/1339 283/283
f 1089/1089 283/283 127/127
f 101/101 451/451 1086/1086
f 101/101 1086/1086 1339/1339
f 1339/1339 1086/1086 593/593
f 1339/1339 593/593 283/283
f 593/593 1085/1085 1340/1340
f 593/593 1340/1340 283/283
f 1340/1340 1085/1085 461/461
f 1340/1340 461/461 116/116
f 127/127 283/283 1340/1340
f 127/127 1340/1340 1088/1088
f 1088/1088 1340/1340 116/116
f 1088/1088 116/116 22/22
f 16/16 102/102 1341/1341
f 16/16 1341/1341 1091/1091
f 1091/1091 1341/1341 284/284
f 1091/1091 284/284 128/128
f 102/102 15/15 1089/1089
f 102/102 1089/1089 1341/1341
f 1341/1341 1089/1089 127/127
f 1341/1341 127/127 284/284
f 127/127 1088/1088 1342/1342
f 127/127 1342/1342 284/284
f 1342/1342 1088/1088 22/22
f 1342/1342 22/22 117/117
f 128/128 284/284 1342/1342
f 128/128 1342/1342 1090/1090
f 1090/1090 1342/1342 117/117
f 1090/1090 117/117 23/23
f 17/17 103/103 1343/1343
f 17/17 1343/1343 1093/1093
f 1093/1093 1343/1343 285/285
f 1093/1093 285/285 129/129
f 103/103 16/16 1091/1091
f 103/103 1091/1091 1343/1343
f 1343/1343 1091/1091 128/128
f 1343/1343 128/128 285/285
f 128/128 1090/1090 1344/1344
f 128/128 1344/1344 285/285
f 1344/1344 1090/1090 23/23
f 1344/1344 23/23 118/118
f 129/129 285/285 1344/1344
f 129/129 1344/1344 1092/1092
f 1092/1092 1344/1344 118/118
f 1092/1092 118/118 24/24
f 18/18 104/104 1345/1345
f 18/18 1345/1345 1095/1095
f 1095/1095 1345/1345 286/286
f 1095/1095 286/286 130/130
f 104/104 17/17 1093/1093
f 104/104 1093/1093 1345/1345
f 1345/1345 1093/1093 129/129
f 1345/1345 129/129 286/286
f 129/129 1092/1092 1346/1346
f 129/129 1346/1346 286/286
f 1346/1346 1092/1092 24/24
f 1346/1346 24/24 119/119
f 130/130 286/286 1346/1346
f 130/130 1346/1346 1094/1094
f 1094/1094 1346/1346 119/119
f 1094/1094 119/119 25/25
f 19/19 105/105 1347/1347
f 19/19 1347/1347 1079/1079
f 1079/1079 1347/1347 287/287
f 1079/1079 287/287 124/124
f 105/105 18/18 1095/1095
f 105/105 1095/1095 1347/1347
f 1347/1347 1095/1095 130/130
f 1347/1347 130/130 287/287
f 130/130 1094/1094 1348/1348
f 130/130 1348/1348 287/287
f 1348/1348 1094/1094 25/25
f 1348/1348 25/25 120/120
f 124/124 287/287 1348/1348
f 124/124 1348/1348 1080/1080
f 1080/1080 1348/1348 120/120
f 1080/1080 120/120 26/26
f 119/119 288/288 140/140
f 119/119 140/140 25/25
f 134/134 288/288 139/139
f 134/134 139/139 31/31
f 139/139 288/288 119/119
f 139/139 119/119 24/24
f 32/32 140/140 288/288
f 32/32 288/288 134/134
f 141/141 26/26 120/120
f 141/141 120/120 289/289
f 140/140 289/289 120/120
f 140/140 120/120 25/25
f 135/135 289/289 140/140
f 135/135 140/140 32/32
f 33/33 141/141 289/289
f 33/33 289/289 135/135
f 142/142 27/27 121/121
f 142/142 121/121 290/290
f 141/141 290/290 121/121
f 141/141 121/121 26/26
f 136/136 290/290 141/141
f 136/136 141/141 33/33
f 34/34 142/142 290/290
f 34/34 290/290 136/136
f 143/143 28/28 122/122
f 143/143 122/122 291/291
f 142/142 291/291 122/122
f 142/142 122/122 27/27
f 137/137 291/291 142/142
f 137/137 142/142 34/34
f 35/35 143/143 291/291
f 35/35 291/291 137/137
f 612/612 469/469 123/123
f 612/612 123/123 292/292
f 143/143 292/292 123/123
f 143/143 123/123 28/28
f 138/138 292/292 143/143
f 138/138 143/143 35/35
f 479/479 612/612 292/292
f 479/479 292/292 138/138
f 144/144 22/22 116/116
f 144/144 116/116 293/293
f 611/611 293/293 116/116
f 611/611 116/116 461/461
f 131/131 293/293 611/611
f 131/131 611/611 471/471
f 29/29 144/144 293/293
f 29/29 293/293 131/131
f 145/145 23/23 117/117
f 145/145 117/117 294/294
f 144/144 294/294 117/117
f 144/144 117/117 22/22
f 132/132 294/294 144/144
f 132/132 144/144 29/29
f 30/30 145/145 294/294
f 30/30 294/294 132/132
f 139/139 24/24 118/118
f 139/139 118/118 295/295
f 145/145 295/295 118/118
f 145/145 118/118 23/23
f 133/133 295/295 145/145
f 133/133 145/145 30/30
f 31/31 139/139 295/295
f 31/31 295/295 133/133
f 132/132 296/296 148/148
f 132/132 148/148 30/30
f 606/606 464/464 585/585
f 606/606 585/585 784/784
f 147/147 1098/1098 1349/1349
f 147/147 1349/1349 297/297
f 146/146 296/296 132/132
f 146/146 132/132 29/29
f 148/148 298/298 133/133
f 148/148 133/133 30/30
f 149/149 297/297 1349/1349
f 149/149 1349/1349 1099/1099
f 1119/1119 1403/1403 1350/1350
f 1119/1119 1350/1350 1099/1099
f 1116/1116 1167/1167 1363/1363
f 1116/1116 1363/1363 1406/1406
f 150/150 31/31 133/133
f 150/150 133/133 298/298
f 1117/1117 1405/1405 1349/1349
f 1117/1117 1349/1349 1098/1098
f 149/149 1099/1099 1350/1350
f 149/149 1350/1350 299/299
f 150/150 300/300 134/134
f 150/150 134/134 31/31
f 151/151 299/299 1350/1350
f 151/151 1350/1350 1100/1100
f 1121/1121 1401/1401 1351/1351
f 1121/1121 1351/1351 1100/1100
f 1118/1118 1169/1169 1365/1365
f 1118/1118 1365/1365 1404/1404
f 152/152 32/32 134/134
f 152/152 134/134 300/300
f 151/151 1100/1100 1351/1351
f 151/151 1351/1351 301/301
f 152/152 302/302 135/135
f 152/152 135/135 32/32
f 153/153 301/301 1351/1351
f 153/153 1351/1351 1101/1101
f 1123/1123 1399/1399 1352/1352
f 1123/1123 1352/1352 1101/1101
f 1120/1120 1171/1171 1367/1367
f 1120/1120 1367/1367 1402/1402
f 154/154 33/33 135/135
f 154/154 135/135 302/302
f 153/153 1101/1101 1352/1352
f 153/153 1352/1352 303/303
f 154/154 304/304 136/136
f 154/154 136/136 33/33
f 155/155 303/303 1352/1352
f 155/155 1352/1352 1102/1102
f 1125/1125 1397/1397 1353/1353
f 1125/1125 1353/1353 1102/1102
f 1122/1122 1173/1173 1369/1369
f 1122/1122 1369/1369 1400/1400
f 156/156 34/34 136/136
f 156/156 136/136 304/304
f 155/155 1102/1102 1353/1353
f 155/155 1353/1353 305/305
f 156/156 306/306 137/137
f 156/156 137/137 34/34
f 157/157 305/305 1353/1353
f 157/157 1353/1353 1103/1103
f 1156/1156 1411/1411 1354/1354
f 1156/1156 1354/1354 1103/1103
f 1124/1124 1175/1175 1371/1371
f 1124/1124 1371/1371 1398/1398
f 158/158 35/35 137/137
f 158/158 137/137 306/306
f 157/157 1103/1103 1354/1354
f 157/157 1354/1354 307/307
f 158/158 308/308 138/138
f 158/158 138/138 35/35
f 159/159 307/307 1354/1354
f 159/159 1354/1354 1104/1104
f 1109/1109 1409/1409 1355/1355
f 1109/1109 1355/1355 1104/1104
f 1157/1157 1106/1106 1357/1357
f 1157/1157 1357/1357 1412/1412
f 616/616 479/479 138/138
f 616/616 138/138 308/308
f 159/159 1104/1104 1355/1355
f 159/159 1355/1355 309/309
f 634/634 310/310 131/131
f 634/634 131/131 471/471
f 618/618 309/309 1355/1355
f 618/618 1355/1355 1097/1097
f 1137/1137 1383/1383 1362/1362
f 1137/1137 1362/1362 1160/1160
f 1108/1108 1159/1159 1359/1359
f 1108/1108 1359/1359 1410/1410
f 146/146 29/29 131/131
f 146/146 131/131 310/310
f 635/635 1105/1105 1356/1356
f 635/635 1356/1356 311/311
f 620/620 472/472 599/599
f 620/620 599/599 792/792
f 147/147 311/311 1356/1356
f 147/147 1356/1356 1098/1098
f 1110/1110 1161/1161 1361/1361
f 1110/1110 1361/1361 1408/1408
f 1107/1107 1358/1358 1357/1357
f 1107/1107 1357/1357 1106/1106
f 1111/1111 1407/1407 1356/1356
f 1111/1111 1356/1356 1105/1105
f 1358/1358 1158/1158 1159/1159
f 1358/1358 1159/1159 1357/1357
f 191/191 42/42 166/166
f 191/191 166/166 328/328
f 1360/1360 1163/1163 1165/1165
f 1360/1360 1165/1165 1359/1359
f 1158/1158 1360/1360 1359/1359
f 1158/1158 1359/1359 1159/1159
f 1412/1412 1357/1357 1159/1159
f 1412/1412 1159/1159 1108/1108
f 1135/1135 1381/1381 1360/1360
f 1135/1135 1360/1360 1158/1158
f 1132/1132 1380/1380 1379/1379
f 1132/1132 1379/1379 1133/1133
f 1133/1133 1379/1379 1358/1358
f 1133/1133 1358/1358 1107/1107
f 1354/1354 1411/1411 1109/1109
f 1354/1354 1109/1109 1104/1104
f 1362/1362 1166/1166 1167/1167
f 1362/1362 1167/1167 1361/1361
f 1160/1160 1362/1362 1361/1361
f 1160/1160 1361/1361 1161/1161
f 1410/1410 1359/1359 1165/1165
f 1410/1410 1165/1165 1113/1113
f 1148/1148 1396/1396 327/327
f 1148/1148 327/327 169/169
f 1134/1134 1382/1382 1381/1381
f 1134/1134 1381/1381 1135/1135
f 1355/1355 1409/1409 1115/1115
f 1355/1355 1115/1115 1097/1097
f 1364/1364 1168/1168 1169/1169
f 1364/1364 1169/1169 1363/1363
f 1166/1166 1364/1364 1363/1363
f 1166/1166 1363/1363 1167/1167
f 1408/1408 1361/1361 1167/1167
f 1408/1408 1167/1167 1116/1116
f 1143/1143 1385/1385 1364/1364
f 1143/1143 1364/1364 1166/1166
f 1136/1136 1384/1384 1383/1383
f 1136/1136 1383/1383 1137/1137
f 1407/1407 1117/1117 1098/1098
f 1407/1407 1098/1098 1356/1356
f 1366/1366 1170/1170 1171/1171
f 1366/1366 1171/1171 1365/1365
f 1168/1168 1366/1366 1365/1365
f 1168/1168 1365/1365 1169/1169
f 1406/1406 1363/1363 1169/1169
f 1406/1406 1169/1169 1118/1118
f 1145/1145 1387/1387 1366/1366
f 1145/1145 1366/1366 1168/1168
f 1142/1142 1386/1386 1385/1385
f 1142/1142 1385/1385 1143/1143
f 1405/1405 1119/1119 1099/1099
f 1405/1405 1099/1099 1349/1349
f 1368/1368 1172/1172 1173/1173
f 1368/1368 1173/1173 1367/1367
f 1170/1170 1368/1368 1367/1367
f 1170/1170 1367/1367 1171/1171
f 1404/1404 1365/1365 1171/1171
f 1404/1404 1171/1171 1120/1120
f 1126/1126 1373/1373 1368/1368
f 1126/1126 1368/1368 1170/1170
f 1144/1144 1388/1388 1387/1387
f 1144/1144 1387/1387 1145/1145
f 1350/1350 1403/1403 1121/1121
f 1350/1350 1121/1121 1100/1100
f 1370/1370 1174/1174 1175/1175
f 1370/1370 1175/1175 1369/1369
f 1172/1172 1370/1370 1369/1369
f 1172/1172 1369/1369 1173/1173
f 1402/1402 1367/1367 1173/1173
f 1402/1402 1173/1173 1122/1122
f 1129/1129 1375/1375 1370/1370
f 1129/1129 1370/1370 1172/1172
f 1127/1127 1374/1374 1373/1373
f 1127/1127 1373/1373 1126/1126
f 1351/1351 1401/1401 1123/1123
f 1351/1351 1123/1123 1101/1101
f 1372/1372 1107/1107 1106/1106
f 1372/1372 1106/1106 1371/1371
f 1174/1174 1372/1372 1371/1371
f 1174/1174 1371/1371 1175/1175
f 1400/1400 1369/1369 1175/1175
f 1400/1400 1175/1175 1124/1124
f 1131/1131 1377/1377 1372/1372
f 1131/1131 1372/1372 1174/1174
f 1128/1128 1376/1376 1375/1375
f 1128/1128 1375/1375 1129/1129
f 1352/1352 1399/1399 1125/1125
f 1352/1352 1125/1125 1102/1102
f 1374/1374 1128/1128 1129/1129
f 1374/1374 1129/1129 1373/1373
f 1368/1368 1373/1373 1129/1129
f 1368/1368 1129/1129 1172/1172
f 1398/1398 1371/1371 1106/1106
f 1398/1398 1106/1106 1157/1157
f 1130/1130 1378/1378 1377/1377
f 1130/1130 1377/1377 1131/1131
f 1376/1376 1130/1130 1131/1131
f 1376/1376 1131/1131 1375/1375
f 1370/1370 1375/1375 1131/1131
f 1370/1370 1131/1131 1174/1174
f 1152/1152 1392/1392 319/319
f 1152/1152 319/319 177/177
f 1391/1391 1150/1150 173/173
f 1391/1391 173/173 317/317
f 1151/1151 1391/1391 317/317
f 1151/1151 317/317 175/175
f 1378/1378 1132/1132 1133/1133
f 1378/1378 1133/1133 1377/1377
f 1372/1372 1377/1377 1133/1133
f 1372/1372 1133/1133 1107/1107
f 1153/1153 1393/1393 321/321
f 1153/1153 321/321 179/179
f 1392/1392 1151/1151 175/175
f 1392/1392 175/175 319/319
f 1380/1380 1134/1134 1135/1135
f 1380/1380 1135/1135 1379/1379
f 1379/1379 1135/1135 1158/1158
f 1379/1379 1158/1158 1358/1358
f 1154/1154 1394/1394 323/323
f 1154/1154 323/323 181/181
f 1393/1393 1152/1152 177/177
f 1393/1393 177/177 321/321
f 1382/1382 1139/1139 1141/1141
f 1382/1382 1141/1141 1381/1381
f 1360/1360 1381/1381 1141/1141
f 1360/1360 1141/1141 1163/1163
f 1147/1147 1395/1395 325/325
f 1147/1147 325/325 646/646
f 1394/1394 1153/1153 179/179
f 1394/1394 179/179 323/323
f 1384/1384 1142/1142 1143/1143
f 1384/1384 1143/1143 1383/1383
f 1362/1362 1383/1383 1143/1143
f 1362/1362 1143/1143 1166/1166
f 1395/1395 1154/1154 181/181
f 1395/1395 181/181 325/325
f 1386/1386 1144/1144 1145/1145
f 1386/1386 1145/1145 1385/1385
f 1364/1364 1385/1385 1145/1145
f 1364/1364 1145/1145 1168/1168
f 1149/1149 1389/1389 313/313
f 1149/1149 313/313 171/171
f 1396/1396 1155/1155 662/662
f 1396/1396 662/662 327/327
f 1388/1388 1127/1127 1126/1126
f 1388/1388 1126/1126 1387/1387
f 1366/1366 1387/1387 1126/1126
f 1366/1366 1126/1126 1170/1170
f 1150/1150 1390/1390 315/315
f 1150/1150 315/315 173/173
f 1389/1389 1148/1148 169/169
f 1389/1389 169/169 313/313
f 1398/1398 1157/1157 1156/1156
f 1398/1398 1156/1156 1397/1397
f 1386/1386 1389/1389 1149/1149
f 1386/1386 1149/1149 1144/1144
f 1390/1390 1149/1149 171/171
f 1390/1390 171/171 315/315
f 1148/1148 1389/1389 1386/1386
f 1148/1148 1386/1386 1142/1142
f 168/168 36/36 161/161
f 168/168 161/161 312/312
f 1388/1388 1390/1390 1150/1150
f 1388/1388 1150/1150 1127/1127
f 37/37 170/170 312/312
f 37/37 312/312 161/161
f 38/38 172/172 314/314
f 38/38 314/314 162/162
f 1149/1149 1390/1390 1388/1388
f 1149/1149 1388/1388 1144/1144
f 162/162 314/314 170/170
f 162/162 170/170 37/37
f 1391/1391 1151/1151 1128/1128
f 1391/1391 1128/1128 1374/1374
f 39/39 174/174 316/316
f 39/39 316/316 163/163
f 1150/1150 1391/1391 1374/1374
f 1150/1150 1374/1374 1127/1127
f 163/163 316/316 172/172
f 163/163 172/172 38/38
f 1376/1376 1392/1392 1152/1152
f 1376/1376 1152/1152 1130/1130
f 40/40 176/176 318/318
f 40/40 318/318 164/164
f 1151/1151 1392/1392 1376/1376
f 1151/1151 1376/1376 1128/1128
f 164/164 318/318 174/174
f 164/164 174/174 39/39
f 1378/1378 1393/1393 1153/1153
f 1378/1378 1153/1153 1132/1132
f 41/41 178/178 320/320
f 41/41 320/320 165/165
f 1152/1152 1393/1393 1378/1378
f 1152/1152 1378/1378 1130/1130
f 165/165 320/320 176/176
f 165/165 176/176 40/40
f 1380/1380 1394/1394 1154/1154
f 1380/1380 1154/1154 1134/1134
f 42/42 180/180 322/322
f 42/42 322/322 166/166
f 1153/1153 1394/1394 1380/1380
f 1153/1153 1380/1380 1132/1132
f 166/166 322/322 178/178
f 166/166 178/178 41/41
f 1382/1382 1395/1395 1147/1147
f 1382/1382 1147/1147 1139/1139
f 489/489 644/644 324/324
f 489/489 324/324 167/167
f 1154/1154 1395/1395 1382/1382
f 1154/1154 1382/1382 1134/1134
f 167/167 324/324 180/180
f 167/167 180/180 42/42
f 1384/1384 1396/1396 1148/1148
f 1384/1384 1148/1148 1142/1142
f 36/36 168/168 326/326
f 36/36 326/326 160/160
f 1155/1155 1396/1396 1384/1384
f 1155/1155 1384/1384 1136/1136
f 160/160 326/326 661/661
f 160/160 661/661 481/481
f 1353/1353 1397/1397 1156/1156
f 1353/1353 1156/1156 1103/1103
f 190/190 328/328 166/166
f 190/190 166/166 41/41
f 1402/1402 1122/1122 1123/1123
f 1402/1402 1123/1123 1401/1401
f 1956/1956 1957/1957 1798/1798
f 1956/1956 1798/1798 1799/1799
f 1400/1400 1124/1124 1125/1125
f 1400/1400 1125/1125 1399/1399
f 1404/1404 1120/1120 1121/1121
f 1404/1404 1121/1121 1403/1403
f 1954/1954 1955/1955 1796/1796
f 1954/1954 1796/1796 1797/1797
f 1406/1406 1118/1118 1119/1119
f 1406/1406 1119/1119 1405/1405
f 1952/1952 1953/1953 1794/1794
f 1952/1952 1794/1794 1795/1795
f 1950/1950 1951/1951 1792/1792
f 1950/1950 1792/1792 1793/1793
f 1745/1745 1758/1758 1990/1990
f 1745/1745 1990/1990 1934/1934
f 1410/1410 1113/1113 1115/1115
f 1410/1410 1115/1115 1409/1409
f 1948/1948 1949/1949 1790/1790
f 1948/1948 1790/1790 1791/1791
f 1408/1408 1116/1116 1117/1117
f 1408/1408 1117/1117 1407/1407
f 1412/1412 1108/1108 1109/1109
f 1412/1412 1109/1109 1411/1411
f 1946/1946 1947/1947 1160/1160
f 1946/1946 1160/1160 1161/1161
f 1942/1942 1943/1943 1752/1752
f 1942/1942 1752/1752 1751/1751
f 1944/1944 1945/1945 1788/1788
f 1944/1944 1788/1788 1789/1789
f 1941/1941 1992/1992 1111/1111
f 1941/1941 1111/1111 1105/1105
f 188/188 328/328 190/190
f 188/188 190/190 48/48
f 49/49 191/191 328/328
f 49/49 328/328 188/188
f 674/674 489/489 167/167
f 674/674 167/167 329/329
f 191/191 329/329 167/167
f 191/191 167/167 42/42
f 189/189 329/329 191/191
f 189/189 191/191 49/49
f 498/498 674/674 329/329
f 498/498 329/329 189/189
f 192/192 36/36 160/160
f 192/192 160/160 330/330
f 673/673 330/330 160/160
f 673/673 160/160 481/481
f 182/182 330/330 673/673
f 182/182 673/673 490/490
f 43/43 192/192 330/330
f 43/43 330/330 182/182
f 193/193 37/37 161/161
f 193/193 161/161 331/331
f 192/192 331/331 161/161
f 192/192 161/161 36/36
f 183/183 331/331 192/192
f 183/183 192/192 43/43
f 44/44 193/193 331/331
f 44/44 331/331 183/183
f 194/194 38/38 162/162
f 194/194 162/162 332/332
f 193/193 332/332 162/162
f 193/193 162/162 37/37
f 184/184 332/332 193/193
f 184/184 193/193 44/44
f 45/45 194/194 332/332
f 45/45 332/332 184/184
f 195/195 39/39 163/163
f 195/195 163/163 333/333
f 194/194 333/333 163/163
f 194/194 163/163 38/38
f 185/185 333/333 194/194
f 185/185 194/194 45/45
f 46/46 195/195 333/333
f 46/46 333/333 185/185
f 196/196 40/40 164/164
f 196/196 164/164 334/334
f 195/195 334/334 164/164
f 195/195 164/164 39/39
f 186/186 334/334 195/195
f 186/186 195/195 46/46
f 47/47 196/196 334/334
f 47/47 334/334 186/186
f 190/190 41/41 165/165
f 190/190 165/165 335/335
f 196/196 335/335 165/165
f 196/196 165/165 40/40
f 187/187 335/335 196/196
f 187/187 196/196 47/47
f 48/48 190/190 335/335
f 48/48 335/335 187/187
f 198/198 183/183 43/43
f 198/198 43/43 50/50
f 51/51 44/44 183/183
f 51/51 183/183 198/198
f 199/199 184/184 44/44
f 199/199 44/44 51/51
f 52/52 45/45 184/184
f 52/52 184/184 199/199
f 200/200 185/185 45/45
f 200/200 45/45 52/52
f 53/53 46/46 185/185
f 53/53 185/185 200/200
f 201/201 186/186 46/46
f 201/201 46/46 53/53
f 54/54 47/47 186/186
f 54/54 186/186 201/201
f 202/202 187/187 47/47
f 202/202 47/47 54/54
f 55/55 48/48 187/187
f 55/55 187/187 202/202
f 203/203 188/188 48/48
f 203/203 48/48 55/55
f 56/56 49/49 188/188
f 56/56 188/188 203/203
f 204/204 189/189 49/49
f 204/204 49/49 56/56
f 507/507 498/498 189/189
f 507/507 189/189 204/204
f 197/197 182/182 490/490
f 197/197 490/490 499/499
f 50/50 43/43 182/182
f 50/50 182/182 197/197
f 56/56 203/203 1413/1413
f 56/56 1413/1413 1177/1177
f 1177/1177 1413/1413 336/336
f 1177/1177 336/336 206/206
f 203/203 55/55 1176/1176
f 203/203 1176/1176 1413/1413
f 1413/1413 1176/1176 205/205
f 1413/1413 205/205 336/336
f 507/507 204/204 1414/1414
f 507/507 1414/1414 1179/1179
f 1179/1179 1414/1414 337/337
f 1179/1179 337/337 691/691
f 204/204 56/56 1177/1177
f 204/204 1177/1177 1414/1414
f 1414/1414 1177/1177 206/206
f 1414/1414 206/206 337/337
f 50/50 197/197 1415/1415
f 50/50 1415/1415 1180/1180
f 1180/1180 1415/1415 338/338
f 1180/1180 338/338 207/207
f 197/197 499/499 1178/1178
f 197/197 1178/1178 1415/1415
f 1415/1415 1178/1178 690/690
f 1415/1415 690/690 338/338
f 51/51 198/198 1416/1416
f 51/51 1416/1416 1181/1181
f 1181/1181 1416/1416 339/339
f 1181/1181 339/339 208/208
f 198/198 50/50 1180/1180
f 198/198 1180/1180 1416/1416
f 1416/1416 1180/1180 207/207
f 1416/1416 207/207 339/339
f 52/52 199/199 1417/1417
f 52/52 1417/1417 1182/1182
f 1182/1182 1417/1417 340/340
f 1182/1182 340/340 209/209
f 199/199 51/51 1181/1181
f 199/199 1181/1181 1417/1417
f 1417/1417 1181/1181 208/208
f 1417/1417 208/208 340/340
f 53/53 200/200 1418/1418
f 53/53 1418/1418 1183/1183
f 1183/1183 1418/1418 341/341
f 1183/1183 341/341 210/210
f 200/200 52/52 1182/1182
f 200/200 1182/1182 1418/1418
f 1418/1418 1182/1182 209/209
f 1418/1418 209/209 341/341
f 54/54 201/201 1419/1419
f 54/54 1419/1419 1184/1184
f 1184/1184 1419/1419 342/342
f 1184/1184 342/342 211/211
f 201/201 53/53 1183/1183
f 201/201 1183/1183 1419/1419
f 1419/1419 1183/1183 210/210
f 1419/1419 210/210 342/342
f 55/55 202/202 1420/1420
f 55/55 1420/1420 1176/1176
f 1176/1176 1420/1420 343/343
f 1176/1176 343/343 205/205
f 202/202 54/54 1184/1184
f 202/202 1184/1184 1420/1420
f 1420/1420 1184/1184 211/211
f 1420/1420 211/211 343/343
f 211/211 1185/1185 343/343
f 342/342 1185/1185 211/211
f 343/343 1185/1185 205/205
f 690/690 834/834 1185/1185
f 205/205 1185/1185 336/336
f 336/336 1185/1185 206/206
f 833/833 691/691 1185/1185
f 206/206 1185/1185 337/337
f 337/337 1185/1185 691/691
f 690/690 1185/1185 338/338
f 338/338 1185/1185 207/207
f 208/208 1185/1185 340/340
f 207/207 1185/1185 339/339
f 208/208 339/339 1185/1185
f 340/340 1185/1185 209/209
f 209/209 1185/1185 341/341
f 341/341 1185/1185 210/210
f 1185/1185 837/837 695/695
f 695/695 838/838 1185/1185
f 483/483 637/637 808/808
f 483/483 808/808 649/649
f 689/689 833/833 1185/1185
f 84/84 1421/1421 1189/1189
f 84/84 1189/1189 6/6
f 1189/1189 1421/1421 344/344
f 1189/1189 344/344 222/222
f 7/7 1186/1186 1421/1421
f 7/7 1421/1421 84/84
f 1421/1421 1186/1186 220/220
f 1421/1421 220/220 344/344
f 221/221 1187/1187 1422/1422
f 221/221 1422/1422 345/345
f 1422/1422 1187/1187 63/63
f 1422/1422 63/63 218/218
f 223/223 345/345 1422/1422
f 223/223 1422/1422 1188/1188
f 1188/1188 1422/1422 218/218
f 1188/1188 218/218 62/62
f 85/85 1423/1423 1186/1186
f 85/85 1186/1186 7/7
f 1186/1186 1423/1423 346/346
f 1186/1186 346/346 220/220
f 441/441 1192/1192 1423/1423
f 441/441 1423/1423 85/85
f 1423/1423 1192/1192 711/711
f 1423/1423 711/711 346/346
f 714/714 1195/1195 1424/1424
f 714/714 1424/1424 347/347
f 1424/1424 1195/1195 516/516
f 1424/1424 516/516 219/219
f 221/221 347/347 1424/1424
f 221/221 1424/1424 1187/1187
f 1187/1187 1424/1424 219/219
f 1187/1187 219/219 63/63
f 78/78 1425/1425 1190/1190
f 78/78 1190/1190 433/433
f 1190/1190 1425/1425 348/348
f 1190/1190 348/348 709/709
f 1/1 1196/1196 1425/1425
f 1/1 1425/1425 78/78
f 1425/1425 1196/1196 224/224
f 1425/1425 224/224 348/348
f 225/225 1197/1197 1426/1426
f 225/225 1426/1426 349/349
f 1426/1426 1197/1197 57/57
f 1426/1426 57/57 212/212
f 710/710 349/349 1426/1426
f 710/710 1426/1426 1191/1191
f 1191/1191 1426/1426 212/212
f 1191/1191 212/212 508/508
f 79/79 1427/1427 1196/1196
f 79/79 1196/1196 1/1
f 1196/1196 1427/1427 350/350
f 1196/1196 350/350 224/224
f 2/2 1198/1198 1427/1427
f 2/2 1427/1427 79/79
f 1427/1427 1198/1198 226/226
f 1427/1427 226/226 350/350
f 227/227 1199/1199 1428/1428
f 227/227 1428/1428 351/351
f 1428/1428 1199/1199 58/58
f 1428/1428 58/58 213/213
f 225/225 351/351 1428/1428
f 225/225 1428/1428 1197/1197
f 1197/1197 1428/1428 213/213
f 1197/1197 213/213 57/57
f 80/80 1429/1429 1198/1198
f 80/80 1198/1198 2/2
f 1198/1198 1429/1429 352/352
f 1198/1198 352/352 226/226
f 3/3 1200/1200 1429/1429
f 3/3 1429/1429 80/80
f 1429/1429 1200/1200 228/228
f 1429/1429 228/228 352/352
f 229/229 1201/1201 1430/1430
f 229/229 1430/1430 353/353
f 1430/1430 1201/1201 59/59
f 1430/1430 59/59 214/214
f 227/227 353/353 1430/1430
f 227/227 1430/1430 1199/1199
f 1199/1199 1430/1430 214/214
f 1199/1199 214/214 58/58
f 81/81 1431/1431 1200/1200
f 81/81 1200/1200 3/3
f 1200/1200 1431/1431 354/354
f 1200/1200 354/354 228/228
f 4/4 1202/1202 1431/1431
f 4/4 1431/1431 81/81
f 1431/1431 1202/1202 230/230
f 1431/1431 230/230 354/354
f 231/231 1203/1203 1432/1432
f 231/231 1432/1432 355/355
f 1432/1432 1203/1203 60/60
f 1432/1432 60/60 215/215
f 229/229 355/355 1432/1432
f 229/229 1432/1432 1201/1201
f 1201/1201 1432/1432 215/215
f 1201/1201 215/215 59/59
f 82/82 1433/1433 1202/1202
f 82/82 1202/1202 4/4
f 1202/1202 1433/1433 356/356
f 1202/1202 356/356 230/230
f 5/5 1204/1204 1433/1433
f 5/5 1433/1433 82/82
f 1433/1433 1204/1204 232/232
f 1433/1433 232/232 356/356
f 233/233 1205/1205 1434/1434
f 233/233 1434/1434 357/357
f 1434/1434 1205/1205 61/61
f 1434/1434 61/61 216/216
f 231/231 357/357 1434/1434
f 231/231 1434/1434 1203/1203
f 1203/1203 1434/1434 216/216
f 1203/1203 216/216 60/60
f 83/83 1435/1435 1204/1204
f 83/83 1204/1204 5/5
f 1204/1204 1435/1435 358/358
f 1204/1204 358/358 232/232
f 6/6 1189/1189 1435/1435
f 6/6 1435/1435 83/83
f 1435/1435 1189/1189 222/222
f 1435/1435 222/222 358/358
f 223/223 1188/1188 1436/1436
f 223/223 1436/1436 359/359
f 1436/1436 1188/1188 62/62
f 1436/1436 62/62 217/217
f 233/233 359/359 1436/1436
f 233/233 1436/1436 1205/1205
f 1205/1205 1436/1436 217/217
f 1205/1205 217/217 61/61
f 1206/1206 1207/1207 1438/1438
f 1206/1206 1438/1438 1437/1437
f 1209/1209 1210/1210 1440/1440
f 1209/1209 1440/1440 1439/1439
f 1208/1208 1508/1508 1437/1437
f 1208/1208 1437/1437 1287/1287
f 1437/1437 1438/1438 1286/1286
f 1437/1437 1286/1286 1287/1287
f 1438/1438 1457/1457 1229/1229
f 1438/1438 1229/1229 1286/1286
f 1210/1210 1233/1233 1459/1459
f 1210/1210 1459/1459 1440/1440
f 1508/1508 1285/1285 1206/1206
f 1508/1508 1206/1206 1437/1437
f 1211/1211 1212/1212 1442/1442
f 1211/1211 1442/1442 1441/1441
f 1285/1285 1507/1507 1439/1439
f 1285/1285 1439/1439 1206/1206
f 1439/1439 1440/1440 1207/1207
f 1439/1439 1207/1207 1206/1206
f 1440/1440 1459/1459 1231/1231
f 1440/1440 1231/1231 1207/1207
f 1212/1212 1235/1235 1461/1461
f 1212/1212 1461/1461 1442/1442
f 1507/1507 1288/1288 1209/1209
f 1507/1507 1209/1209 1439/1439
f 1216/1216 1217/1217 1444/1444
f 1216/1216 1444/1444 1443/1443
f 1288/1288 1506/1506 1441/1441
f 1288/1288 1441/1441 1209/1209
f 1441/1441 1442/1442 1210/1210
f 1441/1441 1210/1210 1209/1209
f 1442/1442 1461/1461 1233/1233
f 1442/1442 1233/1233 1210/1210
f 1217/1217 1240/1240 1463/1463
f 1217/1217 1463/1463 1444/1444
f 1506/1506 1289/1289 1211/1211
f 1506/1506 1211/1211 1441/1441
f 1219/1219 1220/1220 1446/1446
f 1219/1219 1446/1446 1445/1445
f 1289/1289 1505/1505 1443/1443
f 1289/1289 1443/1443 1211/1211
f 1443/1443 1444/1444 1212/1212
f 1443/1443 1212/1212 1211/1211
f 1444/1444 1463/1463 1235/1235
f 1444/1444 1235/1235 1212/1212
f 1244/1244 1253/1253 1471/1471
f 1244/1244 1471/1471 1466/1466
f 1505/1505 1291/1291 1216/1216
f 1505/1505 1216/1216 1443/1443
f 1221/1221 1222/1222 1448/1448
f 1221/1221 1448/1448 1447/1447
f 1290/1290 1504/1504 1445/1445
f 1290/1290 1445/1445 1213/1213
f 1445/1445 1446/1446 1214/1214
f 1445/1445 1214/1214 1213/1213
f 1446/1446 1465/1465 1237/1237
f 1446/1446 1237/1237 1214/1214
f 1222/1222 1228/1228 1467/1467
f 1222/1222 1467/1467 1448/1448
f 1504/1504 1293/1293 1219/1219
f 1504/1504 1219/1219 1445/1445
f 1223/1223 1224/1224 1450/1450
f 1223/1223 1450/1450 1449/1449
f 1293/1293 1503/1503 1447/1447
f 1293/1293 1447/1447 1219/1219
f 1447/1447 1448/1448 1220/1220
f 1447/1447 1220/1220 1219/1219
f 1448/1448 1467/1467 1243/1243
f 1448/1448 1243/1243 1220/1220
f 1224/1224 1225/1225 1453/1453
f 1224/1224 1453/1453 1450/1450
f 1503/1503 1294/1294 1221/1221
f 1503/1503 1221/1221 1447/1447
f 1286/1286 1452/1452 1451/1451
f 1286/1286 1451/1451 1287/1287
f 1294/1294 1502/1502 1449/1449
f 1294/1294 1449/1449 1221/1221
f 1449/1449 1450/1450 1222/1222
f 1449/1449 1222/1222 1221/1221
f 1450/1450 1453/1453 1228/1228
f 1450/1450 1228/1228 1222/1222
f 1229/1229 1455/1455 1452/1452
f 1229/1229 1452/1452 1286/1286
f 1502/1502 1295/1295 1223/1223
f 1502/1502 1223/1223 1449/1449
f 1225/1225 1226/1226 1454/1454
f 1225/1225 1454/1454 1453/1453
f 1295/1295 1501/1501 1451/1451
f 1295/1295 1451/1451 1223/1223
f 1451/1451 1452/1452 1224/1224
f 1451/1451 1224/1224 1223/1223
f 1452/1452 1455/1455 1225/1225
f 1452/1452 1225/1225 1224/1224
f 1207/1207 1231/1231 1457/1457
f 1207/1207 1457/1457 1438/1438
f 1229/1229 1230/1230 1456/1456
f 1229/1229 1456/1456 1455/1455
f 1453/1453 1454/1454 1227/1227
f 1453/1453 1227/1227 1228/1228
f 1454/1454 1475/1475 1255/1255
f 1454/1454 1255/1255 1227/1227
f 1230/1230 1259/1259 1477/1477
f 1230/1230 1477/1477 1456/1456
f 1231/1231 1232/1232 1458/1458
f 1231/1231 1458/1458 1457/1457
f 1455/1455 1456/1456 1226/1226
f 1455/1455 1226/1226 1225/1225
f 1456/1456 1477/1477 1257/1257
f 1456/1456 1257/1257 1226/1226
f 1232/1232 1261/1261 1479/1479
f 1232/1232 1479/1479 1458/1458
f 1233/1233 1234/1234 1460/1460
f 1233/1233 1460/1460 1459/1459
f 1457/1457 1458/1458 1230/1230
f 1457/1457 1230/1230 1229/1229
f 1458/1458 1479/1479 1259/1259
f 1458/1458 1259/1259 1230/1230
f 1234/1234 1263/1263 1481/1481
f 1234/1234 1481/1481 1460/1460
f 1235/1235 1236/1236 1462/1462
f 1235/1235 1462/1462 1461/1461
f 1459/1459 1460/1460 1232/1232
f 1459/1459 1232/1232 1231/1231
f 1460/1460 1481/1481 1261/1261
f 1460/1460 1261/1261 1232/1232
f 1236/1236 1252/1252 1483/1483
f 1236/1236 1483/1483 1462/1462
f 1240/1240 1242/1242 1464/1464
f 1240/1240 1464/1464 1463/1463
f 1461/1461 1462/1462 1234/1234
f 1461/1461 1234/1234 1233/1233
f 1462/1462 1483/1483 1263/1263
f 1462/1462 1263/1263 1234/1234
f 1242/1242 1248/1248 1469/1469
f 1242/1242 1469/1469 1464/1464
f 1243/1243 1244/1244 1466/1466
f 1243/1243 1466/1466 1465/1465
f 1463/1463 1464/1464 1236/1236
f 1463/1463 1236/1236 1235/1235
f 1464/1464 1469/1469 1252/1252
f 1464/1464 1252/1252 1236/1236
f 1254/1254 1279/1279 1493/1493
f 1254/1254 1493/1493 1472/1472
f 1227/1227 1468/1468 1467/1467
f 1227/1227 1467/1467 1228/1228
f 1465/1465 1466/1466 1238/1238
f 1465/1465 1238/1238 1237/1237
f 1466/1466 1471/1471 1245/1245
f 1466/1466 1245/1245 1238/1238
f 1227/1227 1255/1255 1473/1473
f 1227/1227 1473/1473 1468/1468
f 1248/1248 1250/1250 1470/1470
f 1248/1248 1470/1470 1469/1469
f 1467/1467 1468/1468 1244/1244
f 1467/1467 1244/1244 1243/1243
f 1468/1468 1473/1473 1253/1253
f 1468/1468 1253/1253 1244/1244
f 1226/1226 1257/1257 1475/1475
f 1226/1226 1475/1475 1454/1454
f 1253/1253 1254/1254 1472/1472
f 1253/1253 1472/1472 1471/1471
f 1469/1469 1470/1470 1251/1251
f 1469/1469 1251/1251 1252/1252
f 1470/1470 1491/1491 1271/1271
f 1470/1470 1271/1271 1251/1251
f 1501/1501 1208/1208 1287/1287
f 1501/1501 1287/1287 1451/1451
f 1255/1255 1256/1256 1474/1474
f 1255/1255 1474/1474 1473/1473
f 1471/1471 1472/1472 1246/1246
f 1471/1471 1246/1246 1245/1245
f 1472/1472 1493/1493 1273/1273
f 1472/1472 1273/1273 1246/1246
f 1256/1256 1281/1281 1495/1495
f 1256/1256 1495/1495 1474/1474
f 1257/1257 1258/1258 1476/1476
f 1257/1257 1476/1476 1475/1475
f 1473/1473 1474/1474 1254/1254
f 1473/1473 1254/1254 1253/1253
f 1474/1474 1495/1495 1279/1279
f 1474/1474 1279/1279 1254/1254
f 1258/1258 1283/1283 1497/1497
f 1258/1258 1497/1497 1476/1476
f 1259/1259 1260/1260 1478/1478
f 1259/1259 1478/1478 1477/1477
f 1475/1475 1476/1476 1256/1256
f 1475/1475 1256/1256 1255/1255
f 1476/1476 1497/1497 1281/1281
f 1476/1476 1281/1281 1256/1256
f 1260/1260 1268/1268 1499/1499
f 1260/1260 1499/1499 1478/1478
f 1261/1261 1262/1262 1480/1480
f 1261/1261 1480/1480 1479/1479
f 1477/1477 1478/1478 1258/1258
f 1477/1477 1258/1258 1257/1257
f 1478/1478 1499/1499 1283/1283
f 1478/1478 1283/1283 1258/1258
f 1262/1262 1265/1265 1485/1485
f 1262/1262 1485/1485 1480/1480
f 1263/1263 1264/1264 1482/1482
f 1263/1263 1482/1482 1481/1481
f 1479/1479 1480/1480 1260/1260
f 1479/1479 1260/1260 1259/1259
f 1480/1480 1485/1485 1268/1268
f 1480/1480 1268/1268 1260/1260
f 1264/1264 1269/1269 1487/1487
f 1264/1264 1487/1487 1482/1482
f 1251/1251 1484/1484 1483/1483
f 1251/1251 1483/1483 1252/1252
f 1481/1481 1482/1482 1262/1262
f 1481/1481 1262/1262 1261/1261
f 1482/1482 1487/1487 1265/1265
f 1482/1482 1265/1265 1262/1262
f 1251/1251 1271/1271 1489/1489
f 1251/1251 1489/1489 1484/1484
f 1265/1265 1266/1266 1486/1486
f 1265/1265 1486/1486 1485/1485
f 1483/1483 1484/1484 1264/1264
f 1483/1483 1264/1264 1263/1263
f 1484/1484 1489/1489 1269/1269
f 1484/1484 1269/1269 1264/1264
f 1250/1250 1275/1275 1491/1491
f 1250/1250 1491/1491 1470/1470
f 1269/1269 1270/1270 1488/1488
f 1269/1269 1488/1488 1487/1487
f 1485/1485 1486/1486 1267/1267
f 1485/1485 1267/1267 1268/1268
f 1486/1486 1266/1266 73/73
f 1486/1486 73/73 243/243
f 1267/1267 1486/1486 243/243
f 1267/1267 243/243 71/71
f 1271/1271 1272/1272 1490/1490
f 1271/1271 1490/1490 1489/1489
f 1487/1487 1488/1488 1266/1266
f 1487/1487 1266/1266 1265/1265
f 1488/1488 1270/1270 75/75
f 1488/1488 75/75 245/245
f 1266/1266 1488/1488 245/245
f 1266/1266 245/245 73/73
f 1275/1275 1277/1277 1492/1492
f 1275/1275 1492/1492 1491/1491
f 1489/1489 1490/1490 1270/1270
f 1489/1489 1270/1270 1269/1269
f 1490/1490 1272/1272 77/77
f 1490/1490 77/77 247/247
f 1270/1270 1490/1490 247/247
f 1270/1270 247/247 75/75
f 1279/1279 1280/1280 1494/1494
f 1279/1279 1494/1494 1493/1493
f 1491/1491 1492/1492 1272/1272
f 1491/1491 1272/1272 1271/1271
f 1492/1492 1277/1277 535/535
f 1492/1492 535/535 249/249
f 1272/1272 1492/1492 249/249
f 1272/1272 249/249 77/77
f 1281/1281 1282/1282 1496/1496
f 1281/1281 1496/1496 1495/1495
f 1493/1493 1494/1494 1274/1274
f 1493/1493 1274/1274 1273/1273
f 1494/1494 1280/1280 65/65
f 1494/1494 65/65 235/235
f 1274/1274 1494/1494 235/235
f 1274/1274 235/235 519/519
f 1283/1283 1284/1284 1498/1498
f 1283/1283 1498/1498 1497/1497
f 1495/1495 1496/1496 1280/1280
f 1495/1495 1280/1280 1279/1279
f 1496/1496 1282/1282 67/67
f 1496/1496 67/67 237/237
f 1280/1280 1496/1496 237/237
f 1280/1280 237/237 65/65
f 1267/1267 1500/1500 1499/1499
f 1267/1267 1499/1499 1268/1268
f 1497/1497 1498/1498 1282/1282
f 1497/1497 1282/1282 1281/1281
f 1498/1498 1284/1284 69/69
f 1498/1498 69/69 239/239
f 1282/1282 1498/1498 239/239
f 1282/1282 239/239 67/67
f 2050/2050 1846/1846 1829/1829
f 2050/2050 1829/1829 2031/2031
f 1499/1499 1500/1500 1284/1284
f 1499/1499 1284/1284 1283/1283
f 1500/1500 1267/1267 71/71
f 1500/1500 71/71 241/241
f 1284/1284 1500/1500 241/241
f 1284/1284 241/241 69/69
f 238/238 360/360 251/251
f 238/238 251/251 66/66
f 250/250 360/360 238/238
f 250/250 238/238 68/68
f 252/252 361/361 240/240
f 252/252 240/240 70/70
f 890/890 741/741 537/537
f 250/250 68/68 240/240
f 250/250 240/240 361/361
f 537/537 251/251 360/360
f 361/361 252/252 537/537
f 253/253 362/362 242/242
f 253/253 242/242 72/72
f 363/363 254/254 537/537
f 252/252 70/70 242/242
f 252/252 242/242 362/362
f 362/362 253/253 537/537
f 254/254 363/363 244/244
f 254/254 244/244 74/74
f 253/253 72/72 244/244
f 253/253 244/244 363/363
f 255/255 364/364 246/246
f 255/255 246/246 76/76
f 891/891 743/743 537/537
f 254/254 74/74 246/246
f 254/254 246/246 364/364
f 364/364 255/255 537/537
f 748/748 365/365 248/248
f 748/748 248/248 534/534
f 255/255 76/76 248/248
f 255/255 248/248 365/365
f 365/365 748/748 537/537
f 256/256 366/366 234/234
f 256/256 234/234 64/64
f 747/747 518/518 234/234
f 747/747 234/234 366/366
f 366/366 256/256 537/537
f 251/251 367/367 236/236
f 251/251 236/236 66/66
f 892/892 744/744 537/537
f 256/256 64/64 236/236
f 256/256 236/236 367/367
f 367/367 251/251 537/537
f 741/741 524/524 729/729
f 741/741 729/729 889/889
f 741/741 890/890 731/731
f 741/741 731/731 524/524
f 888/888 878/878 215/215
f 888/888 215/215 60/60
f 889/889 742/742 537/537
f 879/879 1295/1295 1502/1502
f 879/879 1502/1502 877/877
f 214/214 877/877 880/880
f 214/214 880/880 58/58
f 878/878 1501/1501 1295/1295
f 878/878 1295/1295 879/879
f 59/59 879/879 877/877
f 59/59 877/877 214/214
f 880/880 1294/1294 1503/1503
f 880/880 1503/1503 876/876
f 213/213 876/876 881/881
f 213/213 881/881 57/57
f 877/877 1502/1502 1294/1294
f 877/877 1294/1294 880/880
f 58/58 880/880 876/876
f 58/58 876/876 213/213
f 881/881 1293/1293 1504/1504
f 881/881 1504/1504 875/875
f 212/212 875/875 884/884
f 212/212 884/884 508/508
f 876/876 1503/1503 1293/1293
f 876/876 1293/1293 881/881
f 57/57 881/881 875/875
f 57/57 875/875 212/212
f 883/883 1291/1291 1505/1505
f 883/883 1505/1505 874/874
f 219/219 874/874 885/885
f 219/219 885/885 63/63
f 875/875 1504/1504 1290/1290
f 875/875 1290/1290 884/884
f 516/516 883/883 874/874
f 516/516 874/874 219/219
f 885/885 1289/1289 1506/1506
f 885/885 1506/1506 873/873
f 218/218 873/873 886/886
f 218/218 886/886 62/62
f 874/874 1505/1505 1289/1289
f 874/874 1289/1289 885/885
f 63/63 885/885 873/873
f 63/63 873/873 218/218
f 886/886 1288/1288 1507/1507
f 886/886 1507/1507 872/872
f 217/217 872/872 887/887
f 217/217 887/887 61/61
f 873/873 1506/1506 1288/1288
f 873/873 1288/1288 886/886
f 62/62 886/886 872/872
f 62/62 872/872 217/217
f 887/887 1285/1285 1508/1508
f 887/887 1508/1508 871/871
f 216/216 871/871 888/888
f 216/216 888/888 60/60
f 872/872 1507/1507 1285/1285
f 872/872 1285/1285 887/887
f 61/61 887/887 871/871
f 61/61 871/871 216/216
f 2086/2086 1823/1823 870/870
f 2086/2086 870/870 863/863
f 700/700 511/511 864/864
f 700/700 864/864 863/863
f 871/871 1508/1508 1208/1208
f 871/871 1208/1208 888/888
f 2/2 79/79 1509/1509
f 2/2 1509/1509 1296/1296
f 1296/1296 1509/1509 368/368
f 1296/1296 368/368 257/257
f 79/79 1/1 1057/1057
f 79/79 1057/1057 1509/1509
f 1509/1509 1057/1057 100/100
f 1509/1509 100/100 368/368
f 1712/1712 2110/2110 257/257
f 1712/1712 257/257 368/368
f 1/1 78/78 1511/1511
f 1/1 1511/1511 1057/1057
f 1057/1057 1511/1511 369/369
f 1057/1057 369/369 100/100
f 78/78 433/433 1052/1052
f 78/78 1052/1052 1511/1511
f 1511/1511 1052/1052 560/560
f 1511/1511 560/560 369/369
f 1710/1710 1885/1885 100/100
f 1710/1710 100/100 369/369
f 441/441 85/85 1513/1513
f 441/441 1513/1513 1054/1054
f 1054/1054 1513/1513 370/370
f 1054/1054 370/370 561/561
f 85/85 7/7 1050/1050
f 85/85 1050/1050 1513/1513
f 1513/1513 1050/1050 99/99
f 1513/1513 99/99 370/370
f 1708/1708 2095/2095 561/561
f 1708/1708 561/561 370/370
f 7/7 84/84 1515/1515
f 7/7 1515/1515 1050/1050
f 1050/1050 1515/1515 371/371
f 1050/1050 371/371 99/99
f 84/84 6/6 1048/1048
f 84/84 1048/1048 1515/1515
f 1515/1515 1048/1048 98/98
f 1515/1515 98/98 371/371
f 1706/1706 2100/2100 99/99
f 1706/1706 99/99 371/371
f 6/6 83/83 1517/1517
f 6/6 1517/1517 1048/1048
f 1048/1048 1517/1517 372/372
f 1048/1048 372/372 98/98
f 83/83 5/5 1046/1046
f 83/83 1046/1046 1517/1517
f 1517/1517 1046/1046 97/97
f 1517/1517 97/97 372/372
f 1704/1704 2102/2102 98/98
f 1704/1704 98/98 372/372
f 5/5 82/82 1519/1519
f 5/5 1519/1519 1046/1046
f 1046/1046 1519/1519 373/373
f 1046/1046 373/373 97/97
f 82/82 4/4 1044/1044
f 82/82 1044/1044 1519/1519
f 1519/1519 1044/1044 96/96
f 1519/1519 96/96 373/373
f 1702/1702 2104/2104 97/97
f 1702/1702 97/97 373/373
f 4/4 81/81 1521/1521
f 4/4 1521/1521 1044/1044
f 1044/1044 1521/1521 374/374
f 1044/1044 374/374 96/96
f 81/81 3/3 1042/1042
f 81/81 1042/1042 1521/1521
f 1521/1521 1042/1042 95/95
f 1521/1521 95/95 374/374
f 1524/1524 2106/2106 96/96
f 1524/1524 96/96 374/374
f 3/3 80/80 1523/1523
f 3/3 1523/1523 1042/1042
f 1042/1042 1523/1523 375/375
f 1042/1042 375/375 95/95
f 80/80 2/2 1296/1296
f 80/80 1296/1296 1523/1523
f 1523/1523 1296/1296 257/257
f 1523/1523 257/257 375/375
f 1522/1522 2108/2108 95/95
f 1522/1522 95/95 375/375
f 563/563 897/897 1056/1056
f 563/563 1056/1056 1297/1297
f 757/757 269/269 1532/1532
f 757/757 1532/1532 1533/1533
f 381/381 385/385 1536/1536
f 381/381 1536/1536 1528/1528
f 1526/1526 1535/1535 384/384
f 1526/1526 384/384 379/379
f 386/386 1541/1541 1535/1535
f 386/386 1535/1535 383/383
f 1528/1528 1536/1536 383/383
f 1528/1528 383/383 377/377
f 93/93 1328/1328 2223/2223
f 93/93 2223/2223 1304/1304
f 1328/1328 279/279 1039/1039
f 1328/1328 1039/1039 2223/2223
f 2223/2223 1039/1039 382/382
f 2223/2223 382/382 1529/1529
f 1304/1304 2223/2223 1529/1529
f 1304/1304 1529/1529 378/378
f 1533/1533 1532/1532 380/380
f 1533/1533 380/380 913/913
f 922/922 928/928 1543/1543
f 922/922 1543/1543 1537/1537
f 385/385 388/388 1542/1542
f 385/385 1542/1542 1536/1536
f 1535/1535 1541/1541 387/387
f 1535/1535 387/387 384/384
f 908/908 922/922 1537/1537
f 908/908 1537/1537 1530/1530
f 1536/1536 1542/1542 386/386
f 1536/1536 386/386 383/383
f 384/384 924/924 912/912
f 384/384 912/912 379/379
f 1530/1530 1537/1537 385/385
f 1530/1530 385/385 381/381
f 930/930 387/387 1525/1525
f 930/930 1525/1525 1551/1551
f 386/386 1542/1542 2224/2224
f 386/386 2224/2224 1552/1552
f 1542/1542 388/388 1540/1540
f 1542/1542 1540/1540 2224/2224
f 2224/2224 1540/1540 391/391
f 2224/2224 391/391 1549/1549
f 1552/1552 2224/2224 1549/1549
f 1552/1552 1549/1549 389/389
f 1551/1551 1525/1525 390/390
f 1551/1551 390/390 936/936
f 1033/1033 1697/1697 1669/1669
f 1033/1033 1669/1669 1028/1028
f 387/387 930/930 924/924
f 387/387 924/924 384/384
f 1537/1537 1543/1543 388/388
f 1537/1537 388/388 385/385
f 936/936 390/390 1564/1564
f 936/936 1564/1564 1565/1565
f 391/391 1550/1550 2225/2225
f 391/391 2225/2225 1544/1544
f 1550/1550 934/934 1545/1545
f 1550/1550 1545/1545 2225/2225
f 2225/2225 1545/1545 919/919
f 2225/2225 919/919 1547/1547
f 1544/1544 2225/2225 1547/1547
f 1544/1544 1547/1547 376/376
f 376/376 1547/1547 2226/2226
f 376/376 2226/2226 1556/1556
f 1547/1547 919/919 1554/1554
f 1547/1547 1554/1554 2226/2226
f 2226/2226 1554/1554 940/940
f 2226/2226 940/940 1553/1553
f 1556/1556 2226/2226 1553/1553
f 1556/1556 1553/1553 392/392
f 387/387 1541/1541 2227/2227
f 387/387 2227/2227 1525/1525
f 1541/1541 386/386 1552/1552
f 1541/1541 1552/1552 2227/2227
f 2227/2227 1552/1552 389/389
f 2227/2227 389/389 1548/1548
f 1525/1525 2227/2227 1548/1548
f 1525/1525 1548/1548 390/390
f 388/388 1543/1543 2228/2228
f 388/388 2228/2228 1540/1540
f 1543/1543 928/928 1538/1538
f 1543/1543 1538/1538 2228/2228
f 2228/2228 1538/1538 934/934
f 2228/2228 934/934 1550/1550
f 1540/1540 2228/2228 1550/1550
f 1540/1540 1550/1550 391/391
f 391/391 1544/1544 2229/2229
f 391/391 2229/2229 1561/1561
f 1544/1544 376/376 1556/1556
f 1544/1544 1556/1556 2229/2229
f 2229/2229 1556/1556 392/392
f 2229/2229 392/392 1557/1557
f 1561/1561 2229/2229 1557/1557
f 1561/1561 1557/1557 393/393
f 389/389 1549/1549 2230/2230
f 389/389 2230/2230 1562/1562
f 1549/1549 391/391 1561/1561
f 1549/1549 1561/1561 2230/2230
f 2230/2230 1561/1561 393/393
f 2230/2230 393/393 1558/1558
f 1562/1562 2230/2230 1558/1558
f 1562/1562 1558/1558 394/394
f 390/390 1548/1548 2231/2231
f 390/390 2231/2231 1563/1563
f 1548/1548 389/389 1562/1562
f 1548/1548 1562/1562 2231/2231
f 2231/2231 1562/1562 394/394
f 2231/2231 394/394 1559/1559
f 1563/1563 2231/2231 1559/1559
f 1563/1563 1559/1559 395/395
f 1565/1565 1564/1564 397/397
f 1565/1565 397/397 946/946
f 946/946 397/397 1584/1584
f 946/946 1584/1584 1585/1585
f 397/397 1564/1564 2232/2232
f 397/397 2232/2232 1566/1566
f 1564/1564 390/390 1563/1563
f 1564/1564 1563/1563 2232/2232
f 2232/2232 1563/1563 395/395
f 2232/2232 395/395 1560/1560
f 1566/1566 2232/2232 1560/1560
f 1566/1566 1560/1560 396/396
f 394/394 1558/1558 2233/2233
f 394/394 2233/2233 1575/1575
f 1558/1558 393/393 1574/1574
f 1558/1558 1574/1574 2233/2233
f 2233/2233 1574/1574 949/949
f 2233/2233 949/949 1568/1568
f 1575/1575 2233/2233 1568/1568
f 1575/1575 1568/1568 951/951
f 395/395 1559/1559 2234/2234
f 395/395 2234/2234 1576/1576
f 1559/1559 394/394 1575/1575
f 1559/1559 1575/1575 2234/2234
f 2234/2234 1575/1575 951/951
f 2234/2234 951/951 1570/1570
f 1576/1576 2234/2234 1570/1570
f 1576/1576 1570/1570 953/953
f 393/393 1557/1557 2235/2235
f 393/393 2235/2235 1574/1574
f 1557/1557 392/392 1553/1553
f 1557/1557 1553/1553 2235/2235
f 2235/2235 1553/1553 940/940
f 2235/2235 940/940 1578/1578
f 1574/1574 2235/2235 1578/1578
f 1574/1574 1578/1578 949/949
f 396/396 1560/1560 2236/2236
f 396/396 2236/2236 1577/1577
f 1560/1560 395/395 1576/1576
f 1560/1560 1576/1576 2236/2236
f 2236/2236 1576/1576 953/953
f 2236/2236 953/953 1572/1572
f 1577/1577 2236/2236 1572/1572
f 1577/1577 1572/1572 955/955
f 396/396 1577/1577 2237/2237
f 396/396 2237/2237 1583/1583
f 1577/1577 955/955 1581/1581
f 1577/1577 1581/1581 2237/2237
f 2237/2237 1581/1581 959/959
f 2237/2237 959/959 1580/1580
f 1583/1583 2237/2237 1580/1580
f 1583/1583 1580/1580 398/398
f 397/397 1566/1566 2238/2238
f 397/397 2238/2238 1584/1584
f 1566/1566 396/396 1583/1583
f 1566/1566 1583/1583 2238/2238
f 2238/2238 1583/1583 398/398
f 2238/2238 398/398 1567/1567
f 1584/1584 2238/2238 1567/1567
f 1584/1584 1567/1567 399/399
f 1585/1585 1584/1584 399/399
f 1585/1585 399/399 957/957
f 409/409 1623/1623 1624/1624
f 409/409 1624/1624 985/985
f 408/408 1620/1620 2239/2239
f 408/408 2239/2239 1616/1616
f 1620/1620 981/981 1588/1588
f 1620/1620 1588/1588 2239/2239
f 2239/2239 1588/1588 964/964
f 2239/2239 964/964 1587/1587
f 1616/1616 2239/2239 1587/1587
f 1616/1616 1587/1587 400/400
f 1624/1624 1623/1623 411/411
f 1624/1624 411/411 989/989
f 962/962 401/401 1598/1598
f 962/962 1598/1598 1599/1599
f 409/409 1619/1619 2240/2240
f 409/409 2240/2240 1591/1591
f 1619/1619 408/408 1616/1616
f 1619/1619 1616/1616 2240/2240
f 2240/2240 1616/1616 400/400
f 2240/2240 400/400 1586/1586
f 1591/1591 2240/2240 1586/1586
f 1591/1591 1586/1586 401/401
f 400/400 1587/1587 2241/2241
f 400/400 2241/2241 1597/1597
f 1587/1587 964/964 1595/1595
f 1587/1587 1595/1595 2241/2241
f 2241/2241 1595/1595 969/969
f 2241/2241 969/969 1594/1594
f 1597/1597 2241/2241 1594/1594
f 1597/1597 1594/1594 402/402
f 1599/1599 1598/1598 403/403
f 1599/1599 403/403 967/967
f 967/967 403/403 1605/1605
f 967/967 1605/1605 1606/1606
f 401/401 1586/1586 2242/2242
f 401/401 2242/2242 1598/1598
f 1586/1586 400/400 1597/1597
f 1586/1586 1597/1597 2242/2242
f 2242/2242 1597/1597 402/402
f 2242/2242 402/402 1593/1593
f 1598/1598 2242/2242 1593/1593
f 1598/1598 1593/1593 403/403
f 402/402 1594/1594 2243/2243
f 402/402 2243/2243 1604/1604
f 1594/1594 969/969 1602/1602
f 1594/1594 1602/1602 2243/2243
f 2243/2243 1602/1602 974/974
f 2243/2243 974/974 1601/1601
f 1604/1604 2243/2243 1601/1601
f 1604/1604 1601/1601 404/404
f 1606/1606 1605/1605 405/405
f 1606/1606 405/405 972/972
f 972/972 405/405 1612/1612
f 972/972 1612/1612 1613/1613
f 403/403 1593/1593 2244/2244
f 403/403 2244/2244 1605/1605
f 1593/1593 402/402 1604/1604
f 1593/1593 1604/1604 2244/2244
f 2244/2244 1604/1604 404/404
f 2244/2244 404/404 1600/1600
f 1605/1605 2244/2244 1600/1600
f 1605/1605 1600/1600 405/405
f 404/404 1601/1601 2245/2245
f 404/404 2245/2245 1611/1611
f 1601/1601 974/974 1609/1609
f 1601/1601 1609/1609 2245/2245
f 2245/2245 1609/1609 979/979
f 2245/2245 979/979 1608/1608
f 1611/1611 2245/2245 1608/1608
f 1611/1611 1608/1608 406/406
f 1613/1613 1612/1612 407/407
f 1613/1613 407/407 977/977
f 957/957 399/399 1617/1617
f 957/957 1617/1617 1592/1592
f 405/405 1600/1600 2246/2246
f 405/405 2246/2246 1612/1612
f 1600/1600 404/404 1611/1611
f 1600/1600 1611/1611 2246/2246
f 2246/2246 1611/1611 406/406
f 2246/2246 406/406 1607/1607
f 1612/1612 2246/2246 1607/1607
f 1612/1612 1607/1607 407/407
f 399/399 1567/1567 2247/2247
f 399/399 2247/2247 1617/1617
f 1567/1567 398/398 1590/1590
f 1567/1567 1590/1590 2247/2247
f 2247/2247 1590/1590 408/408
f 2247/2247 408/408 1619/1619
f 1617/1617 2247/2247 1619/1619
f 1617/1617 1619/1619 409/409
f 1592/1592 1617/1617 409/409
f 1592/1592 409/409 985/985
f 411/411 1621/1621 1622/1622
f 411/411 1622/1622 989/989
f 398/398 1580/1580 2248/2248
f 398/398 2248/2248 1590/1590
f 1580/1580 959/959 1614/1614
f 1580/1580 1614/1614 2248/2248
f 2248/2248 1614/1614 981/981
f 2248/2248 981/981 1620/1620
f 1590/1590 2248/2248 1620/1620
f 1590/1590 1620/1620 408/408
f 1622/1622 1621/1621 410/410
f 1622/1622 410/410 986/986
f 962/962 1625/1625 1618/1618
f 962/962 1618/1618 401/401
f 409/409 1591/1591 2249/2249
f 409/409 2249/2249 1623/1623
f 1591/1591 401/401 1618/1618
f 1591/1591 1618/1618 2249/2249
f 2249/2249 1618/1618 410/410
f 2249/2249 410/410 1621/1621
f 1623/1623 2249/2249 1621/1621
f 1623/1623 1621/1621 411/411
f 1618/1618 1625/1625 986/986
f 1618/1618 986/986 410/410
f 977/977 407/407 1654/1654
f 977/977 1654/1654 1655/1655
f 406/406 1608/1608 2250/2250
f 406/406 2250/2250 1629/1629
f 1608/1608 979/979 1628/1628
f 1608/1608 1628/1628 2250/2250
f 2250/2250 1628/1628 992/992
f 2250/2250 992/992 1626/1626
f 1629/1629 2250/2250 1626/1626
f 1629/1629 1626/1626 412/412
f 412/412 1626/1626 2251/2251
f 412/412 2251/2251 1633/1633
f 1626/1626 992/992 1631/1631
f 1626/1626 1631/1631 2251/2251
f 2251/2251 1631/1631 994/994
f 2251/2251 994/994 1630/1630
f 1633/1633 2251/2251 1630/1630
f 1633/1633 1630/1630 413/413
f 413/413 1630/1630 2252/2252
f 413/413 2252/2252 1637/1637
f 1630/1630 994/994 1635/1635
f 1630/1630 1635/1635 2252/2252
f 2252/2252 1635/1635 997/997
f 2252/2252 997/997 1634/1634
f 1637/1637 2252/2252 1634/1634
f 1637/1637 1634/1634 414/414
f 414/414 1634/1634 2253/2253
f 414/414 2253/2253 1641/1641
f 1634/1634 997/997 1640/1640
f 1634/1634 1640/1640 2253/2253
f 2253/2253 1640/1640 1000/1000
f 2253/2253 1000/1000 1638/1638
f 1641/1641 2253/2253 1638/1638
f 1641/1641 1638/1638 415/415
f 415/415 1638/1638 2254/2254
f 415/415 2254/2254 1645/1645
f 1638/1638 1000/1000 1643/1643
f 1638/1638 1643/1643 2254/2254
f 2254/2254 1643/1643 1003/1003
f 2254/2254 1003/1003 1642/1642
f 1645/1645 2254/2254 1642/1642
f 1645/1645 1642/1642 416/416
f 416/416 1642/1642 2255/2255
f 416/416 2255/2255 1649/1649
f 1642/1642 1003/1003 1648/1648
f 1642/1642 1648/1648 2255/2255
f 2255/2255 1648/1648 1006/1006
f 2255/2255 1006/1006 1646/1646
f 1649/1649 2255/2255 1646/1646
f 1649/1649 1646/1646 417/417
f 417/417 1646/1646 2256/2256
f 417/417 2256/2256 1652/1652
f 1646/1646 1006/1006 1650/1650
f 1646/1646 1650/1650 2256/2256
f 2256/2256 2257/2257 1681/1681
f 2256/2256 1681/1681 1652/1652
f 2259/2259 2266/2266 1684/1684
f 2259/2259 1684/1684 1659/1659
f 2257/2257 1679/1679 1028/1028
f 2257/2257 1028/1028 1669/1669
f 1681/1681 2257/2257 1669/1669
f 1681/1681 1669/1669 418/418
f 1655/1655 1654/1654 419/419
f 1655/1655 419/419 1009/1009
f 421/421 1656/1656 1665/1665
f 421/421 1665/1665 1014/1014
f 1659/1659 1684/1684 2267/2267
f 1659/1659 2267/2267 2263/2263
f 1009/1009 419/419 1660/1660
f 1009/1009 1660/1660 1657/1657
f 412/412 1633/1633 2258/2258
f 412/412 2258/2258 1658/1658
f 1633/1633 413/413 1637/1637
f 1633/1633 1637/1637 2258/2258
f 2258/2258 1637/1637 414/414
f 2258/2258 414/414 1641/1641
f 1658/1658 2258/2258 1641/1641
f 1658/1658 1641/1641 415/415
f 416/416 1649/1649 2259/2259
f 416/416 2259/2259 1659/1659
f 1649/1649 417/417 1652/1652
f 1649/1649 1652/1652 2259/2259
f 1656/1656 1682/1682 1683/1683
f 1656/1656 1683/1683 1665/1665
f 1652/1652 1681/1681 2266/2266
f 1652/1652 2266/2266 2259/2259
f 1657/1657 1660/1660 420/420
f 1657/1657 420/420 1012/1012
f 420/420 1664/1664 1661/1661
f 420/420 1661/1661 1012/1012
f 419/419 1654/1654 2260/2260
f 419/419 2260/2260 1662/1662
f 1654/1654 407/407 1607/1607
f 1654/1654 1607/1607 2260/2260
f 2260/2260 1607/1607 406/406
f 2260/2260 406/406 1629/1629
f 1662/1662 2260/2260 1629/1629
f 1662/1662 1629/1629 412/412
f 420/420 1660/1660 2261/2261
f 420/420 2261/2261 1663/1663
f 1660/1660 419/419 1662/1662
f 1660/1660 1662/1662 2261/2261
f 2261/2261 1662/1662 412/412
f 2261/2261 412/412 1658/1658
f 1663/1663 2261/2261 1658/1658
f 1663/1663 1658/1658 415/415
f 1661/1661 1664/1664 421/421
f 1661/1661 421/421 1014/1014
f 421/421 1664/1664 2262/2262
f 421/421 2262/2262 1666/1666
f 1664/1664 420/420 1663/1663
f 1664/1664 1663/1663 2262/2262
f 2262/2262 1663/1663 415/415
f 2262/2262 415/415 1645/1645
f 1666/1666 2262/2262 1645/1645
f 1666/1666 1645/1645 416/416
f 1696/1696 1695/1695 1689/1689
f 1696/1696 1689/1689 1690/1690
f 1656/1656 421/421 1666/1666
f 1656/1656 1666/1666 2263/2263
f 2263/2263 1666/1666 416/416
f 2263/2263 416/416 1659/1659
f 2263/2263 2267/2267 1682/1682
f 2263/2263 1682/1682 1656/1656
f 1683/1683 1682/1682 429/429
f 1683/1683 429/429 1031/1031
f 2271/2271 1694/1694 1688/1688
f 2271/2271 1688/1688 2270/2270
f 108/108 1335/1335 2264/2264
f 108/108 2264/2264 1676/1676
f 1335/1335 282/282 1087/1087
f 1335/1335 1087/1087 2264/2264
f 2264/2264 1087/1087 427/427
f 2264/2264 427/427 1671/1671
f 1676/1676 2264/2264 1671/1671
f 1676/1676 1671/1671 423/423
f 459/459 1058/1058 2265/2265
f 459/459 2265/2265 1677/1677
f 1058/1058 108/108 1676/1676
f 1058/1058 1676/1676 2265/2265
f 2265/2265 1676/1676 423/423
f 2265/2265 423/423 1668/1668
f 1677/1677 2265/2265 1668/1668
f 1677/1677 1668/1668 1017/1017
f 2266/2266 1681/1681 418/418
f 2266/2266 418/418 1674/1674
f 1684/1684 2266/2266 1674/1674
f 1684/1684 1674/1674 428/428
f 2267/2267 1684/1684 428/428
f 2267/2267 428/428 1653/1653
f 1682/1682 2267/2267 1653/1653
f 1682/1682 1653/1653 429/429
f 2311/2311 2312/2312 1680/1680
f 2311/2311 1680/1680 1651/1651
f 1693/1693 2273/2273 2268/2268
f 1693/1693 2268/2268 1687/1687
f 2268/2268 1685/1685 1015/1015
f 2268/2268 1015/1015 1667/1667
f 1687/1687 2268/2268 1667/1667
f 1687/1687 1667/1667 422/422
f 2273/2273 1691/1691 1685/1685
f 2273/2273 1685/1685 2268/2268
f 1694/1694 2272/2272 2269/2269
f 1694/1694 2269/2269 1688/1688
f 2269/2269 1687/1687 422/422
f 2269/2269 422/422 1670/1670
f 1688/1688 2269/2269 1670/1670
f 1688/1688 1670/1670 426/426
f 2272/2272 1693/1693 1687/1687
f 2272/2272 1687/1687 2269/2269
f 1695/1695 2271/2271 2270/2270
f 1695/1695 2270/2270 1689/1689
f 2270/2270 1688/1688 426/426
f 2270/2270 426/426 1672/1672
f 1689/1689 2270/2270 1672/1672
f 1689/1689 1672/1672 424/424
f 1690/1690 1689/1689 424/424
f 1690/1690 424/424 1019/1019
f 432/432 1695/1695 1696/1696
f 432/432 1696/1696 1038/1038
f 925/925 2119/2119 2112/2112
f 925/925 2112/2112 915/915
f 432/432 1699/1699 2271/2271
f 432/432 2271/2271 1695/1695
f 1699/1699 431/431 1694/1694
f 1699/1699 1694/1694 2271/2271
f 431/431 1698/1698 2272/2272
f 431/431 2272/2272 1694/1694
f 1698/1698 430/430 1693/1693
f 1698/1698 1693/1693 2272/2272
f 430/430 1697/1697 2273/2273
f 430/430 2273/2273 1693/1693
f 1697/1697 1033/1033 1691/1691
f 1697/1697 1691/1691 2273/2273
f 430/430 1698/1698 1674/1674
f 430/430 1674/1674 418/418
f 1669/1669 1697/1697 430/430
f 1669/1669 430/430 418/418
f 431/431 1699/1699 1653/1653
f 431/431 1653/1653 428/428
f 1674/1674 1698/1698 431/431
f 1674/1674 431/431 428/428
f 432/432 1038/1038 1031/1031
f 432/432 1031/1031 429/429
f 1653/1653 1699/1699 432/432
f 1653/1653 432/432 429/429
f 554/554 1520/1520 1041/1041
f 554/554 1041/1041 760/760
f 761/761 1043/1043 1516/1516
f 761/761 1516/1516 752/752
f 548/548 445/445 1701/1701
f 548/548 1701/1701 1893/1893
f 446/446 548/548 1893/1893
f 446/446 1893/1893 1886/1886
f 1893/1893 1701/1701 554/554
f 1893/1893 554/554 760/760
f 1518/1518 1043/1043 761/761
f 1518/1518 761/761 751/751
f 1886/1886 1893/1893 760/760
f 1886/1886 760/760 751/751
f 762/762 1045/1045 1514/1514
f 762/762 1514/1514 753/753
f 549/549 446/446 1886/1886
f 549/549 1886/1886 1894/1894
f 555/555 903/903 1043/1043
f 555/555 1043/1043 1518/1518
f 447/447 549/549 1894/1894
f 447/447 1894/1894 1887/1887
f 1894/1894 1886/1886 751/751
f 1894/1894 751/751 761/761
f 1516/1516 1045/1045 762/762
f 1516/1516 762/762 752/752
f 1887/1887 1894/1894 761/761
f 1887/1887 761/761 752/752
f 763/763 1047/1047 1512/1512
f 763/763 1512/1512 754/754
f 550/550 447/447 1887/1887
f 550/550 1887/1887 1895/1895
f 556/556 902/902 1045/1045
f 556/556 1045/1045 1516/1516
f 448/448 550/550 1895/1895
f 448/448 1895/1895 1888/1888
f 1895/1895 1887/1887 752/752
f 1895/1895 752/752 762/762
f 1514/1514 1047/1047 763/763
f 1514/1514 763/763 753/753
f 1888/1888 1895/1895 762/762
f 1888/1888 762/762 753/753
f 764/764 1049/1049 1510/1510
f 764/764 1510/1510 755/755
f 551/551 448/448 1888/1888
f 551/551 1888/1888 1896/1896
f 557/557 901/901 1047/1047
f 557/557 1047/1047 1514/1514
f 449/449 551/551 1896/1896
f 449/449 1896/1896 1889/1889
f 1896/1896 1888/1888 753/753
f 1896/1896 753/753 763/763
f 1512/1512 1049/1049 764/764
f 1512/1512 764/764 754/754
f 1889/1889 1896/1896 763/763
f 1889/1889 763/763 754/754
f 765/765 1051/1051 2096/2096
f 765/765 2096/2096 758/758
f 552/552 449/449 1889/1889
f 552/552 1889/1889 1897/1897
f 558/558 900/900 1049/1049
f 558/558 1049/1049 1512/1512
f 450/450 552/552 1897/1897
f 450/450 1897/1897 1890/1890
f 1897/1897 1889/1889 754/754
f 1897/1897 754/754 764/764
f 1510/1510 1051/1051 765/765
f 1510/1510 765/765 755/755
f 1890/1890 1897/1897 764/764
f 1890/1890 764/764 755/755
f 766/766 1053/1053 1297/1297
f 766/766 1297/1297 759/759
f 553/553 450/450 1890/1890
f 553/553 1890/1890 1898/1898
f 559/559 899/899 1051/1051
f 559/559 1051/1051 1510/1510
f 2098/2098 1053/1053 766/766
f 2098/2098 766/766 756/756
f 1898/1898 1890/1890 755/755
f 1898/1898 755/755 765/765
f 765/765 2118/2118 2274/2274
f 765/765 2274/2274 1898/1898
f 2118/2118 916/916 2113/2113
f 2118/2118 2113/2113 2274/2274
f 2274/2274 2113/2113 907/907
f 2274/2274 907/907 1891/1891
f 1898/1898 2274/2274 1891/1891
f 1898/1898 1891/1891 553/553
f 767/767 1056/1056 1520/1520
f 767/767 1520/1520 554/554
f 546/546 443/443 1303/1303
f 546/546 1303/1303 1899/1899
f 560/560 898/898 1053/1053
f 560/560 1053/1053 2098/2098
f 444/444 546/546 1899/1899
f 444/444 1899/1899 1892/1892
f 1899/1899 1303/1303 756/756
f 1899/1899 756/756 766/766
f 1297/1297 1056/1056 767/767
f 1297/1297 767/767 759/759
f 1892/1892 1899/1899 766/766
f 1892/1892 766/766 759/759
f 547/547 444/444 1892/1892
f 547/547 1892/1892 1900/1900
f 100/100 1885/1885 1712/1712
f 100/100 1712/1712 368/368
f 445/445 547/547 1900/1900
f 445/445 1900/1900 1701/1701
f 1900/1900 1892/1892 759/759
f 1900/1900 759/759 767/767
f 573/573 768/768 1901/1901
f 573/573 1901/1901 1716/1716
f 1701/1701 1900/1900 767/767
f 1701/1701 767/767 554/554
f 572/572 1059/1059 1901/1901
f 572/572 1901/1901 768/768
f 1716/1716 1901/1901 546/546
f 1716/1716 546/546 444/444
f 564/564 451/451 1060/1060
f 564/564 1060/1060 1902/1902
f 1901/1901 1059/1059 443/443
f 1901/1901 443/443 546/546
f 452/452 564/564 1902/1902
f 452/452 1902/1902 1715/1715
f 1902/1902 1060/1060 572/572
f 1902/1902 572/572 768/768
f 576/576 769/769 1903/1903
f 576/576 1903/1903 1718/1718
f 1715/1715 1902/1902 768/768
f 1715/1715 768/768 573/573
f 573/573 1716/1716 1903/1903
f 573/573 1903/1903 769/769
f 1718/1718 1903/1903 547/547
f 1718/1718 547/547 445/445
f 565/565 452/452 1715/1715
f 565/565 1715/1715 1904/1904
f 1903/1903 1716/1716 444/444
f 1903/1903 444/444 547/547
f 453/453 565/565 1904/1904
f 453/453 1904/1904 1717/1717
f 1904/1904 1715/1715 573/573
f 1904/1904 573/573 769/769
f 577/577 770/770 1905/1905
f 577/577 1905/1905 1720/1720
f 1717/1717 1904/1904 769/769
f 1717/1717 769/769 576/576
f 576/576 1718/1718 1905/1905
f 576/576 1905/1905 770/770
f 1720/1720 1905/1905 548/548
f 1720/1720 548/548 446/446
f 566/566 453/453 1717/1717
f 566/566 1717/1717 1906/1906
f 1905/1905 1718/1718 445/445
f 1905/1905 445/445 548/548
f 454/454 566/566 1906/1906
f 454/454 1906/1906 1719/1719
f 1906/1906 1717/1717 576/576
f 1906/1906 576/576 770/770
f 578/578 771/771 1907/1907
f 578/578 1907/1907 1722/1722
f 1719/1719 1906/1906 770/770
f 1719/1719 770/770 577/577
f 577/577 1720/1720 1907/1907
f 577/577 1907/1907 771/771
f 1722/1722 1907/1907 549/549
f 1722/1722 549/549 447/447
f 567/567 454/454 1719/1719
f 567/567 1719/1719 1908/1908
f 1907/1907 1720/1720 446/446
f 1907/1907 446/446 549/549
f 455/455 567/567 1908/1908
f 455/455 1908/1908 1721/1721
f 1908/1908 1719/1719 577/577
f 1908/1908 577/577 771/771
f 579/579 772/772 1909/1909
f 579/579 1909/1909 1724/1724
f 1721/1721 1908/1908 771/771
f 1721/1721 771/771 578/578
f 578/578 1722/1722 1909/1909
f 578/578 1909/1909 772/772
f 1724/1724 1909/1909 550/550
f 1724/1724 550/550 448/448
f 568/568 455/455 1721/1721
f 568/568 1721/1721 1910/1910
f 1909/1909 1722/1722 447/447
f 1909/1909 447/447 550/550
f 456/456 568/568 1910/1910
f 456/456 1910/1910 1723/1723
f 1910/1910 1721/1721 578/578
f 1910/1910 578/578 772/772
f 580/580 773/773 1911/1911
f 580/580 1911/1911 1726/1726
f 1723/1723 1910/1910 772/772
f 1723/1723 772/772 579/579
f 579/579 1724/1724 1911/1911
f 579/579 1911/1911 773/773
f 1726/1726 1911/1911 551/551
f 1726/1726 551/551 449/449
f 569/569 456/456 1723/1723
f 569/569 1723/1723 1912/1912
f 1911/1911 1724/1724 448/448
f 1911/1911 448/448 551/551
f 457/457 569/569 1912/1912
f 457/457 1912/1912 1725/1725
f 1912/1912 1723/1723 579/579
f 1912/1912 579/579 773/773
f 581/581 774/774 1913/1913
f 581/581 1913/1913 1728/1728
f 1725/1725 1912/1912 773/773
f 1725/1725 773/773 580/580
f 580/580 1726/1726 1913/1913
f 580/580 1913/1913 774/774
f 1728/1728 1913/1913 552/552
f 1728/1728 552/552 450/450
f 570/570 457/457 1725/1725
f 570/570 1725/1725 1914/1914
f 1913/1913 1726/1726 449/449
f 1913/1913 449/449 552/552
f 458/458 570/570 1914/1914
f 458/458 1914/1914 1727/1727
f 1914/1914 1725/1725 580/580
f 1914/1914 580/580 774/774
f 581/581 1728/1728 1915/1915
f 581/581 1915/1915 775/775
f 1727/1727 1914/1914 774/774
f 1727/1727 774/774 581/581
f 775/775 1700/1700 2275/2275
f 775/775 2275/2275 1917/1917
f 1700/1700 918/918 2117/2117
f 1700/1700 2117/2117 2275/2275
f 2275/2275 2117/2117 911/911
f 2275/2275 911/911 1064/1064
f 1917/1917 2275/2275 1064/1064
f 1917/1917 1064/1064 575/575
f 571/571 458/458 1727/1727
f 571/571 1727/1727 1916/1916
f 1915/1915 1728/1728 450/450
f 1915/1915 450/450 553/553
f 591/591 776/776 1918/1918
f 591/591 1918/1918 1732/1732
f 1916/1916 1727/1727 581/581
f 1916/1916 581/581 775/775
f 575/575 1066/1066 2276/2276
f 575/575 2276/2276 1917/1917
f 1066/1066 460/460 1714/1714
f 1066/1066 1714/1714 2276/2276
f 2276/2276 1714/1714 571/571
f 2276/2276 571/571 1916/1916
f 1917/1917 2276/2276 1916/1916
f 1917/1917 1916/1916 775/775
f 590/590 1729/1729 1918/1918
f 590/590 1918/1918 776/776
f 1732/1732 1918/1918 569/569
f 1732/1732 569/569 457/457
f 587/587 466/466 1730/1730
f 587/587 1730/1730 1919/1919
f 1918/1918 1729/1729 456/456
f 1918/1918 456/456 569/569
f 467/467 587/587 1919/1919
f 467/467 1919/1919 1731/1731
f 1919/1919 1730/1730 590/590
f 1919/1919 590/590 776/776
f 592/592 777/777 1920/1920
f 592/592 1920/1920 1734/1734
f 1731/1731 1919/1919 776/776
f 1731/1731 776/776 591/591
f 591/591 1732/1732 1920/1920
f 591/591 1920/1920 777/777
f 1734/1734 1920/1920 570/570
f 1734/1734 570/570 458/458
f 588/588 467/467 1731/1731
f 588/588 1731/1731 1921/1921
f 1920/1920 1732/1732 457/457
f 1920/1920 457/457 570/570
f 468/468 588/588 1921/1921
f 468/468 1921/1921 1733/1733
f 1921/1921 1731/1731 591/591
f 1921/1921 591/591 777/777
f 592/592 1734/1734 1922/1922
f 592/592 1922/1922 778/778
f 1733/1733 1921/1921 777/777
f 1733/1733 777/777 592/592
f 778/778 1735/1735 2277/2277
f 778/778 2277/2277 1923/1923
f 1735/1735 1027/1027 2203/2203
f 1735/1735 2203/2203 2277/2277
f 2277/2277 2203/2203 1025/1025
f 2277/2277 1025/1025 2205/2205
f 1923/1923 2277/2277 2205/2205
f 1923/1923 2205/2205 589/589
f 589/589 468/468 1733/1733
f 589/589 1733/1733 1923/1923
f 1922/1922 1734/1734 458/458
f 1922/1922 458/458 571/571
f 1021/1021 1338/1338 2205/2205
f 1021/1021 2205/2205 1025/1025
f 1923/1923 1733/1733 592/592
f 1923/1923 592/592 778/778
f 594/594 779/779 1924/1924
f 594/594 1924/1924 1737/1737
f 2205/2205 1338/1338 470/470
f 2205/2205 470/470 589/589
f 593/593 1086/1086 1924/1924
f 593/593 1924/1924 779/779
f 1737/1737 1924/1924 564/564
f 1737/1737 564/564 452/452
f 582/582 461/461 1085/1085
f 582/582 1085/1085 1925/1925
f 1924/1924 1086/1086 451/451
f 1924/1924 451/451 564/564
f 462/462 582/582 1925/1925
f 462/462 1925/1925 1736/1736
f 1925/1925 1085/1085 593/593
f 1925/1925 593/593 779/779
f 595/595 780/780 1926/1926
f 595/595 1926/1926 1739/1739
f 1736/1736 1925/1925 779/779
f 1736/1736 779/779 594/594
f 594/594 1737/1737 1926/1926
f 594/594 1926/1926 780/780
f 1739/1739 1926/1926 565/565
f 1739/1739 565/565 453/453
f 583/583 462/462 1736/1736
f 583/583 1736/1736 1927/1927
f 1926/1926 1737/1737 452/452
f 1926/1926 452/452 565/565
f 463/463 583/583 1927/1927
f 463/463 1927/1927 1738/1738
f 1927/1927 1736/1736 594/594
f 1927/1927 594/594 780/780
f 596/596 781/781 1928/1928
f 596/596 1928/1928 1741/1741
f 1738/1738 1927/1927 780/780
f 1738/1738 780/780 595/595
f 595/595 1739/1739 1928/1928
f 595/595 1928/1928 781/781
f 1741/1741 1928/1928 566/566
f 1741/1741 566/566 454/454
f 584/584 463/463 1738/1738
f 584/584 1738/1738 1929/1929
f 1928/1928 1739/1739 453/453
f 1928/1928 453/453 566/566
f 464/464 584/584 1929/1929
f 464/464 1929/1929 1740/1740
f 1929/1929 1738/1738 595/595
f 1929/1929 595/595 781/781
f 597/597 782/782 1930/1930
f 597/597 1930/1930 1743/1743
f 1740/1740 1929/1929 781/781
f 1740/1740 781/781 596/596
f 596/596 1741/1741 1930/1930
f 596/596 1930/1930 782/782
f 1743/1743 1930/1930 567/567
f 1743/1743 567/567 455/455
f 585/585 464/464 1740/1740
f 585/585 1740/1740 1931/1931
f 1930/1930 1741/1741 454/454
f 1930/1930 454/454 567/567
f 465/465 585/585 1931/1931
f 465/465 1931/1931 1742/1742
f 1931/1931 1740/1740 596/596
f 1931/1931 596/596 782/782
f 590/590 783/783 1932/1932
f 590/590 1932/1932 1729/1729
f 1742/1742 1931/1931 782/782
f 1742/1742 782/782 597/597
f 597/597 1743/1743 1932/1932
f 597/597 1932/1932 783/783
f 1729/1729 1932/1932 568/568
f 1729/1729 568/568 456/456
f 586/586 465/465 1742/1742
f 586/586 1742/1742 1933/1933
f 1932/1932 1743/1743 455/455
f 1932/1932 455/455 568/568
f 466/466 586/586 1933/1933
f 466/466 1933/1933 1730/1730
f 1933/1933 1742/1742 597/597
f 1933/1933 597/597 783/783
f 607/607 784/784 585/585
f 607/607 585/585 465/465
f 1730/1730 1933/1933 783/783
f 1730/1730 783/783 590/590
f 601/601 474/474 606/606
f 601/601 606/606 784/784
f 475/475 601/601 784/784
f 475/475 784/784 607/607
f 608/608 785/785 586/586
f 608/608 586/586 466/466
f 607/607 465/465 586/586
f 607/607 586/586 785/785
f 602/602 475/475 607/607
f 602/602 607/607 785/785
f 476/476 602/602 785/785
f 476/476 785/785 608/608
f 609/609 786/786 587/587
f 609/609 587/587 467/467
f 608/608 466/466 587/587
f 608/608 587/587 786/786
f 603/603 476/476 608/608
f 603/603 608/608 786/786
f 477/477 603/603 786/786
f 477/477 786/786 609/609
f 610/610 787/787 588/588
f 610/610 588/588 468/468
f 609/609 467/467 588/588
f 609/609 588/588 787/787
f 604/604 477/477 609/609
f 604/604 609/609 787/787
f 478/478 604/604 787/787
f 478/478 787/787 610/610
f 613/613 788/788 589/589
f 613/613 589/589 470/470
f 610/610 468/468 589/589
f 610/610 589/589 788/788
f 605/605 478/478 610/610
f 605/605 610/610 788/788
f 480/480 605/605 788/788
f 480/480 788/788 613/613
f 614/614 789/789 582/582
f 614/614 582/582 462/462
f 611/611 461/461 582/582
f 611/611 582/582 789/789
f 598/598 471/471 611/611
f 598/598 611/611 789/789
f 472/472 598/598 789/789
f 472/472 789/789 614/614
f 615/615 790/790 583/583
f 615/615 583/583 463/463
f 614/614 462/462 583/583
f 614/614 583/583 790/790
f 599/599 472/472 614/614
f 599/599 614/614 790/790
f 473/473 599/599 790/790
f 473/473 790/790 615/615
f 606/606 791/791 584/584
f 606/606 584/584 464/464
f 615/615 463/463 584/584
f 615/615 584/584 791/791
f 600/600 473/473 615/615
f 600/600 615/615 791/791
f 474/474 600/600 791/791
f 474/474 791/791 606/606
f 622/622 792/792 599/599
f 622/622 599/599 473/473
f 1934/1934 1744/1744 621/621
f 1934/1934 621/621 793/793
f 622/622 473/473 600/600
f 622/622 600/600 794/794
f 1745/1745 1934/1934 793/793
f 1745/1745 793/793 623/623
f 1948/1948 1791/1791 1755/1755
f 1948/1948 1755/1755 1991/1991
f 1935/1935 1988/1988 1758/1758
f 1935/1935 1758/1758 1745/1745
f 624/624 794/794 600/600
f 624/624 600/600 474/474
f 1934/1934 1990/1990 1756/1756
f 1934/1934 1756/1756 1744/1744
f 1935/1935 1745/1745 623/623
f 1935/1935 623/623 795/795
f 624/624 474/474 601/601
f 624/624 601/601 796/796
f 1746/1746 1935/1935 795/795
f 1746/1746 795/795 625/625
f 1950/1950 1793/1793 1757/1757
f 1950/1950 1757/1757 1989/1989
f 1936/1936 1986/1986 1760/1760
f 1936/1936 1760/1760 1746/1746
f 626/626 796/796 601/601
f 626/626 601/601 475/475
f 1936/1936 1746/1746 625/625
f 1936/1936 625/625 797/797
f 626/626 475/475 602/602
f 626/626 602/602 798/798
f 1747/1747 1936/1936 797/797
f 1747/1747 797/797 627/627
f 1952/1952 1795/1795 1759/1759
f 1952/1952 1759/1759 1987/1987
f 1937/1937 1984/1984 1762/1762
f 1937/1937 1762/1762 1747/1747
f 628/628 798/798 602/602
f 628/628 602/602 476/476
f 1937/1937 1747/1747 627/627
f 1937/1937 627/627 799/799
f 628/628 476/476 603/603
f 628/628 603/603 800/800
f 1748/1748 1937/1937 799/799
f 1748/1748 799/799 629/629
f 1954/1954 1797/1797 1761/1761
f 1954/1954 1761/1761 1985/1985
f 1938/1938 1982/1982 1764/1764
f 1938/1938 1764/1764 1748/1748
f 630/630 800/800 603/603
f 630/630 603/603 477/477
f 1938/1938 1748/1748 629/629
f 1938/1938 629/629 801/801
f 630/630 477/477 604/604
f 630/630 604/604 802/802
f 1749/1749 1938/1938 801/801
f 1749/1749 801/801 631/631
f 1956/1956 1799/1799 1763/1763
f 1956/1956 1763/1763 1983/1983
f 1939/1939 1996/1996 1786/1786
f 1939/1939 1786/1786 1749/1749
f 632/632 802/802 604/604
f 632/632 604/604 478/478
f 1939/1939 1749/1749 631/631
f 1939/1939 631/631 803/803
f 632/632 478/478 605/605
f 632/632 605/605 804/804
f 1750/1750 1939/1939 803/803
f 1750/1750 803/803 633/633
f 1942/1942 1751/1751 1787/1787
f 1942/1942 1787/1787 1997/1997
f 1940/1940 1994/1994 1754/1754
f 1940/1940 1754/1754 1750/1750
f 617/617 804/804 605/605
f 617/617 605/605 480/480
f 1940/1940 1750/1750 633/633
f 1940/1940 633/633 805/805
f 634/634 471/471 598/598
f 634/634 598/598 806/806
f 1096/1096 1940/1940 805/805
f 1096/1096 805/805 619/619
f 1944/1944 1789/1789 1753/1753
f 1944/1944 1753/1753 1995/1995
f 1947/1947 1968/1968 1137/1137
f 1947/1947 1137/1137 1160/1160
f 620/620 806/806 598/598
f 620/620 598/598 472/472
f 1941/1941 1105/1105 635/635
f 1941/1941 635/635 807/807
f 1744/1744 1941/1941 807/807
f 1744/1744 807/807 621/621
f 1946/1946 1161/1161 1110/1110
f 1946/1946 1110/1110 1993/1993
f 1157/1157 1412/1412 1411/1411
f 1157/1157 1411/1411 1156/1156
f 1788/1788 1943/1943 1942/1942
f 1788/1788 1942/1942 1789/1789
f 1108/1108 1410/1410 1409/1409
f 1108/1108 1409/1409 1109/1109
f 1162/1162 1945/1945 1944/1944
f 1162/1162 1944/1944 1164/1164
f 1753/1753 1997/1997 1996/1996
f 1753/1753 1996/1996 1754/1754
f 1996/1996 1997/1997 1787/1787
f 1996/1996 1787/1787 1786/1786
f 1964/1964 1965/1965 1771/1771
f 1964/1964 1771/1771 1772/1772
f 1945/1945 1966/1966 1774/1774
f 1945/1945 1774/1774 1788/1788
f 1943/1943 1964/1964 1772/1772
f 1943/1943 1772/1772 1752/1752
f 1110/1110 1408/1408 1407/1407
f 1110/1110 1407/1407 1111/1111
f 1790/1790 1947/1947 1946/1946
f 1790/1790 1946/1946 1791/1791
f 1112/1112 1995/1995 1994/1994
f 1112/1112 1994/1994 1114/1114
f 1994/1994 1995/1995 1753/1753
f 1994/1994 1753/1753 1754/1754
f 1966/1966 1967/1967 1773/1773
f 1966/1966 1773/1773 1774/1774
f 662/662 1155/1155 1981/1981
f 662/662 1981/1981 823/823
f 1116/1116 1406/1406 1405/1405
f 1116/1116 1405/1405 1117/1117
f 1792/1792 1949/1949 1948/1948
f 1792/1792 1948/1948 1793/1793
f 1755/1755 1993/1993 1992/1992
f 1755/1755 1992/1992 1756/1756
f 1992/1992 1993/1993 1110/1110
f 1992/1992 1110/1110 1111/1111
f 1968/1968 1969/1969 1136/1136
f 1968/1968 1136/1136 1137/1137
f 1949/1949 1970/1970 1776/1776
f 1949/1949 1776/1776 1790/1790
f 1118/1118 1404/1404 1403/1403
f 1118/1118 1403/1403 1119/1119
f 1794/1794 1951/1951 1950/1950
f 1794/1794 1950/1950 1795/1795
f 1757/1757 1991/1991 1990/1990
f 1757/1757 1990/1990 1758/1758
f 1990/1990 1991/1991 1755/1755
f 1990/1990 1755/1755 1756/1756
f 1970/1970 1971/1971 1775/1775
f 1970/1970 1775/1775 1776/1776
f 1951/1951 1972/1972 1778/1778
f 1951/1951 1778/1778 1792/1792
f 1120/1120 1402/1402 1401/1401
f 1120/1120 1401/1401 1121/1121
f 1796/1796 1953/1953 1952/1952
f 1796/1796 1952/1952 1797/1797
f 1759/1759 1989/1989 1988/1988
f 1759/1759 1988/1988 1760/1760
f 1988/1988 1989/1989 1757/1757
f 1988/1988 1757/1757 1758/1758
f 1972/1972 1973/1973 1777/1777
f 1972/1972 1777/1777 1778/1778
f 1953/1953 1958/1958 1765/1765
f 1953/1953 1765/1765 1794/1794
f 1122/1122 1400/1400 1399/1399
f 1122/1122 1399/1399 1123/1123
f 1798/1798 1955/1955 1954/1954
f 1798/1798 1954/1954 1799/1799
f 1761/1761 1987/1987 1986/1986
f 1761/1761 1986/1986 1762/1762
f 1986/1986 1987/1987 1759/1759
f 1986/1986 1759/1759 1760/1760
f 1958/1958 1959/1959 1766/1766
f 1958/1958 1766/1766 1765/1765
f 1955/1955 1960/1960 1768/1768
f 1955/1955 1768/1768 1796/1796
f 1124/1124 1398/1398 1397/1397
f 1124/1124 1397/1397 1125/1125
f 1751/1751 1752/1752 1957/1957
f 1751/1751 1957/1957 1956/1956
f 1763/1763 1985/1985 1984/1984
f 1763/1763 1984/1984 1764/1764
f 1984/1984 1985/1985 1761/1761
f 1984/1984 1761/1761 1762/1762
f 1960/1960 1961/1961 1767/1767
f 1960/1960 1767/1767 1768/1768
f 1957/1957 1962/1962 1770/1770
f 1957/1957 1770/1770 1798/1798
f 1768/1768 1958/1958 1953/1953
f 1768/1768 1953/1953 1796/1796
f 1767/1767 1959/1959 1958/1958
f 1767/1767 1958/1958 1768/1768
f 1787/1787 1983/1983 1982/1982
f 1787/1787 1982/1982 1786/1786
f 1982/1982 1983/1983 1763/1763
f 1982/1982 1763/1763 1764/1764
f 1962/1962 1963/1963 1769/1769
f 1962/1962 1769/1769 1770/1770
f 1770/1770 1960/1960 1955/1955
f 1770/1770 1955/1955 1798/1798
f 1769/1769 1961/1961 1960/1960
f 1769/1769 1960/1960 1770/1770
f 639/639 484/484 651/651
f 639/639 651/651 812/812
f 654/654 1782/1782 1977/1977
f 654/654 1977/1977 815/815
f 652/652 1781/1781 1976/1976
f 652/652 1976/1976 813/813
f 1772/1772 1962/1962 1957/1957
f 1772/1772 1957/1957 1752/1752
f 1771/1771 1963/1963 1962/1962
f 1771/1771 1962/1962 1772/1772
f 640/640 485/485 653/653
f 640/640 653/653 814/814
f 656/656 1783/1783 1978/1978
f 656/656 1978/1978 817/817
f 1774/1774 1964/1964 1943/1943
f 1774/1774 1943/1943 1788/1788
f 1773/1773 1965/1965 1964/1964
f 1773/1773 1964/1964 1774/1774
f 641/641 486/486 655/655
f 641/641 655/655 816/816
f 658/658 1784/1784 1979/1979
f 658/658 1979/1979 819/819
f 1140/1140 1966/1966 1945/1945
f 1140/1140 1945/1945 1162/1162
f 1138/1138 1967/1967 1966/1966
f 1138/1138 1966/1966 1140/1140
f 642/642 487/487 657/657
f 642/642 657/657 818/818
f 660/660 1785/1785 1980/1980
f 660/660 1980/1980 821/821
f 1776/1776 1968/1968 1947/1947
f 1776/1776 1947/1947 1790/1790
f 1775/1775 1969/1969 1968/1968
f 1775/1775 1968/1968 1776/1776
f 643/643 488/488 659/659
f 643/643 659/659 820/820
f 1778/1778 1970/1970 1949/1949
f 1778/1778 1949/1949 1792/1792
f 1777/1777 1971/1971 1970/1970
f 1777/1777 1970/1970 1778/1778
f 636/636 481/481 661/661
f 636/636 661/661 822/822
f 648/648 1779/1779 1974/1974
f 648/648 1974/1974 809/809
f 1765/1765 1972/1972 1951/1951
f 1765/1765 1951/1951 1794/1794
f 1765/1765 1766/1766 1973/1973
f 1765/1765 1973/1973 1972/1972
f 637/637 482/482 647/647
f 637/637 647/647 808/808
f 650/650 1780/1780 1975/1975
f 650/650 1975/1975 811/811
f 650/650 809/809 1974/1974
f 650/650 1974/1974 1780/1780
f 1764/1764 1984/1984 1937/1937
f 1764/1764 1937/1937 1748/1748
f 638/638 483/483 649/649
f 638/638 649/649 810/810
f 1780/1780 1974/1974 1971/1971
f 1780/1780 1971/1971 1777/1777
f 1971/1971 1974/1974 1779/1779
f 1971/1971 1779/1779 1775/1775
f 652/652 811/811 1975/1975
f 652/652 1975/1975 1781/1781
f 484/484 638/638 810/810
f 484/484 810/810 651/651
f 1781/1781 1975/1975 1973/1973
f 1781/1781 1973/1973 1766/1766
f 1973/1973 1975/1975 1780/1780
f 1973/1973 1780/1780 1777/1777
f 654/654 813/813 1976/1976
f 654/654 1976/1976 1782/1782
f 485/485 639/639 812/812
f 485/485 812/812 653/653
f 1767/1767 1782/1782 1976/1976
f 1767/1767 1976/1976 1959/1959
f 1959/1959 1976/1976 1781/1781
f 1959/1959 1781/1781 1766/1766
f 656/656 815/815 1977/1977
f 656/656 1977/1977 1783/1783
f 486/486 640/640 814/814
f 486/486 814/814 655/655
f 1783/1783 1977/1977 1961/1961
f 1783/1783 1961/1961 1769/1769
f 1961/1961 1977/1977 1782/1782
f 1961/1961 1782/1782 1767/1767
f 658/658 817/817 1978/1978
f 658/658 1978/1978 1784/1784
f 487/487 641/641 816/816
f 487/487 816/816 657/657
f 1784/1784 1978/1978 1963/1963
f 1784/1784 1963/1963 1771/1771
f 1963/1963 1978/1978 1783/1783
f 1963/1963 1783/1783 1769/1769
f 660/660 819/819 1979/1979
f 660/660 1979/1979 1785/1785
f 488/488 642/642 818/818
f 488/488 818/818 659/659
f 1785/1785 1979/1979 1965/1965
f 1785/1785 1965/1965 1773/1773
f 1965/1965 1979/1979 1784/1784
f 1965/1965 1784/1784 1771/1771
f 645/645 821/821 1980/1980
f 645/645 1980/1980 1146/1146
f 489/489 643/643 820/820
f 489/489 820/820 644/644
f 1146/1146 1980/1980 1967/1967
f 1146/1146 1967/1967 1138/1138
f 1967/1967 1980/1980 1785/1785
f 1967/1967 1785/1785 1773/1773
f 648/648 823/823 1981/1981
f 648/648 1981/1981 1779/1779
f 482/482 636/636 822/822
f 482/482 822/822 647/647
f 1779/1779 1981/1981 1969/1969
f 1779/1779 1969/1969 1775/1775
f 1969/1969 1981/1981 1155/1155
f 1969/1969 1155/1155 1136/1136
f 1786/1786 1982/1982 1938/1938
f 1786/1786 1938/1938 1749/1749
f 671/671 487/487 642/642
f 671/671 642/642 824/824
f 1751/1751 1956/1956 1983/1983
f 1751/1751 1983/1983 1787/1787
f 1762/1762 1986/1986 1936/1936
f 1762/1762 1936/1936 1747/1747
f 1799/1799 1954/1954 1985/1985
f 1799/1799 1985/1985 1763/1763
f 1760/1760 1988/1988 1935/1935
f 1760/1760 1935/1935 1746/1746
f 1797/1797 1952/1952 1987/1987
f 1797/1797 1987/1987 1761/1761
f 1114/1114 1994/1994 1940/1940
f 1114/1114 1940/1940 1096/1096
f 1795/1795 1950/1950 1989/1989
f 1795/1795 1989/1989 1759/1759
f 1793/1793 1948/1948 1991/1991
f 1793/1793 1991/1991 1757/1757
f 1756/1756 1992/1992 1941/1941
f 1756/1756 1941/1941 1744/1744
f 1791/1791 1946/1946 1993/1993
f 1791/1791 1993/1993 1755/1755
f 1754/1754 1996/1996 1939/1939
f 1754/1754 1939/1939 1750/1750
f 1164/1164 1944/1944 1995/1995
f 1164/1164 1995/1995 1112/1112
f 672/672 824/824 642/642
f 672/672 642/642 488/488
f 1789/1789 1942/1942 1997/1997
f 1789/1789 1997/1997 1753/1753
f 669/669 496/496 671/671
f 669/669 671/671 824/824
f 497/497 669/669 824/824
f 497/497 824/824 672/672
f 674/674 825/825 643/643
f 674/674 643/643 489/489
f 672/672 488/488 643/643
f 672/672 643/643 825/825
f 670/670 497/497 672/672
f 670/670 672/672 825/825
f 498/498 670/670 825/825
f 498/498 825/825 674/674
f 675/675 826/826 636/636
f 675/675 636/636 482/482
f 673/673 481/481 636/636
f 673/673 636/636 826/826
f 663/663 490/490 673/673
f 663/663 673/673 826/826
f 491/491 663/663 826/826
f 491/491 826/826 675/675
f 676/676 827/827 637/637
f 676/676 637/637 483/483
f 675/675 482/482 637/637
f 675/675 637/637 827/827
f 664/664 491/491 675/675
f 664/664 675/675 827/827
f 492/492 664/664 827/827
f 492/492 827/827 676/676
f 677/677 828/828 638/638
f 677/677 638/638 484/484
f 676/676 483/483 638/638
f 676/676 638/638 828/828
f 665/665 492/492 676/676
f 665/665 676/676 828/828
f 493/493 665/665 828/828
f 493/493 828/828 677/677
f 678/678 829/829 639/639
f 678/678 639/639 485/485
f 677/677 484/484 639/639
f 677/677 639/639 829/829
f 666/666 493/493 677/677
f 666/666 677/677 829/829
f 494/494 666/666 829/829
f 494/494 829/829 678/678
f 679/679 830/830 640/640
f 679/679 640/640 486/486
f 678/678 485/485 640/640
f 678/678 640/640 830/830
f 667/667 494/494 678/678
f 667/667 678/678 830/830
f 495/495 667/667 830/830
f 495/495 830/830 679/679
f 671/671 831/831 641/641
f 671/671 641/641 487/487
f 679/679 486/486 641/641
f 679/679 641/641 831/831
f 668/668 495/495 679/679
f 668/668 679/679 831/831
f 496/496 668/668 831/831
f 496/496 831/831 671/671
f 681/681 500/500 491/491
f 681/681 491/491 664/664
f 501/501 681/681 664/664
f 501/501 664/664 492/492
f 682/682 501/501 492/492
f 682/682 492/492 665/665
f 502/502 682/682 665/665
f 502/502 665/665 493/493
f 683/683 502/502 493/493
f 683/683 493/493 666/666
f 503/503 683/683 666/666
f 503/503 666/666 494/494
f 684/684 503/503 494/494
f 684/684 494/494 667/667
f 504/504 684/684 667/667
f 504/504 667/667 495/495
f 685/685 504/504 495/495
f 685/685 495/495 668/668
f 505/505 685/685 668/668
f 505/505 668/668 496/496
f 686/686 505/505 496/496
f 686/686 496/496 669/669
f 506/506 686/686 669/669
f 506/506 669/669 497/497
f 687/687 506/506 497/497
f 687/687 497/497 670/670
f 507/507 687/687 670/670
f 507/507 670/670 498/498
f 680/680 499/499 490/490
f 680/680 490/490 663/663
f 500/500 680/680 663/663
f 500/500 663/663 491/491
f 689/689 832/832 1998/1998
f 689/689 1998/1998 1801/1801
f 688/688 1800/1800 1998/1998
f 688/688 1998/1998 832/832
f 1801/1801 1998/1998 686/686
f 1801/1801 686/686 506/506
f 691/691 833/833 1999/1999
f 691/691 1999/1999 1179/1179
f 1998/1998 1800/1800 505/505
f 1998/1998 505/505 686/686
f 689/689 1801/1801 1999/1999
f 689/689 1999/1999 833/833
f 1179/1179 1999/1999 687/687
f 1179/1179 687/687 507/507
f 692/692 834/834 2000/2000
f 692/692 2000/2000 1802/1802
f 1999/1999 1801/1801 506/506
f 1999/1999 506/506 687/687
f 690/690 1178/1178 2000/2000
f 690/690 2000/2000 834/834
f 1802/1802 2000/2000 680/680
f 1802/1802 680/680 500/500
f 693/693 835/835 2001/2001
f 693/693 2001/2001 1803/1803
f 2000/2000 1178/1178 499/499
f 2000/2000 499/499 680/680
f 692/692 1802/1802 2001/2001
f 692/692 2001/2001 835/835
f 1803/1803 2001/2001 681/681
f 1803/1803 681/681 501/501
f 694/694 836/836 2002/2002
f 694/694 2002/2002 1804/1804
f 2001/2001 1802/1802 500/500
f 2001/2001 500/500 681/681
f 688/688 1185/1185 839/839
f 693/693 1803/1803 2002/2002
f 693/693 2002/2002 836/836
f 1804/1804 2002/2002 682/682
f 1804/1804 682/682 502/502
f 695/695 837/837 2003/2003
f 695/695 2003/2003 1805/1805
f 2002/2002 1803/1803 501/501
f 2002/2002 501/501 682/682
f 836/836 1185/1185 693/693
f 835/835 693/693 1185/1185
f 694/694 1804/1804 2003/2003
f 694/694 2003/2003 837/837
f 1805/1805 2003/2003 683/683
f 1805/1805 683/683 503/503
f 696/696 838/838 2004/2004
f 696/696 2004/2004 1806/1806
f 2003/2003 1804/1804 502/502
f 2003/2003 502/502 683/683
f 696/696 839/839 1185/1185
f 838/838 696/696 1185/1185
f 695/695 1805/1805 2004/2004
f 695/695 2004/2004 838/838
f 1806/1806 2004/2004 684/684
f 1806/1806 684/684 504/504
f 688/688 839/839 2005/2005
f 688/688 2005/2005 1800/1800
f 2004/2004 1805/1805 503/503
f 2004/2004 503/503 684/684
f 692/692 835/835 1185/1185
f 834/834 692/692 1185/1185
f 696/696 1806/1806 2005/2005
f 696/696 2005/2005 839/839
f 1800/1800 2005/2005 685/685
f 1800/1800 685/685 505/505
f 2005/2005 1806/1806 504/504
f 2005/2005 504/504 685/685
f 832/832 1185/1185 688/688
f 832/832 689/689 1185/1185
f 694/694 837/837 1185/1185
f 836/836 694/694 1185/1185
f 707/707 840/840 2006/2006
f 707/707 2006/2006 1810/1810
f 705/705 1807/1807 2006/2006
f 705/705 2006/2006 840/840
f 1810/1810 2006/2006 544/544
f 1810/1810 544/544 439/439
f 515/515 1808/1808 2007/2007
f 515/515 2007/2007 703/703
f 2006/2006 1807/1807 440/440
f 2006/2006 440/440 544/544
f 703/703 2007/2007 1809/1809
f 703/703 1809/1809 514/514
f 2007/2007 1808/1808 706/706
f 2007/2007 706/706 841/841
f 705/705 842/842 2008/2008
f 705/705 2008/2008 1807/1807
f 1809/1809 2007/2007 841/841
f 1809/1809 841/841 708/708
f 712/712 1193/1193 2008/2008
f 712/712 2008/2008 842/842
f 1807/1807 2008/2008 545/545
f 1807/1807 545/545 440/440
f 517/517 1194/1194 2009/2009
f 517/517 2009/2009 704/704
f 2008/2008 1193/1193 442/442
f 2008/2008 442/442 545/545
f 704/704 2009/2009 1808/1808
f 704/704 1808/1808 515/515
f 2009/2009 1194/1194 713/713
f 2009/2009 713/713 843/843
f 709/709 844/844 2010/2010
f 709/709 2010/2010 1190/1190
f 1808/1808 2009/2009 843/843
f 1808/1808 843/843 706/706
f 715/715 1811/1811 2010/2010
f 715/715 2010/2010 844/844
f 1190/1190 2010/2010 538/538
f 1190/1190 538/538 433/433
f 509/509 1812/1812 2011/2011
f 509/509 2011/2011 697/697
f 2010/2010 1811/1811 434/434
f 2010/2010 434/434 538/538
f 697/697 2011/2011 1191/1191
f 697/697 1191/1191 508/508
f 2011/2011 1812/1812 716/716
f 2011/2011 716/716 845/845
f 715/715 846/846 2012/2012
f 715/715 2012/2012 1811/1811
f 1191/1191 2011/2011 845/845
f 1191/1191 845/845 710/710
f 717/717 1813/1813 2012/2012
f 717/717 2012/2012 846/846
f 1811/1811 2012/2012 539/539
f 1811/1811 539/539 434/434
f 510/510 1814/1814 2013/2013
f 510/510 2013/2013 698/698
f 2012/2012 1813/1813 435/435
f 2012/2012 435/435 539/539
f 698/698 2013/2013 1812/1812
f 698/698 1812/1812 509/509
f 2013/2013 1814/1814 718/718
f 2013/2013 718/718 847/847
f 717/717 848/848 2014/2014
f 717/717 2014/2014 1813/1813
f 1812/1812 2013/2013 847/847
f 1812/1812 847/847 716/716
f 719/719 1815/1815 2014/2014
f 719/719 2014/2014 848/848
f 1813/1813 2014/2014 540/540
f 1813/1813 540/540 435/435
f 511/511 1816/1816 2015/2015
f 511/511 2015/2015 699/699
f 2014/2014 1815/1815 436/436
f 2014/2014 436/436 540/540
f 699/699 2015/2015 1814/1814
f 699/699 1814/1814 510/510
f 2015/2015 1816/1816 720/720
f 2015/2015 720/720 849/849
f 719/719 850/850 2016/2016
f 719/719 2016/2016 1815/1815
f 1814/1814 2015/2015 849/849
f 1814/1814 849/849 718/718
f 721/721 1817/1817 2016/2016
f 721/721 2016/2016 850/850
f 1815/1815 2016/2016 541/541
f 1815/1815 541/541 436/436
f 512/512 1818/1818 2017/2017
f 512/512 2017/2017 700/700
f 2016/2016 1817/1817 437/437
f 2016/2016 437/437 541/541
f 700/700 2017/2017 1816/1816
f 700/700 1816/1816 511/511
f 2017/2017 1818/1818 722/722
f 2017/2017 722/722 851/851
f 721/721 852/852 2018/2018
f 721/721 2018/2018 1817/1817
f 1816/1816 2017/2017 851/851
f 1816/1816 851/851 720/720
f 723/723 1819/1819 2018/2018
f 723/723 2018/2018 852/852
f 1817/1817 2018/2018 542/542
f 1817/1817 542/542 437/437
f 513/513 1820/1820 2019/2019
f 513/513 2019/2019 701/701
f 2018/2018 1819/1819 438/438
f 2018/2018 438/438 542/542
f 701/701 2019/2019 1818/1818
f 701/701 1818/1818 512/512
f 2019/2019 1820/1820 724/724
f 2019/2019 724/724 853/853
f 723/723 854/854 2020/2020
f 723/723 2020/2020 1819/1819
f 1818/1818 2019/2019 853/853
f 1818/1818 853/853 722/722
f 707/707 1810/1810 2020/2020
f 707/707 2020/2020 854/854
f 1819/1819 2020/2020 543/543
f 1819/1819 543/543 438/438
f 514/514 1809/1809 2021/2021
f 514/514 2021/2021 702/702
f 2020/2020 1810/1810 439/439
f 2020/2020 439/439 543/543
f 702/702 2021/2021 1820/1820
f 702/702 1820/1820 513/513
f 2021/2021 1809/1809 708/708
f 2021/2021 708/708 855/855
f 2025/2025 1825/1825 1824/1824
f 2025/2025 1824/1824 2024/2024
f 1820/1820 2021/2021 855/855
f 1820/1820 855/855 724/724
f 1877/1877 2023/2023 2022/2022
f 1877/1877 2022/2022 1878/1878
f 2023/2023 1822/1822 1821/1821
f 2023/2023 1821/1821 2022/2022
f 1838/1838 2042/2042 2023/2023
f 1838/1838 2023/2023 1877/1877
f 2022/2022 2093/2093 1823/1823
f 2022/2022 1823/1823 1878/1878
f 2044/2044 1842/1842 1825/1825
f 2044/2044 1825/1825 2025/2025
f 2027/2027 1827/1827 1826/1826
f 2027/2027 1826/1826 2026/2026
f 1822/1822 2025/2025 2024/2024
f 1822/1822 2024/2024 1821/1821
f 1821/1821 1876/1876 2093/2093
f 1821/1821 2093/2093 2022/2022
f 1840/1840 2044/2044 2025/2025
f 1840/1840 2025/2025 1822/1822
f 2024/2024 2092/2092 1876/1876
f 2024/2024 1876/1876 1821/1821
f 2046/2046 1844/1844 1827/1827
f 2046/2046 1827/1827 2027/2027
f 2029/2029 1218/1218 1215/1215
f 2029/2029 1215/1215 2028/2028
f 1825/1825 2027/2027 2026/2026
f 1825/1825 2026/2026 1824/1824
f 1824/1824 1879/1879 2092/2092
f 1824/1824 2092/2092 2024/2024
f 1842/1842 2046/2046 2027/2027
f 1842/1842 2027/2027 1825/1825
f 2026/2026 2091/2091 1879/1879
f 2026/2026 1879/1879 1824/1824
f 2048/2048 1239/1239 1218/1218
f 2048/2048 1218/1218 2029/2029
f 2031/2031 1829/1829 1828/1828
f 2031/2031 1828/1828 2030/2030
f 1827/1827 2029/2029 2028/2028
f 1827/1827 2028/2028 1826/1826
f 1826/1826 1880/1880 2091/2091
f 1826/1826 2091/2091 2026/2026
f 1844/1844 2048/2048 2029/2029
f 1844/1844 2029/2029 1827/1827
f 2028/2028 2090/2090 1880/1880
f 2028/2028 1880/1880 1826/1826
f 2056/2056 1850/1850 1847/1847
f 2056/2056 1847/1847 2051/2051
f 2033/2033 1831/1831 1830/1830
f 2033/2033 1830/1830 2032/2032
f 1214/1214 2031/2031 2030/2030
f 1214/1214 2030/2030 1213/1213
f 1215/1215 1292/1292 2090/2090
f 1215/1215 2090/2090 2028/2028
f 1237/1237 2050/2050 2031/2031
f 1237/1237 2031/2031 1214/1214
f 2030/2030 2089/2089 1290/1290
f 2030/2030 1290/1290 1213/1213
f 2052/2052 1837/1837 1831/1831
f 2052/2052 1831/1831 2033/2033
f 2035/2035 1833/1833 1832/1832
f 2035/2035 1832/1832 2034/2034
f 1829/1829 2033/2033 2032/2032
f 1829/1829 2032/2032 1828/1828
f 1828/1828 1881/1881 2089/2089
f 1828/1828 2089/2089 2030/2030
f 1846/1846 2052/2052 2033/2033
f 1846/1846 2033/2033 1829/1829
f 2032/2032 2088/2088 1881/1881
f 2032/2032 1881/1881 1828/1828
f 2038/2038 1834/1834 1833/1833
f 2038/2038 1833/1833 2035/2035
f 2037/2037 1877/1877 1878/1878
f 2037/2037 1878/1878 2036/2036
f 1831/1831 2035/2035 2034/2034
f 1831/1831 2034/2034 1830/1830
f 1830/1830 1882/1882 2088/2088
f 1830/1830 2088/2088 2032/2032
f 1837/1837 2038/2038 2035/2035
f 1837/1837 2035/2035 1831/1831
f 2034/2034 2087/2087 1882/1882
f 2034/2034 1882/1882 1830/1830
f 2040/2040 1838/1838 1877/1877
f 2040/2040 1877/1877 2037/2037
f 2039/2039 1835/1835 1834/1834
f 2039/2039 1834/1834 2038/2038
f 1833/1833 2037/2037 2036/2036
f 1833/1833 2036/2036 1832/1832
f 1832/1832 1883/1883 2087/2087
f 1832/1832 2087/2087 2034/2034
f 1834/1834 2040/2040 2037/2037
f 1834/1834 2037/2037 1833/1833
f 2036/2036 2086/2086 1883/1883
f 2036/2036 1883/1883 1832/1832
f 2042/2042 1840/1840 1822/1822
f 2042/2042 1822/1822 2023/2023
f 2041/2041 1839/1839 1838/1838
f 2041/2041 1838/1838 2040/2040
f 1836/1836 2039/2039 2038/2038
f 1836/1836 2038/2038 1837/1837
f 1852/1852 2060/2060 2039/2039
f 1852/1852 2039/2039 1836/1836
f 2062/2062 1856/1856 1839/1839
f 2062/2062 1839/1839 2041/2041
f 2043/2043 1841/1841 1840/1840
f 2043/2043 1840/1840 2042/2042
f 1835/1835 2041/2041 2040/2040
f 1835/1835 2040/2040 1834/1834
f 1854/1854 2062/2062 2041/2041
f 1854/1854 2041/2041 1835/1835
f 2064/2064 1858/1858 1841/1841
f 2064/2064 1841/1841 2043/2043
f 2045/2045 1843/1843 1842/1842
f 2045/2045 1842/1842 2044/2044
f 1839/1839 2043/2043 2042/2042
f 1839/1839 2042/2042 1838/1838
f 1856/1856 2064/2064 2043/2043
f 1856/1856 2043/2043 1839/1839
f 2066/2066 1860/1860 1843/1843
f 2066/2066 1843/1843 2045/2045
f 2047/2047 1845/1845 1844/1844
f 2047/2047 1844/1844 2046/2046
f 1841/1841 2045/2045 2044/2044
f 1841/1841 2044/2044 1840/1840
f 1858/1858 2066/2066 2045/2045
f 1858/1858 2045/2045 1841/1841
f 2068/2068 1849/1849 1845/1845
f 2068/2068 1845/1845 2047/2047
f 2049/2049 1241/1241 1239/1239
f 2049/2049 1239/1239 2048/2048
f 1843/1843 2047/2047 2046/2046
f 1843/1843 2046/2046 1842/1842
f 1860/1860 2068/2068 2047/2047
f 1860/1860 2047/2047 1843/1843
f 2054/2054 1247/1247 1241/1241
f 2054/2054 1241/1241 2049/2049
f 2051/2051 1847/1847 1846/1846
f 2051/2051 1846/1846 2050/2050
f 1845/1845 2049/2049 2048/2048
f 1845/1845 2048/2048 1844/1844
f 1849/1849 2054/2054 2049/2049
f 1849/1849 2049/2049 1845/1845
f 2078/2078 1870/1870 1851/1851
f 2078/2078 1851/1851 2057/2057
f 2053/2053 1836/1836 1837/1837
f 2053/2053 1837/1837 2052/2052
f 1238/1238 2051/2051 2050/2050
f 1238/1238 2050/2050 1237/1237
f 1245/1245 2056/2056 2051/2051
f 1245/1245 2051/2051 1238/1238
f 2058/2058 1852/1852 1836/1836
f 2058/2058 1836/1836 2053/2053
f 2055/2055 1249/1249 1247/1247
f 2055/2055 1247/1247 2054/2054
f 1847/1847 2053/2053 2052/2052
f 1847/1847 2052/2052 1846/1846
f 1850/1850 2058/2058 2053/2053
f 1850/1850 2053/2053 1847/1847
f 2060/2060 1854/1854 1835/1835
f 2060/2060 1835/1835 2039/2039
f 2057/2057 1851/1851 1850/1850
f 2057/2057 1850/1850 2056/2056
f 1848/1848 2055/2055 2054/2054
f 1848/1848 2054/2054 1849/1849
f 1868/1868 2076/2076 2055/2055
f 1868/1868 2055/2055 1848/1848
f 1823/1823 2086/2086 2036/2036
f 1823/1823 2036/2036 1878/1878
f 1208/1208 1501/1501 878/878
f 1208/1208 878/878 888/888
f 2059/2059 1853/1853 1852/1852
f 2059/2059 1852/1852 2058/2058
f 1246/1246 2057/2057 2056/2056
f 1246/1246 2056/2056 1245/1245
f 1273/1273 2078/2078 2057/2057
f 1273/1273 2057/2057 1246/1246
f 2080/2080 1872/1872 1853/1853
f 2080/2080 1853/1853 2059/2059
f 2061/2061 1855/1855 1854/1854
f 2061/2061 1854/1854 2060/2060
f 1851/1851 2059/2059 2058/2058
f 1851/1851 2058/2058 1850/1850
f 1870/1870 2080/2080 2059/2059
f 1870/1870 2059/2059 1851/1851
f 2082/2082 1874/1874 1855/1855
f 2082/2082 1855/1855 2061/2061
f 2063/2063 1857/1857 1856/1856
f 2063/2063 1856/1856 2062/2062
f 1853/1853 2061/2061 2060/2060
f 1853/1853 2060/2060 1852/1852
f 1872/1872 2082/2082 2061/2061
f 1872/1872 2061/2061 1853/1853
f 2084/2084 1865/1865 1857/1857
f 2084/2084 1857/1857 2063/2063
f 2065/2065 1859/1859 1858/1858
f 2065/2065 1858/1858 2064/2064
f 1855/1855 2063/2063 2062/2062
f 1855/1855 2062/2062 1854/1854
f 1874/1874 2084/2084 2063/2063
f 1874/1874 2063/2063 1855/1855
f 2070/2070 1862/1862 1859/1859
f 2070/2070 1859/1859 2065/2065
f 2067/2067 1861/1861 1860/1860
f 2067/2067 1860/1860 2066/2066
f 1857/1857 2065/2065 2064/2064
f 1857/1857 2064/2064 1856/1856
f 1865/1865 2070/2070 2065/2065
f 1865/1865 2065/2065 1857/1857
f 2072/2072 1866/1866 1861/1861
f 2072/2072 1861/1861 2067/2067
f 2069/2069 1848/1848 1849/1849
f 2069/2069 1849/1849 2068/2068
f 1859/1859 2067/2067 2066/2066
f 1859/1859 2066/2066 1858/1858
f 1862/1862 2072/2072 2067/2067
f 1862/1862 2067/2067 1859/1859
f 2074/2074 1868/1868 1848/1848
f 2074/2074 1848/1848 2069/2069
f 2071/2071 1863/1863 1862/1862
f 2071/2071 1862/1862 2070/2070
f 1861/1861 2069/2069 2068/2068
f 1861/1861 2068/2068 1860/1860
f 1866/1866 2074/2074 2069/2069
f 1866/1866 2069/2069 1861/1861
f 2076/2076 1276/1276 1249/1249
f 2076/2076 1249/1249 2055/2055
f 2073/2073 1867/1867 1866/1866
f 2073/2073 1866/1866 2072/2072
f 1864/1864 2071/2071 2070/2070
f 1864/1864 2070/2070 1865/1865
f 529/529 1863/1863 2071/2071
f 529/529 2071/2071 734/734
f 734/734 2071/2071 1864/1864
f 734/734 1864/1864 527/527
f 2075/2075 1869/1869 1868/1868
f 2075/2075 1868/1868 2074/2074
f 2087/2087 1883/1883 864/864
f 2087/2087 864/864 862/862
f 1863/1863 2073/2073 2072/2072
f 1863/1863 2072/2072 1862/1862
f 531/531 1867/1867 2073/2073
f 531/531 2073/2073 736/736
f 736/736 2073/2073 1863/1863
f 736/736 1863/1863 529/529
f 1883/1883 2086/2086 863/863
f 1883/1883 863/863 864/864
f 2077/2077 1278/1278 1276/1276
f 2077/2077 1276/1276 2076/2076
f 2088/2088 1882/1882 865/865
f 2088/2088 865/865 861/861
f 1867/1867 2075/2075 2074/2074
f 1867/1867 2074/2074 1866/1866
f 533/533 1869/1869 2075/2075
f 533/533 2075/2075 738/738
f 738/738 2075/2075 1867/1867
f 738/738 1867/1867 531/531
f 1882/1882 2087/2087 862/862
f 1882/1882 862/862 865/865
f 2079/2079 1871/1871 1870/1870
f 2079/2079 1870/1870 2078/2078
f 2089/2089 1881/1881 866/866
f 2089/2089 866/866 860/860
f 1869/1869 2077/2077 2076/2076
f 1869/1869 2076/2076 1868/1868
f 536/536 1278/1278 2077/2077
f 536/536 2077/2077 740/740
f 740/740 2077/2077 1869/1869
f 740/740 1869/1869 533/533
f 1881/1881 2088/2088 861/861
f 1881/1881 861/861 866/866
f 2081/2081 1873/1873 1872/1872
f 2081/2081 1872/1872 2080/2080
f 2090/2090 1292/1292 882/882
f 2090/2090 882/882 859/859
f 1274/1274 2079/2079 2078/2078
f 1274/1274 2078/2078 1273/1273
f 521/521 1871/1871 2079/2079
f 521/521 2079/2079 726/726
f 726/726 2079/2079 1274/1274
f 726/726 1274/1274 519/519
f 1290/1290 2089/2089 860/860
f 1290/1290 860/860 884/884
f 2083/2083 1875/1875 1874/1874
f 2083/2083 1874/1874 2082/2082
f 2091/2091 1880/1880 867/867
f 2091/2091 867/867 858/858
f 1871/1871 2081/2081 2080/2080
f 1871/1871 2080/2080 1870/1870
f 523/523 1873/1873 2081/2081
f 523/523 2081/2081 728/728
f 728/728 2081/2081 1871/1871
f 728/728 1871/1871 521/521
f 1880/1880 2090/2090 859/859
f 1880/1880 859/859 867/867
f 2085/2085 1864/1864 1865/1865
f 2085/2085 1865/1865 2084/2084
f 2092/2092 1879/1879 868/868
f 2092/2092 868/868 857/857
f 1873/1873 2083/2083 2082/2082
f 1873/1873 2082/2082 1872/1872
f 525/525 1875/1875 2083/2083
f 525/525 2083/2083 730/730
f 730/730 2083/2083 1873/1873
f 730/730 1873/1873 523/523
f 1879/1879 2091/2091 858/858
f 1879/1879 858/858 868/868
f 1823/1823 2093/2093 856/856
f 1823/1823 856/856 870/870
f 2093/2093 1876/1876 869/869
f 2093/2093 869/869 856/856
f 1875/1875 2085/2085 2084/2084
f 1875/1875 2084/2084 1874/1874
f 527/527 1864/1864 2085/2085
f 527/527 2085/2085 732/732
f 732/732 2085/2085 1875/1875
f 732/732 1875/1875 525/525
f 1876/1876 2092/2092 857/857
f 1876/1876 857/857 869/869
f 742/742 889/889 729/729
f 742/742 729/729 522/522
f 215/215 878/878 879/879
f 215/215 879/879 59/59
f 743/743 526/526 731/731
f 743/743 731/731 890/890
f 744/744 528/528 733/733
f 744/744 733/733 891/891
f 743/743 891/891 733/733
f 743/743 733/733 526/526
f 745/745 530/530 735/735
f 745/745 735/735 892/892
f 893/893 745/745 537/537
f 744/744 892/892 735/735
f 744/744 735/735 528/528
f 746/746 532/532 737/737
f 746/746 737/737 893/893
f 745/745 893/893 737/737
f 745/745 737/737 530/530
f 748/748 534/534 739/739
f 748/748 739/739 894/894
f 746/746 894/894 739/739
f 746/746 739/739 532/532
f 894/894 746/746 537/537
f 749/749 520/520 725/725
f 749/749 725/725 895/895
f 747/747 895/895 725/725
f 747/747 725/725 518/518
f 895/895 747/747 537/537
f 742/742 522/522 727/727
f 742/742 727/727 896/896
f 749/749 896/896 727/727
f 749/749 727/727 520/520
f 896/896 749/749 537/537
f 870/870 512/512 700/700
f 870/870 700/700 863/863
f 699/699 510/510 865/865
f 699/699 865/865 862/862
f 511/511 699/699 862/862
f 511/511 862/862 864/864
f 698/698 509/509 866/866
f 698/698 866/866 861/861
f 510/510 698/698 861/861
f 510/510 861/861 865/865
f 697/697 508/508 884/884
f 697/697 884/884 860/860
f 509/509 697/697 860/860
f 509/509 860/860 866/866
f 704/704 515/515 867/867
f 704/704 867/867 859/859
f 517/517 704/704 859/859
f 517/517 859/859 882/882
f 703/703 514/514 868/868
f 703/703 868/868 858/858
f 515/515 703/703 858/858
f 515/515 858/858 867/867
f 702/702 513/513 869/869
f 702/702 869/869 857/857
f 514/514 702/702 857/857
f 514/514 857/857 868/868
f 701/701 512/512 870/870
f 701/701 870/870 856/856
f 513/513 701/701 856/856
f 513/513 856/856 869/869
f 750/750 897/897 2094/2094
f 750/750 2094/2094 1884/1884
f 563/563 1713/1713 2094/2094
f 563/563 2094/2094 897/897
f 1884/1884 2094/2094 539/539
f 1884/1884 539/539 435/435
f 2094/2094 1713/1713 434/434
f 2094/2094 434/434 539/539
f 1056/1056 897/897 750/750
f 1056/1056 750/750 1520/1520
f 563/563 898/898 2097/2097
f 563/563 2097/2097 1713/1713
f 560/560 1052/1052 2097/2097
f 560/560 2097/2097 898/898
f 1713/1713 2097/2097 538/538
f 1713/1713 538/538 434/434
f 2097/2097 1052/1052 433/433
f 2097/2097 433/433 538/538
f 1053/1053 898/898 563/563
f 1053/1053 563/563 1297/1297
f 562/562 899/899 2099/2099
f 562/562 2099/2099 1055/1055
f 559/559 1711/1711 2099/2099
f 559/559 2099/2099 899/899
f 1055/1055 2099/2099 545/545
f 1055/1055 545/545 442/442
f 2099/2099 1711/1711 440/440
f 2099/2099 440/440 545/545
f 1051/1051 899/899 562/562
f 1051/1051 562/562 2096/2096
f 559/559 900/900 2101/2101
f 559/559 2101/2101 1711/1711
f 558/558 1709/1709 2101/2101
f 558/558 2101/2101 900/900
f 1711/1711 2101/2101 544/544
f 1711/1711 544/544 440/440
f 2101/2101 1709/1709 439/439
f 2101/2101 439/439 544/544
f 1049/1049 900/900 559/559
f 1049/1049 559/559 1510/1510
f 558/558 901/901 2103/2103
f 558/558 2103/2103 1709/1709
f 557/557 1707/1707 2103/2103
f 557/557 2103/2103 901/901
f 1709/1709 2103/2103 543/543
f 1709/1709 543/543 439/439
f 2103/2103 1707/1707 438/438
f 2103/2103 438/438 543/543
f 1047/1047 901/901 558/558
f 1047/1047 558/558 1512/1512
f 557/557 902/902 2105/2105
f 557/557 2105/2105 1707/1707
f 556/556 1705/1705 2105/2105
f 556/556 2105/2105 902/902
f 1707/1707 2105/2105 542/542
f 1707/1707 542/542 438/438
f 2105/2105 1705/1705 437/437
f 2105/2105 437/437 542/542
f 1045/1045 902/902 557/557
f 1045/1045 557/557 1514/1514
f 556/556 903/903 2107/2107
f 556/556 2107/2107 1705/1705
f 555/555 1703/1703 2107/2107
f 555/555 2107/2107 903/903
f 1705/1705 2107/2107 541/541
f 1705/1705 541/541 437/437
f 2107/2107 1703/1703 436/436
f 2107/2107 436/436 541/541
f 1043/1043 903/903 556/556
f 1043/1043 556/556 1516/1516
f 555/555 904/904 2109/2109
f 555/555 2109/2109 1703/1703
f 1520/1520 750/750 904/904
f 1520/1520 904/904 1041/1041
f 750/750 1884/1884 2109/2109
f 750/750 2109/2109 904/904
f 1703/1703 2109/2109 540/540
f 1703/1703 540/540 436/436
f 2109/2109 1884/1884 435/435
f 2109/2109 435/435 540/540
f 1041/1041 904/904 555/555
f 1041/1041 555/555 1518/1518
f 914/914 916/916 2118/2118
f 914/914 2118/2118 1534/1534
f 2112/2112 2119/2119 921/921
f 2112/2112 921/921 906/906
f 921/921 2120/2120 2114/2114
f 921/921 2114/2114 906/906
f 2114/2114 2120/2120 926/926
f 2114/2114 926/926 917/917
f 931/931 2123/2123 2119/2119
f 931/931 2119/2119 925/925
f 553/553 1891/1891 2278/2278
f 553/553 2278/2278 1915/1915
f 1891/1891 907/907 2115/2115
f 1891/1891 2115/2115 2278/2278
f 2278/2278 2115/2115 918/918
f 2278/2278 918/918 1700/1700
f 1915/1915 2278/2278 1700/1700
f 1915/1915 1700/1700 775/775
f 926/926 932/932 2125/2125
f 926/926 2125/2125 2121/2121
f 1534/1534 2118/2118 765/765
f 1534/1534 765/765 758/758
f 2119/2119 2123/2123 927/927
f 2119/2119 927/927 921/921
f 927/927 2124/2124 2120/2120
f 927/927 2120/2120 921/921
f 2120/2120 2124/2124 932/932
f 2120/2120 932/932 926/926
f 917/917 926/926 2121/2121
f 917/917 2121/2121 2116/2116
f 2116/2116 2121/2121 923/923
f 2116/2116 923/923 909/909
f 925/925 915/915 912/912
f 925/925 912/912 924/924
f 936/936 937/937 2111/2111
f 936/936 2111/2111 1551/1551
f 927/927 2131/2131 2279/2279
f 927/927 2279/2279 2124/2124
f 2131/2131 933/933 2129/2129
f 2131/2131 2129/2129 2279/2279
f 2279/2279 2129/2129 938/938
f 2279/2279 938/938 2122/2122
f 2124/2124 2279/2279 2122/2122
f 2124/2124 2122/2122 932/932
f 1035/1035 2216/2216 2199/2199
f 1035/1035 2199/2199 1008/1008
f 1551/1551 2111/2111 931/931
f 1551/1551 931/931 930/930
f 2121/2121 2125/2125 929/929
f 2121/2121 929/929 923/923
f 931/931 925/925 924/924
f 931/931 924/924 930/930
f 946/946 947/947 2141/2141
f 946/946 2141/2141 1565/1565
f 938/938 2126/2126 2280/2280
f 938/938 2280/2280 2130/2130
f 2126/2126 905/905 2127/2127
f 2126/2126 2127/2127 2280/2280
f 2280/2280 2127/2127 920/920
f 2280/2280 920/920 1546/1546
f 2130/2130 2280/2280 1546/1546
f 2130/2130 1546/1546 935/935
f 905/905 2133/2133 2281/2281
f 905/905 2281/2281 2127/2127
f 2133/2133 939/939 2132/2132
f 2133/2133 2132/2132 2281/2281
f 2281/2281 2132/2132 941/941
f 2281/2281 941/941 1555/1555
f 2127/2127 2281/2281 1555/1555
f 2127/2127 1555/1555 920/920
f 931/931 2111/2111 2282/2282
f 931/931 2282/2282 2123/2123
f 2111/2111 937/937 2128/2128
f 2111/2111 2128/2128 2282/2282
f 2282/2282 2128/2128 933/933
f 2282/2282 933/933 2131/2131
f 2123/2123 2282/2282 2131/2131
f 2123/2123 2131/2131 927/927
f 932/932 2122/2122 2283/2283
f 932/932 2283/2283 2125/2125
f 2122/2122 938/938 2130/2130
f 2122/2122 2130/2130 2283/2283
f 2283/2283 2130/2130 935/935
f 2283/2283 935/935 1539/1539
f 2125/2125 2283/2283 1539/1539
f 2125/2125 1539/1539 929/929
f 938/938 2138/2138 2284/2284
f 938/938 2284/2284 2126/2126
f 2138/2138 942/942 2134/2134
f 2138/2138 2134/2134 2284/2284
f 2284/2284 2134/2134 939/939
f 2284/2284 939/939 2133/2133
f 2126/2126 2284/2284 2133/2133
f 2126/2126 2133/2133 905/905
f 933/933 2139/2139 2285/2285
f 933/933 2285/2285 2129/2129
f 2139/2139 943/943 2135/2135
f 2139/2139 2135/2135 2285/2285
f 2285/2285 2135/2135 942/942
f 2285/2285 942/942 2138/2138
f 2129/2129 2285/2285 2138/2138
f 2129/2129 2138/2138 938/938
f 937/937 2140/2140 2286/2286
f 937/937 2286/2286 2128/2128
f 2140/2140 944/944 2136/2136
f 2140/2140 2136/2136 2286/2286
f 2286/2286 2136/2136 943/943
f 2286/2286 943/943 2139/2139
f 2128/2128 2286/2286 2139/2139
f 2128/2128 2139/2139 933/933
f 957/957 958/958 2150/2150
f 957/957 2150/2150 1585/1585
f 1565/1565 2141/2141 937/937
f 1565/1565 937/937 936/936
f 947/947 2142/2142 2287/2287
f 947/947 2287/2287 2141/2141
f 2142/2142 945/945 2137/2137
f 2142/2142 2137/2137 2287/2287
f 2287/2287 2137/2137 944/944
f 2287/2287 944/944 2140/2140
f 2141/2141 2287/2287 2140/2140
f 2141/2141 2140/2140 937/937
f 943/943 2145/2145 2288/2288
f 943/943 2288/2288 2135/2135
f 2145/2145 952/952 1569/1569
f 2145/2145 1569/1569 2288/2288
f 2288/2288 1569/1569 950/950
f 2288/2288 950/950 2144/2144
f 2135/2135 2288/2288 2144/2144
f 2135/2135 2144/2144 942/942
f 944/944 2146/2146 2289/2289
f 944/944 2289/2289 2136/2136
f 2146/2146 954/954 1571/1571
f 2146/2146 1571/1571 2289/2289
f 2289/2289 1571/1571 952/952
f 2289/2289 952/952 2145/2145
f 2136/2136 2289/2289 2145/2145
f 2136/2136 2145/2145 943/943
f 942/942 2144/2144 2290/2290
f 942/942 2290/2290 2134/2134
f 2144/2144 950/950 1579/1579
f 2144/2144 1579/1579 2290/2290
f 2290/2290 1579/1579 941/941
f 2290/2290 941/941 2132/2132
f 2134/2134 2290/2290 2132/2132
f 2134/2134 2132/2132 939/939
f 945/945 2147/2147 2291/2291
f 945/945 2291/2291 2137/2137
f 2147/2147 956/956 1573/1573
f 2147/2147 1573/1573 2291/2291
f 2291/2291 1573/1573 954/954
f 2291/2291 954/954 2146/2146
f 2137/2137 2291/2291 2146/2146
f 2137/2137 2146/2146 944/944
f 945/945 2149/2149 2292/2292
f 945/945 2292/2292 2147/2147
f 2149/2149 948/948 2148/2148
f 2149/2149 2148/2148 2292/2292
f 2292/2292 2148/2148 960/960
f 2292/2292 960/960 1582/1582
f 2147/2147 2292/2292 1582/1582
f 2147/2147 1582/1582 956/956
f 947/947 2150/2150 2293/2293
f 947/947 2293/2293 2142/2142
f 2150/2150 958/958 2143/2143
f 2150/2150 2143/2143 2293/2293
f 2293/2293 2143/2143 948/948
f 2293/2293 948/948 2149/2149
f 2142/2142 2293/2293 2149/2149
f 2142/2142 2149/2149 945/945
f 988/988 2173/2173 1624/1624
f 988/988 1624/1624 989/989
f 1585/1585 2150/2150 947/947
f 1585/1585 947/947 946/946
f 983/983 2167/2167 2294/2294
f 983/983 2294/2294 2171/2171
f 2167/2167 961/961 2152/2152
f 2167/2167 2152/2152 2294/2294
f 2294/2294 2152/2152 965/965
f 2294/2294 965/965 1589/1589
f 2171/2171 2294/2294 1589/1589
f 2171/2171 1589/1589 982/982
f 967/967 968/968 2158/2158
f 967/967 2158/2158 1599/1599
f 1624/1624 2173/2173 984/984
f 1624/1624 984/984 985/985
f 984/984 2154/2154 2295/2295
f 984/984 2295/2295 2170/2170
f 2154/2154 963/963 2151/2151
f 2154/2154 2151/2151 2295/2295
f 2295/2295 2151/2151 961/961
f 2295/2295 961/961 2167/2167
f 2170/2170 2295/2295 2167/2167
f 2170/2170 2167/2167 983/983
f 961/961 2157/2157 2296/2296
f 961/961 2296/2296 2152/2152
f 2157/2157 966/966 2156/2156
f 2157/2157 2156/2156 2296/2296
f 2296/2296 2156/2156 970/970
f 2296/2296 970/970 1596/1596
f 2152/2152 2296/2296 1596/1596
f 2152/2152 1596/1596 965/965
f 972/972 973/973 2162/2162
f 972/972 2162/2162 1606/1606
f 1599/1599 2158/2158 963/963
f 1599/1599 963/963 962/962
f 963/963 2158/2158 2297/2297
f 963/963 2297/2297 2151/2151
f 2158/2158 968/968 2155/2155
f 2158/2158 2155/2155 2297/2297
f 2297/2297 2155/2155 966/966
f 2297/2297 966/966 2157/2157
f 2151/2151 2297/2297 2157/2157
f 2151/2151 2157/2157 961/961
f 966/966 2161/2161 2298/2298
f 966/966 2298/2298 2156/2156
f 2161/2161 971/971 2160/2160
f 2161/2161 2160/2160 2298/2298
f 2298/2298 2160/2160 975/975
f 2298/2298 975/975 1603/1603
f 2156/2156 2298/2298 1603/1603
f 2156/2156 1603/1603 970/970
f 977/977 978/978 2166/2166
f 977/977 2166/2166 1613/1613
f 1606/1606 2162/2162 968/968
f 1606/1606 968/968 967/967
f 968/968 2162/2162 2299/2299
f 968/968 2299/2299 2155/2155
f 2162/2162 973/973 2159/2159
f 2162/2162 2159/2159 2299/2299
f 2299/2299 2159/2159 971/971
f 2299/2299 971/971 2161/2161
f 2155/2155 2299/2299 2161/2161
f 2155/2155 2161/2161 966/966
f 971/971 2165/2165 2300/2300
f 971/971 2300/2300 2160/2160
f 2165/2165 976/976 2164/2164
f 2165/2165 2164/2164 2300/2300
f 2300/2300 2164/2164 980/980
f 2300/2300 980/980 1610/1610
f 2160/2160 2300/2300 1610/1610
f 2160/2160 1610/1610 975/975
f 984/984 2168/2168 1592/1592
f 984/984 1592/1592 985/985
f 1613/1613 2166/2166 973/973
f 1613/1613 973/973 972/972
f 973/973 2166/2166 2301/2301
f 973/973 2301/2301 2159/2159
f 2166/2166 978/978 2163/2163
f 2166/2166 2163/2163 2301/2301
f 2301/2301 2163/2163 976/976
f 2301/2301 976/976 2165/2165
f 2159/2159 2301/2301 2165/2165
f 2159/2159 2165/2165 971/971
f 958/958 2168/2168 2302/2302
f 958/958 2302/2302 2143/2143
f 2168/2168 984/984 2170/2170
f 2168/2168 2170/2170 2302/2302
f 2302/2302 2170/2170 983/983
f 2302/2302 983/983 2153/2153
f 2143/2143 2302/2302 2153/2153
f 2143/2143 2153/2153 948/948
f 986/986 987/987 2172/2172
f 986/986 2172/2172 1622/1622
f 1592/1592 2168/2168 958/958
f 1592/1592 958/958 957/957
f 948/948 2153/2153 2303/2303
f 948/948 2303/2303 2148/2148
f 2153/2153 983/983 2171/2171
f 2153/2153 2171/2171 2303/2303
f 2303/2303 2171/2171 982/982
f 2303/2303 982/982 1615/1615
f 2148/2148 2303/2303 1615/1615
f 2148/2148 1615/1615 960/960
f 986/986 1625/1625 2169/2169
f 986/986 2169/2169 987/987
f 1622/1622 2172/2172 988/988
f 1622/1622 988/988 989/989
f 984/984 2173/2173 2304/2304
f 984/984 2304/2304 2154/2154
f 2173/2173 988/988 2172/2172
f 2173/2173 2172/2172 2304/2304
f 2304/2304 2172/2172 987/987
f 2304/2304 987/987 2169/2169
f 2154/2154 2304/2304 2169/2169
f 2154/2154 2169/2169 963/963
f 1009/1009 1010/1010 2188/2188
f 1009/1009 2188/2188 1655/1655
f 2169/2169 1625/1625 962/962
f 2169/2169 962/962 963/963
f 976/976 2175/2175 2305/2305
f 976/976 2305/2305 2164/2164
f 2175/2175 990/990 2174/2174
f 2175/2175 2174/2174 2305/2305
f 2305/2305 2174/2174 991/991
f 2305/2305 991/991 1627/1627
f 2164/2164 2305/2305 1627/1627
f 2164/2164 1627/1627 980/980
f 990/990 2177/2177 2306/2306
f 990/990 2306/2306 2174/2174
f 2177/2177 993/993 2176/2176
f 2177/2177 2176/2176 2306/2306
f 2306/2306 2176/2176 995/995
f 2306/2306 995/995 1632/1632
f 2174/2174 2306/2306 1632/1632
f 2174/2174 1632/1632 991/991
f 993/993 2179/2179 2307/2307
f 993/993 2307/2307 2176/2176
f 2179/2179 996/996 2178/2178
f 2179/2179 2178/2178 2307/2307
f 2307/2307 2178/2178 998/998
f 2307/2307 998/998 1636/1636
f 2176/2176 2307/2307 1636/1636
f 2176/2176 1636/1636 995/995
f 996/996 2181/2181 2308/2308
f 996/996 2308/2308 2178/2178
f 2181/2181 999/999 2180/2180
f 2181/2181 2180/2180 2308/2308
f 2308/2308 2180/2180 1001/1001
f 2308/2308 1001/1001 1639/1639
f 2178/2178 2308/2308 1639/1639
f 2178/2178 1639/1639 998/998
f 999/999 2183/2183 2309/2309
f 999/999 2309/2309 2180/2180
f 2183/2183 1002/1002 2182/2182
f 2183/2183 2182/2182 2309/2309
f 2309/2309 2182/2182 1004/1004
f 2309/2309 1004/1004 1644/1644
f 2180/2180 2309/2309 1644/1644
f 2180/2180 1644/1644 1001/1001
f 1002/1002 2185/2185 2310/2310
f 1002/1002 2310/2310 2182/2182
f 2185/2185 1005/1005 2184/2184
f 2185/2185 2184/2184 2310/2310
f 2310/2310 2184/2184 1007/1007
f 2310/2310 1007/1007 1647/1647
f 2182/2182 2310/2310 1647/1647
f 2182/2182 1647/1647 1004/1004
f 1005/1005 2186/2186 2311/2311
f 1005/1005 2311/2311 2184/2184
f 2191/2191 2209/2209 2321/2321
f 2191/2191 2321/2321 2314/2314
f 2186/2186 2207/2207 2312/2312
f 2186/2186 2312/2312 2311/2311
f 2184/2184 2311/2311 1651/1651
f 2184/2184 1651/1651 1007/1007
f 2207/2207 1008/1008 2199/2199
f 2207/2207 2199/2199 2312/2312
f 2312/2312 2199/2199 1029/1029
f 2312/2312 1029/1029 1680/1680
f 2318/2318 2322/2322 2209/2209
f 2318/2318 2209/2209 2191/2191
f 1655/1655 2188/2188 978/978
f 1655/1655 978/978 977/977
f 1011/1011 2192/2192 1657/1657
f 1011/1011 1657/1657 1012/1012
f 1665/1665 2189/2189 1013/1013
f 1665/1665 1013/1013 1014/1014
f 990/990 2190/2190 2313/2313
f 990/990 2313/2313 2177/2177
f 2190/2190 999/999 2181/2181
f 2190/2190 2181/2181 2313/2313
f 2313/2313 2181/2181 996/996
f 2313/2313 996/996 2179/2179
f 2177/2177 2313/2313 2179/2179
f 2177/2177 2179/2179 993/993
f 1002/1002 2191/2191 2314/2314
f 1002/1002 2314/2314 2185/2185
f 2314/2314 2321/2321 2207/2207
f 2314/2314 2207/2207 2186/2186
f 1683/1683 2208/2208 2189/2189
f 1683/1683 2189/2189 1665/1665
f 2185/2185 2314/2314 2186/2186
f 2185/2185 2186/2186 1005/1005
f 1013/1013 2195/2195 1661/1661
f 1013/1013 1661/1661 1014/1014
f 1657/1657 2192/2192 1010/1010
f 1657/1657 1010/1010 1009/1009
f 1010/1010 2193/2193 2315/2315
f 1010/1010 2315/2315 2188/2188
f 2193/2193 990/990 2175/2175
f 2193/2193 2175/2175 2315/2315
f 2315/2315 2175/2175 976/976
f 2315/2315 976/976 2163/2163
f 2188/2188 2315/2315 2163/2163
f 2188/2188 2163/2163 978/978
f 1011/1011 2194/2194 2316/2316
f 1011/1011 2316/2316 2192/2192
f 2194/2194 999/999 2190/2190
f 2194/2194 2190/2190 2316/2316
f 2316/2316 2190/2190 990/990
f 2316/2316 990/990 2193/2193
f 2192/2192 2316/2316 2193/2193
f 2192/2192 2193/2193 1010/1010
f 1031/1031 1032/1032 2208/2208
f 1031/1031 2208/2208 1683/1683
f 1661/1661 2195/2195 1011/1011
f 1661/1661 1011/1011 1012/1012
f 1013/1013 2196/2196 2317/2317
f 1013/1013 2317/2317 2195/2195
f 2196/2196 1002/1002 2183/2183
f 2196/2196 2183/2183 2317/2317
f 2317/2317 2183/2183 999/999
f 2317/2317 999/999 2194/2194
f 2195/2195 2317/2317 2194/2194
f 2195/2195 2194/2194 1011/1011
f 1690/1690 2212/2212 2215/2215
f 1690/1690 2215/2215 1696/1696
f 2189/2189 2208/2208 2322/2322
f 2189/2189 2322/2322 2318/2318
f 2318/2318 2191/2191 1002/1002
f 2318/2318 1002/1002 2196/2196
f 2189/2189 2318/2318 2196/2196
f 2189/2189 2196/2196 1013/1013
f 1019/1019 1024/1024 2212/2212
f 1019/1019 2212/2212 1690/1690
f 571/571 2206/2206 2319/2319
f 571/571 2319/2319 1922/1922
f 2206/2206 1023/1023 2201/2201
f 2206/2206 2201/2201 2319/2319
f 2319/2319 2201/2201 1027/1027
f 2319/2319 1027/1027 1735/1735
f 1922/1922 2319/2319 1735/1735
f 1922/1922 1735/1735 778/778
f 460/460 1678/1678 2320/2320
f 460/460 2320/2320 1714/1714
f 1678/1678 1018/1018 2198/2198
f 1678/1678 2198/2198 2320/2320
f 2320/2320 2198/2198 1023/1023
f 2320/2320 1023/1023 2206/2206
f 1714/1714 2320/2320 2206/2206
f 1714/1714 2206/2206 571/571
f 2209/2209 1030/1030 2204/2204
f 2209/2209 2204/2204 2321/2321
f 2321/2321 2204/2204 1008/1008
f 2321/2321 1008/1008 2207/2207
f 2208/2208 1032/1032 2187/2187
f 2208/2208 2187/2187 2322/2322
f 2322/2322 2187/2187 1030/1030
f 2322/2322 1030/1030 2209/2209
f 383/383 1535/1535 1526/1526
f 383/383 1526/1526 377/377
f 2210/2210 1022/1022 2197/2197
f 2210/2210 2197/2197 2323/2323
f 2323/2323 2197/2197 1016/1016
f 2323/2323 1016/1016 1686/1686
f 2213/2213 2210/2210 2323/2323
f 2213/2213 2323/2323 2328/2328
f 2328/2328 2323/2323 1686/1686
f 2328/2328 1686/1686 1692/1692
f 2211/2211 1026/1026 2200/2200
f 2211/2211 2200/2200 2324/2324
f 2324/2324 2200/2200 1022/1022
f 2324/2324 1022/1022 2210/2210
f 2214/2214 2211/2211 2324/2324
f 2214/2214 2324/2324 2327/2327
f 2327/2327 2324/2324 2210/2210
f 2327/2327 2210/2210 2213/2213
f 2212/2212 1024/1024 2202/2202
f 2212/2212 2202/2202 2325/2325
f 2325/2325 2202/2202 1026/1026
f 2325/2325 1026/1026 2211/2211
f 2215/2215 2212/2212 2325/2325
f 2215/2215 2325/2325 2326/2326
f 2326/2326 2325/2325 2211/2211
f 2326/2326 2211/2211 2214/2214
f 1696/1696 2215/2215 1037/1037
f 1696/1696 1037/1037 1038/1038
f 1037/1037 2215/2215 2326/2326
f 1037/1037 2326/2326 2218/2218
f 2218/2218 2326/2326 2214/2214
f 2218/2218 2214/2214 1036/1036
f 1036/1036 2214/2214 2327/2327
f 1036/1036 2327/2327 2217/2217
f 2217/2217 2327/2327 2213/2213
f 2217/2217 2213/2213 1035/1035
f 1035/1035 2213/2213 2328/2328
f 1035/1035 2328/2328 2216/2216
f 2216/2216 2328/2328 1692/1692
f 2216/2216 1692/1692 1034/1034
f 2199/2199 2216/2216 1034/1034
f 2199/2199 1034/1034 1029/1029
f 1036/1036 2217/2217 2204/2204
f 1036/1036 2204/2204 1030/1030
f 2204/2204 2217/2217 1035/1035
f 2204/2204 1035/1035 1008/1008
f 1037/1037 2218/2218 2187/2187
f 1037/1037 2187/2187 1032/1032
f 2187/2187 2218/2218 1036/1036
f 2187/2187 1036/1036 1030/1030
f 1037/1037 1032/1032 1031/1031
f 1037/1037 1031/1031 1038/1038
f 1220/1220 1243/1243 1465/1465
f 1220/1220 1465/1465 1446/1446
f 258/258 2108/2108 1522/1522
f 258/258 1522/1522 264/264
f 1650/1650 1679/1679 2257/2257
f 1650/1650 2257/2257 2256/2256
f 250/250 537/537 360/360
f 256/256 367/367 537/537
f 747/747 366/366 537/537
f 742/742 896/896 537/537
f 749/749 895/895 537/537
f 741/741 889/889 537/537
f 743/743 890/890 537/537
f 744/744 891/891 537/537
f 745/745 892/892 537/537
f 746/746 893/893 537/537
f 748/748 894/894 537/537
f 255/255 365/365 537/537
f 254/254 364/364 537/537
f 253/253 363/363 537/537
f 252/252 362/362 537/537
f 250/250 361/361 537/537
f 210/210 1185/1185 342/342

