# HWR household_v1 locked asset
mtllib living_sofa.mtl
usemtl sofa_02
v 0.00182454 -0.39802397 0.25243706
v 0.00182454 -0.41292813 0.26129955
v 0.00182454 -0.41493318 0.26801973
v 0.00182454 -0.40972652 0.34997873
v 0.00182454 -0.40407376 0.35577932
v 0.00182454 -0.39407225 0.36994729
v 0.00182454 -0.33557188 0.40006523
v 0.00182454 -0.26080208 0.41251012
v 0.00182454 -0.08333867 0.41646589
v 0.00182454 0.05327467 0.39594944
v 0.00182454 0.09349190 0.37905547
v 0.00182454 0.11493842 0.35524969
v 0.00182454 0.12026091 0.31877531
v 0.00182454 0.12016395 0.27010471
v -0.30138949 0.12047582 0.26803370
v -0.48811973 0.11694213 0.26834881
v -0.59317423 0.10162393 0.26845654
v -0.63019656 0.08572867 0.26778389
v -0.65799416 0.06848765 0.26707083
v -0.65799416 0.06848765 0.26707083
v -0.68133527 0.03819046 0.26836515
v -0.69363714 -0.00872738 0.26904730
v -0.70666377 -0.12226268 0.27066174
v -0.71669855 -0.32204711 0.26712993
v -0.71555594 -0.37723610 0.26943427
v -0.70770984 -0.39554204 0.26822605
v -0.69311150 -0.40729020 0.26622842
v -0.65135274 -0.39570934 0.25208700
v -0.68005330 -0.39426853 0.25275648
v -0.69346874 -0.38942280 0.25166935
v -0.69346874 -0.38942280 0.25166935
v -0.70274199 -0.37336380 0.25020452
v -0.41250126 -0.41371102 0.25928664
v -0.67837077 -0.41241737 0.25896016
v -0.69540174 -0.40630909 0.25832416
v -0.70654037 -0.39657722 0.25936884
v -0.71339471 -0.37900500 0.25900199
v -0.67435015 -0.41250375 0.26586474
v -0.40944799 -0.41306586 0.26745345
v -0.40254640 -0.40956042 0.34459218
v -0.57114038 -0.41000156 0.33976944
v -0.63390216 -0.40985064 0.33162151
v -0.68222819 -0.40786410 0.31901463
v -0.69972014 -0.40091147 0.31320582
v -0.70825374 -0.38841761 0.31184971
v -0.71306034 -0.36783244 0.31498237
v -0.71522822 -0.33880755 0.32170770
v -0.71302332 -0.27614914 0.33169681
v -0.70963347 -0.21570482 0.33358016
v -0.69676508 -0.03960030 0.33471645
v -0.68658851 0.02062778 0.32493051
v -0.67432185 0.05432322 0.31487271
v -0.65685179 0.07429683 0.31073747
v -0.65685179 0.07429683 0.31073747
v -0.62891398 0.09183097 0.31045154
v -0.57197995 0.10662541 0.32258014
v -0.50926008 0.11087987 0.33729428
v -0.44308692 0.11546672 0.34148723
v -0.43092115 0.09362764 0.37086749
v -0.50689786 0.09691339 0.36260844
v -0.57403991 0.08854709 0.35008915
v -0.62453637 0.08267047 0.33404555
v -0.65170284 0.06719869 0.33347128
v -0.66622339 0.05068359 0.33875379
v -0.67851643 0.02409142 0.34675710
v -0.68916153 -0.04683326 0.35470857
v -0.70382387 -0.21197841 0.35648760
v -0.70514456 -0.27958569 0.35317799
v -0.70947838 -0.34088143 0.33895352
v -0.70723670 -0.37031988 0.33011733
v -0.70216844 -0.38626964 0.32495083
v -0.69486431 -0.39473108 0.32714273
v -0.67788215 -0.39820894 0.33467698
v -0.63272640 -0.39850950 0.34579837
v -0.57168489 -0.39712222 0.35728087
v -0.40460383 -0.39802602 0.36172453
v -0.40101165 -0.40449458 0.35168237
v -0.56977989 -0.40417750 0.34623158
v -0.63485532 -0.40357692 0.33832986
v -0.68209343 -0.40218165 0.32663841
v -0.69610842 -0.39807060 0.32050208
v -0.70202859 -0.39300482 0.31913594
v -0.70537792 -0.38675003 0.31899271
v -0.70999410 -0.36889636 0.32230673
v -0.71338286 -0.33983886 0.32942571
v -0.71059462 -0.27361646 0.34043837
v -0.70773633 -0.21597090 0.34253666
v -0.40343070 -0.35272208 0.38816609
v -0.56743623 -0.35880012 0.38060256
v -0.62894592 -0.36298351 0.37047541
v -0.65981000 -0.36710575 0.36197755
v -0.67555265 -0.36019575 0.35839088
v -0.68591806 -0.34192496 0.35893829
v -0.68528500 -0.27958327 0.37275864
v -0.67759387 -0.21087118 0.37812444
v -0.66630384 -0.04185095 0.37677429
v -0.65615739 0.01594939 0.36764809
v -0.64732063 0.03612468 0.36040796
v -0.62862449 0.05014960 0.35749336
v -0.58417608 0.05955226 0.36603238
v -0.49996830 0.06152476 0.38401243
v -0.42239943 0.05734494 0.38838890
v -0.41712436 -0.03965864 0.40545453
v -0.49686975 -0.03321355 0.40225761
v -0.58310291 -0.03772358 0.39597036
v -0.61524062 -0.22051093 0.39639269
v -0.61592703 -0.26089306 0.39358860
v -0.57510692 -0.29515473 0.39613317
v -0.41021089 -0.29143604 0.40132691
v -0.69295520 -0.04054363 0.34225727
v -0.68483424 0.02272918 0.33447217
v -0.67251169 0.05446688 0.32413555
v -0.65654379 0.07382802 0.32073750
v 0.30503859 0.12047582 0.26803367
v 0.49176883 0.11694213 0.26834881
v 0.59682339 0.10162393 0.26845654
v 0.63384572 0.08572867 0.26778389
v 0.66164326 0.06848765 0.26707083
v 0.66164326 0.06848765 0.26707083
v 0.68498443 0.03819046 0.26836512
v 0.69728624 -0.00872738 0.26904730
v 0.71031287 -0.12226268 0.27066174
v 0.72034771 -0.32204711 0.26712996
v 0.71920504 -0.37723610 0.26943427
v 0.71135900 -0.39554204 0.26822605
v 0.69676066 -0.40729020 0.26622842
v 0.65500190 -0.39570934 0.25208700
v 0.68370240 -0.39426853 0.25275648
v 0.69711784 -0.38942280 0.25166935
v 0.69711784 -0.38942280 0.25166935
v 0.70639115 -0.37336380 0.25020452
v 0.41615036 -0.41371102 0.25928664
v 0.68201993 -0.41241737 0.25896016
v 0.69905085 -0.40630909 0.25832419
v 0.71018947 -0.39657722 0.25936884
v 0.71704388 -0.37900500 0.25900199
v 0.67799926 -0.41250375 0.26586474
v 0.41309709 -0.41306586 0.26745345
v 0.40619554 -0.40956042 0.34459218
v 0.57478954 -0.41000156 0.33976944
v 0.63755132 -0.40985064 0.33162151
v 0.68587735 -0.40786410 0.31901463
v 0.70336924 -0.40091147 0.31320582
v 0.71190291 -0.38841761 0.31184971
v 0.71670944 -0.36783244 0.31498237
v 0.71887732 -0.33880755 0.32170770
v 0.71667242 -0.27614914 0.33169681
v 0.71328257 -0.21570482 0.33358016
v 0.70041418 -0.03960030 0.33471645
v 0.69023767 0.02062778 0.32493051
v 0.67797095 0.05432322 0.31487271
v 0.66050095 0.07429683 0.31073747
v 0.66050095 0.07429683 0.31073747
v 0.63256314 0.09183097 0.31045154
v 0.57562911 0.10662541 0.32258014
v 0.51290924 0.11087987 0.33729428
v 0.44673602 0.11546672 0.34148723
v 0.43457025 0.09362764 0.37086749
v 0.51054696 0.09691339 0.36260844
v 0.57768908 0.08854709 0.35008915
v 0.62818547 0.08267047 0.33404555
v 0.65535188 0.06719869 0.33347128
v 0.66987249 0.05068359 0.33875379
v 0.68216553 0.02409142 0.34675710
v 0.69281069 -0.04683326 0.35470857
v 0.70747297 -0.21197841 0.35648760
v 0.70879366 -0.27958569 0.35317799
v 0.71312748 -0.34088143 0.33895352
v 0.71088581 -0.37031988 0.33011733
v 0.70581754 -0.38626964 0.32495083
v 0.69851341 -0.39473108 0.32714273
v 0.68153131 -0.39820894 0.33467698
v 0.63637556 -0.39850950 0.34579837
v 0.57533405 -0.39712222 0.35728087
v 0.40825293 -0.39802602 0.36172453
v 0.40466075 -0.40449458 0.35168237
v 0.57342905 -0.40417750 0.34623158
v 0.63850436 -0.40357692 0.33832986
v 0.68574253 -0.40218165 0.32663841
v 0.69975758 -0.39807060 0.32050208
v 0.70567776 -0.39300482 0.31913594
v 0.70902702 -0.38675003 0.31899271
v 0.71364320 -0.36889636 0.32230673
v 0.71703202 -0.33983886 0.32942571
v 0.71424372 -0.27361646 0.34043837
v 0.71138543 -0.21597090 0.34253666
v 0.40707980 -0.35272208 0.38816609
v 0.57108539 -0.35880006 0.38060256
v 0.63259508 -0.36298345 0.37047541
v 0.66345916 -0.36710575 0.36197755
v 0.67920181 -0.36019569 0.35839088
v 0.68956722 -0.34192496 0.35893829
v 0.68893410 -0.27958327 0.37275864
v 0.68124303 -0.21087118 0.37812444
v 0.66995294 -0.04185095 0.37677429
v 0.65980649 0.01594939 0.36764809
v 0.65096967 0.03612468 0.36040796
v 0.63227359 0.05014960 0.35749336
v 0.58782524 0.05955226 0.36603238
v 0.50361740 0.06152476 0.38401243
v 0.42604853 0.05734494 0.38838890
v 0.42077346 -0.03965864 0.40545453
v 0.50051885 -0.03321355 0.40225761
v 0.58675207 -0.03772358 0.39597036
v 0.61888972 -0.22051093 0.39639269
v 0.61957619 -0.26089306 0.39358860
v 0.57875608 -0.29515473 0.39613317
v 0.41385999 -0.29143604 0.40132691
v 0.69660430 -0.04054363 0.34225727
v 0.68848334 0.02272918 0.33447217
v 0.67616085 0.05446688 0.32413555
v 0.66019295 0.07382802 0.32073750
v -0.84859123 -0.36025025 0.60270954
v -0.82103025 -0.36987759 0.59020830
v -0.79865725 -0.37653305 0.56904384
v -0.78190791 -0.38311974 0.53715794
v -0.75966199 -0.39223427 0.47767368
v -0.74324261 -0.39955303 0.41490186
v -0.73458095 -0.40347941 0.35588288
v -0.72811361 -0.40407546 0.27281253
v -0.72790571 -0.40289716 0.23796252
v -0.72039012 -0.39489149 0.23313370
v -0.71351097 -0.39902207 0.24208730
v -0.70663231 -0.39286624 0.24749977
v -0.70663231 -0.39286624 0.24749977
v -0.70580266 -0.40168166 0.24205040
v 0.00000000 -0.39802112 0.23993999
v -0.72528018 -0.39850037 0.22069032
v -0.73183136 -0.40005073 0.20991922
v -0.73884769 -0.40213876 0.20053138
v -0.75140729 -0.40675688 0.19384256
v -0.71857682 -0.40333231 0.21950951
v 0.00000000 -0.40671193 0.21821589
v -0.72444854 -0.40776442 0.20763512
v 0.00000000 -0.40776442 0.20061903
v -0.73091751 -0.40551464 0.19909640
v -0.60864462 -0.40763117 0.18221801
v -0.60864462 -0.40763117 0.18221801
v -0.57076566 -0.40790167 0.18722085
v -0.57076566 -0.40790167 0.18722085
v -0.52489935 -0.40809638 0.18950018
v -0.52489935 -0.40809638 0.18950018
v -0.47394546 -0.40776442 0.18877669
v -0.47394546 -0.40776442 0.18877669
v -0.41880298 -0.40776442 0.18553685
v -0.41880298 -0.40776442 0.18553685
v -0.37482980 -0.40776442 0.18004910
v -0.37482980 -0.40776442 0.18004910
v -0.32867612 -0.40776442 0.17077840
v -0.32867612 -0.40776442 0.17077840
v -0.28643158 -0.40779515 0.15901427
v -0.28643158 -0.40779515 0.15901427
v -0.24755542 -0.40793590 0.14507445
v -0.24755542 -0.40793590 0.14507445
v -0.20005595 -0.40791134 0.12514270
v -0.20005595 -0.40791134 0.12514270
v -0.16927231 -0.40765669 0.11290822
v -0.16927231 -0.40765669 0.11290822
v -0.13836111 -0.40779557 0.10328324
v -0.13836111 -0.40779557 0.10328324
v -0.10498478 -0.40788775 0.09586633
v -0.10498478 -0.40788775 0.09586633
v -0.05986085 -0.40784965 0.09011447
v -0.05986085 -0.40784965 0.09011447
v 0.00000007 -0.40792223 0.08727427
v 0.00000007 -0.40792223 0.08727427
v -0.64731621 -0.40680140 0.17213595
v -0.64731621 -0.40680140 0.17213595
v -0.67159597 -0.40654614 0.16266122
v -0.67159597 -0.40654614 0.16266122
v -0.69384286 -0.40612055 0.14936013
v -0.69384286 -0.40612055 0.14936013
v -0.71383283 -0.40603042 0.13312626
v -0.71383283 -0.40603042 0.13312626
v -0.73621436 -0.40580407 0.10617473
v -0.73621436 -0.40580407 0.10617473
v -0.75808350 -0.40581145 0.07108035
v -0.75808350 -0.40581145 0.07108035
v -0.77543046 -0.40585440 0.03747902
v -0.77543046 -0.40585440 0.03747902
v -0.79238214 -0.40583595 0.00000006
v -0.79238214 -0.40583595 0.00000006
v -0.81555412 -0.40424373 0.00000006
v -0.81555412 -0.40424373 0.00000006
v -0.81555412 -0.40424373 0.00000006
v -0.81520946 -0.37343022 0.00000006
v -0.81520946 -0.37343022 0.00000006
v -0.74000603 0.15070019 0.17906763
v -0.81293718 -0.37090957 0.00000006
v -0.81293718 -0.37090957 0.00000006
v -0.81293718 -0.37090957 0.00000006
v -0.79834592 -0.37099456 0.00000006
v -0.79834592 -0.37099456 0.00000006
v -0.79834592 -0.37099456 0.00000006
v -0.78992283 -0.37530534 0.00000006
v -0.78992283 -0.37530534 0.00000006
v -0.78714995 -0.38314152 0.00000006
v -0.78714995 -0.38314152 0.00000006
v -0.78714995 -0.38314152 0.00000006
v -0.79066332 -0.40416159 0.00000006
v -0.79066332 -0.40416159 0.00000006
v -0.79066332 -0.40416159 0.00000006
v -0.81629909 -0.38951353 0.00000006
v -0.81629909 -0.38951353 0.00000006
v -0.80053515 -0.40404703 0.07485418
v -0.80053515 -0.40404703 0.07485418
v -0.78628443 -0.40324303 0.16232615
v -0.78628443 -0.40324303 0.16232615
v -0.77913751 -0.40356609 0.22515728
v -0.77913751 -0.40356609 0.22515728
v -0.77554224 -0.40320026 0.28489407
v -0.77554224 -0.40320026 0.28489407
v -0.77712962 -0.39973516 0.37314809
v -0.77712962 -0.39973516 0.37314809
v -0.78834186 -0.39292086 0.44127195
v -0.78834186 -0.39292086 0.44127195
v -0.81037420 -0.38013582 0.52168725
v -0.81037420 -0.38013582 0.52168725
v -0.82241089 -0.37579946 0.54764215
v -0.82241089 -0.37579946 0.54764215
v -0.83240666 -0.37225760 0.56263850
v -0.79840961 -0.38661671 0.48245735
v -0.79840961 -0.38661671 0.48245735
v -0.78193519 -0.39666626 0.40755327
v -0.78193519 -0.39666626 0.40755327
v -0.77518833 -0.40131280 0.33461450
v -0.77518833 -0.40131280 0.33461450
v -0.83836972 -0.36936345 0.56942594
v -0.83836972 -0.36936345 0.56942594
v -0.84272078 -0.36685291 0.57334772
v -0.84272078 -0.36685291 0.57334772
v -0.84545065 -0.36517298 0.57505946
v -0.84545065 -0.36517298 0.57505946
v -0.84708605 -0.36421322 0.57565351
v -0.84708605 -0.36421322 0.57565351
v -0.84877596 -0.36332073 0.57573880
v -0.84877596 -0.36332073 0.57573880
v -0.85043846 -0.36247686 0.57531176
v -0.85043846 -0.36247686 0.57531176
v -0.85204586 -0.36173377 0.57437813
v -0.85204586 -0.36173377 0.57437813
v -0.85355206 -0.36102667 0.57271381
v -0.85355206 -0.36102667 0.57271381
v -0.85468978 -0.36032326 0.56984494
v -0.85468978 -0.36032326 0.56984494
v -0.85447632 -0.36017126 0.56712348
v -0.85447632 -0.36017126 0.56712348
v -0.85344022 -0.36048313 0.56481884
v -0.85344022 -0.36048313 0.56481884
v -0.85174487 -0.36132742 0.56260711
v -0.85174487 -0.36132742 0.56260711
v -0.84940702 -0.36269831 0.56101816
v -0.84940702 -0.36269831 0.56101816
v -0.84717092 -0.36394266 0.56045998
v -0.84717092 -0.36394266 0.56045998
v -0.84432733 -0.36560287 0.56091091
v -0.84432733 -0.36560287 0.56091091
v -0.84196238 -0.36710829 0.56236993
v -0.84196238 -0.36710829 0.56236993
v -0.84034784 -0.36814263 0.56434449
v -0.84034784 -0.36814263 0.56434449
v -0.83920378 -0.36869070 0.56661484
v -0.83920378 -0.36869070 0.56661484
v -0.83721730 -0.36937863 0.56791278
v -0.83264982 -0.37089203 0.56219803
v -0.82926511 -0.37160288 0.55740849
v -0.82793759 -0.37207360 0.55548099
v -0.82681324 -0.37335606 0.55395065
v -0.82534200 -0.37439627 0.55183268
v -0.82302841 -0.37474213 0.54792693
v -0.82302841 -0.37474213 0.54792693
v -0.82302841 -0.37474213 0.54792693
v -0.82302841 -0.37474213 0.54792693
v -0.82332365 -0.37142880 0.54793763
v -0.82332365 -0.37142880 0.54793763
v -0.82357146 -0.36880962 0.54819767
v -0.82357146 -0.36880962 0.54819767
v -0.82331911 -0.35902471 0.54766296
v -0.82331911 -0.35902471 0.54766296
v -0.82331911 -0.35902471 0.54766296
v -0.82301576 -0.35173588 0.54748416
v -0.82301576 -0.35173588 0.54748416
v -0.82276819 -0.34192115 0.54936085
v -0.82276819 -0.34192115 0.54936085
v -0.82928023 -0.32474374 0.54845014
v -0.82928023 -0.32474374 0.54845014
v -0.83594737 -0.30767357 0.54901921
v -0.83594737 -0.30767357 0.54901921
v -0.84426660 -0.27090758 0.54533854
v -0.84426660 -0.27090758 0.54533854
v -0.84915963 -0.24374359 0.54688509
v -0.84915963 -0.24374359 0.54688509
v -0.85339195 -0.17959947 0.54409285
v -0.85339195 -0.17959947 0.54409285
v -0.85430967 -0.13563218 0.54071794
v -0.85430967 -0.13563218 0.54071794
v -0.85281309 -0.09406314 0.53677808
v -0.85281309 -0.09406314 0.53677808
v -0.84696266 -0.03272457 0.53019581
v -0.84696266 -0.03272457 0.53019581
v -0.83510683 0.03955848 0.52153083
v -0.83510683 0.03955848 0.52153083
v -0.82396191 0.08334893 0.51547964
v -0.82396191 0.08334893 0.51547964
v -0.80308719 0.13657931 0.50726347
v -0.80308719 0.13657931 0.50726347
v -0.78152181 0.16853728 0.50422034
v -0.78152181 0.16853728 0.50422034
v -0.75513249 0.19766192 0.50176318
v -0.75513249 0.19766192 0.50176318
v -0.71852353 0.22666311 0.50292965
v -0.71852353 0.22666311 0.50292965
v -0.68317071 0.24891713 0.50493875
v -0.68317071 0.24891713 0.50493875
v -0.64957422 0.26656671 0.50550074
v -0.64957422 0.26656671 0.50550074
v -0.61471462 0.28155737 0.50566037
v -0.61471462 0.28155737 0.50566037
v -0.57881620 0.29347248 0.50527379
v -0.57881620 0.29347248 0.50527379
v -0.53668986 0.30516372 0.49965987
v -0.53668986 0.30516372 0.49965987
v -0.48253632 0.30925535 0.50406839
v -0.48253632 0.30925535 0.50406839
v -0.30923163 0.31858969 0.50349730
v -0.30923163 0.31858969 0.50349730
v 0.00000007 0.32449341 0.50622741
v 0.00000007 0.32449341 0.50622741
v -0.83294639 -0.37064730 0.55037589
v -0.83942613 -0.36776391 0.54672945
v -0.84875823 -0.36306220 0.54346608
v -0.85442696 -0.35959305 0.54242847
v -0.86297169 -0.35672267 0.54472314
v -0.87291308 -0.35351882 0.55123343
v -0.87806119 -0.35142988 0.55877406
v -0.88266745 -0.35064934 0.56906459
v -0.88311724 -0.35056079 0.57954886
v -0.87519335 -0.35285908 0.58766758
v -0.88370264 -0.35057561 0.57433404
v -0.88053925 -0.35152460 0.58354558
v -0.86921487 -0.35456405 0.58997446
v -0.86116656 -0.35723682 0.59106457
v -0.85096610 -0.36138107 0.59011485
v -0.83586468 -0.36815908 0.58487063
v -0.82437474 -0.37277713 0.57692212
v -0.81257994 -0.37667956 0.56377518
v -0.80283272 -0.37936787 0.54829009
v -0.83161772 -0.37274066 0.54756545
v -0.83845500 -0.36949477 0.54416423
v -0.84938906 -0.36492686 0.54105498
v -0.86092388 -0.36003800 0.54113676
v -0.86786297 -0.35501117 0.54337849
v -0.87764891 -0.34989337 0.54866373
v -0.88620477 -0.34691066 0.56132519
v -0.88993087 -0.34589737 0.57462153
v -0.88765321 -0.34748094 0.58862510
v -0.87644641 -0.35245121 0.59718217
v -0.86242506 -0.35754506 0.59932761
v -0.84705478 -0.36331910 0.59684187
v -0.83218043 -0.36929855 0.59009410
v -0.81985026 -0.37392428 0.58201101
v -0.80822646 -0.37838488 0.56733513
v -0.79597498 -0.38193303 0.55053600
v -0.78920768 -0.38499897 0.53285581
v -0.82398314 -0.37552787 0.54755021
v -0.82978960 -0.37271725 0.54434757
v -0.83737796 -0.36839377 0.54052541
v -0.84926851 -0.36320659 0.53713072
v -0.86962056 -0.34887476 0.53901872
v -0.88188492 -0.34389305 0.54834568
v -0.89154347 -0.33786636 0.56237048
v -0.89552731 -0.33442316 0.57901887
v -0.89115895 -0.34009122 0.59483114
v -0.88058129 -0.34719332 0.60342734
v -0.86428627 -0.35439226 0.60525353
v -0.82380864 -0.37532965 0.54946005
v -0.86069675 -0.35704410 0.53721722
v -0.82738031 -0.36939551 0.54265760
v -0.83658370 -0.36492383 0.53842661
v -0.84791885 -0.35885873 0.53525518
v -0.85907622 -0.34993027 0.53461540
v -0.82872647 -0.35688472 0.54157959
v -0.82872647 -0.35688472 0.54157959
v -0.83921848 -0.34945641 0.53665759
v -0.83921848 -0.34945641 0.53665759
v -0.85653919 -0.33514272 0.53404821
v -0.85653919 -0.33514272 0.53404821
v -0.86834082 -0.33097935 0.53520237
v -0.86834082 -0.33097935 0.53520237
v -0.79414693 -0.38278421 0.53055801
v -0.80755789 -0.34677160 0.51662733
v -0.88795317 -0.32326064 0.54746879
v -0.88795317 -0.32326064 0.54746879
v -0.89892884 -0.31684925 0.57265466
v -0.89892884 -0.31684925 0.57265466
v -0.89632170 -0.31712332 0.59762621
v -0.89632170 -0.31712332 0.59762621
v -0.88168676 -0.32662690 0.61623501
v -0.88168676 -0.32662690 0.61623501
v -0.82940484 -0.34665462 0.60864253
v -0.82940484 -0.34665462 0.60864253
v -0.79910994 -0.35059412 0.58677932
v -0.79910994 -0.35059412 0.58677932
v -0.77170013 -0.35961598 0.54506235
v -0.77170013 -0.35961598 0.54506235
v -0.74776890 -0.37301219 0.47426965
v -0.74776890 -0.37301219 0.47426965
v -0.73424119 -0.37906180 0.41273326
v -0.73424119 -0.37906180 0.41273326
v -0.72561970 -0.37989726 0.35310933
v -0.72561970 -0.37989726 0.35310933
v -0.71732895 -0.37154215 0.24238151
v -0.71732895 -0.37154215 0.24238151
v -0.71732895 -0.37154215 0.24238151
v -0.71732895 -0.37154215 0.24238151
v -0.72909750 -0.33339354 0.35880304
v -0.75228848 -0.27112019 0.37402716
v -0.73632771 -0.31671164 0.43336778
v -0.73443227 -0.23147826 0.42615345
v -0.72800957 -0.22174542 0.38337937
v -0.72844218 -0.25854819 0.33548213
v -0.73987822 -0.19231955 0.46006433
v -0.76479255 -0.14310937 0.49326529
v -0.74798236 -0.10194084 0.54219548
v -0.74734246 -0.07876311 0.57755912
v -0.75903419 -0.18251909 0.53607884
v -0.77402394 -0.21740059 0.56943635
v -0.73376872 -0.10346447 0.46411525
v -0.72256779 -0.07566427 0.43397569
v -0.71389670 -0.11051422 0.38529417
v -0.73108918 -0.04378925 0.37532078
v -0.73492071 -0.02785008 0.39291825
v -0.70872906 0.01953183 0.43026232
v -0.71066001 0.06002567 0.47093905
v -0.71742253 0.10312922 0.50578978
v -0.70279558 0.01869813 0.36136675
v -0.65177397 0.10384334 0.36051880
v -0.65623566 0.10731797 0.42923938
v -0.59505140 0.17257012 0.39511047
v -0.59212404 0.17375785 0.37632986
v -0.71980314 -0.29024955 0.24358413
v -0.71980314 -0.29024955 0.24358413
v -0.72371651 -0.31055798 0.32405921
v -0.81156726 -0.24720959 0.58932784
v -0.80729459 -0.20580092 0.62076874
v -0.78003303 -0.09466203 0.62962365
v -0.78627887 -0.01550052 0.61705806
v -0.75519497 0.05899169 0.64773905
v -0.70057985 0.14797056 0.65710599
v -0.64082286 0.20002784 0.65794919
v -0.59670332 0.21881416 0.64171557
v -0.77883374 -0.01612890 0.60496179
v -0.73615944 0.02837993 0.58511530
v -0.72171830 0.06256866 0.55648122
v -0.71748247 0.10720144 0.52259916
v -0.66807952 0.13507362 0.56631978
v -0.63554845 0.16756597 0.60716476
v -0.60631566 0.20406478 0.62153953
v -0.64776479 0.12842466 0.47585615
v -0.54615146 0.14720696 0.45156408
v -0.51339907 0.15988500 0.49460322
v -0.47966110 0.19368147 0.52539284
v -0.51386344 0.17146730 0.56807308
v -0.55258040 0.18045898 0.60829134
v -0.58112962 0.21055269 0.62452841
v -0.52667624 0.21510760 0.67629831
v -0.41509194 0.21867534 0.67993919
v -0.35848463 0.23042096 0.64925130
v -0.43221837 0.17279949 0.57773054
v -0.39196345 0.18877676 0.62252591
v -0.35309058 0.22265876 0.63733946
v -0.43159180 0.15816080 0.47372275
v -0.40082226 0.15360432 0.44024070
v -0.36733694 0.17990213 0.39242693
v -0.50705909 0.13621532 0.36053190
v -0.40957677 0.14284272 0.36253483
v -0.36305493 0.17836103 0.37346934
v -0.71368802 -0.19083473 0.25768535
v -0.71368802 -0.19083473 0.25768535
v -0.71368802 -0.19083473 0.25768535
v -0.70447883 -0.09416189 0.25889985
v -0.69164939 0.00014374 0.25640168
v -0.72955092 -0.01224982 0.36966917
v -0.64838104 0.09302893 0.25476322
v -0.64838104 0.09302893 0.25476322
v -0.52852148 0.13150230 0.25572159
v -0.52852148 0.13150230 0.25572159
v -0.40622266 0.13756039 0.25051593
v -0.40622266 0.13756039 0.25051593
v -0.28036605 0.13973078 0.25036129
v -0.28036605 0.13973078 0.25036129
v -0.34432220 0.17515796 0.37353028
v -0.32197699 0.18113578 0.61437592
v -0.28497594 0.17118749 0.57736096
v -0.42196964 0.16288688 0.52844868
v -0.27950320 0.16106947 0.49073458
v -0.32414396 0.15246613 0.44603814
v -0.35239797 0.18119977 0.39674288
v -0.29014129 0.14109783 0.36945776
v -0.19523018 0.13971021 0.36961769
v -0.11785233 0.18467999 0.37569955
v -0.28237352 0.14821215 0.43967133
v -0.20365751 0.14520403 0.43643106
v -0.12624306 0.18281606 0.40273198
v -0.50926692 0.14368979 0.43277776
v -0.43039687 0.14356294 0.42971009
v -0.18740713 0.14012567 0.25033280
v -0.18740713 0.14012567 0.25033280
v -0.60220238 0.12383504 0.25036725
v -0.60220238 0.12383504 0.25036725
v -0.67812029 0.05017364 0.25529993
v -0.67812029 0.05017364 0.25529993
v -0.67812029 0.05017364 0.25529993
v -0.76312630 -0.30954463 0.53664343
v -0.80927774 -0.26813670 0.58715452
v -0.75265794 -0.23308920 0.52933011
v -0.82483009 -0.29418475 0.61893675
v -0.83102917 -0.22971410 0.63362122
v -0.73309126 -0.05256995 0.54743534
v -0.71959525 -0.05272410 0.48132493
v -0.71259210 0.00230908 0.48364793
v -0.72403692 0.00391170 0.54887447
v -0.71313758 0.07277801 0.59073231
v -0.68463028 0.11484681 0.59467580
v -0.75510999 -0.14513574 0.57128509
v -0.59619825 0.14823919 0.52797724
v -0.76831959 -0.39491067 0.47237315
v -0.75431022 -0.40193843 0.41575280
v -0.74577377 -0.40604657 0.35517674
v -0.74116546 -0.40811428 0.27484698
v -0.73845041 -0.40581357 0.21648093
v -0.77633621 -0.39124160 0.47116397
v -0.76038373 -0.39707262 0.41479395
v -0.75176877 -0.40389272 0.35155601
v -0.74852403 -0.40621884 0.27433068
v -0.70261599 -0.36115079 0.24991761
v -0.71166573 -0.36655253 0.24857227
v -0.71166573 -0.36655253 0.24857227
v -0.71699748 -0.40060661 0.23292617
v -0.70852969 -0.40378161 0.23169400
v 0.70852981 -0.40378155 0.23169403
v -0.80664441 -0.37276776 0.04447158
v -0.79797041 -0.36530654 0.08322964
v -0.79261477 -0.35498153 0.10636908
v -0.79105625 -0.34608004 0.11315916
v -0.79465115 -0.30114462 0.12727892
v -0.79904613 -0.24075592 0.14054111
v -0.80015118 -0.17696956 0.14821355
v -0.79780050 -0.11812690 0.15118734
v -0.79277476 -0.05991466 0.14956920
v -0.78671075 -0.00682356 0.14354357
v -0.77769482 0.04791228 0.13015728
v -0.76669894 0.09815447 0.11017714
v -0.76877180 0.13993247 0.00000000
v -0.76877180 0.13993247 0.00000000
v -0.75111955 0.15898507 0.10607641
v -0.76651561 0.13765865 0.00000000
v -0.76651561 0.13765865 0.00000000
v -0.76651561 0.13765865 0.00000000
v -0.76294550 0.09692694 0.10892347
v -0.76294550 0.09692694 0.10892347
v -0.76294550 0.09692694 0.10892347
v -0.77497711 0.04491466 0.12822872
v -0.77497711 0.04491466 0.12822872
v -0.78409363 -0.00863405 0.14102220
v -0.78409363 -0.00863405 0.14102220
v -0.78951133 -0.05999185 0.14672780
v -0.78951133 -0.05999185 0.14672780
v -0.79522627 -0.11984015 0.14806103
v -0.79522627 -0.11984015 0.14806103
v -0.79725569 -0.17884828 0.14519685
v -0.79725569 -0.17884828 0.14519685
v -0.79633222 -0.24082536 0.13813128
v -0.79633222 -0.24082536 0.13813128
v -0.79150700 -0.29995316 0.12449688
v -0.79150700 -0.29995316 0.12449688
v -0.78814473 -0.34478391 0.11058915
v -0.78814473 -0.34478391 0.11058915
v -0.79030033 -0.35208200 0.10251698
v -0.79030033 -0.35208200 0.10251698
v -0.79568017 -0.36175004 0.08167147
v -0.79568017 -0.36175004 0.08167147
v -0.80385732 -0.36952277 0.04251770
v -0.80385732 -0.36952277 0.04251770
v -0.78720439 -0.29760848 0.29366427
v -0.79607781 -0.28789760 0.42520648
v -0.82402052 -0.27958750 0.51188776
v -0.79609953 -0.17734697 0.27530968
v -0.80303874 -0.16943657 0.41807226
v -0.83303150 -0.16416501 0.50692877
v -0.78841917 -0.06221362 0.27345540
v -0.79502146 -0.05899271 0.41390212
v -0.83116224 -0.04652066 0.50718959
v -0.77219098 0.04100023 0.27785981
v -0.77768665 0.05572145 0.41944521
v -0.80381020 0.07263723 0.48877517
v -0.75858827 0.11008894 0.27747982
v -0.76456796 0.12023136 0.42525439
v -0.78416101 0.13135426 0.48283685
v -0.76645161 0.15750221 0.00000000
v -0.76645161 0.15750221 0.00000000
v -0.76322012 0.16924239 0.00000000
v -0.76322012 0.16924239 0.00000000
v -0.75956424 0.17304488 0.00000000
v -0.75956424 0.17304488 0.00000000
v -0.73726340 0.15528461 0.28288497
v -0.73030562 0.16580052 0.42522529
v -0.74504961 0.18058516 0.48052438
v -0.74415567 0.16378809 0.11030498
v -0.73317171 0.15632911 0.18065951
v -0.72775274 0.16256455 0.28198126
v -0.70653971 0.18377026 0.43985430
v -0.71248002 0.21051477 0.48675255
v -0.74219060 0.17559317 0.00000000
v -0.74219060 0.17559317 0.00000000
v -0.73872260 0.17333135 0.00000000
v -0.73872260 0.17333135 0.00000000
v -0.73872260 0.17333135 0.00000000
v -0.69081055 0.17128530 0.13140276
v -0.68973786 0.16842623 0.12844781
v -0.68973786 0.16842623 0.12844781
v -0.68973786 0.16842623 0.12844781
v -0.49160485 0.19457439 0.13345395
v -0.24120245 0.21098119 0.13231509
v 0.00000000 0.21362486 0.13361001
v -0.49117874 0.19259590 0.13093742
v -0.49117874 0.19259590 0.13093742
v -0.23987082 0.20839092 0.13046214
v -0.23987082 0.20839092 0.13046214
v 0.00000000 0.21071734 0.13059930
v 0.00000000 0.21071734 0.13059930
v 0.00000000 0.21587749 0.24629274
v 0.00000000 0.21985909 0.37237805
v 0.00000007 0.25886215 0.46399963
v 0.00000007 0.29396013 0.49078248
v 0.00000000 0.23364453 0.42649805
v -0.73126229 0.16011994 0.36084039
v -0.71171981 0.17119251 0.35878774
v -0.78372447 -0.37005718 0.04150006
v -0.78372447 -0.37005718 0.04150006
v -0.77553099 -0.36701774 0.06528303
v -0.77553099 -0.36701774 0.06528303
v -0.76725573 -0.36175785 0.08368302
v -0.76725573 -0.36175785 0.08368302
v -0.76725573 -0.36175785 0.08368302
v -0.76397512 -0.34624197 0.10048559
v -0.76397512 -0.34624197 0.10048559
v -0.76439878 -0.33150511 0.10848833
v -0.76439878 -0.33150511 0.10848833
v -0.76655970 -0.29129423 0.12166484
v -0.76655970 -0.29129423 0.12166484
v -0.77143561 -0.22666479 0.13427042
v -0.77143561 -0.22666479 0.13427042
v -0.77218487 -0.15948042 0.13887934
v -0.77218487 -0.15948042 0.13887934
v -0.76927052 -0.10115066 0.13996340
v -0.76927052 -0.10115066 0.13996340
v -0.76339372 -0.04019643 0.13663258
v -0.76339372 -0.04019643 0.13663258
v -0.75440331 0.00810692 0.13031077
v -0.75440331 0.00810692 0.13031077
v -0.74086949 0.05640415 0.12204552
v -0.74086949 0.05640415 0.12204552
v -0.71923746 0.10397799 0.11300428
v -0.71923746 0.10397799 0.11300428
v -0.71923746 0.10397799 0.11300428
v -0.71923746 0.10397799 0.11300428
v -0.77560134 -0.37393644 0.03960770
v -0.75544110 -0.36853930 0.08304046
v -0.75544110 -0.36853930 0.08304046
v -0.75544110 -0.36853930 0.08304046
v -0.77257550 -0.38050879 0.03822054
v -0.77257550 -0.38050879 0.03822054
v -0.75005908 -0.37564141 0.08289765
v -0.75005908 -0.37564141 0.08289765
v -0.75005908 -0.37564141 0.08289765
v -0.72455790 -0.37664078 0.11795577
v -0.72455790 -0.37664078 0.11795577
v -0.68796999 -0.37654219 0.15082305
v -0.68796999 -0.37654219 0.15082305
v -0.64447813 -0.37474256 0.17202429
v -0.64447813 -0.37474256 0.17202429
v -0.58070620 -0.37432761 0.18537616
v -0.58070620 -0.37432761 0.18537616
v -0.50999688 -0.37394956 0.18884897
v -0.50999688 -0.37394956 0.18884897
v -0.44341706 -0.37455384 0.18696469
v -0.44341706 -0.37455384 0.18696469
v -0.35289215 -0.37545571 0.17622770
v -0.35289215 -0.37545571 0.17622770
v -0.28441238 -0.37766048 0.15799662
v -0.28441238 -0.37766048 0.15799662
v -0.21565560 -0.37804494 0.13122731
v -0.21565560 -0.37804494 0.13122731
v -0.15671864 -0.38242861 0.10786639
v -0.15671864 -0.38242861 0.10786639
v -0.09942844 -0.37899206 0.09468522
v -0.09942844 -0.37899206 0.09468522
v -0.05154651 -0.38175889 0.08862405
v -0.05154651 -0.38175889 0.08862405
v 0.00000007 -0.37973037 0.08690520
v 0.00000007 -0.37973037 0.08690520
v 0.00000007 -0.37089373 0.19315751
v 0.00000007 -0.37089373 0.19315751
v 0.00000007 -0.37089373 0.19315751
v -0.73667280 -0.36689876 0.19175710
v -0.73667280 -0.36689876 0.19175710
v -0.75140427 -0.35741568 0.19201305
v -0.75140427 -0.35741568 0.19201305
v -0.75140427 -0.35741568 0.19201305
v -0.76481881 -0.21544774 0.19328753
v -0.76481881 -0.21544774 0.19328753
v -0.76135661 -0.09603967 0.19327812
v -0.76135661 -0.09603967 0.19327812
v -0.74635724 0.00960368 0.19257916
v -0.74635724 0.00960368 0.19257916
v -0.70983810 0.09823223 0.19274211
v -0.70983810 0.09823223 0.19274211
v -0.70152038 0.10814365 0.19237885
v -0.70152038 0.10814365 0.19237885
v -0.70152038 0.10814365 0.19237885
v -0.58415491 0.13667131 0.19307159
v -0.58415491 0.13667131 0.19307159
v -0.43907023 0.15516091 0.19230932
v -0.43907023 0.15516091 0.19230932
v -0.24530225 0.16670148 0.19357194
v -0.24530225 0.16670148 0.19357194
v 0.00000007 0.16837360 0.19316522
v 0.00000007 0.16837360 0.19316522
v 0.00000007 0.16837360 0.19316522
v 0.00000007 0.16837360 0.19316522
v 0.00000007 0.17532708 0.13079198
v 0.00000007 0.17532708 0.13079198
v 0.00000007 0.17532708 0.13079198
v -0.23542455 0.17509493 0.13043093
v -0.23542455 0.17509493 0.13043093
v -0.38129898 0.16817296 0.13025549
v -0.38129898 0.16817296 0.13025549
v -0.48760794 0.15833017 0.13023915
v -0.48760794 0.15833017 0.13023915
v -0.69812484 0.12470793 0.11797824
v -0.69812484 0.12470793 0.11797824
v -0.69812484 0.12470793 0.11797824
v -0.69812484 0.12470793 0.11797824
v -0.70248679 0.11174757 0.11767090
v -0.70248679 0.11174757 0.11767090
v -0.70248679 0.11174757 0.11767090
v -0.73658630 0.14505306 0.00000000
v -0.73658630 0.14505306 0.00000000
v -0.73658630 0.14505306 0.00000000
v -0.74351861 0.13670685 0.00000000
v -0.74351861 0.13670685 0.00000000
v -0.74351861 0.13670685 0.00000000
v -0.71594373 0.13592211 0.07012144
v -0.71594373 0.13592211 0.07012144
v -0.73328899 0.12180413 0.05739913
v -0.73328899 0.12180413 0.05739913
v -0.72337307 0.12787501 0.06073472
v -0.73919894 0.13963548 0.00000000
v -0.73919894 0.13963548 0.00000000
v -0.78810699 -0.06022817 0.27354011
v -0.20841486 0.16404008 0.48328104
v -0.22983948 0.19767341 0.53047326
v -0.29742751 0.18558882 0.63411281
v -0.20329083 0.17930832 0.63151099
v -0.12649741 0.22566318 0.64150809
v -0.30072367 0.21877019 0.68099427
v -0.21194843 0.22268193 0.68504374
v -0.12531578 0.23172798 0.65344794
v -0.06390959 0.22443928 0.68671181
v 0.00000007 0.22733990 0.68977975
v -0.18585344 0.17341979 0.59607851
v -0.06458947 0.18207315 0.62364783
v 0.00000000 0.17937135 0.62867472
v -0.12077945 0.15581944 0.52818955
v 0.00000000 0.20747544 0.53100011
v -0.04316008 0.14764441 0.44241517
v 0.00000000 0.14671768 0.44075112
v -0.04628179 0.13537669 0.25550147
v -0.04628179 0.13537669 0.25550147
v 0.00000000 0.13564568 0.25506926
v 0.00000000 0.13564568 0.25506926
v -0.28762675 0.16559685 0.53184972
v -0.24902865 0.19565403 0.52569867
v -0.05497677 0.16508610 0.53624385
v -0.52863901 0.18539302 0.63527889
v -0.43331437 0.18469391 0.64071510
v -0.85352285 -0.36194409 0.56971030
v -0.84795562 -0.36640675 0.56880855
v -0.84117604 -0.36946108 0.56898215
v -0.84228430 -0.36871913 0.56508861
v -0.84571740 -0.36668203 0.56283490
v -0.84750118 -0.36550748 0.56230570
v -0.84925484 -0.36453780 0.56270951
v -0.85136991 -0.36309063 0.56356402
v -0.85290491 -0.36216457 0.56536232
v -0.85330286 -0.36213003 0.56769315
v -0.84383194 -0.36781363 0.56363509
v -0.84139997 -0.36929147 0.56704104
v -0.84432431 -0.36771413 0.57225737
v -0.84646055 -0.36615270 0.57417205
v -0.84917717 -0.36446891 0.57473059
v -0.85039612 -0.36368638 0.57449058
v -0.85171021 -0.36295508 0.57371585
v -0.85283323 -0.36230066 0.57226282
v -0.86495708 -0.26876964 0.53883938
v -0.87545115 -0.18414772 0.53991878
v -0.87649547 -0.09295074 0.53456024
v -0.86489236 -0.03009708 0.52678636
v -0.85612001 0.04251010 0.51750247
v -0.84514270 0.09188641 0.51136998
v -0.82308557 0.14167174 0.50456618
v -0.77344586 0.21047908 0.49697718
v -0.73206146 0.24192336 0.49339180
v -0.69837139 0.26784996 0.49240349
v -0.66295306 0.28835649 0.49168000
v -0.62992419 0.30135445 0.49104585
v -0.59396916 0.31280961 0.49072535
v -0.54933239 0.32022485 0.49087709
v -0.48925139 0.32831672 0.49216995
v -0.31923454 0.34414979 0.49669764
v 0.00000000 0.35040821 0.49817671
v 0.00000000 0.37676130 0.51241485
v -0.31290940 0.37265389 0.51303920
v -0.48934793 0.35650065 0.50351889
v -0.54904126 0.34653942 0.50048991
v -0.90617121 0.05158918 0.58577800
v -0.64336292 0.32468600 0.50498260
v -0.88635496 0.12192874 0.58312314
v -0.70448966 0.29206941 0.50504775
v -0.74457684 0.25784445 0.50216276
v -0.78905296 0.22107519 0.50627598
v -0.83809256 0.15281889 0.51200668
v -0.85981532 0.09967495 0.51701439
v -0.87674196 0.04713084 0.52431471
v -0.88481833 -0.02339991 0.53057851
v -0.89443944 -0.09072343 0.53875088
v -0.89498752 -0.18550198 0.54330434
v -0.88847935 -0.26653003 0.54173105
v -0.90655476 -0.26267944 0.56771027
v -0.91437122 -0.18406486 0.56077076
v -0.91697026 -0.09116427 0.55569972
v -0.90933030 -0.02480156 0.54718474
v -0.89769005 0.04869838 0.54178035
v -0.88087302 0.10937128 0.53724922
v -0.85734984 0.16048056 0.53231457
v -0.80604177 0.23259749 0.52858369
v -0.75875213 0.27565880 0.52625225
v -0.72006070 0.30517334 0.52770940
v -0.68052238 0.32860440 0.52750060
v -0.91384782 -0.16491615 0.59516841
v -0.60226311 0.35916997 0.52343679
v -0.91576087 -0.01909216 0.58874571
v -0.49222838 0.38351421 0.52999850
v -0.31600310 0.39503778 0.53871647
v 0.00000000 0.40184966 0.54196139
v 0.00000000 0.41493318 0.59831365
v -0.31801335 0.41172261 0.59687465
v -0.49813558 0.40216135 0.58039345
v -0.56742105 0.39036976 0.57391849
v -0.64027581 0.36545597 0.57456008
v -0.72004497 0.32107132 0.57262145
v -0.77715103 0.27682391 0.57441606
v -0.83420139 0.21565925 0.57846462
v -0.90321052 -0.25465687 0.59829248
v -0.88683904 -0.24793360 0.62528699
v -0.89020246 -0.15569371 0.63210631
v -0.89282315 -0.02628496 0.63249851
v -0.88442728 0.05034942 0.63246778
v -0.86977577 0.11565846 0.62971620
v -0.82304208 0.20594196 0.62597867
v -0.76898102 0.26602916 0.62535613
v -0.71880588 0.30703267 0.62566486
v -0.64239614 0.35170997 0.62929557
v -0.57014221 0.38080769 0.62787671
v -0.50091644 0.39284486 0.63182329
v -0.32566686 0.40345984 0.63450549
v 0.00000007 0.40075762 0.64830993
v 0.00000000 0.36364038 0.69094680
v -0.33083093 0.36629282 0.68293218
v -0.49861144 0.35881201 0.67654504
v -0.56653363 0.34250670 0.67573384
v -0.62836941 0.31734830 0.67315108
v -0.69989217 0.28071297 0.66735454
v -0.74902759 0.24207876 0.66561975
v -0.79935304 0.18600153 0.66444762
v -0.84029328 0.11104900 0.66201505
v -0.85523302 0.04370016 0.66046088
v -0.86259401 -0.03701433 0.65906906
v -0.86258457 -0.15135671 0.65263668
v -0.85932138 -0.25728255 0.63849224
v -0.85438014 -0.33566310 0.61912989
v -0.85438014 -0.33566310 0.61912989
v -0.83640659 -0.16935969 0.65091223
v -0.82799753 -0.04468474 0.67017557
v -0.81411833 0.03594948 0.67849081
v -0.79865949 0.08926112 0.68259333
v -0.77148146 0.15100771 0.68470513
v -0.71985577 0.21374160 0.69031131
v -0.67457087 0.24735915 0.69230003
v -0.61122974 0.28067438 0.69614245
v -0.54660222 0.30062098 0.70245579
v -0.49178343 0.31328347 0.70397173
v -0.32944213 0.32623346 0.70745897
v 0.00000000 0.32512037 0.71090822
v 0.00000007 0.27988483 0.71180755
v -0.18077205 0.28104069 0.72000000
v -0.32131084 0.28015491 0.71694809
v -0.47942495 0.27855706 0.70877663
v -0.53873259 0.26250115 0.70777502
v -0.59770113 0.24509915 0.69944066
v -0.65952577 0.21626697 0.69036666
v -0.69489613 0.19040249 0.68368283
v -0.74755380 0.12638223 0.66913312
v -0.78283331 0.04065294 0.66556870
v -0.79603910 -0.01612854 0.65465745
v -0.80509895 -0.08877071 0.65102420
v -0.68640087 0.16678689 0.17614650
v -0.68071086 0.17250539 0.28574398
v -0.67113378 0.17535781 0.36393977
v -0.66930959 0.18982580 0.44030935
v -0.67783043 0.22572240 0.48754785
v -0.59354205 0.18185727 0.17830941
v -0.58962529 0.18431362 0.28321708
v -0.58678528 0.18826486 0.36984198
v -0.58644685 0.20829426 0.43856685
v -0.59657587 0.25147540 0.48438274
v -0.49209960 0.19668329 0.25819744
v -0.49423176 0.19920466 0.36094669
v -0.49604806 0.21949664 0.43501901
v -0.50383174 0.27123660 0.48501202
v -0.23485101 0.21401465 0.24540593
v -0.21991200 0.22217389 0.39350876
v -0.22006896 0.28007803 0.48010220
v -0.22610055 0.30419441 0.49458441
v -0.21960242 0.25212243 0.45679315
v -0.58981795 0.22746971 0.46436428
v -0.49842556 0.24169732 0.46349156
v -0.34540608 -0.40776442 0.20391331
v -0.62809770 0.04770496 0.25241609
v -0.46737212 0.07574853 0.25311880
v -0.12851377 0.07893690 0.25281624
v 0.79865719 -0.37653299 0.56904384
v 0.82103038 -0.36987753 0.59020830
v 0.84859135 -0.36025025 0.60270954
v 0.78190791 -0.38311968 0.53715794
v 0.75966211 -0.39223421 0.47767368
v 0.74324273 -0.39955297 0.41490186
v 0.73458101 -0.40347941 0.35588288
v 0.72811367 -0.40407546 0.27281256
v 0.72790583 -0.40289710 0.23796255
v 0.72039012 -0.39489143 0.23313373
v 0.71351109 -0.39902201 0.24208730
v 0.70663243 -0.39286618 0.24749977
v 0.70663243 -0.39286618 0.24749977
v 0.70580278 -0.40168160 0.24205040
v 0.72528018 -0.39850031 0.22069035
v 0.73183148 -0.40005067 0.20991925
v 0.73884769 -0.40213870 0.20053138
v 0.75140723 -0.40675682 0.19384256
v 0.71857694 -0.40333224 0.21950954
v 0.72444860 -0.40776436 0.20763515
v 0.73091763 -0.40551458 0.19909640
v 0.60864468 -0.40763110 0.18221801
v 0.60864468 -0.40763110 0.18221801
v 0.56579823 -0.40791909 0.18744318
v 0.56579823 -0.40791909 0.18744318
v 0.52127566 -0.40807545 0.18943531
v 0.52127566 -0.40807545 0.18943531
v 0.47070550 -0.40776436 0.18862725
v 0.47070550 -0.40776436 0.18862725
v 0.41395390 -0.40776436 0.18505809
v 0.41395390 -0.40776436 0.18505809
v 0.36798943 -0.40776436 0.17884419
v 0.36798943 -0.40776436 0.17884419
v 0.32923630 -0.40776436 0.17092314
v 0.32923630 -0.40776436 0.17092314
v 0.28777114 -0.40779025 0.15949460
v 0.28777114 -0.40779025 0.15949460
v 0.24755542 -0.40793584 0.14507452
v 0.24755542 -0.40793584 0.14507452
v 0.20005601 -0.40791128 0.12514276
v 0.20005601 -0.40791128 0.12514276
v 0.16927237 -0.40765663 0.11290825
v 0.16927237 -0.40765663 0.11290825
v 0.13836111 -0.40779551 0.10328330
v 0.13836111 -0.40779551 0.10328330
v 0.10498486 -0.40788769 0.09586639
v 0.10498486 -0.40788769 0.09586639
v 0.05986092 -0.40784965 0.09011453
v 0.05986092 -0.40784965 0.09011453
v 0.64731627 -0.40680133 0.17213595
v 0.64731627 -0.40680133 0.17213595
v 0.67159603 -0.40654608 0.16266122
v 0.67159603 -0.40654608 0.16266122
v 0.69384304 -0.40612049 0.14936016
v 0.69384304 -0.40612049 0.14936016
v 0.71383301 -0.40603036 0.13312632
v 0.71383301 -0.40603036 0.13312632
v 0.73621442 -0.40580401 0.10617479
v 0.73621442 -0.40580401 0.10617479
v 0.75808350 -0.40581145 0.07108041
v 0.75808350 -0.40581145 0.07108041
v 0.77543052 -0.40585434 0.03747908
v 0.77543052 -0.40585434 0.03747908
v 0.79238220 -0.40583595 0.00000012
v 0.79238220 -0.40583595 0.00000012
v 0.81555418 -0.40424367 0.00000012
v 0.81555418 -0.40424367 0.00000012
v 0.81555418 -0.40424367 0.00000012
v 0.81520952 -0.37343016 0.00000012
v 0.81520952 -0.37343016 0.00000012
v 0.74000615 0.15070019 0.17906766
v 0.81293737 -0.37090951 0.00000012
v 0.81293737 -0.37090951 0.00000012
v 0.81293737 -0.37090951 0.00000012
v 0.79834592 -0.37099450 0.00000012
v 0.79834592 -0.37099450 0.00000012
v 0.79834592 -0.37099450 0.00000012
v 0.78992289 -0.37530528 0.00000012
v 0.78992289 -0.37530528 0.00000012
v 0.78715001 -0.38314152 0.00000012
v 0.78715001 -0.38314152 0.00000012
v 0.78715001 -0.38314152 0.00000012
v 0.79066338 -0.40416153 0.00000012
v 0.79066338 -0.40416153 0.00000012
v 0.79066338 -0.40416153 0.00000012
v 0.81629915 -0.38951353 0.00000012
v 0.81629915 -0.38951353 0.00000012
v 0.80053509 -0.40404697 0.07485424
v 0.80053509 -0.40404697 0.07485424
v 0.78628455 -0.40324297 0.16232615
v 0.78628455 -0.40324297 0.16232615
v 0.77913769 -0.40356609 0.22515728
v 0.77913769 -0.40356609 0.22515728
v 0.77554230 -0.40320026 0.28489407
v 0.77554230 -0.40320026 0.28489407
v 0.77712974 -0.39973516 0.37314809
v 0.77712974 -0.39973516 0.37314809
v 0.78834186 -0.39292080 0.44127195
v 0.78834186 -0.39292080 0.44127195
v 0.81037414 -0.38013576 0.52168725
v 0.81037414 -0.38013576 0.52168725
v 0.82241095 -0.37579940 0.54764215
v 0.82241095 -0.37579940 0.54764215
v 0.83240678 -0.37225760 0.56263850
v 0.79840967 -0.38661665 0.48245735
v 0.79840967 -0.38661665 0.48245735
v 0.78193537 -0.39666626 0.40755327
v 0.78193537 -0.39666626 0.40755327
v 0.77518845 -0.40131280 0.33461450
v 0.77518845 -0.40131280 0.33461450
v 0.83836978 -0.36936345 0.56942594
v 0.83836978 -0.36936345 0.56942594
v 0.84272090 -0.36685291 0.57334772
v 0.84272090 -0.36685291 0.57334772
v 0.84545083 -0.36517298 0.57505940
v 0.84545083 -0.36517298 0.57505940
v 0.84708605 -0.36421316 0.57565351
v 0.84708605 -0.36421316 0.57565351
v 0.84877596 -0.36332073 0.57573880
v 0.84877596 -0.36332073 0.57573880
v 0.85043840 -0.36247686 0.57531170
v 0.85043840 -0.36247686 0.57531170
v 0.85204580 -0.36173377 0.57437807
v 0.85204580 -0.36173377 0.57437807
v 0.85355219 -0.36102667 0.57271375
v 0.85355219 -0.36102667 0.57271375
v 0.85468996 -0.36032326 0.56984488
v 0.85468996 -0.36032326 0.56984488
v 0.85447632 -0.36017126 0.56712348
v 0.85447632 -0.36017126 0.56712348
v 0.85344028 -0.36048307 0.56481884
v 0.85344028 -0.36048307 0.56481884
v 0.85174481 -0.36132742 0.56260711
v 0.85174481 -0.36132742 0.56260711
v 0.84940709 -0.36269831 0.56101816
v 0.84940709 -0.36269831 0.56101816
v 0.84717098 -0.36394266 0.56045998
v 0.84717098 -0.36394266 0.56045998
v 0.84432745 -0.36560287 0.56091085
v 0.84432745 -0.36560287 0.56091085
v 0.84196238 -0.36710829 0.56236993
v 0.84196238 -0.36710829 0.56236993
v 0.84034797 -0.36814257 0.56434443
v 0.84034797 -0.36814257 0.56434443
v 0.83920378 -0.36869070 0.56661484
v 0.83920378 -0.36869070 0.56661484
v 0.83721724 -0.36937857 0.56791278
v 0.83264982 -0.37089197 0.56219803
v 0.82926517 -0.37160282 0.55740849
v 0.82793771 -0.37207354 0.55548099
v 0.82681336 -0.37335600 0.55395065
v 0.82534206 -0.37439621 0.55183268
v 0.82302853 -0.37474207 0.54792693
v 0.82302853 -0.37474207 0.54792693
v 0.82302853 -0.37474207 0.54792693
v 0.82302853 -0.37474207 0.54792693
v 0.82332371 -0.37142874 0.54793763
v 0.82332371 -0.37142874 0.54793763
v 0.82357158 -0.36880962 0.54819767
v 0.82357158 -0.36880962 0.54819767
v 0.82331911 -0.35902471 0.54766296
v 0.82331911 -0.35902471 0.54766296
v 0.82331911 -0.35902471 0.54766296
v 0.82301582 -0.35173588 0.54748416
v 0.82301582 -0.35173588 0.54748416
v 0.82276819 -0.34192109 0.54936085
v 0.82276819 -0.34192109 0.54936085
v 0.82928029 -0.32474368 0.54845014
v 0.82928029 -0.32474368 0.54845014
v 0.83594737 -0.30767354 0.54901921
v 0.83594737 -0.30767354 0.54901921
v 0.84426672 -0.27090758 0.54533854
v 0.84426672 -0.27090758 0.54533854
v 0.84915969 -0.24374356 0.54688509
v 0.84915969 -0.24374356 0.54688509
v 0.85339201 -0.17959944 0.54409285
v 0.85339201 -0.17959944 0.54409285
v 0.85430985 -0.13563218 0.54071794
v 0.85430985 -0.13563218 0.54071794
v 0.85281303 -0.09406314 0.53677808
v 0.85281303 -0.09406314 0.53677808
v 0.84696278 -0.03272457 0.53019575
v 0.84696278 -0.03272457 0.53019575
v 0.83510695 0.03955848 0.52153083
v 0.83510695 0.03955848 0.52153083
v 0.82396197 0.08334890 0.51547964
v 0.82396197 0.08334890 0.51547964
v 0.80308731 0.13657931 0.50726347
v 0.80308731 0.13657931 0.50726347
v 0.78152188 0.16853728 0.50422034
v 0.78152188 0.16853728 0.50422034
v 0.75513255 0.19766186 0.50176315
v 0.75513255 0.19766186 0.50176315
v 0.71852359 0.22666304 0.50292965
v 0.71852359 0.22666304 0.50292965
v 0.68317071 0.24891707 0.50493875
v 0.68317071 0.24891707 0.50493875
v 0.64957428 0.26656671 0.50550074
v 0.64957428 0.26656671 0.50550074
v 0.61471462 0.28155737 0.50566037
v 0.61471462 0.28155737 0.50566037
v 0.57881626 0.29347242 0.50527379
v 0.57881626 0.29347242 0.50527379
v 0.53668998 0.30516372 0.49965987
v 0.53668998 0.30516372 0.49965987
v 0.48253629 0.30925529 0.50406839
v 0.48253629 0.30925529 0.50406839
v 0.30923181 0.31858969 0.50349730
v 0.30923181 0.31858969 0.50349730
v 0.83294645 -0.37064730 0.55037589
v 0.83942613 -0.36776385 0.54672939
v 0.84875829 -0.36306214 0.54346608
v 0.85442708 -0.35959305 0.54242847
v 0.86297181 -0.35672261 0.54472314
v 0.87291321 -0.35351882 0.55123343
v 0.87806119 -0.35142988 0.55877406
v 0.88266745 -0.35064934 0.56906459
v 0.88311724 -0.35056079 0.57954880
v 0.87519347 -0.35285902 0.58766752
v 0.88370276 -0.35057561 0.57433404
v 0.88053925 -0.35152460 0.58354558
v 0.86921487 -0.35456405 0.58997446
v 0.86116650 -0.35723682 0.59106457
v 0.85096622 -0.36138107 0.59011479
v 0.83586474 -0.36815908 0.58487057
v 0.82437486 -0.37277713 0.57692206
v 0.81258000 -0.37667949 0.56377512
v 0.80283278 -0.37936781 0.54829009
v 0.83161778 -0.37274060 0.54756545
v 0.83845506 -0.36949471 0.54416423
v 0.84938906 -0.36492680 0.54105498
v 0.86092394 -0.36003794 0.54113670
v 0.86786297 -0.35501117 0.54337849
v 0.87764903 -0.34989331 0.54866373
v 0.88620489 -0.34691060 0.56132519
v 0.88993093 -0.34589737 0.57462153
v 0.88765333 -0.34748094 0.58862510
v 0.87644641 -0.35245121 0.59718217
v 0.86242512 -0.35754500 0.59932761
v 0.84705484 -0.36331910 0.59684187
v 0.83218056 -0.36929848 0.59009410
v 0.81985026 -0.37392422 0.58201101
v 0.80822658 -0.37838482 0.56733513
v 0.79597505 -0.38193297 0.55053594
v 0.78920780 -0.38499891 0.53285581
v 0.82398326 -0.37552781 0.54755021
v 0.82978960 -0.37271719 0.54434751
v 0.83737802 -0.36839371 0.54052541
v 0.84926857 -0.36320653 0.53713072
v 0.86962062 -0.34887470 0.53901872
v 0.88188498 -0.34389299 0.54834568
v 0.89154353 -0.33786636 0.56237048
v 0.89552737 -0.33442316 0.57901887
v 0.89115907 -0.34009122 0.59483114
v 0.88058147 -0.34719332 0.60342734
v 0.86428645 -0.35439226 0.60525353
v 0.82380870 -0.37532959 0.54946005
v 0.86069687 -0.35704410 0.53721722
v 0.82738025 -0.36939545 0.54265760
v 0.83658382 -0.36492377 0.53842661
v 0.84791885 -0.35885867 0.53525518
v 0.85907641 -0.34993027 0.53461540
v 0.82872647 -0.35688472 0.54157959
v 0.82872647 -0.35688472 0.54157959
v 0.83921854 -0.34945641 0.53665759
v 0.83921854 -0.34945641 0.53665759
v 0.85653919 -0.33514272 0.53404821
v 0.85653919 -0.33514272 0.53404821
v 0.86834082 -0.33097935 0.53520237
v 0.86834082 -0.33097935 0.53520237
v 0.79414699 -0.38278415 0.53055801
v 0.80755783 -0.34677154 0.51662733
v 0.88795335 -0.32326064 0.54746879
v 0.88795335 -0.32326064 0.54746879
v 0.89892884 -0.31684922 0.57265466
v 0.89892884 -0.31684922 0.57265466
v 0.89632182 -0.31712332 0.59762621
v 0.89632182 -0.31712332 0.59762621
v 0.88168694 -0.32662690 0.61623501
v 0.88168694 -0.32662690 0.61623501
v 0.82940490 -0.34665456 0.60864253
v 0.82940490 -0.34665456 0.60864253
v 0.79911000 -0.35059412 0.58677932
v 0.79911000 -0.35059412 0.58677932
v 0.77170025 -0.35961592 0.54506235
v 0.77170025 -0.35961592 0.54506235
v 0.74776890 -0.37301213 0.47426965
v 0.74776890 -0.37301213 0.47426965
v 0.73424119 -0.37906174 0.41273326
v 0.73424119 -0.37906174 0.41273326
v 0.72561976 -0.37989720 0.35310933
v 0.72561976 -0.37989720 0.35310933
v 0.71732908 -0.37154215 0.24238151
v 0.71732908 -0.37154215 0.24238151
v 0.71732908 -0.37154215 0.24238151
v 0.71732908 -0.37154215 0.24238151
v 0.72909756 -0.33339348 0.35880304
v 0.75228854 -0.27112016 0.37402716
v 0.73632777 -0.31671161 0.43336778
v 0.73443233 -0.23147826 0.42615345
v 0.72800963 -0.22174542 0.38337937
v 0.72844224 -0.25854816 0.33548213
v 0.73987840 -0.19231955 0.46006433
v 0.76479267 -0.14310937 0.49326526
v 0.74798242 -0.10194084 0.54219548
v 0.74734258 -0.07876311 0.57755912
v 0.75903425 -0.18251909 0.53607884
v 0.77402406 -0.21740059 0.56943629
v 0.73376878 -0.10346447 0.46411525
v 0.72256791 -0.07566427 0.43397569
v 0.71389688 -0.11051422 0.38529417
v 0.73108930 -0.04378925 0.37532078
v 0.73492083 -0.02785008 0.39291825
v 0.70872918 0.01953183 0.43026232
v 0.71066007 0.06002567 0.47093905
v 0.71742259 0.10312922 0.50578978
v 0.70279558 0.01869813 0.36136675
v 0.65177409 0.10384331 0.36051880
v 0.65623579 0.10731797 0.42923938
v 0.59505152 0.17257012 0.39511047
v 0.59212416 0.17375779 0.37632986
v 0.71980326 -0.29024955 0.24358416
v 0.71980326 -0.29024955 0.24358416
v 0.72371658 -0.31055798 0.32405924
v 0.81156732 -0.24720959 0.58932778
v 0.80729459 -0.20580092 0.62076874
v 0.78003315 -0.09466203 0.62962365
v 0.78627899 -0.01550052 0.61705806
v 0.75519509 0.05899166 0.64773905
v 0.70058003 0.14797056 0.65710593
v 0.64082304 0.20002784 0.65794919
v 0.59670344 0.21881416 0.64171550
v 0.77883380 -0.01612890 0.60496179
v 0.73615962 0.02837993 0.58511524
v 0.72171842 0.06256866 0.55648122
v 0.71748259 0.10720144 0.52259916
v 0.66807964 0.13507362 0.56631978
v 0.63554851 0.16756591 0.60716470
v 0.60631578 0.20406478 0.62153947
v 0.64776497 0.12842466 0.47585615
v 0.54615158 0.14720696 0.45156408
v 0.51339919 0.15988500 0.49460319
v 0.47966107 0.19368141 0.52539284
v 0.51386362 0.17146724 0.56807302
v 0.55258046 0.18045898 0.60829134
v 0.58112980 0.21055263 0.62452841
v 0.52667624 0.21510760 0.67629831
v 0.41509203 0.21867534 0.67993919
v 0.35848475 0.23042096 0.64925130
v 0.43221840 0.17279949 0.57773054
v 0.39196348 0.18877676 0.62252585
v 0.35309058 0.22265876 0.63733946
v 0.43159174 0.15816080 0.47372275
v 0.40082226 0.15360432 0.44024070
v 0.36733701 0.17990213 0.39242693
v 0.50705909 0.13621532 0.36053190
v 0.40957677 0.14284266 0.36253483
v 0.36305508 0.17836103 0.37346934
v 0.71368820 -0.19083473 0.25768538
v 0.71368820 -0.19083473 0.25768538
v 0.71368820 -0.19083473 0.25768538
v 0.70447895 -0.09416189 0.25889985
v 0.69164951 0.00014374 0.25640171
v 0.72955110 -0.01224982 0.36966917
v 0.64838122 0.09302893 0.25476322
v 0.64838122 0.09302893 0.25476322
v 0.52852160 0.13150230 0.25572159
v 0.52852160 0.13150230 0.25572159
v 0.40622260 0.13756039 0.25051593
v 0.40622260 0.13756039 0.25051593
v 0.28036612 0.13973075 0.25036129
v 0.28036612 0.13973075 0.25036129
v 0.34432229 0.17515790 0.37353028
v 0.32197705 0.18113578 0.61437586
v 0.28497612 0.17118749 0.57736096
v 0.42196973 0.16288682 0.52844868
v 0.27950332 0.16106947 0.49073458
v 0.32414408 0.15246613 0.44603814
v 0.35239800 0.18119977 0.39674288
v 0.29014141 0.14109777 0.36945776
v 0.19523018 0.13971021 0.36961769
v 0.11785228 0.18467999 0.37569955
v 0.28237358 0.14821215 0.43967133
v 0.20365745 0.14520403 0.43643106
v 0.12624313 0.18281606 0.40273198
v 0.50926704 0.14368979 0.43277776
v 0.43039687 0.14356294 0.42971009
v 0.18740719 0.14012567 0.25033280
v 0.18740719 0.14012567 0.25033280
v 0.60220250 0.12383501 0.25036725
v 0.60220250 0.12383501 0.25036725
v 0.67812035 0.05017364 0.25529993
v 0.67812035 0.05017364 0.25529993
v 0.76312648 -0.30954460 0.53664343
v 0.80927774 -0.26813667 0.58715452
v 0.75265812 -0.23308920 0.52933011
v 0.82483009 -0.29418472 0.61893675
v 0.83102923 -0.22971407 0.63362116
v 0.73309144 -0.05256995 0.54743534
v 0.71959543 -0.05272410 0.48132493
v 0.71259228 0.00230908 0.48364793
v 0.72403704 0.00391170 0.54887447
v 0.71313764 0.07277801 0.59073231
v 0.68463040 0.11484681 0.59467580
v 0.75511005 -0.14513574 0.57128503
v 0.59619837 0.14823919 0.52797724
v 0.76831971 -0.39491067 0.47237315
v 0.75431016 -0.40193837 0.41575280
v 0.74577389 -0.40604657 0.35517674
v 0.74116558 -0.40811422 0.27484701
v 0.73845041 -0.40581351 0.21648096
v 0.77633639 -0.39124160 0.47116397
v 0.76038385 -0.39707256 0.41479395
v 0.75176883 -0.40389272 0.35155601
v 0.74852415 -0.40621884 0.27433068
v 0.70261617 -0.36115079 0.24991764
v 0.71166573 -0.36655253 0.24857227
v 0.71166573 -0.36655253 0.24857227
v 0.71699760 -0.40060655 0.23292620
v 0.80664459 -0.37276770 0.04447164
v 0.79797041 -0.36530654 0.08322970
v 0.79261483 -0.35498153 0.10636911
v 0.79105631 -0.34608004 0.11315922
v 0.79465121 -0.30114459 0.12727898
v 0.79904613 -0.24075592 0.14054114
v 0.80015124 -0.17696953 0.14821355
v 0.79780056 -0.11812690 0.15118734
v 0.79277488 -0.05991466 0.14956923
v 0.78671075 -0.00682356 0.14354360
v 0.77769494 0.04791228 0.13015734
v 0.76669900 0.09815447 0.11017720
v 0.76877192 0.13993247 0.00000006
v 0.76877192 0.13993247 0.00000006
v 0.75111955 0.15898507 0.10607644
v 0.76651561 0.13765865 0.00000006
v 0.76651561 0.13765865 0.00000006
v 0.76651561 0.13765865 0.00000006
v 0.76294550 0.09692694 0.10892354
v 0.76294550 0.09692694 0.10892354
v 0.76294550 0.09692694 0.10892354
v 0.77497723 0.04491466 0.12822879
v 0.77497723 0.04491466 0.12822879
v 0.78409381 -0.00863405 0.14102223
v 0.78409381 -0.00863405 0.14102223
v 0.78951145 -0.05999185 0.14672786
v 0.78951145 -0.05999185 0.14672786
v 0.79522633 -0.11984015 0.14806106
v 0.79522633 -0.11984015 0.14806106
v 0.79725569 -0.17884828 0.14519691
v 0.79725569 -0.17884828 0.14519691
v 0.79633229 -0.24082533 0.13813135
v 0.79633229 -0.24082533 0.13813135
v 0.79150694 -0.29995316 0.12449694
v 0.79150694 -0.29995316 0.12449694
v 0.78814479 -0.34478391 0.11058925
v 0.78814479 -0.34478391 0.11058925
v 0.79030045 -0.35208200 0.10251704
v 0.79030045 -0.35208200 0.10251704
v 0.79568023 -0.36175004 0.08167150
v 0.79568023 -0.36175004 0.08167150
v 0.80385732 -0.36952277 0.04251776
v 0.80385732 -0.36952277 0.04251776
v 0.78720445 -0.29760848 0.29366427
v 0.79607787 -0.28789760 0.42520648
v 0.82402065 -0.27958750 0.51188776
v 0.79609953 -0.17734697 0.27530968
v 0.80303880 -0.16943657 0.41807226
v 0.83303150 -0.16416498 0.50692877
v 0.78841917 -0.06221362 0.27345543
v 0.79502152 -0.05899271 0.41390212
v 0.83116231 -0.04652066 0.50718959
v 0.77219104 0.04100023 0.27785984
v 0.77768671 0.05572145 0.41944521
v 0.80381026 0.07263720 0.48877517
v 0.75858833 0.11008891 0.27747982
v 0.76456802 0.12023133 0.42525439
v 0.78416095 0.13135423 0.48283685
v 0.76645161 0.15750221 0.00000006
v 0.76645161 0.15750221 0.00000006
v 0.76322012 0.16924239 0.00000006
v 0.76322012 0.16924239 0.00000006
v 0.75956436 0.17304488 0.00000006
v 0.75956436 0.17304488 0.00000006
v 0.73726352 0.15528455 0.28288497
v 0.73030574 0.16580045 0.42522529
v 0.74504961 0.18058516 0.48052438
v 0.74415585 0.16378809 0.11030501
v 0.73317189 0.15632911 0.18065954
v 0.72775280 0.16256448 0.28198129
v 0.70653989 0.18377026 0.43985430
v 0.71248014 0.21051477 0.48675255
v 0.74219060 0.17559317 0.00000006
v 0.74219060 0.17559317 0.00000006
v 0.73872272 0.17333129 0.00000006
v 0.73872272 0.17333129 0.00000006
v 0.73872272 0.17333129 0.00000006
v 0.69081067 0.17128530 0.13140279
v 0.68973798 0.16842623 0.12844784
v 0.68973798 0.16842623 0.12844784
v 0.68973798 0.16842623 0.12844784
v 0.49160497 0.19457439 0.13345398
v 0.24120252 0.21098119 0.13231515
v 0.49117877 0.19259590 0.13093745
v 0.49117877 0.19259590 0.13093745
v 0.23987082 0.20839092 0.13046217
v 0.23987082 0.20839092 0.13046217
v 0.73126241 0.16011994 0.36084039
v 0.71171993 0.17119251 0.35878774
v 0.78372447 -0.37005718 0.04150006
v 0.78372447 -0.37005718 0.04150006
v 0.77553105 -0.36701768 0.06528303
v 0.77553105 -0.36701768 0.06528303
v 0.76725585 -0.36175779 0.08368308
v 0.76725585 -0.36175779 0.08368308
v 0.76725585 -0.36175779 0.08368308
v 0.76397524 -0.34624191 0.10048562
v 0.76397524 -0.34624191 0.10048562
v 0.76439878 -0.33150511 0.10848839
v 0.76439878 -0.33150511 0.10848839
v 0.76655988 -0.29129423 0.12166487
v 0.76655988 -0.29129423 0.12166487
v 0.77143567 -0.22666476 0.13427048
v 0.77143567 -0.22666476 0.13427048
v 0.77218500 -0.15948042 0.13887940
v 0.77218500 -0.15948042 0.13887940
v 0.76927070 -0.10115066 0.13996346
v 0.76927070 -0.10115066 0.13996346
v 0.76339384 -0.04019643 0.13663261
v 0.76339384 -0.04019643 0.13663261
v 0.75440331 0.00810692 0.13031080
v 0.75440331 0.00810692 0.13031080
v 0.74086955 0.05640415 0.12204558
v 0.74086955 0.05640415 0.12204558
v 0.71923746 0.10397796 0.11300431
v 0.71923746 0.10397796 0.11300431
v 0.71923746 0.10397796 0.11300431
v 0.71923746 0.10397796 0.11300431
v 0.77560146 -0.37393644 0.03960776
v 0.75544116 -0.36853930 0.08304049
v 0.75544116 -0.36853930 0.08304049
v 0.75544116 -0.36853930 0.08304049
v 0.77257563 -0.38050873 0.03822066
v 0.77257563 -0.38050873 0.03822066
v 0.75005908 -0.37564134 0.08289768
v 0.75005908 -0.37564134 0.08289768
v 0.75005908 -0.37564134 0.08289768
v 0.72455796 -0.37664072 0.11795580
v 0.72455796 -0.37664072 0.11795580
v 0.68797005 -0.37654213 0.15082308
v 0.68797005 -0.37654213 0.15082308
v 0.64447819 -0.37474250 0.17202429
v 0.64447819 -0.37474250 0.17202429
v 0.58070626 -0.37432755 0.18537616
v 0.58070626 -0.37432755 0.18537616
v 0.50999700 -0.37394950 0.18884900
v 0.50999700 -0.37394950 0.18884900
v 0.44341709 -0.37455378 0.18696469
v 0.44341709 -0.37455378 0.18696469
v 0.35289218 -0.37545565 0.17622773
v 0.35289218 -0.37545565 0.17622773
v 0.28441238 -0.37766042 0.15799665
v 0.28441238 -0.37766042 0.15799665
v 0.21565566 -0.37804494 0.13122737
v 0.21565566 -0.37804494 0.13122737
v 0.15671864 -0.38242855 0.10786642
v 0.15671864 -0.38242855 0.10786642
v 0.09942858 -0.37899206 0.09468528
v 0.09942858 -0.37899206 0.09468528
v 0.05154664 -0.38175883 0.08862408
v 0.05154664 -0.38175883 0.08862408
v 0.73667292 -0.36689870 0.19175710
v 0.73667292 -0.36689870 0.19175710
v 0.75140433 -0.35741568 0.19201305
v 0.75140433 -0.35741568 0.19201305
v 0.75140433 -0.35741568 0.19201305
v 0.76481893 -0.21544771 0.19328753
v 0.76481893 -0.21544771 0.19328753
v 0.76135673 -0.09603967 0.19327818
v 0.76135673 -0.09603967 0.19327818
v 0.74635736 0.00960368 0.19257916
v 0.74635736 0.00960368 0.19257916
v 0.70983816 0.09823220 0.19274211
v 0.70983816 0.09823220 0.19274211
v 0.70983816 0.09823220 0.19274211
v 0.70152050 0.10814362 0.19237885
v 0.70152050 0.10814362 0.19237885
v 0.58415503 0.13667131 0.19307162
v 0.58415503 0.13667131 0.19307162
v 0.43907020 0.15516091 0.19230938
v 0.43907020 0.15516091 0.19230938
v 0.24530225 0.16670148 0.19357194
v 0.24530225 0.16670148 0.19357194
v 0.23542473 0.17509493 0.13043096
v 0.23542473 0.17509493 0.13043096
v 0.38129902 0.16817296 0.13025552
v 0.38129902 0.16817296 0.13025552
v 0.48760794 0.15833017 0.13023921
v 0.48760794 0.15833017 0.13023921
v 0.69812496 0.12470790 0.11797827
v 0.69812496 0.12470790 0.11797827
v 0.69812496 0.12470790 0.11797827
v 0.69812496 0.12470790 0.11797827
v 0.70248685 0.11174754 0.11767093
v 0.70248685 0.11174754 0.11767093
v 0.70248685 0.11174754 0.11767093
v 0.73658642 0.14505306 0.00000006
v 0.73658642 0.14505306 0.00000006
v 0.73658642 0.14505306 0.00000006
v 0.74351879 0.13670685 0.00000006
v 0.74351879 0.13670685 0.00000006
v 0.74351879 0.13670685 0.00000006
v 0.71594379 0.13592208 0.07012150
v 0.71594379 0.13592208 0.07012150
v 0.73328911 0.12180413 0.05739919
v 0.73328911 0.12180413 0.05739919
v 0.72337313 0.12787498 0.06073478
v 0.73919900 0.13963548 0.00000006
v 0.73919900 0.13963548 0.00000006
v 0.78810705 -0.06022817 0.27354011
v 0.20841492 0.16404008 0.48328104
v 0.22983954 0.19767335 0.53047320
v 0.29742751 0.18558882 0.63411281
v 0.20329077 0.17930832 0.63151099
v 0.12649742 0.22566318 0.64150809
v 0.30072361 0.21877013 0.68099427
v 0.21194837 0.22268193 0.68504374
v 0.12531580 0.23172798 0.65344788
v 0.06390966 0.22443928 0.68671181
v 0.18585350 0.17341979 0.59607851
v 0.06458961 0.18207315 0.62364783
v 0.12077952 0.15581944 0.52818955
v 0.04316033 0.14764441 0.44241517
v 0.04628204 0.13537669 0.25550147
v 0.04628204 0.13537669 0.25550147
v 0.28762682 0.16559685 0.53184972
v 0.24902865 0.19565403 0.52569867
v 0.05497684 0.16508603 0.53624385
v 0.52863907 0.18539302 0.63527889
v 0.43331443 0.18469391 0.64071510
v 0.85352291 -0.36194409 0.56971030
v 0.84795574 -0.36640675 0.56880855
v 0.84117604 -0.36946108 0.56898209
v 0.84228442 -0.36871907 0.56508861
v 0.84571734 -0.36668203 0.56283484
v 0.84750124 -0.36550748 0.56230570
v 0.84925490 -0.36453780 0.56270945
v 0.85136991 -0.36309057 0.56356396
v 0.85290485 -0.36216457 0.56536226
v 0.85330286 -0.36212997 0.56769315
v 0.84383206 -0.36781363 0.56363509
v 0.84139997 -0.36929141 0.56704098
v 0.84432443 -0.36771413 0.57225731
v 0.84646061 -0.36615270 0.57417205
v 0.84917735 -0.36446891 0.57473059
v 0.85039618 -0.36368632 0.57449058
v 0.85171021 -0.36295508 0.57371579
v 0.85283323 -0.36230060 0.57226282
v 0.86495726 -0.26876964 0.53883938
v 0.87545127 -0.18414772 0.53991878
v 0.87649541 -0.09295074 0.53456024
v 0.86489242 -0.03009708 0.52678636
v 0.85612001 0.04251010 0.51750247
v 0.84514282 0.09188641 0.51136998
v 0.82308563 0.14167174 0.50456615
v 0.77344592 0.21047908 0.49697718
v 0.73206158 0.24192330 0.49339180
v 0.69837151 0.26784996 0.49240346
v 0.66295319 0.28835649 0.49167997
v 0.62992425 0.30135445 0.49104585
v 0.59396928 0.31280961 0.49072532
v 0.54933239 0.32022473 0.49087706
v 0.48925139 0.32831666 0.49216992
v 0.31923454 0.34414967 0.49669761
v 0.31290958 0.37265389 0.51303920
v 0.48934793 0.35650059 0.50351886
v 0.54904144 0.34653930 0.50048991
v 0.90617127 0.05158918 0.58577800
v 0.64336304 0.32468594 0.50498260
v 0.88635490 0.12192874 0.58312314
v 0.70448972 0.29206941 0.50504772
v 0.74457696 0.25784439 0.50216273
v 0.78905296 0.22107519 0.50627595
v 0.83809262 0.15281889 0.51200668
v 0.85981544 0.09967492 0.51701439
v 0.87674208 0.04713084 0.52431471
v 0.88481839 -0.02339991 0.53057851
v 0.89443944 -0.09072343 0.53875088
v 0.89498758 -0.18550198 0.54330434
v 0.88847947 -0.26653003 0.54173105
v 0.90655488 -0.26267944 0.56771027
v 0.91437135 -0.18406486 0.56077076
v 0.91697026 -0.09116427 0.55569972
v 0.90933030 -0.02480156 0.54718474
v 0.89769005 0.04869838 0.54178035
v 0.88087314 0.10937125 0.53724922
v 0.85734984 0.16048056 0.53231457
v 0.80604177 0.23259749 0.52858369
v 0.75875225 0.27565874 0.52625225
v 0.72006082 0.30517334 0.52770940
v 0.68052256 0.32860433 0.52750060
v 0.91384788 -0.16491615 0.59516841
v 0.60226323 0.35916997 0.52343679
v 0.91576099 -0.01909216 0.58874565
v 0.49222835 0.38351421 0.52999844
v 0.31600316 0.39503772 0.53871647
v 0.31801341 0.41172255 0.59687465
v 0.49813558 0.40216135 0.58039345
v 0.56742111 0.39036970 0.57391849
v 0.64027599 0.36545591 0.57456002
v 0.72004509 0.32107126 0.57262145
v 0.77715116 0.27682391 0.57441606
v 0.83420133 0.21565925 0.57846462
v 0.90321052 -0.25465684 0.59829248
v 0.88683904 -0.24793357 0.62528693
v 0.89020252 -0.15569371 0.63210631
v 0.89282321 -0.02628496 0.63249851
v 0.88442740 0.05034942 0.63246778
v 0.86977571 0.11565846 0.62971614
v 0.82304220 0.20594190 0.62597867
v 0.76898096 0.26602910 0.62535613
v 0.71880594 0.30703267 0.62566479
v 0.64239632 0.35170997 0.62929551
v 0.57014233 0.38080769 0.62787671
v 0.50091644 0.39284480 0.63182329
v 0.32566692 0.40345984 0.63450549
v 0.33083099 0.36629282 0.68293218
v 0.49861138 0.35881195 0.67654504
v 0.56653376 0.34250664 0.67573384
v 0.62836947 0.31734824 0.67315108
v 0.69989229 0.28071297 0.66735454
v 0.74902777 0.24207869 0.66561975
v 0.79935316 0.18600153 0.66444762
v 0.84029341 0.11104900 0.66201505
v 0.85523314 0.04370016 0.66046088
v 0.86259413 -0.03701433 0.65906906
v 0.86258469 -0.15135668 0.65263668
v 0.85932150 -0.25728252 0.63849224
v 0.85438026 -0.33566310 0.61912989
v 0.85438026 -0.33566310 0.61912989
v 0.83640659 -0.16935969 0.65091223
v 0.82799759 -0.04468474 0.67017557
v 0.81411845 0.03594948 0.67849081
v 0.79865961 0.08926112 0.68259333
v 0.77148152 0.15100771 0.68470507
v 0.71985577 0.21374160 0.69031131
v 0.67457093 0.24735909 0.69230003
v 0.61122992 0.28067432 0.69614245
v 0.54660222 0.30062098 0.70245579
v 0.49178353 0.31328347 0.70397173
v 0.32944220 0.32623346 0.70745897
v 0.18077205 0.28104063 0.72000000
v 0.32131096 0.28015491 0.71694803
v 0.47942504 0.27855700 0.70877663
v 0.53873265 0.26250115 0.70777502
v 0.59770113 0.24509915 0.69944066
v 0.65952583 0.21626697 0.69036660
v 0.69489625 0.19040249 0.68368283
v 0.74755380 0.12638223 0.66913312
v 0.78283337 0.04065294 0.66556870
v 0.79603916 -0.01612854 0.65465745
v 0.80509901 -0.08877071 0.65102420
v 0.68640087 0.16678689 0.17614650
v 0.68071092 0.17250539 0.28574398
v 0.67113378 0.17535781 0.36393977
v 0.66930972 0.18982580 0.44030935
v 0.67783049 0.22572240 0.48754781
v 0.59354211 0.18185727 0.17830941
v 0.58962541 0.18431362 0.28321708
v 0.58678540 0.18826486 0.36984198
v 0.58644703 0.20829426 0.43856685
v 0.59657593 0.25147534 0.48438274
v 0.49209963 0.19668329 0.25819747
v 0.49423183 0.19920466 0.36094669
v 0.49604803 0.21949658 0.43501901
v 0.50383183 0.27123660 0.48501202
v 0.23485107 0.21401459 0.24540596
v 0.21991206 0.22217383 0.39350876
v 0.22006896 0.28007803 0.48010220
v 0.22610055 0.30419441 0.49458438
v 0.21960236 0.25212243 0.45679315
v 0.58981813 0.22746971 0.46436428
v 0.49842568 0.24169726 0.46349153
v 0.34749366 -0.40776436 0.20393321
v 0.64838122 0.03424612 0.25476322
v 0.56536199 0.06888584 0.25304446
v 0.23006951 0.07941557 0.25167789
vt 0.27956337 0.37678587
vt 0.28731346 0.37671387
vt 0.29046267 0.37668467
vt 0.32939750 0.37632358
vt 0.33291644 0.37629098
vt 0.34049332 0.37622058
vt 0.37022367 0.37594450
vt 0.40443704 0.37562680
vt 0.48908836 0.37484086
vt 0.55758870 0.37420547
vt 0.57941580 0.37400305
vt 0.59565336 0.37385249
vt 0.61402816 0.37368214
vt 0.63891327 0.37345147
vt 0.63032740 0.53042054
vt 0.61852479 0.63412780
vt 0.59147257 0.69327509
vt 0.57686728 0.71409577
vt 0.54586929 0.73885512
vt 0.56450468 0.73006713
vt 0.52283895 0.74303091
vt 0.49381411 0.74534088
vt 0.43010938 0.73553491
vt 0.34917715 0.69799566
vt 0.32829463 0.68459547
vt 0.32078481 0.67814708
vt 0.31600833 0.67017156
vt 0.30097997 0.65432012
vt 0.30232245 0.66958094
vt 0.30485669 0.67856222
vt 0.31033385 0.69021809
vt 0.32118592 0.69595915
vt 0.30094719 0.55588973
vt 0.31060368 0.66446638
vt 0.31278709 0.67246354
vt 0.31595600 0.68044102
vt 0.32409146 0.68811888
vt 0.31322122 0.66210616
vt 0.30423850 0.55435020
vt 0.33572531 0.55043697
vt 0.33564672 0.61772525
vt 0.33525378 0.64116883
vt 0.33381850 0.65805751
vt 0.33455122 0.66463619
vt 0.33739704 0.66901660
vt 0.34369078 0.67312372
vt 0.35387361 0.67736006
vt 0.37670910 0.68429846
vt 0.40031850 0.69266325
vt 0.47795415 0.70941615
vt 0.50817704 0.71374702
vt 0.52740800 0.71514273
vt 0.54248661 0.71253836
vt 0.54501480 0.71109062
vt 0.55823559 0.69668305
vt 0.57073754 0.66639978
vt 0.57701015 0.63260263
vt 0.58488792 0.59862262
vt 0.56722558 0.58924496
vt 0.56322134 0.62711489
vt 0.55433547 0.66074121
vt 0.54757720 0.68765748
vt 0.53541327 0.69954967
vt 0.52392685 0.70231277
vt 0.50942516 0.70230001
vt 0.47597277 0.69891107
vt 0.40481681 0.68350601
vt 0.37900126 0.67564666
vt 0.35645443 0.67110932
vt 0.34621704 0.66795915
vt 0.34093106 0.66536880
vt 0.33917013 0.66199851
vt 0.33978802 0.65585524
vt 0.34163257 0.64025593
vt 0.34403983 0.61758208
vt 0.34429517 0.55102944
vt 0.33930403 0.54968643
vt 0.33896607 0.61706239
vt 0.33849788 0.64125693
vt 0.33699736 0.65763223
vt 0.33686909 0.66289973
vt 0.33789378 0.66536689
vt 0.33948717 0.66721499
vt 0.34498912 0.67059231
vt 0.35501099 0.67461324
vt 0.37904724 0.68147486
vt 0.40139621 0.68886125
vt 0.36628240 0.55063641
vt 0.36132529 0.61636269
vt 0.35713515 0.63909745
vt 0.35379136 0.65002882
vt 0.35488388 0.65599835
vt 0.36028492 0.66099608
vt 0.38270581 0.66569072
vt 0.40939125 0.67017496
vt 0.48063493 0.68495536
vt 0.50716788 0.68804145
vt 0.51807159 0.68771130
vt 0.52766567 0.68162787
vt 0.53693813 0.66083246
vt 0.54431760 0.61943734
vt 0.54803210 0.58231646
vt 0.50253403 0.57352418
vt 0.50045401 0.60977411
vt 0.49124873 0.64753133
vt 0.41227221 0.64360273
vt 0.39635953 0.64051843
vt 0.38639253 0.62197471
vt 0.39291221 0.55432606
vt 0.47810405 0.70538723
vt 0.50882900 0.70885694
vt 0.52651340 0.71021622
vt 0.54046011 0.70690572
vt 0.62741941 0.21666729
vt 0.61369628 0.11319435
vt 0.58555150 0.05455738
vt 0.57056236 0.03401053
vt 0.53910971 0.00982940
vt 0.55790538 0.01827079
vt 0.51600516 0.00608122
vt 0.48694170 0.00430989
vt 0.42342776 0.01529598
vt 0.34320304 0.05433112
vt 0.32257187 0.06811714
vt 0.31518263 0.07470405
vt 0.31055480 0.08276725
vt 0.29582268 0.09889585
vt 0.29688141 0.08361202
vt 0.29924864 0.07458460
vt 0.30450892 0.06282848
vt 0.31525314 0.05688673
vt 0.29761785 0.19731152
vt 0.30525661 0.08857214
vt 0.30729133 0.08053535
vt 0.31031179 0.07249999
vt 0.31830382 0.06467199
vt 0.30791795 0.09088367
vt 0.30093747 0.19878983
vt 0.33249208 0.20211774
vt 0.33116448 0.13484144
vt 0.33033633 0.11140877
vt 0.32858765 0.09454912
vt 0.32919812 0.08795774
vt 0.33196229 0.08352488
vt 0.33817893 0.07930166
vt 0.34828171 0.07487702
vt 0.37098542 0.06751567
vt 0.39443624 0.05871421
vt 0.47175026 0.04052359
vt 0.50188851 0.03563297
vt 0.52109075 0.03388083
vt 0.53621536 0.03620511
vt 0.53877014 0.03760582
vt 0.55225617 0.05176604
vt 0.56531787 0.08181304
vt 0.57221609 0.11548901
vt 0.58072263 0.14931786
vt 0.56323683 0.15902150
vt 0.55853099 0.12123144
vt 0.54902303 0.08777499
vt 0.54176658 0.06098795
vt 0.52938402 0.04932302
vt 0.51784796 0.04677349
vt 0.50334865 0.04705507
vt 0.46996397 0.05106395
vt 0.39910376 0.06778669
vt 0.37343773 0.07612377
vt 0.35097820 0.08107877
vt 0.34080064 0.08441859
vt 0.33556354 0.08710665
vt 0.33386537 0.09050936
vt 0.33459723 0.09664017
vt 0.33673108 0.11220294
vt 0.33955890 0.13482881
vt 0.34104970 0.20136642
vt 0.33608440 0.20280194
vt 0.33449557 0.13544255
vt 0.33357835 0.11126047
vt 0.33177400 0.09491521
vt 0.33154792 0.08965075
vt 0.33252671 0.08716494
vt 0.33408558 0.08528763
vt 0.33952409 0.08180857
vt 0.34946996 0.07760227
vt 0.37337559 0.07029557
vt 0.39558429 0.06249565
vt 0.36304086 0.20135146
vt 0.35686442 0.13572705
vt 0.35225296 0.11307359
vt 0.34870675 0.10220581
vt 0.34968832 0.09621686
vt 0.35499582 0.09111959
vt 0.37732646 0.08600962
vt 0.40392488 0.08103085
vt 0.47488433 0.06493115
vt 0.50135618 0.06135350
vt 0.51226443 0.06148130
vt 0.52196985 0.06738597
vt 0.53162658 0.08800626
vt 0.53977251 0.12925845
vt 0.54417479 0.16630483
vt 0.49884683 0.17593944
vt 0.49609470 0.13973367
vt 0.48619050 0.10215271
vt 0.40729845 0.10754579
vt 0.39144525 0.11092478
vt 0.38182384 0.12965071
vt 0.38959813 0.19716823
vt 0.47197491 0.04454917
vt 0.50263101 0.04051006
vt 0.52028763 0.03882319
vt 0.53429377 0.04187471
vt 0.95070386 0.96023273
vt 0.94720244 0.94662511
vt 0.94006050 0.93437922
vt 0.92774630 0.92212188
vt 0.90344262 0.90188897
vt 0.87728274 0.88326919
vt 0.85208261 0.86840379
vt 0.81531787 0.84829408
vt 0.79652709 0.84003597
vt 0.79670042 0.83201134
vt 0.79822528 0.82409501
vt 0.64535952 0.45567763
vt 0.80195677 0.82207125
vt 0.79664385 0.82201385
vt 0.79667413 0.49879426
vt 0.78694355 0.83452207
vt 0.78024447 0.83738202
vt 0.77496862 0.84018993
vt 0.77050865 0.84568083
vt 0.78524339 0.82965636
vt 0.78503382 0.49879259
vt 0.77838296 0.83213449
vt 0.77743232 0.49879265
vt 0.77390748 0.83578038
vt 0.76645362 0.77604735
vt 0.98437548 0.14580160
vt 0.76904976 0.75784922
vt 0.98420882 0.15773571
vt 0.77039206 0.73734236
vt 0.98407614 0.17084980
vt 0.98415124 0.18396425
vt 0.77056718 0.71399003
vt 0.98412156 0.20110673
vt 0.76978195 0.68751204
vt 0.98411334 0.21441853
vt 0.76823807 0.66728050
vt 0.98414361 0.22934997
vt 0.76519608 0.64574605
vt 0.98418748 0.24471819
vt 0.76014656 0.62482393
vt 0.98421645 0.26043653
vt 0.75302100 0.60415828
vt 0.98433244 0.27652681
vt 0.74467647 0.58387923
vt 0.98447990 0.28687346
vt 0.73955369 0.57073438
vt 0.98448563 0.29698652
vt 0.73554093 0.55754405
vt 0.98449755 0.30766654
vt 0.73247266 0.54331362
vt 0.98455417 0.32187581
vt 0.73012006 0.52417427
vt 0.72903037 0.49879265
vt 0.98454714 0.34059548
vt 0.76169622 0.79314971
vt 0.98479676 0.13332248
vt 0.75665748 0.80461997
vt 0.98501146 0.12518364
vt 0.74971867 0.81492329
vt 0.98538566 0.11709470
vt 0.74121130 0.82385886
vt 0.98573780 0.10905838
vt 0.72713649 0.83313447
vt 0.98646080 0.09813881
vt 0.70890450 0.84160626
vt 0.98733091 0.08525151
vt 0.69130707 0.84695822
vt 0.98814845 0.07346767
vt 0.67248988 0.85376471
vt 0.71300006 0.21629041
vt 0.97338223 0.83030844
vt 0.67107505 0.86477852
vt 0.72025537 0.21629745
vt 0.97297168 0.82276392
vt 0.72079849 0.22590780
vt 0.91858214 0.68789417
vt 0.97282767 0.82194281
vt 0.72014356 0.22674137
vt 0.70740300 0.45115048
vt 0.71559429 0.22702301
vt 0.71172541 0.44970423
vt 0.70971906 0.19207317
vt 0.71287823 0.22585738
vt 0.70685661 0.19280446
vt 0.71184862 0.22347367
vt 0.70428967 0.19290417
vt 0.99624455 0.06183785
vt 0.71249974 0.21684855
vt 0.67243409 0.85259867
vt 0.98965251 0.06090903
vt 0.97322506 0.82669449
vt 0.72079849 0.22087240
vt 0.95468158 0.83125961
vt 0.70748675 0.86224008
vt 0.93298423 0.83283532
vt 0.75075173 0.86127144
vt 0.91753030 0.83479208
vt 0.78275025 0.86476803
vt 0.90293390 0.83640337
vt 0.81151104 0.87350535
vt 0.88139874 0.83836097
vt 0.85160804 0.89161497
vt 0.86440790 0.83850539
vt 0.88126111 0.90959436
vt 0.84370506 0.83808041
vt 0.91606653 0.93367690
vt 0.83659351 0.83792901
vt 0.92711830 0.94335639
vt 0.93377149 0.94915414
vt 0.85394162 0.83819437
vt 0.89916646 0.92145121
vt 0.87286711 0.83841765
vt 0.86648059 0.90055788
vt 0.89079201 0.83735430
vt 0.83431482 0.88318682
vt 0.93635774 0.95260727
vt 0.03675639 0.03003705
vt 0.93795371 0.95514512
vt 0.02509866 0.03253627
vt 0.01817294 0.03243405
vt 0.93806660 0.95665884
vt 0.93826604 0.95745343
vt 0.01442757 0.03154927
vt 0.01118154 0.02971643
vt 0.93820131 0.95800233
vt 0.00855779 0.02712148
vt 0.93818009 0.95913517
vt 0.00665759 0.02378619
vt 0.93773067 0.95991707
vt 0.00560458 0.01942927
vt 0.93694329 0.96061218
vt 0.00608174 0.01344138
vt 0.93562031 0.96109211
vt 0.00867660 0.00893563
vt 0.93440497 0.96091032
vt 0.01243023 0.00589985
vt 0.93341637 0.96031570
vt 0.01757061 0.00387144
vt 0.93252623 0.95935839
vt 0.02358999 0.00373644
vt 0.93193638 0.95805180
vt 0.93179595 0.95687771
vt 0.02845990 0.00514585
vt 0.93214798 0.95538819
vt 0.03364344 0.00898826
vt 0.93294060 0.95420682
vt 0.03694502 0.01418078
vt 0.93392766 0.95344877
vt 0.03821296 0.01937675
vt 0.93500817 0.95298576
vt 0.03821296 0.02441877
vt 0.93564677 0.95208985
vt 0.93332589 0.94966555
vt 0.93127894 0.94807011
vt 0.93050635 0.94741893
vt 0.93002951 0.94651443
vt 0.92923653 0.94553673
vt 0.92706621 0.94393772
vt 0.83641112 0.83767939
vt 0.92706621 0.94393772
vt 0.92706621 0.94393772
vt 0.83629656 0.83686984
vt 0.92544103 0.94332016
vt 0.83613133 0.83624125
vt 0.92403340 0.94279361
vt 0.83597070 0.83383703
vt 0.09965455 0.00106484
vt 0.91845405 0.94182551
vt 0.83582848 0.83205056
vt 0.09855646 0.00323874
vt 0.83516455 0.82968664
vt 0.09665797 0.00598204
vt 0.09569984 0.01204550
vt 0.83391970 0.82533920
vt 0.83303440 0.82091898
vt 0.09450055 0.01804626
vt 0.83206350 0.81163704
vt 0.09097154 0.03022641
vt 0.83049166 0.80502516
vt 0.08759768 0.03882414
vt 0.82872641 0.78932250
vt 0.07826367 0.05808794
vt 0.82780540 0.77856004
vt 0.07194392 0.07124144
vt 0.82722074 0.76831776
vt 0.06540772 0.08347309
vt 0.82656282 0.75306624
vt 0.05616764 0.10186738
vt 0.82562661 0.73496360
vt 0.04645472 0.12414408
vt 0.82538414 0.72383147
vt 0.04125316 0.13873363
vt 0.82523179 0.70981807
vt 0.03641081 0.15725762
vt 0.82478738 0.70066774
vt 0.03288943 0.16910779
vt 0.82408786 0.69140404
vt 0.02798880 0.18095803
vt 0.82216525 0.68045795
vt 0.02240140 0.19564652
vt 0.81975633 0.67071509
vt 0.01824520 0.20917010
vt 0.81741738 0.66170073
vt 0.01550089 0.22150707
vt 0.81568235 0.65263015
vt 0.01289755 0.23368007
vt 0.81437880 0.64357388
vt 0.01081643 0.24595094
vt 0.81316864 0.63290703
vt 0.00984818 0.26024377
vt 0.81267428 0.61956203
vt 0.00590577 0.27761537
vt 0.81155562 0.57635123
vt 0.00241379 0.33260942
vt 0.81093812 0.49929541
vt 0.00106482 0.43061656
vt 0.92796159 0.94935977
vt 0.92594409 0.95242077
vt 0.92431724 0.95707691
vt 0.92394280 0.95982182
vt 0.92404115 0.96368361
vt 0.92635953 0.96881485
vt 0.92951071 0.97162116
vt 0.93393421 0.97397733
vt 0.93847799 0.97455454
vt 0.94236970 0.97136962
vt 0.93619919 0.97457457
vt 0.94032216 0.97352958
vt 0.94367707 0.96879768
vt 0.94461679 0.96519554
vt 0.94477177 0.96030694
vt 0.94344580 0.95289081
vt 0.94072115 0.94681269
vt 0.93585074 0.94011265
vt 0.92979288 0.93376738
vt 0.92668176 0.94818413
vt 0.92472625 0.95154405
vt 0.92293155 0.95685709
vt 0.92245710 0.96201825
vt 0.92303050 0.96594417
vt 0.92485118 0.97135448
vt 0.93027568 0.97590375
vt 0.93604159 0.97795719
vt 0.94216669 0.97720456
vt 0.94632041 0.97239649
vt 0.94816422 0.96613812
vt 0.94800532 0.95881695
vt 0.94597566 0.95149553
vt 0.94332802 0.94514591
vt 0.93790901 0.93835169
vt 0.93174398 0.93063092
vt 0.92445838 0.92483282
vt 0.92708480 0.94446421
vt 0.92515469 0.94714206
vt 0.92292380 0.95110774
vt 0.92106235 0.95693988
vt 0.91991484 0.96802711
vt 0.92385960 0.97468829
vt 0.92989743 0.98082280
vt 0.93762910 0.98395467
vt 0.94496357 0.98076367
vt 0.94886792 0.97534084
vt 0.95079887 0.96779084
vt 0.92811275 0.94436753
vt 0.92041159 0.96240836
vt 0.92326784 0.94621241
vt 0.92089951 0.95100892
vt 0.91884518 0.95691538
vt 0.91698861 0.96325481
vt 0.10177507 0.00290686
vt 0.91650033 0.94644296
vt 0.10397413 0.00694072
vt 0.91271257 0.95374942
vt 0.10636238 0.01410282
vt 0.90960789 0.96644843
vt 0.10894558 0.01737744
vt 0.91184521 0.97346592
vt 0.92262852 0.92706943
vt 0.84398735 0.82986861
vt 0.11388312 0.02382106
vt 0.91963351 0.98521000
vt 0.12087944 0.03032589
vt 0.93353307 0.99303794
vt 0.12854812 0.03399360
vt 0.94769073 0.99238133
vt 0.13708822 0.03442478
vt 0.95817566 0.98263490
vt 0.15655772 0.03307050
vt 0.96016765 0.95343566
vt 0.16908285 0.03413379
vt 0.95531559 0.93501699
vt 0.18605568 0.03407693
vt 0.93928242 0.91499102
vt 0.21144688 0.03351682
vt 0.90869772 0.89154863
vt 0.23259562 0.03464454
vt 0.88241553 0.87328070
vt 0.25262159 0.03733850
vt 0.85698318 0.85681283
vt 0.65183949 0.45771861
vt 0.81123030 0.82632649
vt 0.28905457 0.04592103
vt 0.81123030 0.82632649
vt 0.24823910 0.05244297
vt 0.23921800 0.07171321
vt 0.22266516 0.05428386
vt 0.22094512 0.08279741
vt 0.23484156 0.08843952
vt 0.25214922 0.07856333
vt 0.20763245 0.09410048
vt 0.19235109 0.10766912
vt 0.17613184 0.11985469
vt 0.16370480 0.12550157
vt 0.18118337 0.09339267
vt 0.17070390 0.08032525
vt 0.20221557 0.12341982
vt 0.21127002 0.13454670
vt 0.22923709 0.12516731
vt 0.22911318 0.14768320
vt 0.22275360 0.15223819
vt 0.20809907 0.16800588
vt 0.19181268 0.17900527
vt 0.17755969 0.18929458
vt 0.23108628 0.17086291
vt 0.22932574 0.20340002
vt 0.20644805 0.20299643
vt 0.21853955 0.23099530
vt 0.22437146 0.23146427
vt 0.67709470 0.45951664
vt 0.28434959 0.07275677
vt 0.25879145 0.06192267
vt 0.16037740 0.06718165
vt 0.15037566 0.08041841
vt 0.14620678 0.11609393
vt 0.14172263 0.14064109
vt 0.12994964 0.16572833
vt 0.12267006 0.19985700
vt 0.12087842 0.22643268
vt 0.12600735 0.24177659
vt 0.14611910 0.14165270
vt 0.15420868 0.16142404
vt 0.16294228 0.17501163
vt 0.17236826 0.18974280
vt 0.15738100 0.20676094
vt 0.14188333 0.22290891
vt 0.13293983 0.23713803
vt 0.19058305 0.21090579
vt 0.20087667 0.24848050
vt 0.18674405 0.26049644
vt 0.17610206 0.27408254
vt 0.16190854 0.26293969
vt 0.14531700 0.25223517
vt 0.13266326 0.24504173
vt 0.12279160 0.26559144
vt 0.12631232 0.29941452
vt 0.13330117 0.31761003
vt 0.16146339 0.29028499
vt 0.14715870 0.30505365
vt 0.13769069 0.31881082
vt 0.19587554 0.28710282
vt 0.20810530 0.29661041
vt 0.22507259 0.30735207
vt 0.23167334 0.25921428
vt 0.23360249 0.29029715
vt 0.23075667 0.30810642
vt 0.70856273 0.45682240
vt 0.70856273 0.45682240
vt 0.27490702 0.10488105
vt 0.26983982 0.13692826
vt 0.26677123 0.16860938
vt 0.22968623 0.15776271
vt 0.66122258 0.47526485
vt 0.26496655 0.20357788
vt 0.26581615 0.24846977
vt 0.64862895 0.51262188
vt 0.64623022 0.55083030
vt 0.27051044 0.29036272
vt 0.27336523 0.33354604
vt 0.64506519 0.59013253
vt 0.23145661 0.31397074
vt 0.15245759 0.32787263
vt 0.16597168 0.33880508
vt 0.17819740 0.29272383
vt 0.19443102 0.33859777
vt 0.20812128 0.32256353
vt 0.22414005 0.31182289
vt 0.23423351 0.33336282
vt 0.23539330 0.36296892
vt 0.23292178 0.39022398
vt 0.21149327 0.33614326
vt 0.21458231 0.36119378
vt 0.22461085 0.38778049
vt 0.20795679 0.26009899
vt 0.21100658 0.28605300
vt 0.64458287 0.61916614
vt 0.27442122 0.36575079
vt 0.65134299 0.48958099
vt 0.26582608 0.22264248
vt 0.67478371 0.46623033
vt 0.26586789 0.18596184
vt 0.26586789 0.18596184
vt 0.18701586 0.05128098
vt 0.16255769 0.06075233
vt 0.18629089 0.07708299
vt 0.15266225 0.05048096
vt 0.14417937 0.07055694
vt 0.17220554 0.13654333
vt 0.19452703 0.14044297
vt 0.19105712 0.15906799
vt 0.16873510 0.15568888
vt 0.15081431 0.17879260
vt 0.14789137 0.19665134
vt 0.16863780 0.10452759
vt 0.17351766 0.23187304
vt 0.89928114 0.90504122
vt 0.87549531 0.88854659
vt 0.84947598 0.87350214
vt 0.81347311 0.85505354
vt 0.78296953 0.84254766
vt 0.89734578 0.90901047
vt 0.87371123 0.89197242
vt 0.84660196 0.87574065
vt 0.81172729 0.85862982
vt 0.65529346 0.45239174
vt 0.65356934 0.45521879
vt 0.81403762 0.82239890
vt 0.79381073 0.82776886
vt 0.79134440 0.82397079
vt 0.79134279 0.17622936
vt 0.96183956 0.82316351
vt 0.95191479 0.82186240
vt 0.94589627 0.81962711
vt 0.94400746 0.81743878
vt 0.93914419 0.80678177
vt 0.93414879 0.79227841
vt 0.93069965 0.77672732
vt 0.92876053 0.76213431
vt 0.92826706 0.74730581
vt 0.92904943 0.73350978
vt 0.93254542 0.71883237
vt 0.94006193 0.70482087
vt 0.96870601 0.69167554
vt 0.72332168 0.21416080
vt 0.94037467 0.68639714
vt 0.96883088 0.69243014
vt 0.72400224 0.21342725
vt 0.73313296 0.39574921
vt 0.94096583 0.70561218
vt 0.69872552 0.27397776
vt 0.73313296 0.35940671
vt 0.93343556 0.71968377
vt 0.69530135 0.29137689
vt 0.93002695 0.73390865
vt 0.69285744 0.30863661
vt 0.92936754 0.74720538
vt 0.69204968 0.32484621
vt 0.92982405 0.76244712
vt 0.69182473 0.34362924
vt 0.93178928 0.77706373
vt 0.69307274 0.36205184
vt 0.93504071 0.79217875
vt 0.69563335 0.38137001
vt 0.94012505 0.80633688
vt 0.69978112 0.39992625
vt 0.94484377 0.81687045
vt 0.70307678 0.41425169
vt 0.94682133 0.81866419
vt 0.70347875 0.41769361
vt 0.95216292 0.82078207
vt 0.70426661 0.42502320
vt 0.96214300 0.82204366
vt 0.70587391 0.43764925
vt 0.89776647 0.81055307
vt 0.86475742 0.81218851
vt 0.84197819 0.81291384
vt 0.89878219 0.77982426
vt 0.86235666 0.78208762
vt 0.83871770 0.78411555
vt 0.89598936 0.75008607
vt 0.85992968 0.75342864
vt 0.83414471 0.75496244
vt 0.89258808 0.72208524
vt 0.85413778 0.72316521
vt 0.83426601 0.72377765
vt 0.89106518 0.70245105
vt 0.84955788 0.70547968
vt 0.83281279 0.70776951
vt 0.96867275 0.68714571
vt 0.71780825 0.21366364
vt 0.96860188 0.68399781
vt 0.71410239 0.21280676
vt 0.96847296 0.68262047
vt 0.71286833 0.21171480
vt 0.88834661 0.68891943
vt 0.84751606 0.68941921
vt 0.83132958 0.69153476
vt 0.93893909 0.68420434
vt 0.91786033 0.68532735
vt 0.88828987 0.68553025
vt 0.84270930 0.68125355
vt 0.82800937 0.68051863
vt 0.96766341 0.67818218
vt 0.71184862 0.20632535
vt 0.71250975 0.20521384
vt 0.96754283 0.67708284
vt 0.67675757 0.17219871
vt 0.93060768 0.67001629
vt 0.63010645 0.98894155
vt 0.93163997 0.66927636
vt 0.67675757 0.21516770
vt 0.91876864 0.61623394
vt 0.91409159 0.55718613
vt 0.91298121 0.49929512
vt 0.91974175 0.61601830
vt 0.62254107 0.92691511
vt 0.91508949 0.55674803
vt 0.61760962 0.84841442
vt 0.91398478 0.49929512
vt 0.61688340 0.77348650
vt 0.88583755 0.49929518
vt 0.85507548 0.49929523
vt 0.83022350 0.49929529
vt 0.81934994 0.49929541
vt 0.84135240 0.49929529
vt 0.86614251 0.68889415
vt 0.86615694 0.68249923
vt 0.71194190 0.43595856
vt 0.70916998 0.20580375
vt 0.71197385 0.42804396
vt 0.70951355 0.21371800
vt 0.71246189 0.42154950
vt 0.57341433 0.78668308
vt 0.70971906 0.22019285
vt 0.71127039 0.41443133
vt 0.56746674 0.79077125
vt 0.71004134 0.40933758
vt 0.56539690 0.79558504
vt 0.70728689 0.39639235
vt 0.56246269 0.80849075
vt 0.70304066 0.37620938
vt 0.56044948 0.82901716
vt 0.70058650 0.35531610
vt 0.56080854 0.85005093
vt 0.69978839 0.33708739
vt 0.56186235 0.86826670
vt 0.70023412 0.31793582
vt 0.56422293 0.88727736
vt 0.70223933 0.30259222
vt 0.56698370 0.90250313
vt 0.70589203 0.28713906
vt 0.57025290 0.91804183
vt 0.71246189 0.27193022
vt 0.71927035 0.35856450
vt 0.57341433 0.93430459
vt 0.67888713 0.20939988
vt 0.70628536 0.20599997
vt 0.57193577 0.78268790
vt 0.70557427 0.22107399
vt 0.94212496 0.24334633
vt 0.70399582 0.20570385
vt 0.99603236 0.07463998
vt 0.70280504 0.22136360
vt 0.94163346 0.24619722
vt 0.99643409 0.09033656
vt 0.95256627 0.25506371
vt 0.99525785 0.10383075
vt 0.96269095 0.26740789
vt 0.99458325 0.11917907
vt 0.96907294 0.28177071
vt 0.99480247 0.13430166
vt 0.97264612 0.30261707
vt 0.99471915 0.15465415
vt 0.97313082 0.32559168
vt 0.99473584 0.17676848
vt 0.99450243 0.19757378
vt 0.97369683 0.34720635
vt 0.99422920 0.22604924
vt 0.97013533 0.37656128
vt 0.99360967 0.24818724
vt 0.96412516 0.39875990
vt 0.99362731 0.27123535
vt 0.95541549 0.42105287
vt 0.99238789 0.29104745
vt 0.94767570 0.44015831
vt 0.99353039 0.30940646
vt 0.94345534 0.45878762
vt 0.99271345 0.32448530
vt 0.94140399 0.47433412
vt 0.94091451 0.49106950
vt 0.99335420 0.34059548
vt 0.18294004 0.86916554
vt 0.38484174 0.99258792
vt 0.97549880 0.49104559
vt 0.21920198 0.99169064
vt 0.97686422 0.25206459
vt 0.21588928 0.98955816
vt 0.53841817 0.78968257
vt 0.97757351 0.24642128
vt 0.21287137 0.95763582
vt 0.54225755 0.83406234
vt 0.21365020 0.93078709
vt 0.54521751 0.87125969
vt 0.21702236 0.90703291
vt 0.54746914 0.90451479
vt 0.22523427 0.88710511
vt 0.54827070 0.93444693
vt 0.22710368 0.88487434
vt 0.54824543 0.93849027
vt 0.68549615 0.44592881
vt 0.25349417 0.87846291
vt 0.68488723 0.40820438
vt 0.28611669 0.87430614
vt 0.68435234 0.36252058
vt 0.32968599 0.87171066
vt 0.68489975 0.30188757
vt 0.18294004 0.99041873
vt 0.38484174 0.87133467
vt 0.60696113 0.95423371
vt 0.68549615 0.22526336
vt 0.58735871 0.95449197
vt 0.66589314 0.22506261
vt 0.62793827 0.77348650
vt 0.62801015 0.84702563
vt 0.66503590 0.29859692
vt 0.63017213 0.89259201
vt 0.66478783 0.34421402
vt 0.63324678 0.92579955
vt 0.66484636 0.37756348
vt 0.64414036 0.99160612
vt 0.66172653 0.44419271
vt 0.68840086 0.21171719
vt 0.66290808 0.21166879
vt 0.57156467 0.93995893
vt 0.66226512 0.44843125
vt 0.68414986 0.21203256
vt 0.72130787 0.20418185
vt 0.68750858 0.17236382
vt 0.66791248 0.17268533
vt 0.72594738 0.39550543
vt 0.72400224 0.20623755
vt 0.68402576 0.17219871
vt 0.68840086 0.19542360
vt 0.66583824 0.19560218
vt 0.72319102 0.37691092
vt 0.68156004 0.19084275
vt 0.68500757 0.19242805
vt 0.72303247 0.20492721
vt 0.68564224 0.17241538
vt 0.89591038 0.74949729
vt 0.19830354 0.36196113
vt 0.18075745 0.35589445
vt 0.14713162 0.33642578
vt 0.15005286 0.36468422
vt 0.14018004 0.38981414
vt 0.12976806 0.33690822
vt 0.12929131 0.36309755
vt 0.13614181 0.39027244
vt 0.12935041 0.41069531
vt 0.12806961 0.43061650
vt 0.16100012 0.37059474
vt 0.15365371 0.41009516
vt 0.15210317 0.43061650
vt 0.18445800 0.39080155
vt 0.18063194 0.43061650
vt 0.21160994 0.41642302
vt 0.21239600 0.43061650
vt 0.27366742 0.41507185
vt 0.64555824 0.66329288
vt 0.27384564 0.43061650
vt 0.64532638 0.67774880
vt 0.18068311 0.33651888
vt 0.18208082 0.35059720
vt 0.18170047 0.41135460
vt 0.13849238 0.26229763
vt 0.14121740 0.29190016
vt 0.00947289 0.01503402
vt 0.02147916 0.01984936
vt 0.03280193 0.02660578
vt 0.03419076 0.01941431
vt 0.03001087 0.01232380
vt 0.02714897 0.00954521
vt 0.02362197 0.00841475
vt 0.01883426 0.00746363
vt 0.01439972 0.00868803
vt 0.01174708 0.01207137
vt 0.03272249 0.01555401
vt 0.03405922 0.02335811
vt 0.02439746 0.02860504
vt 0.01859903 0.02938712
vt 0.01308243 0.02745360
vt 0.01097658 0.02583206
vt 0.00927877 0.02327955
vt 0.00844550 0.01982337
vt 0.09689607 0.03449601
vt 0.08543369 0.06031334
vt 0.07230983 0.08700722
vt 0.06146548 0.10460895
vt 0.05311073 0.12638414
vt 0.04825725 0.14166725
vt 0.04278530 0.15749931
vt 0.03501605 0.18222886
vt 0.02951903 0.19722098
vt 0.02696137 0.21015286
vt 0.02480807 0.22274542
vt 0.02199703 0.23317796
vt 0.01984991 0.24461043
vt 0.01634881 0.25814897
vt 0.01324937 0.27685136
vt 0.01095508 0.33008301
vt 0.00963454 0.43061656
vt 0.01906876 0.43061656
vt 0.02100538 0.33290952
vt 0.02230939 0.27889287
vt 0.02413250 0.26113188
vt 0.07911615 0.13451725
vt 0.03094483 0.23357105
vt 0.07264594 0.15279835
vt 0.03429034 0.21386778
vt 0.03590439 0.19877607
vt 0.04119722 0.18298775
vt 0.04832297 0.15984273
vt 0.05306765 0.14391696
vt 0.05952871 0.12867963
vt 0.06698027 0.10844767
vt 0.07743511 0.08991027
vt 0.09128955 0.06303787
vt 0.10309237 0.03938174
vt 0.11129419 0.04575664
vt 0.09839882 0.06745613
vt 0.08554959 0.09307671
vt 0.07568766 0.11050707
vt 0.06734908 0.13033265
vt 0.06132577 0.14683580
vt 0.05625845 0.16116631
vt 0.04955726 0.18416750
vt 0.04503838 0.20080465
vt 0.04289721 0.21380514
vt 0.04067052 0.22610205
vt 0.10552793 0.07731724
vt 0.03596299 0.24887729
vt 0.08653218 0.11614525
vt 0.03317063 0.28035378
vt 0.03156953 0.33271551
vt 0.03118370 0.43061650
vt 0.04922051 0.43061650
vt 0.05006826 0.33302534
vt 0.04853958 0.28093779
vt 0.04895996 0.26201558
vt 0.05170022 0.24206573
vt 0.05479645 0.21839577
vt 0.05879216 0.20004714
vt 0.06452543 0.17926902
vt 0.11914562 0.05244958
vt 0.12751156 0.05855495
vt 0.11648393 0.08531654
vt 0.10036920 0.12010163
vt 0.09206610 0.13999736
vt 0.08517968 0.15655172
vt 0.07715005 0.18191725
vt 0.07235429 0.20239413
vt 0.06928577 0.21908218
vt 0.06650260 0.24211234
vt 0.06338484 0.26219177
vt 0.06291613 0.28092146
vt 0.06167816 0.33101404
vt 0.06536225 0.43061656
vt 0.08293737 0.43061650
vt 0.08001340 0.32927310
vt 0.07839189 0.28088516
vt 0.07975102 0.26183975
vt 0.08175174 0.24376869
vt 0.08334501 0.22161210
vt 0.08588552 0.20464033
vt 0.09001096 0.18441367
vt 0.09575226 0.16180182
vt 0.10289712 0.14392793
vt 0.11227914 0.12252009
vt 0.12551637 0.09078401
vt 0.13772090 0.05941629
vt 0.14681835 0.03452975
vt 0.96282244 0.96817207
vt 0.13492788 0.08867168
vt 0.12305283 0.12539452
vt 0.11527029 0.14904529
vt 0.10996292 0.16474861
vt 0.10410795 0.18395919
vt 0.09923130 0.20778334
vt 0.09714974 0.22435796
vt 0.09491345 0.24557972
vt 0.09420373 0.26520747
vt 0.09348945 0.28117335
vt 0.09417206 0.32908034
vt 0.09640690 0.43061650
vt 0.11029390 0.43061650
vt 0.10951547 0.37416697
vt 0.10834926 0.33074808
vt 0.10411069 0.28325915
vt 0.10543910 0.26526612
vt 0.10672582 0.24626362
vt 0.10783009 0.22430331
vt 0.10965198 0.21024370
vt 0.11576009 0.18379223
vt 0.12370394 0.15538770
vt 0.12995575 0.13765717
vt 0.13580520 0.11540961
vt 0.91742420 0.67106688
vt 0.88602370 0.67223096
vt 0.86412251 0.67118585
vt 0.84281039 0.67080033
vt 0.82705885 0.67085683
vt 0.91249412 0.64471418
vt 0.88423181 0.64702451
vt 0.86102027 0.64800590
vt 0.84199047 0.64813054
vt 0.82541895 0.64938706
vt 0.88796812 0.62056637
vt 0.86159414 0.62328744
vt 0.84175181 0.62426090
vt 0.82318068 0.62550390
vt 0.88660258 0.55670476
vt 0.84992373 0.55396694
vt 0.82317740 0.55409497
vt 0.81609762 0.55552495
vt 0.83232862 0.55403656
vt 0.83354062 0.64850110
vt 0.83250129 0.62463653
vt 0.77841097 0.65735519
vt 0.67526495 0.48189336
vt 0.66578984 0.53196937
vt 0.66348326 0.63779747
vt 0.94006026 0.06320405
vt 0.94720221 0.05095780
vt 0.95070362 0.03735006
vt 0.92774582 0.07546198
vt 0.90344191 0.09569514
vt 0.87728167 0.11431545
vt 0.85208130 0.12918127
vt 0.81531638 0.14929128
vt 0.79652542 0.15754974
vt 0.79669881 0.16557443
vt 0.79822367 0.17349076
vt 0.64534986 0.01226616
vt 0.80195522 0.17754573
vt 0.79664230 0.17769504
vt 0.78694177 0.16306365
vt 0.78024268 0.16020375
vt 0.77496666 0.15739596
vt 0.77050662 0.15190482
vt 0.78524172 0.17065787
vt 0.77838123 0.16706365
vt 0.77365750 0.16279757
vt 0.98437572 0.53538883
vt 0.76645195 0.22153997
vt 0.98420918 0.52345473
vt 0.76904839 0.23973858
vt 0.98407638 0.51034075
vt 0.77039075 0.26024514
vt 0.77056611 0.28359807
vt 0.98415160 0.49722630
vt 0.76978099 0.31007600
vt 0.98412192 0.48008400
vt 0.76823723 0.33030742
vt 0.98411369 0.46677214
vt 0.76519561 0.35184145
vt 0.98414409 0.45184082
vt 0.76014626 0.37276310
vt 0.98418784 0.43647254
vt 0.75302088 0.39342868
vt 0.98421693 0.42075431
vt 0.74467659 0.41370708
vt 0.98433292 0.40466416
vt 0.73955393 0.42685175
vt 0.98448038 0.39431751
vt 0.73554122 0.44004190
vt 0.98448598 0.38420445
vt 0.73247290 0.45427203
vt 0.98449779 0.37352443
vt 0.73012024 0.47341096
vt 0.98455429 0.35931516
vt 0.98479700 0.54786801
vt 0.76169437 0.20443708
vt 0.98501158 0.55600673
vt 0.75665545 0.19296658
vt 0.98538578 0.56409568
vt 0.74971640 0.18266308
vt 0.98573792 0.57213193
vt 0.74120879 0.17372733
vt 0.98646080 0.58305144
vt 0.72713375 0.16445172
vt 0.98733103 0.59593868
vt 0.70890135 0.15598005
vt 0.98814845 0.60772234
vt 0.69130099 0.15062726
vt 0.69065690 0.26991320
vt 0.67248595 0.14382160
vt 0.69791222 0.26990628
vt 0.67107105 0.13280749
vt 0.97338223 0.16827989
vt 0.69845533 0.26029587
vt 0.97297168 0.17582452
vt 0.91858113 0.31069541
vt 0.72235733 0.23237944
vt 0.69780040 0.25946224
vt 0.97282767 0.17664564
vt 0.70067537 0.22136354
vt 0.72667974 0.23382568
vt 0.69325113 0.25918067
vt 0.69781291 0.22063220
vt 0.69053507 0.26034629
vt 0.99624431 0.61935216
vt 0.69524610 0.22053248
vt 0.68950558 0.26272994
vt 0.98965240 0.62028086
vt 0.67243028 0.14498740
vt 0.69015670 0.26935512
vt 0.69845533 0.26533127
vt 0.97322506 0.17189389
vt 0.70748353 0.13534588
vt 0.95468134 0.16732872
vt 0.75074923 0.13631415
vt 0.93298352 0.16575289
vt 0.78274822 0.13281739
vt 0.91752940 0.16379607
vt 0.81150925 0.12407964
vt 0.90293258 0.16218495
vt 0.85160649 0.10596967
vt 0.88139743 0.16022730
vt 0.88126004 0.08798993
vt 0.86440605 0.16008294
vt 0.91606569 0.06390667
vt 0.84370291 0.16050798
vt 0.92711759 0.05422688
vt 0.83659130 0.16065955
vt 0.93377101 0.04842865
vt 0.89916551 0.07613266
vt 0.85393965 0.16039395
vt 0.86647928 0.09702659
vt 0.87286526 0.16017067
vt 0.83431321 0.11439800
vt 0.89079046 0.16123390
vt 0.07632539 0.00639421
vt 0.93635726 0.04497564
vt 0.06466766 0.00389493
vt 0.93795323 0.04243779
vt 0.93806624 0.04092401
vt 0.05774178 0.00399715
vt 0.05399589 0.00488192
vt 0.93826568 0.04012942
vt 0.93820095 0.03958058
vt 0.05075072 0.00671476
vt 0.93817973 0.03844774
vt 0.04812593 0.00931007
vt 0.93773031 0.03766572
vt 0.04622659 0.01264524
vt 0.93694293 0.03697062
vt 0.04517341 0.01700258
vt 0.93561983 0.03649062
vt 0.04565005 0.02299041
vt 0.93440449 0.03667241
vt 0.04824612 0.02749556
vt 0.93341589 0.03726715
vt 0.05199923 0.03053135
vt 0.93252575 0.03822446
vt 0.05714099 0.03255975
vt 0.93193591 0.03953099
vt 0.06315985 0.03269476
vt 0.06802890 0.03128505
vt 0.93179548 0.04070514
vt 0.07321244 0.02744257
vt 0.93214750 0.04219460
vt 0.07651471 0.02225047
vt 0.93294001 0.04337609
vt 0.07778180 0.01705408
vt 0.93392718 0.04413408
vt 0.07778180 0.01201212
vt 0.93500769 0.04459715
vt 0.93564630 0.04549313
vt 0.93332529 0.04791731
vt 0.93127847 0.04951292
vt 0.93050587 0.05016398
vt 0.93002903 0.05106854
vt 0.92923605 0.05204618
vt 0.92706549 0.05364549
vt 0.92706549 0.05364549
vt 0.83640891 0.16090906
vt 0.92706549 0.05364549
vt 0.92544031 0.05426300
vt 0.83629429 0.16171879
vt 0.92403257 0.05478942
vt 0.83612913 0.16234720
vt 0.09965494 0.86016780
vt 0.91845310 0.05575746
vt 0.83596849 0.16475165
vt 0.09855682 0.85799396
vt 0.83582622 0.16653794
vt 0.09665830 0.85525078
vt 0.83516228 0.16890192
vt 0.83391732 0.17324960
vt 0.09570022 0.84918720
vt 0.09450088 0.84318644
vt 0.83303213 0.17766976
vt 0.09097194 0.83100635
vt 0.83206123 0.18695194
vt 0.08759805 0.82240874
vt 0.83048946 0.19356382
vt 0.07826405 0.80314505
vt 0.82872432 0.20926666
vt 0.07194436 0.78999156
vt 0.82780325 0.22002935
vt 0.06540805 0.77775997
vt 0.82721859 0.23027170
vt 0.05616799 0.75936568
vt 0.82656085 0.24552339
vt 0.04645506 0.73708892
vt 0.82562470 0.26362622
vt 0.04125353 0.72249937
vt 0.82538235 0.27475846
vt 0.03641114 0.70397550
vt 0.82523012 0.28877199
vt 0.03288968 0.69212526
vt 0.82478565 0.29792231
vt 0.02798910 0.68027502
vt 0.82408613 0.30718613
vt 0.02240163 0.66558665
vt 0.82216370 0.31813228
vt 0.01824538 0.65206301
vt 0.81975478 0.32787520
vt 0.01550107 0.63972616
vt 0.81741595 0.33688968
vt 0.01289772 0.62755311
vt 0.81568110 0.34596026
vt 0.01081660 0.61528230
vt 0.81437767 0.35501659
vt 0.00984835 0.60098940
vt 0.81316727 0.36568350
vt 0.00590589 0.58361787
vt 0.81267327 0.37902850
vt 0.00241382 0.52862370
vt 0.81155491 0.42223954
vt 0.92796099 0.04822326
vt 0.92594337 0.04516196
vt 0.92431664 0.04050589
vt 0.92394221 0.03776097
vt 0.92404068 0.03389907
vt 0.92635906 0.02876770
vt 0.92951024 0.02596140
vt 0.93393385 0.02360529
vt 0.93847764 0.02302802
vt 0.94236946 0.02621293
vt 0.93619883 0.02300799
vt 0.94032192 0.02405310
vt 0.94367671 0.02878499
vt 0.94461656 0.03238720
vt 0.94477153 0.03727567
vt 0.94344544 0.04469204
vt 0.94072080 0.05077040
vt 0.93585038 0.05747056
vt 0.92979240 0.06381607
vt 0.92668116 0.04939878
vt 0.92472565 0.04603881
vt 0.92293108 0.04072553
vt 0.92245650 0.03556442
vt 0.92302990 0.03163850
vt 0.92485058 0.02622795
vt 0.93027532 0.02167881
vt 0.93604124 0.01962531
vt 0.94216645 0.02037799
vt 0.94632018 0.02518606
vt 0.94816411 0.03144455
vt 0.94800508 0.03876585
vt 0.94597542 0.04608738
vt 0.94332767 0.05243707
vt 0.93790853 0.05923164
vt 0.93174350 0.06695253
vt 0.92445779 0.07275081
vt 0.92708409 0.05311871
vt 0.92515397 0.05044097
vt 0.92292309 0.04647505
vt 0.92106175 0.04064286
vt 0.91991436 0.02955544
vt 0.92385912 0.02289414
vt 0.92989695 0.01675963
vt 0.93762875 0.01362789
vt 0.94496334 0.01681876
vt 0.94886780 0.02224165
vt 0.95079863 0.02979177
vt 0.92811215 0.05321562
vt 0.92041099 0.03517431
vt 0.92326701 0.05137050
vt 0.92089880 0.04657400
vt 0.91884446 0.04066730
vt 0.91698802 0.03432775
vt 0.10177542 0.85832584
vt 0.91649950 0.05113983
vt 0.10397445 0.85429198
vt 0.91271174 0.04383326
vt 0.10636275 0.84712994
vt 0.90960717 0.03113401
vt 0.10894590 0.84385526
vt 0.91184461 0.02411658
vt 0.92262781 0.07051420
vt 0.84398514 0.16871989
vt 0.11388348 0.83741164
vt 0.91963303 0.01237237
vt 0.12087971 0.83090687
vt 0.93353283 0.00454438
vt 0.12854843 0.82723922
vt 0.94769049 0.00520098
vt 0.13708845 0.82680809
vt 0.95817554 0.01494765
vt 0.15655795 0.82816225
vt 0.96016765 0.04414725
vt 0.16908304 0.82709903
vt 0.95531547 0.06256628
vt 0.18605582 0.82715583
vt 0.93928218 0.08259261
vt 0.21144703 0.82771587
vt 0.90869713 0.10603559
vt 0.23259562 0.82658821
vt 0.88241458 0.12430400
vt 0.25262156 0.82389420
vt 0.85698199 0.14077228
vt 0.28905451 0.81531179
vt 0.81122887 0.17125916
vt 0.65183055 0.00819290
vt 0.81122887 0.17125916
vt 0.24823916 0.80878979
vt 0.23921803 0.78951961
vt 0.22266521 0.80694890
vt 0.22094518 0.77843535
vt 0.23484156 0.77279329
vt 0.25214922 0.78266943
vt 0.20763251 0.76713240
vt 0.19235121 0.75356376
vt 0.17613199 0.74137807
vt 0.16370498 0.73573142
vt 0.18118350 0.76784015
vt 0.17070405 0.78090757
vt 0.20221567 0.73781306
vt 0.21127008 0.72668630
vt 0.22923715 0.73606557
vt 0.22911322 0.71354973
vt 0.22275369 0.70899475
vt 0.20809913 0.69322711
vt 0.19181277 0.68222773
vt 0.17755976 0.67193836
vt 0.23108636 0.69037008
vt 0.22932577 0.65783298
vt 0.20644812 0.65823656
vt 0.21853958 0.63023770
vt 0.22437154 0.62976873
vt 0.28434953 0.78847605
vt 0.67708957 0.00639367
vt 0.25879145 0.79931021
vt 0.16037758 0.79405117
vt 0.15037586 0.78081447
vt 0.14620693 0.74513906
vt 0.14172280 0.72059184
vt 0.12994979 0.69550461
vt 0.12267022 0.66137612
vt 0.12087856 0.63480037
vt 0.12600744 0.61945641
vt 0.14611922 0.71958029
vt 0.15420884 0.69980896
vt 0.16294241 0.68622136
vt 0.17236833 0.67149019
vt 0.15738113 0.65447205
vt 0.14188343 0.63832414
vt 0.13293995 0.62409502
vt 0.19058315 0.65032727
vt 0.20087674 0.61275250
vt 0.18674415 0.60073656
vt 0.17610213 0.58715051
vt 0.16190858 0.59829330
vt 0.14531712 0.60899782
vt 0.13266334 0.61619139
vt 0.12279168 0.59564155
vt 0.12631240 0.56181848
vt 0.13330123 0.54362303
vt 0.16146348 0.57094806
vt 0.14715874 0.55617934
vt 0.13769074 0.54242229
vt 0.19587559 0.57413030
vt 0.20810533 0.56462258
vt 0.22507267 0.55388099
vt 0.23167340 0.60201871
vt 0.23360252 0.57093590
vt 0.23075674 0.55312651
vt 0.27490696 0.75635189
vt 0.27490696 0.75635189
vt 0.70856273 0.00908715
vt 0.26983982 0.72430462
vt 0.26677120 0.69262367
vt 0.22968625 0.70347017
vt 0.26496649 0.65765518
vt 0.65690315 0.88048291
vt 0.64500797 0.84291029
vt 0.26581618 0.61276323
vt 0.27051046 0.57087028
vt 0.64348984 0.80465686
vt 0.64316964 0.76533878
vt 0.27336532 0.52768689
vt 0.23145664 0.54726225
vt 0.15245765 0.53336042
vt 0.16597170 0.52242804
vt 0.17819747 0.56850904
vt 0.19443105 0.52263534
vt 0.20812130 0.53866953
vt 0.22414009 0.54941016
vt 0.23423357 0.52787018
vt 0.23539330 0.49826407
vt 0.23292179 0.47100902
vt 0.21149333 0.52508980
vt 0.21458238 0.50003916
vt 0.22461087 0.47345245
vt 0.20795688 0.60113400
vt 0.21100664 0.57517999
vt 0.27442122 0.49548209
vt 0.64331102 0.73630148
vt 0.26582608 0.63859051
vt 0.64726973 0.86599994
vt 0.26586786 0.67527109
vt 0.67026973 0.88980281
vt 0.18701600 0.80995178
vt 0.16255794 0.80048054
vt 0.18629105 0.78414983
vt 0.15266246 0.81075186
vt 0.14417955 0.79067606
vt 0.17220567 0.72468966
vt 0.19452713 0.72079009
vt 0.19105722 0.70216489
vt 0.16873522 0.70554411
vt 0.15081441 0.68244034
vt 0.14789145 0.66458166
vt 0.16863798 0.75670522
vt 0.17351775 0.62935990
vt 0.89928031 0.09254289
vt 0.87549436 0.10903800
vt 0.84947467 0.12408280
vt 0.81347150 0.14253181
vt 0.78296769 0.15503824
vt 0.89734483 0.08857358
vt 0.87371004 0.10561204
vt 0.84660053 0.12184417
vt 0.81172562 0.13895541
vt 0.65528524 0.01352048
vt 0.65356076 0.01069307
vt 0.81403619 0.17518687
vt 0.79380912 0.16981691
vt 0.96183938 0.17542481
vt 0.95191443 0.17672598
vt 0.94589567 0.17896128
vt 0.94400704 0.18114984
vt 0.93914366 0.19180703
vt 0.93414807 0.20631075
vt 0.93069881 0.22186196
vt 0.92875952 0.23645496
vt 0.92826605 0.25128365
vt 0.92904842 0.26507986
vt 0.93254453 0.27975738
vt 0.94006085 0.29376864
vt 0.72332168 0.19207317
vt 0.96870476 0.30691379
vt 0.94037366 0.31219244
vt 0.74903774 0.31304634
vt 0.72400224 0.19280672
vt 0.96882975 0.30615932
vt 0.74903774 0.34938872
vt 0.71367973 0.40955216
vt 0.94096488 0.29297745
vt 0.71025556 0.39215308
vt 0.93343461 0.27890587
vt 0.70781165 0.37489337
vt 0.93002582 0.26468092
vt 0.70700389 0.35868376
vt 0.92936653 0.25138414
vt 0.70677906 0.33990079
vt 0.92982304 0.23614216
vt 0.70802695 0.32147825
vt 0.93178833 0.22152543
vt 0.71058756 0.30215997
vt 0.93503988 0.20641065
vt 0.71473533 0.28360373
vt 0.94012445 0.19225186
vt 0.71803099 0.26927829
vt 0.94484317 0.18171799
vt 0.71843308 0.26583642
vt 0.94682097 0.17992437
vt 0.71922082 0.25850677
vt 0.95216262 0.17780632
vt 0.72082824 0.24588072
vt 0.96214283 0.17654485
vt 0.89776504 0.18803561
vt 0.86475563 0.18640029
vt 0.84197623 0.18567502
vt 0.89878088 0.21876478
vt 0.86235493 0.21650153
vt 0.83871579 0.21447349
vt 0.89598811 0.24850345
vt 0.85992813 0.24516082
vt 0.83414292 0.24362701
vt 0.89258683 0.27650440
vt 0.85413623 0.27542442
vt 0.83426446 0.27481228
vt 0.89106405 0.29613864
vt 0.84955645 0.29311019
vt 0.83281118 0.29082048
vt 0.71780825 0.19257033
vt 0.96867150 0.31144363
vt 0.71410239 0.19342726
vt 0.96860081 0.31459153
vt 0.71286845 0.19451910
vt 0.96847194 0.31596893
vt 0.88834548 0.30967033
vt 0.84751451 0.30917084
vt 0.83132815 0.30705541
vt 0.93893808 0.31438518
vt 0.91785932 0.31326228
vt 0.88828856 0.31305963
vt 0.84270793 0.31733650
vt 0.82800788 0.31807154
vt 0.71184862 0.19990855
vt 0.96766227 0.32040715
vt 0.73311985 0.35643482
vt 0.96754169 0.32150650
vt 0.71250975 0.20102012
vt 0.93060684 0.32857335
vt 0.73311985 0.31346595
vt 0.93163919 0.32931334
vt 0.63010645 0.55803120
vt 0.91876793 0.38235587
vt 0.91409129 0.44140399
vt 0.62254107 0.62005770
vt 0.91974092 0.38257164
vt 0.61760950 0.69855845
vt 0.91508913 0.44184196
vt 0.86614120 0.30969578
vt 0.86615574 0.31609082
vt 0.70012629 0.20763290
vt 0.72689623 0.24757141
vt 0.70046985 0.19971865
vt 0.72692817 0.25548607
vt 0.70067537 0.19324380
vt 0.70451874 0.70939326
vt 0.72741610 0.26198053
vt 0.69857103 0.70530510
vt 0.72622460 0.26909864
vt 0.69650120 0.70049119
vt 0.72499567 0.27419245
vt 0.69356698 0.68758559
vt 0.72224110 0.28713763
vt 0.69155377 0.66705918
vt 0.71799487 0.30732065
vt 0.69191283 0.64602536
vt 0.71554071 0.32821387
vt 0.69296676 0.62780958
vt 0.71474260 0.34644264
vt 0.69532722 0.60879886
vt 0.71518832 0.36559415
vt 0.69808799 0.59357303
vt 0.71719354 0.38093781
vt 0.70135719 0.57803428
vt 0.72084624 0.39639086
vt 0.70451874 0.56177157
vt 0.74650383 0.27118361
vt 0.73517525 0.35023105
vt 0.72741610 0.41159970
vt 0.69724178 0.20743680
vt 0.69653070 0.19236267
vt 0.70304006 0.71338838
vt 0.96148741 0.73431569
vt 0.99603224 0.60655010
vt 0.69495213 0.20773274
vt 0.99643409 0.59085363
vt 0.69376135 0.19207317
vt 0.96123505 0.73302454
vt 0.99525785 0.57735956
vt 0.96611607 0.72888243
vt 0.99458337 0.56201130
vt 0.97059441 0.72316754
vt 0.99480259 0.54688877
vt 0.97335052 0.71657252
vt 0.99471927 0.52653629
vt 0.97476399 0.70705825
vt 0.99473619 0.50442213
vt 0.97475147 0.69660699
vt 0.97389579 0.63488674
vt 0.99450278 0.48361683
vt 0.97029364 0.60553706
vt 0.99422956 0.45514154
vt 0.96425283 0.58334672
vt 0.99361014 0.43300354
vt 0.95551240 0.56106603
vt 0.99362767 0.40995550
vt 0.94774616 0.54197121
vt 0.99238837 0.39014339
vt 0.94350004 0.52334774
vt 0.99353051 0.37178451
vt 0.94142711 0.50780416
vt 0.99271357 0.35670567
vt 0.97719383 0.73000002
vt 0.01730029 0.87006277
vt 0.66952246 0.70639372
vt 0.97757351 0.73255867
vt 0.01398761 0.87219512
vt 0.67336196 0.66201389
vt 0.01096971 0.90411752
vt 0.67632180 0.62481654
vt 0.01174849 0.93096614
vt 0.67857355 0.59156138
vt 0.01512066 0.95472032
vt 0.60696113 0.72957820
vt 0.67937499 0.56162930
vt 0.02333248 0.97464812
vt 0.60631299 0.73356915
vt 0.02520195 0.97687900
vt 0.60581493 0.77129531
vt 0.05159249 0.98329049
vt 0.60541427 0.81698048
vt 0.08421504 0.98744732
vt 0.60613978 0.87761170
vt 0.12778431 0.99004269
vt 0.58628559 0.88096070
vt 0.62801015 0.69994724
vt 0.58590353 0.83534443
vt 0.63017213 0.65438074
vt 0.58586407 0.80199492
vt 0.63324678 0.62117332
vt 0.71927035 0.31696475
vt 0.58254850 0.73537511
vt 0.75601745 0.26886630
vt 0.64414036 0.55536664
vt 0.58307457 0.73113501
vt 0.70266896 0.55611730
vt 0.75176644 0.26855099
vt 0.72427475 0.35594821
vt 0.75512540 0.30821961
vt 0.72130787 0.20205224
vt 0.75164247 0.30838478
vt 0.72400224 0.19999635
vt 0.74185228 0.31329012
vt 0.72220051 0.33303142
vt 0.75601745 0.28515983
vt 0.74917662 0.28974074
vt 0.73909593 0.33188462
vt 0.75262427 0.28815538
vt 0.75325894 0.30816805
vt 0.72303247 0.20130670
vt 0.89590907 0.24909216
vt 0.19830361 0.49927187
vt 0.18075748 0.50533867
vt 0.14713165 0.52480733
vt 0.15005288 0.49654877
vt 0.14018008 0.47141886
vt 0.12976809 0.52432483
vt 0.12929134 0.49813539
vt 0.13614181 0.47096062
vt 0.12935042 0.45053768
vt 0.16100013 0.49063838
vt 0.15365377 0.45113778
vt 0.18445800 0.47043145
vt 0.21160991 0.44480997
vt 0.64525163 0.69220662
vt 0.27366745 0.44616109
vt 0.18068315 0.52471411
vt 0.18208085 0.51063585
vt 0.18170048 0.44987845
vt 0.13849244 0.59893543
vt 0.14121747 0.56933290
vt 0.04904241 0.02139747
vt 0.06104816 0.01658183
vt 0.07237094 0.00982541
vt 0.07375993 0.01701653
vt 0.06957988 0.02410704
vt 0.06671797 0.02688527
vt 0.06319098 0.02801645
vt 0.05840395 0.02896726
vt 0.05396872 0.02774352
vt 0.05131608 0.02435982
vt 0.07229166 0.02087682
vt 0.07362891 0.01307261
vt 0.06396647 0.00782615
vt 0.05816821 0.00704408
vt 0.05265091 0.00897795
vt 0.05054558 0.01059914
vt 0.04884777 0.01315165
vt 0.04801537 0.01660830
vt 0.09689646 0.82673675
vt 0.08543404 0.80091947
vt 0.07231012 0.77422577
vt 0.06146581 0.75662410
vt 0.05311101 0.73484886
vt 0.04825758 0.71956575
vt 0.04278558 0.70373374
vt 0.03501631 0.67900431
vt 0.02951930 0.66401219
vt 0.02696154 0.65108037
vt 0.02480829 0.63848782
vt 0.02199726 0.62805521
vt 0.01985011 0.61662281
vt 0.01634895 0.60308421
vt 0.01324948 0.58438182
vt 0.01095515 0.53115016
vt 0.02100546 0.52832365
vt 0.02230953 0.58234030
vt 0.02413265 0.60010123
vt 0.07911640 0.72671580
vt 0.03094497 0.62766206
vt 0.07264619 0.70843470
vt 0.03429049 0.64736533
vt 0.03590457 0.66245711
vt 0.04119745 0.67824537
vt 0.04832325 0.70139033
vt 0.05306793 0.71731603
vt 0.05952899 0.73255330
vt 0.06698051 0.75278527
vt 0.07743540 0.77132273
vt 0.09128990 0.79819506
vt 0.10309270 0.82185113
vt 0.11129449 0.81547618
vt 0.09839915 0.79377675
vt 0.08554993 0.76815623
vt 0.07568794 0.75072598
vt 0.06734934 0.73090035
vt 0.06132602 0.71439725
vt 0.05625870 0.70006686
vt 0.04955750 0.67706555
vt 0.04503861 0.66042846
vt 0.04289743 0.64742798
vt 0.04067069 0.63513112
vt 0.10552822 0.78391564
vt 0.03596316 0.61235595
vt 0.08653243 0.74508774
vt 0.03317078 0.58087933
vt 0.03156959 0.52851766
vt 0.05006831 0.52820778
vt 0.04853972 0.58029526
vt 0.04896013 0.59921753
vt 0.05170039 0.61916739
vt 0.05479663 0.64283741
vt 0.05879238 0.66118598
vt 0.06452565 0.68196404
vt 0.11914591 0.80878329
vt 0.12751181 0.80267793
vt 0.11648419 0.77591640
vt 0.10036940 0.74113142
vt 0.09206637 0.72123563
vt 0.08517990 0.70468146
vt 0.07715026 0.67931581
vt 0.07235452 0.65883899
vt 0.06928594 0.64215094
vt 0.06650274 0.61912072
vt 0.06338492 0.59904128
vt 0.06291623 0.58031160
vt 0.06167824 0.53021902
vt 0.08001342 0.53195995
vt 0.07839197 0.58034796
vt 0.07975116 0.59939349
vt 0.08175187 0.61746442
vt 0.08334514 0.63962096
vt 0.08588569 0.65659279
vt 0.09001117 0.67681944
vt 0.09575246 0.69943124
vt 0.10289735 0.71730506
vt 0.11227936 0.73871291
vt 0.12551659 0.77044880
vt 0.13772111 0.80181658
vt 0.14681858 0.82670295
vt 0.96282244 0.02941066
vt 0.13492809 0.77256119
vt 0.12305304 0.73583847
vt 0.11527050 0.71218771
vt 0.10996311 0.69648451
vt 0.10410812 0.67727399
vt 0.09923140 0.65344983
vt 0.09714989 0.63687515
vt 0.09491360 0.61565334
vt 0.09420384 0.59602559
vt 0.09348951 0.58005971
vt 0.09417210 0.53215271
vt 0.10951550 0.48706603
vt 0.10834926 0.53048503
vt 0.10411078 0.57797390
vt 0.10543917 0.59596694
vt 0.10672592 0.61496943
vt 0.10783023 0.63692969
vt 0.10965209 0.65098935
vt 0.11576031 0.67744070
vt 0.12370417 0.70584536
vt 0.12995592 0.72357583
vt 0.13580544 0.74582332
vt 0.91742325 0.32752281
vt 0.88602239 0.32635891
vt 0.86412120 0.32740414
vt 0.84280914 0.32778960
vt 0.82705748 0.32773340
vt 0.91249341 0.35387576
vt 0.88423079 0.35156554
vt 0.86101931 0.35058427
vt 0.84198916 0.35045969
vt 0.82541764 0.34920335
vt 0.88796741 0.37802374
vt 0.86159325 0.37530267
vt 0.84175080 0.37432945
vt 0.82317954 0.37308657
vt 0.88660216 0.44188535
vt 0.84992343 0.44462353
vt 0.82317698 0.44449580
vt 0.81609720 0.44306600
vt 0.83232820 0.44455421
vt 0.83353937 0.35008919
vt 0.83250016 0.37395382
vt 0.77841020 0.34023243
vt 0.67526495 0.88052237
vt 0.66450036 0.85456109
vt 0.66215718 0.74980032
f 4/4 40/40 39/39
f 4/4 39/39 3/3
f 3/3 39/39 33/33
f 3/3 33/33 2/2
f 2/2 33/33 28/28
f 2/2 28/28 1/1
f 33/33 34/34 28/28
f 29/29 28/28 34/34
f 29/29 34/34 35/35
f 30/30 29/29 35/35
f 30/30 35/35 36/36
f 32/32 31/31 36/36
f 32/32 36/36 37/37
f 23/23 32/32 37/37
f 23/23 37/37 24/24
f 24/24 37/37 25/25
f 25/25 37/37 36/36
f 25/25 36/36 26/26
f 26/26 36/36 35/35
f 26/26 35/35 27/27
f 34/34 38/38 27/27
f 34/34 27/27 35/35
f 33/33 39/39 38/38
f 33/33 38/38 34/34
f 38/38 39/39 40/40
f 38/38 40/40 41/41
f 41/41 42/42 43/43
f 41/41 43/43 38/38
f 27/27 38/38 43/43
f 27/27 43/43 44/44
f 26/26 27/27 44/44
f 26/26 44/44 45/45
f 25/25 26/26 45/45
f 25/25 45/45 46/46
f 24/24 25/25 46/46
f 24/24 46/46 47/47
f 23/23 24/24 47/47
f 23/23 47/47 48/48
f 48/48 49/49 50/50
f 48/48 50/50 23/23
f 22/22 23/23 50/50
f 22/22 50/50 51/51
f 21/21 22/22 51/51
f 21/21 51/51 52/52
f 19/19 21/21 52/52
f 19/19 52/52 53/53
f 18/18 20/20 54/54
f 18/18 54/54 55/55
f 17/17 18/18 55/55
f 17/17 55/55 56/56
f 16/16 17/17 56/56
f 16/16 56/56 57/57
f 15/15 16/16 57/57
f 15/15 57/57 58/58
f 14/14 15/15 13/13
f 12/12 13/13 15/15
f 12/12 15/15 58/58
f 11/11 12/12 58/58
f 11/11 58/58 59/59
f 57/57 60/60 59/59
f 57/57 59/59 58/58
f 56/56 61/61 60/60
f 56/56 60/60 57/57
f 55/55 62/62 61/61
f 55/55 61/61 56/56
f 63/63 62/62 55/55
f 63/63 55/55 113/113
f 55/55 54/54 113/113
f 53/53 52/52 112/112
f 53/53 112/112 113/113
f 52/52 51/51 111/111
f 52/52 111/111 112/112
f 51/51 50/50 110/110
f 51/51 110/110 111/111
f 50/50 49/49 87/87
f 50/50 87/87 110/110
f 49/49 48/48 86/86
f 49/49 86/86 87/87
f 48/48 47/47 85/85
f 48/48 85/85 86/86
f 47/47 46/46 84/84
f 47/47 84/84 85/85
f 46/46 45/45 83/83
f 46/46 83/83 84/84
f 45/45 44/44 82/82
f 45/45 82/82 83/83
f 44/44 43/43 81/81
f 44/44 81/81 82/82
f 43/43 42/42 80/80
f 43/43 80/80 81/81
f 80/80 42/42 79/79
f 42/42 41/41 78/78
f 42/42 78/78 79/79
f 41/41 40/40 77/77
f 41/41 77/77 78/78
f 40/40 4/4 5/5
f 40/40 5/5 77/77
f 5/5 6/6 76/76
f 5/5 76/76 77/77
f 75/75 78/78 77/77
f 75/75 77/77 76/76
f 74/74 79/79 78/78
f 74/74 78/78 75/75
f 73/73 80/80 79/79
f 73/73 79/79 74/74
f 72/72 81/81 80/80
f 72/72 80/80 73/73
f 71/71 82/82 81/81
f 71/71 81/81 72/72
f 70/70 83/83 82/82
f 70/70 82/82 71/71
f 83/83 70/70 84/84
f 69/69 85/85 84/84
f 69/69 84/84 70/70
f 68/68 86/86 85/85
f 68/68 85/85 69/69
f 67/67 87/87 86/86
f 67/67 86/86 68/68
f 66/66 110/110 87/87
f 66/66 87/87 67/67
f 65/65 111/111 110/110
f 65/65 110/110 66/66
f 64/64 112/112 111/111
f 64/64 111/111 65/65
f 63/63 113/113 112/112
f 63/63 112/112 64/64
f 10/10 11/11 59/59
f 10/10 59/59 102/102
f 59/59 60/60 101/101
f 59/59 101/101 102/102
f 60/60 61/61 100/100
f 60/60 100/100 101/101
f 61/61 62/62 99/99
f 61/61 99/99 100/100
f 63/63 99/99 62/62
f 63/63 64/64 98/98
f 63/63 98/98 99/99
f 64/64 65/65 97/97
f 64/64 97/97 98/98
f 65/65 66/66 96/96
f 65/65 96/96 97/97
f 66/66 67/67 95/95
f 66/66 95/95 96/96
f 67/67 68/68 94/94
f 67/67 94/94 95/95
f 68/68 69/69 93/93
f 68/68 93/93 94/94
f 69/69 70/70 92/92
f 69/69 92/92 93/93
f 70/70 71/71 91/91
f 70/70 91/91 92/92
f 72/72 91/91 71/71
f 73/73 91/91 72/72
f 73/73 74/74 90/90
f 73/73 90/90 91/91
f 74/74 75/75 89/89
f 74/74 89/89 90/90
f 75/75 76/76 88/88
f 75/75 88/88 89/89
f 7/7 88/88 76/76
f 7/7 76/76 6/6
f 8/8 109/109 88/88
f 8/8 88/88 7/7
f 88/88 109/109 108/108
f 88/88 108/108 89/89
f 89/89 108/108 107/107
f 89/89 107/107 90/90
f 91/91 90/90 107/107
f 92/92 91/91 107/107
f 93/93 92/92 107/107
f 94/94 93/93 107/107
f 94/94 107/107 106/106
f 94/94 106/106 95/95
f 95/95 106/106 105/105
f 95/95 105/105 96/96
f 97/97 96/96 105/105
f 98/98 97/97 105/105
f 99/99 98/98 105/105
f 100/100 99/99 105/105
f 100/100 105/105 104/104
f 100/100 104/104 101/101
f 101/101 104/104 103/103
f 101/101 103/103 102/102
f 9/9 10/10 102/102
f 9/9 102/102 103/103
f 8/8 9/9 103/103
f 8/8 103/103 109/109
f 103/103 104/104 108/108
f 103/103 108/108 109/109
f 107/107 108/108 106/106
f 104/104 105/105 106/106
f 104/104 106/106 108/108
f 4/4 3/3 138/138
f 4/4 138/138 139/139
f 3/3 2/2 132/132
f 3/3 132/132 138/138
f 2/2 1/1 127/127
f 2/2 127/127 132/132
f 132/132 127/127 133/133
f 128/128 134/134 133/133
f 128/128 133/133 127/127
f 129/129 135/135 134/134
f 129/129 134/134 128/128
f 131/131 136/136 135/135
f 131/131 135/135 130/130
f 122/122 123/123 136/136
f 122/122 136/136 131/131
f 123/123 124/124 136/136
f 124/124 125/125 135/135
f 124/124 135/135 136/136
f 125/125 126/126 134/134
f 125/125 134/134 135/135
f 133/133 134/134 126/126
f 133/133 126/126 137/137
f 132/132 133/133 137/137
f 132/132 137/137 138/138
f 137/137 140/140 139/139
f 137/137 139/139 138/138
f 140/140 137/137 142/142
f 140/140 142/142 141/141
f 126/126 143/143 142/142
f 126/126 142/142 137/137
f 125/125 144/144 143/143
f 125/125 143/143 126/126
f 124/124 145/145 144/144
f 124/124 144/144 125/125
f 123/123 146/146 145/145
f 123/123 145/145 124/124
f 122/122 147/147 146/146
f 122/122 146/146 123/123
f 147/147 122/122 149/149
f 147/147 149/149 148/148
f 121/121 150/150 149/149
f 121/121 149/149 122/122
f 120/120 151/151 150/150
f 120/120 150/150 121/121
f 118/118 152/152 151/151
f 118/118 151/151 120/120
f 117/117 154/154 153/153
f 117/117 153/153 119/119
f 116/116 155/155 154/154
f 116/116 154/154 117/117
f 115/115 156/156 155/155
f 115/115 155/155 116/116
f 114/114 157/157 156/156
f 114/114 156/156 115/115
f 14/14 13/13 114/114
f 12/12 157/157 114/114
f 12/12 114/114 13/13
f 11/11 158/158 157/157
f 11/11 157/157 12/12
f 156/156 157/157 158/158
f 156/156 158/158 159/159
f 155/155 156/156 159/159
f 155/155 159/159 160/160
f 154/154 155/155 160/160
f 154/154 160/160 161/161
f 162/162 212/212 154/154
f 162/162 154/154 161/161
f 154/154 212/212 153/153
f 152/152 212/212 211/211
f 152/152 211/211 151/151
f 151/151 211/211 210/210
f 151/151 210/210 150/150
f 150/150 210/210 209/209
f 150/150 209/209 149/149
f 149/149 209/209 186/186
f 149/149 186/186 148/148
f 148/148 186/186 185/185
f 148/148 185/185 147/147
f 147/147 185/185 184/184
f 147/147 184/184 146/146
f 146/146 184/184 183/183
f 146/146 183/183 145/145
f 145/145 183/183 182/182
f 145/145 182/182 144/144
f 144/144 182/182 181/181
f 144/144 181/181 143/143
f 143/143 181/181 180/180
f 143/143 180/180 142/142
f 142/142 180/180 179/179
f 142/142 179/179 141/141
f 179/179 178/178 141/141
f 141/141 178/178 177/177
f 141/141 177/177 140/140
f 140/140 177/177 176/176
f 140/140 176/176 139/139
f 139/139 176/176 5/5
f 139/139 5/5 4/4
f 5/5 176/176 175/175
f 5/5 175/175 6/6
f 174/174 175/175 176/176
f 174/174 176/176 177/177
f 173/173 174/174 177/177
f 173/173 177/177 178/178
f 172/172 173/173 178/178
f 172/172 178/178 179/179
f 171/171 172/172 179/179
f 171/171 179/179 180/180
f 170/170 171/171 180/180
f 170/170 180/180 181/181
f 169/169 170/170 181/181
f 169/169 181/181 182/182
f 182/182 183/183 169/169
f 168/168 169/169 183/183
f 168/168 183/183 184/184
f 167/167 168/168 184/184
f 167/167 184/184 185/185
f 166/166 167/167 185/185
f 166/166 185/185 186/186
f 165/165 166/166 186/186
f 165/165 186/186 209/209
f 164/164 165/165 209/209
f 164/164 209/209 210/210
f 163/163 164/164 210/210
f 163/163 210/210 211/211
f 162/162 163/163 211/211
f 162/162 211/211 212/212
f 10/10 201/201 158/158
f 10/10 158/158 11/11
f 158/158 201/201 200/200
f 158/158 200/200 159/159
f 159/159 200/200 199/199
f 159/159 199/199 160/160
f 160/160 199/199 198/198
f 160/160 198/198 161/161
f 162/162 161/161 198/198
f 162/162 198/198 197/197
f 162/162 197/197 163/163
f 163/163 197/197 196/196
f 163/163 196/196 164/164
f 164/164 196/196 195/195
f 164/164 195/195 165/165
f 165/165 195/195 194/194
f 165/165 194/194 166/166
f 166/166 194/194 193/193
f 166/166 193/193 167/167
f 167/167 193/193 192/192
f 167/167 192/192 168/168
f 168/168 192/192 191/191
f 168/168 191/191 169/169
f 169/169 191/191 190/190
f 169/169 190/190 170/170
f 171/171 170/170 190/190
f 172/172 171/171 190/190
f 172/172 190/190 189/189
f 172/172 189/189 173/173
f 173/173 189/189 188/188
f 173/173 188/188 174/174
f 174/174 188/188 187/187
f 174/174 187/187 175/175
f 7/7 6/6 175/175
f 7/7 175/175 187/187
f 8/8 7/7 187/187
f 8/8 187/187 208/208
f 187/187 188/188 207/207
f 187/187 207/207 208/208
f 188/188 189/189 206/206
f 188/188 206/206 207/207
f 190/190 206/206 189/189
f 191/191 206/206 190/190
f 192/192 206/206 191/191
f 193/193 206/206 192/192
f 193/193 194/194 205/205
f 193/193 205/205 206/206
f 194/194 195/195 204/204
f 194/194 204/204 205/205
f 196/196 204/204 195/195
f 197/197 204/204 196/196
f 198/198 204/204 197/197
f 199/199 204/204 198/198
f 199/199 200/200 203/203
f 199/199 203/203 204/204
f 200/200 201/201 202/202
f 200/200 202/202 203/203
f 9/9 202/202 201/201
f 9/9 201/201 10/10
f 8/8 208/208 202/202
f 8/8 202/202 9/9
f 202/202 208/208 207/207
f 202/202 207/207 203/203
f 206/206 205/205 207/207
f 203/203 207/207 205/205
f 203/203 205/205 204/204
f 364/364 321/321 328/328
f 366/366 368/368 321/321
f 321/321 369/369 476/476
f 321/321 445/445 328/328
f 446/446 320/320 447/447
f 429/429 367/367 366/366
f 368/368 367/367 429/429
f 368/368 448/448 369/369
f 449/449 429/429 430/430
f 450/450 430/430 431/431
f 354/354 430/430 356/356
f 430/430 358/358 356/356
f 353/353 431/431 354/354
f 351/351 432/432 353/353
f 349/349 433/433 351/351
f 347/347 434/434 349/349
f 345/345 435/435 347/347
f 439/439 345/345 343/343
f 439/439 343/343 437/437
f 440/440 343/343 341/341
f 440/440 441/441 438/438
f 341/341 339/339 441/441
f 441/441 443/443 442/442
f 334/334 339/339 337/337
f 443/443 334/334 444/444
f 330/330 334/334 333/333
f 328/328 444/444 330/330
f 373/373 476/476 465/465
f 465/465 476/476 369/369
f 449/449 466/466 448/448
f 450/450 467/467 449/449
f 451/451 468/468 450/450
f 452/452 477/477 451/451
f 453/453 469/469 452/452
f 454/454 470/470 453/453
f 455/455 471/471 454/454
f 456/456 472/472 455/455
f 474/474 456/456 457/457
f 475/475 457/457 458/458
f 213/213 458/458 459/459
f 213/213 460/460 214/214
f 214/214 461/461 215/215
f 461/461 462/462 215/215
f 215/215 463/463 216/216
f 463/463 464/464 216/216
f 447/447 462/462 446/446
f 462/462 445/445 446/446
f 445/445 460/460 444/444
f 444/444 459/459 443/443
f 443/443 458/458 442/442
f 458/458 441/441 442/442
f 456/456 440/440 438/438
f 456/456 437/437 440/440
f 437/437 455/455 439/439
f 455/455 436/436 439/439
f 454/454 435/435 436/436
f 435/435 453/453 434/434
f 434/434 452/452 433/433
f 433/433 451/451 432/432
f 432/432 450/450 431/431
f 478/478 377/377 375/375
f 467/467 478/478 466/466
f 468/468 479/479 467/467
f 477/477 480/480 468/468
f 481/481 485/485 480/480
f 485/485 479/479 480/480
f 483/483 478/478 479/479
f 478/478 380/380 377/377
f 447/447 318/318 490/490
f 463/463 490/490 464/464
f 476/476 370/370 320/320
f 378/378 381/381 491/491
f 505/505 215/215 216/216
f 503/503 214/214 215/215
f 214/214 501/501 213/213
f 993/993 475/475 213/213
f 475/475 499/499 474/474
f 499/499 473/473 474/474
f 497/497 472/472 473/473
f 495/495 471/471 472/472
f 471/471 493/493 470/470
f 470/470 489/489 469/469
f 469/469 481/481 477/477
f 487/487 469/469 489/489
f 617/617 502/502 615/615
f 502/502 614/614 615/615
f 506/506 614/614 504/504
f 508/508 518/518 506/506
f 508/508 516/516 518/518
f 517/517 518/518 516/516
f 517/517 516/516 543/543
f 521/521 517/517 543/543
f 518/518 517/517 519/519
f 518/518 616/616 614/614
f 616/616 615/615 614/614
f 617/617 544/544 618/618
f 545/545 618/618 544/544
f 544/544 527/527 545/545
f 544/544 616/616 527/527
f 543/543 510/510 514/514
f 220/220 511/511 219/219
f 219/219 509/509 218/218
f 218/218 507/507 217/217
f 507/507 216/216 217/217
f 323/323 490/490 318/318
f 316/316 632/632 323/323
f 325/325 633/633 316/316
f 325/325 314/314 634/634
f 327/327 634/634 314/314
f 327/327 312/312 635/635
f 310/310 635/635 312/312
f 635/635 631/631 630/630
f 630/630 634/634 635/635
f 629/629 633/633 634/634
f 627/627 633/633 628/628
f 632/632 464/464 490/490
f 217/217 464/464 627/627
f 218/218 627/627 628/628
f 218/218 629/629 219/219
f 219/219 630/630 220/220
f 221/221 630/630 631/631
f 221/221 515/515 220/220
f 221/221 228/228 222/222
f 229/229 228/228 631/631
f 230/230 631/631 231/231
f 637/637 224/224 636/636
f 513/513 223/223 638/638
f 222/222 515/515 221/221
f 639/639 223/223 222/222
f 639/639 640/640 226/226
f 225/225 223/223 226/226
f 227/227 640/640 641/641
f 228/228 639/639 222/222
f 639/639 232/232 640/640
f 233/233 640/640 232/232
f 234/234 228/228 229/229
f 233/233 1039/1039 235/235
f 236/236 229/229 230/230
f 236/236 237/237 234/234
f 262/262 265/265 235/235
f 231/231 236/236 230/230
f 235/235 258/258 260/260
f 256/256 235/235 254/254
f 254/254 1039/1039 252/252
f 246/246 248/248 1039/1039
f 250/250 252/252 1039/1039
f 234/234 239/239 241/241
f 239/239 234/234 237/237
f 234/234 241/241 244/244
f 236/236 267/267 237/237
f 269/269 231/231 271/271
f 275/275 231/231 277/277
f 277/277 281/281 279/279
f 231/231 308/308 306/306
f 303/303 283/283 305/305
f 303/303 642/642 286/286
f 643/643 305/305 307/307
f 643/643 307/307 644/644
f 286/286 683/683 289/289
f 642/642 681/681 683/683
f 643/643 679/679 681/681
f 644/644 677/677 679/679
f 646/646 677/677 645/645
f 646/646 673/673 675/675
f 647/647 671/671 673/673
f 648/648 669/669 671/671
f 649/649 667/667 669/669
f 650/650 665/665 667/667
f 651/651 663/663 665/665
f 652/652 660/660 663/663
f 657/657 653/653 654/654
f 656/656 704/704 702/702
f 288/288 709/709 656/656
f 706/706 710/710 288/288
f 737/737 711/711 706/706
f 707/707 738/738 737/737
f 708/708 712/712 707/707
f 713/713 409/409 411/411
f 407/407 699/699 405/405
f 708/708 698/698 699/699
f 737/737 698/698 707/707
f 737/737 706/706 697/697
f 288/288 697/697 706/706
f 288/288 656/656 653/653
f 702/702 700/700 656/656
f 652/652 697/697 653/653
f 695/695 697/697 694/694
f 696/696 698/698 695/695
f 405/405 696/696 403/403
f 401/401 693/693 399/399
f 693/693 695/695 692/692
f 861/861 692/692 694/694
f 654/654 656/656 700/700
f 651/651 694/694 652/652
f 649/649 648/648 688/688
f 649/649 691/691 650/650
f 689/689 691/691 688/688
f 690/690 692/692 689/689
f 397/397 690/690 395/395
f 391/391 687/687 389/389
f 687/687 689/689 686/686
f 689/689 685/685 686/686
f 647/647 646/646 685/685
f 647/647 688/688 648/648
f 645/645 644/644 307/307
f 307/307 646/646 645/645
f 307/307 309/309 685/685
f 311/311 685/685 309/309
f 326/326 685/685 311/311
f 326/326 324/324 686/686
f 315/315 686/686 324/324
f 322/322 686/686 315/315
f 317/317 491/491 322/322
f 687/687 322/322 491/491
f 387/387 383/383 386/386
f 387/387 687/687 491/491
f 293/293 684/684 739/739
f 741/741 684/684 682/682
f 741/741 682/682 743/743
f 680/680 743/743 682/682
f 680/680 678/678 746/746
f 746/746 678/678 748/748
f 676/676 748/748 678/678
f 674/674 750/750 676/676
f 672/672 752/752 674/674
f 670/670 754/754 672/672
f 668/668 756/756 670/670
f 666/666 758/758 668/668
f 664/664 760/760 666/666
f 661/661 762/762 664/664
f 856/856 659/659 851/851
f 765/765 662/662 856/856
f 767/767 858/858 847/847
f 860/860 857/857 853/853
f 849/849 858/858 860/860
f 847/847 854/854 843/843
f 722/722 855/855 718/718
f 855/855 850/850 718/718
f 714/714 721/721 717/717
f 709/709 714/714 704/704
f 710/710 719/719 709/709
f 845/845 818/818 766/766
f 820/820 818/818 845/845
f 846/846 842/842 821/821
f 818/818 763/763 766/766
f 816/816 761/761 763/763
f 761/761 814/814 759/759
f 759/759 814/814 757/757
f 814/814 755/755 757/757
f 812/812 753/753 755/755
f 753/753 809/809 751/751
f 751/751 809/809 749/749
f 296/296 740/740 768/768
f 742/742 768/768 740/740
f 745/745 770/770 742/742
f 747/747 769/769 744/744
f 298/298 768/768 772/772
f 770/770 772/772 768/768
f 281/281 301/301 279/279
f 278/278 773/773 776/776
f 276/276 776/776 778/778
f 274/274 778/778 780/780
f 274/274 780/780 272/272
f 270/270 780/780 782/782
f 270/270 782/782 268/268
f 238/238 782/782 784/784
f 240/240 784/784 786/786
f 242/242 240/240 786/786
f 243/243 786/786 787/787
f 245/245 243/243 787/787
f 245/245 789/789 247/247
f 249/249 247/247 789/789
f 249/249 791/791 251/251
f 253/253 791/791 793/793
f 255/255 253/253 793/793
f 255/255 795/795 257/257
f 259/259 795/795 797/797
f 261/261 259/259 797/797
f 263/263 797/797 799/799
f 266/266 799/799 802/802
f 775/775 807/807 777/777
f 807/807 771/771 810/810
f 777/777 807/807 779/779
f 779/779 807/807 781/781
f 781/781 807/807 783/783
f 783/783 807/807 785/785
f 800/800 805/805 801/801
f 790/790 805/805 792/792
f 792/792 805/805 794/794
f 794/794 805/805 796/796
f 796/796 805/805 798/798
f 798/798 805/805 800/800
f 788/788 805/805 790/790
f 650/650 861/861 651/651
f 807/807 788/788 785/785
f 769/769 747/747 809/809
f 749/749 809/809 747/747
f 299/299 280/280 302/302
f 304/304 292/292 297/297
f 848/848 859/859 852/852
f 542/542 543/543 514/514
f 520/520 517/517 521/521
f 519/519 517/517 520/520
f 523/523 526/526 522/522
f 526/526 523/523 625/625
f 524/524 625/625 523/523
f 525/525 625/625 524/524
f 527/527 526/526 625/625
f 527/527 616/616 526/526
f 522/522 616/616 519/519
f 523/523 522/522 528/528
f 524/524 523/523 528/528
f 529/529 522/522 519/519
f 530/530 519/519 520/520
f 520/520 580/580 530/530
f 580/580 581/581 530/530
f 530/530 581/581 531/531
f 531/531 529/529 530/530
f 531/531 582/582 583/583
f 532/532 531/531 583/583
f 532/532 536/536 533/533
f 533/533 621/621 532/532
f 620/620 532/532 621/621
f 532/532 620/620 529/529
f 529/529 620/620 528/528
f 620/620 524/524 528/528
f 619/619 525/525 524/524
f 619/619 622/622 552/552
f 553/553 552/552 622/622
f 619/619 621/621 622/622
f 545/545 625/625 546/546
f 625/625 525/525 546/546
f 546/546 552/552 547/547
f 547/547 553/553 548/548
f 535/535 554/554 534/534
f 556/556 535/535 559/559
f 555/555 556/556 554/554
f 554/554 624/624 623/623
f 535/535 534/534 559/559
f 539/539 559/559 538/538
f 534/534 538/538 559/559
f 534/534 621/621 533/533
f 621/621 554/554 622/622
f 554/554 553/553 622/622
f 623/623 553/553 554/554
f 549/549 623/623 624/624
f 557/557 624/624 556/556
f 556/556 626/626 557/557
f 539/539 626/626 559/559
f 560/560 626/626 539/539
f 539/539 537/537 540/540
f 538/538 536/536 537/537
f 583/583 582/582 536/536
f 536/536 613/613 537/537
f 613/613 585/585 537/537
f 537/537 585/585 540/540
f 585/585 610/610 540/540
f 610/610 586/586 540/540
f 575/575 539/539 540/540
f 560/560 539/539 605/605
f 575/575 540/540 586/586
f 606/606 575/575 576/576
f 575/575 589/589 576/576
f 577/577 576/576 589/589
f 592/592 589/589 590/590
f 599/599 598/598 592/592
f 598/598 573/573 574/574
f 574/574 573/573 606/606
f 574/574 576/576 577/577
f 598/598 602/602 597/597
f 598/598 577/577 592/592
f 592/592 590/590 599/599
f 603/603 599/599 600/600
f 600/600 590/590 608/608
f 601/601 608/608 879/879
f 604/604 600/600 601/601
f 877/877 601/601 879/879
f 875/875 604/604 877/877
f 875/875 862/862 604/604
f 604/604 862/862 603/603
f 597/597 602/602 596/596
f 597/597 572/572 573/573
f 569/569 593/593 570/570
f 571/571 570/570 593/593
f 573/573 572/572 606/606
f 561/561 560/560 605/605
f 605/605 572/572 561/561
f 561/561 572/572 562/562
f 562/562 563/563 561/561
f 560/560 561/561 626/626
f 626/626 563/563 564/564
f 626/626 564/564 557/557
f 564/564 558/558 557/557
f 550/550 557/557 558/558
f 551/551 550/550 558/558
f 558/558 565/565 551/551
f 563/563 562/562 569/569
f 595/595 596/596 883/883
f 594/594 595/595 883/883
f 569/569 562/562 595/595
f 572/572 595/595 562/562
f 884/884 883/883 596/596
f 884/884 594/594 883/883
f 863/863 862/862 875/875
f 863/863 875/875 872/872
f 862/862 884/884 596/596
f 602/602 862/862 596/596
f 594/594 863/863 872/872
f 594/594 865/865 864/864
f 594/594 864/864 593/593
f 593/593 864/864 571/571
f 866/866 865/865 872/872
f 872/872 873/873 866/866
f 875/875 873/873 872/872
f 875/875 885/885 873/873
f 877/877 885/885 875/875
f 877/877 876/876 885/885
f 876/876 873/873 885/885
f 866/866 868/868 865/865
f 868/868 864/864 865/865
f 867/867 571/571 864/864
f 568/568 570/570 571/571
f 887/887 563/563 569/569
f 570/570 887/887 569/569
f 564/564 563/563 886/886
f 565/565 564/564 886/886
f 566/566 565/565 886/886
f 566/566 887/887 567/567
f 570/570 567/567 887/887
f 870/870 866/866 873/873
f 870/870 874/874 871/871
f 874/874 873/873 876/876
f 877/877 878/878 876/876
f 879/879 878/878 877/877
f 542/542 580/580 521/521
f 637/637 541/541 512/512
f 579/579 637/637 636/636
f 231/231 273/273 271/271
f 231/231 269/269 267/267
f 231/231 275/275 273/273
f 893/893 889/889 894/894
f 355/355 894/894 352/352
f 352/352 895/895 350/350
f 357/357 893/893 355/355
f 898/898 357/357 359/359
f 359/359 891/891 898/898
f 899/899 361/361 363/363
f 363/363 890/890 899/899
f 331/331 890/890 329/329
f 901/901 331/331 332/332
f 335/335 901/901 332/332
f 902/902 335/335 336/336
f 903/903 336/336 338/338
f 904/904 338/338 340/340
f 905/905 340/340 342/342
f 342/342 888/888 905/905
f 897/897 344/344 346/346
f 346/346 896/896 897/897
f 350/350 896/896 348/348
f 895/895 889/889 896/896
f 896/896 889/889 897/897
f 889/889 888/888 897/897
f 889/889 905/905 888/888
f 904/904 905/905 889/889
f 903/903 904/904 889/889
f 902/902 903/903 889/889
f 901/901 902/902 889/889
f 900/900 901/901 889/889
f 890/890 900/900 889/889
f 890/890 889/889 899/899
f 891/891 899/899 889/889
f 891/891 889/889 898/898
f 892/892 898/898 889/889
f 892/892 889/889 893/893
f 894/894 889/889 895/895
f 382/382 379/379 482/482
f 384/384 482/482 484/484
f 385/385 484/484 486/486
f 388/388 486/486 906/906
f 390/390 388/388 906/906
f 690/690 391/391 393/393
f 395/395 690/690 393/393
f 392/392 906/906 907/907
f 394/394 392/392 907/907
f 396/396 907/907 908/908
f 399/399 693/693 397/397
f 398/398 396/396 908/908
f 398/398 909/909 400/400
f 403/403 696/696 401/401
f 402/402 909/909 910/910
f 404/404 910/910 911/911
f 404/404 912/912 406/406
f 409/409 708/708 407/407
f 408/408 912/912 913/913
f 410/410 408/408 913/913
f 410/410 914/914 412/412
f 723/723 721/721 719/719
f 724/724 726/726 723/723
f 725/725 728/728 724/724
f 731/731 835/835 729/729
f 729/729 837/837 727/727
f 837/837 839/839 727/727
f 720/720 839/839 841/841
f 1018/1018 710/710 711/711
f 1018/1018 711/711 1019/1019
f 738/738 1019/1019 711/711
f 712/712 1020/1020 738/738
f 713/713 1021/1021 712/712
f 1022/1022 411/411 413/413
f 719/719 1023/1023 723/723
f 1019/1019 1023/1023 1018/1018
f 1020/1020 1024/1024 1019/1019
f 1021/1021 1025/1025 1020/1020
f 1037/1037 1021/1021 1022/1022
f 1037/1037 1022/1022 1027/1027
f 1022/1022 413/413 1027/1027
f 415/415 1027/1027 413/413
f 417/417 1027/1027 415/415
f 419/419 1027/1027 417/417
f 1023/1023 1028/1028 723/723
f 1029/1029 1024/1024 1025/1025
f 1030/1030 1025/1025 1026/1026
f 1038/1038 1026/1026 1037/1037
f 1031/1031 1037/1037 1027/1027
f 1027/1027 419/419 1031/1031
f 421/421 1031/1031 419/419
f 423/423 1031/1031 421/421
f 723/723 1032/1032 724/724
f 1029/1029 1032/1032 1028/1028
f 1030/1030 1033/1033 1029/1029
f 1036/1036 1038/1038 1034/1034
f 1035/1035 1038/1038 1031/1031
f 425/425 1031/1031 423/423
f 427/427 1035/1035 425/425
f 427/427 1034/1034 1035/1035
f 734/734 1034/1034 735/735
f 736/736 1036/1036 734/734
f 733/733 1033/1033 736/736
f 733/733 732/732 1032/1032
f 1032/1032 725/725 724/724
f 426/426 922/922 428/428
f 424/424 921/921 426/426
f 422/422 920/920 424/424
f 420/420 919/919 422/422
f 418/418 918/918 420/420
f 416/416 917/917 418/418
f 414/414 916/916 416/416
f 412/412 915/915 414/414
f 922/922 924/924 923/923
f 925/925 921/921 920/920
f 926/926 920/920 919/919
f 918/918 926/926 919/919
f 917/917 928/928 918/918
f 930/930 916/916 915/915
f 931/931 915/915 914/914
f 913/913 931/931 914/914
f 912/912 932/932 913/913
f 934/934 912/912 911/911
f 935/935 911/911 910/910
f 936/936 910/910 909/909
f 937/937 909/909 908/908
f 938/938 908/908 907/907
f 939/939 907/907 906/906
f 488/488 906/906 486/486
f 494/494 939/939 492/492
f 938/938 940/940 941/941
f 938/938 942/942 937/937
f 937/937 943/943 936/936
f 936/936 944/944 935/935
f 935/935 945/945 934/934
f 934/934 946/946 933/933
f 933/933 947/947 932/932
f 932/932 948/948 931/931
f 931/931 949/949 930/930
f 930/930 950/950 928/928
f 928/928 952/952 926/926
f 926/926 954/954 925/925
f 924/924 954/954 955/955
f 924/924 956/956 923/923
f 957/957 955/955 958/958
f 959/959 955/955 954/954
f 960/960 954/954 952/952
f 961/961 952/952 950/950
f 962/962 950/950 949/949
f 948/948 962/962 949/949
f 947/947 963/963 948/948
f 964/964 946/946 929/929
f 946/946 945/945 929/929
f 945/945 927/927 929/929
f 953/953 944/944 943/943
f 942/942 953/953 943/943
f 942/942 941/941 951/951
f 965/965 941/941 940/940
f 496/496 940/940 494/494
f 966/966 496/496 498/498
f 951/951 966/966 967/967
f 951/951 968/968 953/953
f 953/953 969/969 927/927
f 927/927 970/970 929/929
f 929/929 971/971 964/964
f 964/964 972/972 963/963
f 963/963 973/973 962/962
f 962/962 974/974 961/961
f 961/961 975/975 960/960
f 960/960 976/976 959/959
f 959/959 977/977 958/958
f 958/958 978/978 957/957
f 979/979 977/977 980/980
f 976/976 980/980 977/977
f 975/975 981/981 976/976
f 974/974 982/982 975/975
f 984/984 974/974 973/973
f 985/985 973/973 972/972
f 971/971 985/985 972/972
f 987/987 971/971 970/970
f 988/988 970/970 969/969
f 968/968 988/988 969/969
f 967/967 989/989 968/968
f 966/966 990/990 967/967
f 498/498 991/991 966/966
f 617/617 992/992 500/500
f 617/617 991/991 992/992
f 990/990 618/618 994/994
f 501/501 993/993 213/213
f 990/990 995/995 989/989
f 989/989 996/996 988/988
f 988/988 997/997 987/987
f 987/987 998/998 986/986
f 986/986 999/999 985/985
f 984/984 999/999 1000/1000
f 983/983 1000/1000 1001/1001
f 982/982 1001/1001 1002/1002
f 981/981 1002/1002 1003/1003
f 980/980 1003/1003 1004/1004
f 979/979 1004/1004 1005/1005
f 1005/1005 1007/1007 1006/1006
f 1007/1007 1004/1004 1008/1008
f 1009/1009 1004/1004 1003/1003
f 1010/1010 1003/1003 1002/1002
f 1011/1011 1002/1002 1001/1001
f 1000/1000 1011/1011 1001/1001
f 999/999 1012/1012 1000/1000
f 998/998 1013/1013 999/999
f 997/997 1014/1014 998/998
f 996/996 1015/1015 997/997
f 996/996 995/995 1016/1016
f 1017/1017 995/995 994/994
f 994/994 618/618 1017/1017
f 1017/1017 545/545 546/546
f 547/547 1017/1017 546/546
f 547/547 1015/1015 1016/1016
f 548/548 1014/1014 1015/1015
f 549/549 1013/1013 1014/1014
f 1013/1013 550/550 1012/1012
f 550/550 1011/1011 1012/1012
f 566/566 1011/1011 551/551
f 566/566 1009/1009 1010/1010
f 567/567 1008/1008 1009/1009
f 867/867 1008/1008 568/568
f 868/868 1008/1008 867/867
f 869/869 1007/1007 868/868
f 870/870 1007/1007 869/869
f 871/871 1006/1006 870/870
f 492/492 906/906 488/488
f 842/842 823/823 821/821
f 840/840 825/825 823/823
f 838/838 827/827 825/825
f 831/831 836/836 833/833
f 1039/1039 244/244 246/246
f 248/248 250/250 1039/1039
f 1039/1039 232/232 234/234
f 636/636 1054/1054 1458/1458
f 607/607 591/591 1042/1042
f 882/882 880/880 1042/1042
f 880/880 607/607 1042/1042
f 587/587 1040/1040 1041/1041
f 609/609 584/584 1040/1040
f 591/591 1041/1041 1042/1042
f 588/588 587/587 1041/1041
f 584/584 611/611 1040/1040
f 824/824 806/806 811/811
f 1189/1189 1146/1146 1190/1190
f 1193/1193 1192/1192 1191/1191
f 1299/1299 1194/1194 1146/1146
f 1146/1146 1268/1268 1269/1269
f 1144/1144 1269/1269 1270/1270
f 1186/1186 1188/1188 1190/1190
f 1193/1193 1252/1252 1192/1192
f 1271/1271 1193/1193 1194/1194
f 1252/1252 1272/1272 1253/1253
f 1253/1253 1273/1273 1254/1254
f 1180/1180 1253/1253 1254/1254
f 1184/1184 1253/1253 1182/1182
f 1177/1177 1254/1254 1255/1255
f 1175/1175 1255/1255 1256/1256
f 1173/1173 1256/1256 1257/1257
f 1171/1171 1257/1257 1258/1258
f 1169/1169 1258/1258 1259/1259
f 1169/1169 1262/1262 1167/1167
f 1262/1262 1260/1260 1167/1167
f 1167/1167 1263/1263 1165/1165
f 1263/1263 1264/1264 1165/1165
f 1165/1165 1264/1264 1163/1163
f 1264/1264 1266/1266 1163/1163
f 1163/1163 1160/1160 1161/1161
f 1266/1266 1267/1267 1160/1160
f 1160/1160 1156/1156 1157/1157
f 1154/1154 1267/1267 1268/1268
f 1195/1195 1288/1288 1299/1299
f 1194/1194 1299/1299 1288/1288
f 1272/1272 1289/1289 1290/1290
f 1273/1273 1290/1290 1291/1291
f 1274/1274 1291/1291 1300/1300
f 1275/1275 1300/1300 1292/1292
f 1276/1276 1292/1292 1293/1293
f 1277/1277 1293/1293 1294/1294
f 1278/1278 1294/1294 1295/1295
f 1279/1279 1295/1295 1296/1296
f 1279/1279 1297/1297 1280/1280
f 1280/1280 1298/1298 1281/1281
f 1281/1281 1045/1045 1282/1282
f 1283/1283 1045/1045 1044/1044
f 1284/1284 1044/1044 1043/1043
f 1284/1284 1043/1043 1285/1285
f 1286/1286 1043/1043 1046/1046
f 1286/1286 1046/1046 1287/1287
f 1270/1270 1285/1285 1286/1286
f 1268/1268 1285/1285 1269/1269
f 1268/1268 1283/1283 1284/1284
f 1267/1267 1282/1282 1283/1283
f 1266/1266 1281/1281 1282/1282
f 1264/1264 1281/1281 1265/1265
f 1280/1280 1264/1264 1261/1261
f 1260/1260 1279/1279 1263/1263
f 1260/1260 1262/1262 1278/1278
f 1259/1259 1278/1278 1262/1262
f 1258/1258 1277/1277 1259/1259
f 1258/1258 1257/1257 1276/1276
f 1257/1257 1275/1275 1276/1276
f 1256/1256 1274/1274 1275/1275
f 1255/1255 1273/1273 1274/1274
f 1288/1288 1196/1196 1199/1199
f 1290/1290 1301/1301 1302/1302
f 1291/1291 1302/1302 1303/1303
f 1300/1300 1303/1303 1304/1304
f 1304/1304 1308/1308 1310/1310
f 1302/1302 1308/1308 1303/1303
f 1301/1301 1306/1306 1302/1302
f 1301/1301 1201/1201 1204/1204
f 1142/1142 1270/1270 1313/1313
f 1313/1313 1286/1286 1287/1287
f 1299/1299 1144/1144 1198/1198
f 1197/1197 1145/1145 1200/1200
f 1043/1043 1328/1328 1046/1046
f 1044/1044 1326/1326 1043/1043
f 1044/1044 1045/1045 1324/1324
f 1298/1298 1781/1781 1045/1045
f 1298/1298 1297/1297 1322/1322
f 1296/1296 1322/1322 1297/1297
f 1295/1295 1320/1320 1296/1296
f 1294/1294 1318/1318 1295/1295
f 1294/1294 1293/1293 1316/1316
f 1293/1293 1312/1312 1316/1316
f 1292/1292 1300/1300 1304/1304
f 1310/1310 1292/1292 1304/1304
f 1439/1439 1325/1325 1323/1323
f 1325/1325 1436/1436 1327/1327
f 1436/1436 1329/1329 1327/1327
f 1331/1331 1329/1329 1341/1341
f 1331/1331 1339/1339 1333/1333
f 1340/1340 1339/1339 1341/1341
f 1340/1340 1366/1366 1339/1339
f 1344/1344 1366/1366 1340/1340
f 1341/1341 1342/1342 1340/1340
f 1438/1438 1341/1341 1436/1436
f 1437/1437 1438/1438 1436/1436
f 1439/1439 1367/1367 1437/1437
f 1368/1368 1367/1367 1440/1440
f 1367/1367 1368/1368 1350/1350
f 1367/1367 1350/1350 1438/1438
f 1333/1333 1366/1366 1335/1335
f 1050/1050 1334/1334 1336/1336
f 1049/1049 1332/1332 1334/1334
f 1048/1048 1330/1330 1332/1332
f 1046/1046 1330/1330 1047/1047
f 1147/1147 1313/1313 1454/1454
f 1140/1140 1454/1454 1455/1455
f 1149/1149 1455/1455 1456/1456
f 1149/1149 1456/1456 1138/1138
f 1151/1151 1456/1456 1457/1457
f 1151/1151 1457/1457 1136/1136
f 1457/1457 1134/1134 1136/1136
f 1453/1453 1457/1457 1452/1452
f 1452/1452 1456/1456 1451/1451
f 1451/1451 1455/1455 1450/1450
f 1455/1455 1449/1449 1450/1450
f 1287/1287 1454/1454 1313/1313
f 1047/1047 1287/1287 1046/1046
f 1048/1048 1449/1449 1047/1047
f 1451/1451 1048/1048 1049/1049
f 1452/1452 1049/1049 1050/1050
f 1051/1051 1452/1452 1050/1050
f 1051/1051 1050/1050 1336/1336
f 1051/1051 1057/1057 1453/1453
f 1058/1058 1453/1453 1057/1057
f 1059/1059 1453/1453 1058/1058
f 1459/1459 1458/1458 1054/1054
f 1338/1338 1053/1053 1052/1052
f 1052/1052 1051/1051 1336/1336
f 1053/1053 1461/1461 1052/1052
f 1461/1461 1056/1056 641/641
f 1055/1055 1056/1056 1053/1053
f 227/227 641/641 1056/1056
f 1461/1461 1057/1057 1052/1052
f 1461/1461 641/641 1061/1061
f 1061/1061 641/641 233/233
f 1057/1057 1062/1062 1058/1058
f 233/233 235/235 1825/1825
f 1058/1058 1063/1063 1059/1059
f 1063/1063 1062/1062 1065/1065
f 265/265 1088/1088 235/235
f 1060/1060 1059/1059 1063/1063
f 1084/1084 1082/1082 235/235
f 1082/1082 1080/1080 235/235
f 1825/1825 1080/1080 1078/1078
f 1072/1072 1825/1825 1074/1074
f 1076/1076 1825/1825 1078/1078
f 1062/1062 1069/1069 1067/1067
f 1067/1067 1065/1065 1062/1062
f 1062/1062 1070/1070 1069/1069
f 1063/1063 1093/1093 1060/1060
f 1095/1095 1097/1097 1060/1060
f 1101/1101 1103/1103 1060/1060
f 1107/1107 1103/1103 1105/1105
f 1130/1130 1132/1132 1060/1060
f 1129/1129 1131/1131 1110/1110
f 1462/1462 1129/1129 1112/1112
f 1131/1131 1463/1463 1133/1133
f 1463/1463 1464/1464 1133/1133
f 1504/1504 1112/1112 1116/1116
f 1462/1462 1502/1502 1463/1463
f 1463/1463 1500/1500 1464/1464
f 1464/1464 1498/1498 1465/1465
f 1498/1498 1466/1466 1465/1465
f 1466/1466 1494/1494 1467/1467
f 1467/1467 1492/1492 1468/1468
f 1468/1468 1490/1490 1469/1469
f 1469/1469 1488/1488 1470/1470
f 1470/1470 1486/1486 1471/1471
f 1471/1471 1484/1484 1472/1472
f 1472/1472 1482/1482 1473/1473
f 1479/1479 1473/1473 1482/1482
f 1476/1476 1525/1525 1529/1529
f 1113/1113 1529/1529 1530/1530
f 1526/1526 1530/1530 1531/1531
f 1549/1549 1531/1531 1550/1550
f 1527/1527 1550/1550 1532/1532
f 1528/1528 1532/1532 1533/1533
f 1235/1235 1533/1533 1237/1237
f 1233/1233 1519/1519 1528/1528
f 1518/1518 1528/1528 1519/1519
f 1518/1518 1549/1549 1527/1527
f 1549/1549 1517/1517 1526/1526
f 1517/1517 1113/1113 1526/1526
f 1113/1113 1473/1473 1476/1476
f 1523/1523 1476/1476 1521/1521
f 1517/1517 1472/1472 1473/1473
f 1515/1515 1517/1517 1518/1518
f 1516/1516 1518/1518 1519/1519
f 1231/1231 1516/1516 1519/1519
f 1227/1227 1513/1513 1516/1516
f 1513/1513 1515/1515 1516/1516
f 1514/1514 1512/1512 1661/1661
f 1475/1475 1476/1476 1473/1473
f 1514/1514 1471/1471 1472/1472
f 1469/1469 1508/1508 1468/1468
f 1469/1469 1511/1511 1508/1508
f 1509/1509 1511/1511 1512/1512
f 1510/1510 1512/1512 1513/1513
f 1223/1223 1510/1510 1513/1513
f 1217/1217 1215/1215 1507/1507
f 1507/1507 1509/1509 1510/1510
f 1505/1505 1509/1509 1506/1506
f 1467/1467 1505/1505 1466/1466
f 1508/1508 1467/1467 1468/1468
f 1465/1465 1133/1133 1464/1464
f 1466/1466 1133/1133 1465/1465
f 1133/1133 1505/1505 1135/1135
f 1137/1137 1135/1135 1505/1505
f 1152/1152 1505/1505 1506/1506
f 1152/1152 1150/1150 1139/1139
f 1141/1141 1150/1150 1506/1506
f 1148/1148 1506/1506 1507/1507
f 1143/1143 1148/1148 1314/1314
f 1507/1507 1314/1314 1148/1148
f 1209/1209 1213/1213 1210/1210
f 1213/1213 1507/1507 1215/1215
f 1118/1118 1503/1503 1114/1114
f 1503/1503 1554/1554 1501/1501
f 1554/1554 1557/1557 1501/1501
f 1499/1499 1557/1557 1559/1559
f 1499/1499 1559/1559 1497/1497
f 1559/1559 1561/1561 1497/1497
f 1495/1495 1561/1561 1563/1563
f 1493/1493 1563/1563 1565/1565
f 1491/1491 1565/1565 1567/1567
f 1489/1489 1567/1567 1569/1569
f 1487/1487 1569/1569 1571/1571
f 1485/1485 1571/1571 1573/1573
f 1483/1483 1573/1573 1575/1575
f 1481/1481 1575/1575 1579/1579
f 1477/1477 1657/1657 1653/1653
f 1578/1578 1657/1657 1480/1480
f 1658/1658 1577/1577 1647/1647
f 1656/1656 1659/1659 1651/1651
f 1649/1649 1658/1658 1655/1655
f 1647/1647 1655/1655 1658/1658
f 1654/1654 1540/1540 1536/1536
f 1654/1654 1536/1536 1648/1648
f 1541/1541 1535/1535 1537/1537
f 1529/1529 1535/1535 1539/1539
f 1530/1530 1529/1529 1539/1539
f 1646/1646 1576/1576 1625/1625
f 1627/1627 1645/1645 1624/1624
f 1645/1645 1627/1627 1642/1642
f 1574/1574 1625/1625 1576/1576
f 1572/1572 1622/1622 1574/1574
f 1572/1572 1570/1570 1620/1620
f 1570/1570 1568/1568 1620/1620
f 1566/1566 1620/1620 1568/1568
f 1564/1564 1618/1618 1566/1566
f 1564/1564 1562/1562 1615/1615
f 1562/1562 1560/1560 1615/1615
f 1120/1120 1551/1551 1117/1117
f 1553/1553 1580/1580 1581/1581
f 1555/1555 1553/1553 1581/1581
f 1558/1558 1556/1556 1582/1582
f 1123/1123 1580/1580 1120/1120
f 1581/1581 1585/1585 1587/1587
f 1107/1107 1105/1105 1126/1126
f 1102/1102 1584/1584 1104/1104
f 1100/1100 1586/1586 1102/1102
f 1098/1098 1589/1589 1100/1100
f 1098/1098 1096/1096 1591/1591
f 1094/1094 1591/1591 1096/1096
f 1094/1094 1092/1092 1593/1593
f 1064/1064 1593/1593 1092/1092
f 1066/1066 1595/1595 1064/1064
f 1068/1068 1597/1597 1066/1066
f 1071/1071 1597/1597 1068/1068
f 1073/1073 1600/1600 1071/1071
f 1602/1602 1073/1073 1075/1075
f 1077/1077 1602/1602 1075/1075
f 1604/1604 1077/1077 1079/1079
f 1081/1081 1604/1604 1079/1079
f 1083/1083 1606/1606 1081/1081
f 1608/1608 1083/1083 1085/1085
f 1087/1087 1608/1608 1085/1085
f 1089/1089 1610/1610 1087/1087
f 1091/1091 1610/1610 1089/1089
f 266/266 1612/1612 1091/1091
f 1588/1588 1590/1590 1613/1613
f 1613/1613 1583/1583 1588/1588
f 1590/1590 1592/1592 1613/1613
f 1592/1592 1594/1594 1613/1613
f 1594/1594 1596/1596 1613/1613
f 1596/1596 1598/1598 1613/1613
f 1611/1611 801/801 805/805
f 1601/1601 1603/1603 805/805
f 1603/1603 1605/1605 805/805
f 1605/1605 1607/1607 805/805
f 1607/1607 1609/1609 805/805
f 1609/1609 1611/1611 805/805
f 1599/1599 1601/1601 805/805
f 1661/1661 1470/1470 1471/1471
f 1599/1599 1613/1613 1598/1598
f 1582/1582 1615/1615 1558/1558
f 1560/1560 1558/1558 1615/1615
f 1122/1122 1104/1104 1584/1584
f 1128/1128 1119/1119 1111/1111
f 1650/1650 1520/1520 1652/1652
f 1364/1364 1366/1366 1344/1344
f 1343/1343 1344/1344 1340/1340
f 1342/1342 1343/1343 1340/1340
f 1346/1346 1345/1345 1349/1349
f 1349/1349 1447/1447 1346/1346
f 1347/1347 1346/1346 1447/1447
f 1348/1348 1347/1347 1447/1447
f 1350/1350 1447/1447 1349/1349
f 1350/1350 1349/1349 1438/1438
f 1438/1438 1345/1345 1342/1342
f 1346/1346 1351/1351 1345/1345
f 1347/1347 1351/1351 1346/1346
f 1345/1345 1352/1352 1342/1342
f 1353/1353 1342/1342 1352/1352
f 1402/1402 1343/1343 1353/1353
f 1401/1401 1353/1353 1404/1404
f 1353/1353 1354/1354 1404/1404
f 1354/1354 1352/1352 1355/1355
f 1354/1354 1405/1405 1404/1404
f 1355/1355 1406/1406 1354/1354
f 1359/1359 1355/1355 1356/1356
f 1356/1356 1355/1355 1443/1443
f 1442/1442 1443/1443 1355/1355
f 1355/1355 1352/1352 1442/1442
f 1352/1352 1351/1351 1442/1442
f 1442/1442 1347/1347 1441/1441
f 1348/1348 1441/1441 1347/1347
f 1441/1441 1375/1375 1444/1444
f 1376/1376 1444/1444 1375/1375
f 1441/1441 1443/1443 1442/1442
f 1447/1447 1368/1368 1369/1369
f 1447/1447 1369/1369 1348/1348
f 1375/1375 1369/1369 1370/1370
f 1376/1376 1370/1370 1371/1371
f 1358/1358 1377/1377 1378/1378
f 1379/1379 1358/1358 1378/1378
f 1378/1378 1377/1377 1379/1379
f 1446/1446 1377/1377 1445/1445
f 1358/1358 1382/1382 1357/1357
f 1362/1362 1361/1361 1382/1382
f 1357/1357 1361/1361 1356/1356
f 1357/1357 1356/1356 1443/1443
f 1377/1377 1443/1443 1444/1444
f 1377/1377 1444/1444 1376/1376
f 1376/1376 1445/1445 1377/1377
f 1372/1372 1445/1445 1371/1371
f 1446/1446 1380/1380 1379/1379
f 1448/1448 1379/1379 1380/1380
f 1362/1362 1382/1382 1448/1448
f 1383/1383 1362/1362 1448/1448
f 1362/1362 1360/1360 1361/1361
f 1359/1359 1361/1361 1360/1360
f 1406/1406 1359/1359 1405/1405
f 1434/1434 1359/1359 1360/1360
f 1434/1434 1360/1360 1407/1407
f 1360/1360 1363/1363 1407/1407
f 1407/1407 1363/1363 1432/1432
f 1432/1432 1363/1363 1410/1410
f 1398/1398 1362/1362 1428/1428
f 1383/1383 1428/1428 1362/1362
f 1398/1398 1410/1410 1363/1363
f 1398/1398 1429/1429 1399/1399
f 1411/1411 1398/1398 1399/1399
f 1400/1400 1411/1411 1399/1399
f 1411/1411 1415/1415 1414/1414
f 1422/1422 1421/1421 1425/1425
f 1396/1396 1421/1421 1397/1397
f 1397/1397 1429/1429 1396/1396
f 1399/1399 1397/1397 1400/1400
f 1421/1421 1420/1420 1425/1425
f 1400/1400 1421/1421 1415/1415
f 1415/1415 1422/1422 1414/1414
f 1422/1422 1426/1426 1423/1423
f 1423/1423 1414/1414 1422/1422
f 1424/1424 1430/1430 1423/1423
f 1423/1423 1427/1427 1424/1424
f 1674/1674 1424/1424 1427/1427
f 1673/1673 1674/1674 1427/1427
f 1673/1673 1427/1427 1662/1662
f 1427/1427 1426/1426 1662/1662
f 1420/1420 1419/1419 1425/1425
f 1395/1395 1420/1420 1396/1396
f 1392/1392 1416/1416 1417/1417
f 1394/1394 1416/1416 1393/1393
f 1396/1396 1429/1429 1395/1395
f 1384/1384 1428/1428 1383/1383
f 1428/1428 1395/1395 1429/1429
f 1384/1384 1385/1385 1395/1395
f 1385/1385 1384/1384 1386/1386
f 1383/1383 1448/1448 1384/1384
f 1386/1386 1448/1448 1387/1387
f 1448/1448 1380/1380 1387/1387
f 1381/1381 1387/1387 1380/1380
f 1373/1373 1380/1380 1372/1372
f 1374/1374 1381/1381 1373/1373
f 1381/1381 1374/1374 1388/1388
f 1386/1386 1392/1392 1385/1385
f 1419/1419 1418/1418 1677/1677
f 1418/1418 1417/1417 1677/1677
f 1392/1392 1418/1418 1385/1385
f 1395/1395 1385/1385 1418/1418
f 1678/1678 1419/1419 1677/1677
f 1678/1678 1677/1677 1417/1417
f 1663/1663 1673/1673 1662/1662
f 1663/1663 1671/1671 1673/1673
f 1662/1662 1678/1678 1663/1663
f 1425/1425 1662/1662 1426/1426
f 1663/1663 1417/1417 1671/1671
f 1665/1665 1417/1417 1664/1664
f 1417/1417 1416/1416 1664/1664
f 1416/1416 1394/1394 1664/1664
f 1666/1666 1671/1671 1665/1665
f 1671/1671 1666/1666 1672/1672
f 1673/1673 1671/1671 1672/1672
f 1673/1673 1672/1672 1679/1679
f 1674/1674 1673/1673 1679/1679
f 1674/1674 1679/1679 876/876
f 876/876 1679/1679 1672/1672
f 1666/1666 1668/1668 1669/1669
f 1664/1664 1668/1668 1665/1665
f 1394/1394 1667/1667 1664/1664
f 1391/1391 1393/1393 1390/1390
f 1386/1386 1681/1681 1392/1392
f 1393/1393 1392/1392 1681/1681
f 1387/1387 1680/1680 1386/1386
f 1388/1388 1680/1680 1387/1387
f 1389/1389 1388/1388 1374/1374
f 1681/1681 1389/1389 1390/1390
f 1393/1393 1681/1681 1390/1390
f 1670/1670 1666/1666 1669/1669
f 874/874 1670/1670 871/871
f 874/874 876/876 1672/1672
f 1674/1674 876/876 878/878
f 1676/1676 878/878 881/881
f 1364/1364 1344/1344 1402/1402
f 1459/1459 1365/1365 1403/1403
f 1403/1403 1458/1458 1459/1459
f 1060/1060 1097/1097 1099/1099
f 1060/1060 1093/1093 1095/1095
f 1060/1060 1099/1099 1101/1101
f 1687/1687 1688/1688 1683/1683
f 1688/1688 1179/1179 1178/1178
f 1689/1689 1178/1178 1176/1176
f 1687/1687 1181/1181 1179/1179
f 1181/1181 1692/1692 1183/1183
f 1183/1183 1685/1685 1185/1185
f 1185/1185 1693/1693 1187/1187
f 1187/1187 1684/1684 1153/1153
f 1155/1155 1684/1684 1694/1694
f 1155/1155 1695/1695 1158/1158
f 1159/1159 1158/1158 1695/1695
f 1159/1159 1696/1696 1162/1162
f 1162/1162 1697/1697 1164/1164
f 1164/1164 1698/1698 1166/1166
f 1166/1166 1699/1699 1168/1168
f 1168/1168 1682/1682 1170/1170
f 1170/1170 1691/1691 1172/1172
f 1172/1172 1690/1690 1174/1174
f 1690/1690 1176/1176 1174/1174
f 1689/1689 1690/1690 1683/1683
f 1690/1690 1691/1691 1683/1683
f 1683/1683 1691/1691 1682/1682
f 1683/1683 1682/1682 1699/1699
f 1698/1698 1683/1683 1699/1699
f 1697/1697 1683/1683 1698/1698
f 1696/1696 1683/1683 1697/1697
f 1695/1695 1683/1683 1696/1696
f 1694/1694 1683/1683 1695/1695
f 1684/1684 1683/1683 1694/1694
f 1684/1684 1693/1693 1683/1683
f 1685/1685 1683/1683 1693/1693
f 1685/1685 1692/1692 1683/1683
f 1686/1686 1683/1683 1692/1692
f 1686/1686 1687/1687 1683/1683
f 1688/1688 1689/1689 1683/1683
f 1206/1206 1305/1305 1203/1203
f 1208/1208 1305/1305 1206/1206
f 1211/1211 1307/1307 1208/1208
f 1212/1212 1309/1309 1211/1211
f 1214/1214 1700/1700 1212/1212
f 1217/1217 1510/1510 1219/1219
f 1221/1221 1219/1219 1510/1510
f 1216/1216 1700/1700 1214/1214
f 1218/1218 1701/1701 1216/1216
f 1220/1220 1701/1701 1218/1218
f 1225/1225 1223/1223 1513/1513
f 1222/1222 1702/1702 1220/1220
f 1703/1703 1222/1222 1224/1224
f 1229/1229 1227/1227 1516/1516
f 1226/1226 1703/1703 1224/1224
f 1228/1228 1704/1704 1226/1226
f 1706/1706 1228/1228 1230/1230
f 1235/1235 1233/1233 1528/1528
f 1232/1232 1706/1706 1230/1230
f 1234/1234 1707/1707 1232/1232
f 1708/1708 1234/1234 1236/1236
f 1543/1543 1541/1541 1546/1546
f 1544/1544 1546/1546 1548/1548
f 725/725 1548/1548 730/730
f 1636/1636 731/731 1547/1547
f 1638/1638 1547/1547 1545/1545
f 1638/1638 1545/1545 1640/1640
f 1542/1542 1640/1640 1545/1545
f 1530/1530 1804/1804 1531/1531
f 1804/1804 1805/1805 1531/1531
f 1550/1550 1805/1805 1806/1806
f 1532/1532 1806/1806 1807/1807
f 1533/1533 1807/1807 1808/1808
f 1237/1237 1808/1808 1239/1239
f 1809/1809 1539/1539 1543/1543
f 1805/1805 1809/1809 1810/1810
f 1806/1806 1810/1810 1811/1811
f 1807/1807 1811/1811 1812/1812
f 1807/1807 1823/1823 1808/1808
f 1823/1823 1813/1813 1808/1808
f 1808/1808 1813/1813 1239/1239
f 1241/1241 1239/1239 1813/1813
f 1243/1243 1241/1241 1813/1813
f 1245/1245 1243/1243 1813/1813
f 1814/1814 1809/1809 1543/1543
f 1810/1810 1815/1815 1811/1811
f 1811/1811 1816/1816 1812/1812
f 1812/1812 1824/1824 1823/1823
f 1823/1823 1817/1817 1813/1813
f 1813/1813 1817/1817 1245/1245
f 1247/1247 1245/1245 1817/1817
f 1249/1249 1247/1247 1817/1817
f 1818/1818 1543/1543 1544/1544
f 1815/1815 1818/1818 1819/1819
f 1816/1816 1819/1819 1822/1822
f 1824/1824 1822/1822 1820/1820
f 1824/1824 1821/1821 1817/1817
f 1251/1251 1817/1817 1821/1821
f 427/427 1251/1251 1821/1821
f 427/427 1820/1820 735/735
f 1820/1820 734/734 735/735
f 1822/1822 736/736 734/734
f 1819/1819 733/733 736/736
f 733/733 1818/1818 732/732
f 725/725 1818/1818 1544/1544
f 922/922 1250/1250 428/428
f 1715/1715 1248/1248 1250/1250
f 1714/1714 1246/1246 1248/1248
f 1713/1713 1244/1244 1246/1246
f 1712/1712 1242/1242 1244/1244
f 1711/1711 1240/1240 1242/1242
f 1710/1710 1238/1238 1240/1240
f 1709/1709 1236/1236 1238/1238
f 1716/1716 922/922 923/923
f 1715/1715 1717/1717 1714/1714
f 1714/1714 1718/1718 1713/1713
f 1712/1712 1718/1718 1720/1720
f 1711/1711 1720/1720 1722/1722
f 1710/1710 1722/1722 1709/1709
f 1709/1709 1723/1723 1708/1708
f 1707/1707 1723/1723 1724/1724
f 1706/1706 1724/1724 1725/1725
f 1706/1706 1726/1726 1705/1705
f 1705/1705 1727/1727 1704/1704
f 1704/1704 1728/1728 1703/1703
f 1703/1703 1729/1729 1702/1702
f 1702/1702 1730/1730 1701/1701
f 1701/1701 1731/1731 1700/1700
f 1311/1311 1309/1309 1700/1700
f 1317/1317 1731/1731 1732/1732
f 1730/1730 1732/1732 1731/1731
f 1734/1734 1730/1730 1729/1729
f 1735/1735 1729/1729 1728/1728
f 1736/1736 1728/1728 1727/1727
f 1737/1737 1727/1727 1726/1726
f 1738/1738 1726/1726 1725/1725
f 1739/1739 1725/1725 1724/1724
f 1740/1740 1724/1724 1723/1723
f 1741/1741 1723/1723 1722/1722
f 1742/1742 1722/1722 1720/1720
f 1744/1744 1720/1720 1718/1718
f 1746/1746 1718/1718 1717/1717
f 1716/1716 1746/1746 1717/1717
f 956/956 1716/1716 923/923
f 957/957 1747/1747 956/956
f 1747/1747 1749/1749 1746/1746
f 1746/1746 1750/1750 1744/1744
f 1744/1744 1751/1751 1742/1742
f 1742/1742 1752/1752 1741/1741
f 1740/1740 1752/1752 1753/1753
f 1739/1739 1753/1753 1754/1754
f 1754/1754 1738/1738 1739/1739
f 1738/1738 1721/1721 1737/1737
f 1719/1719 1737/1737 1721/1721
f 1736/1736 1745/1745 1735/1735
f 1734/1734 1745/1745 1743/1743
f 1734/1734 1743/1743 1733/1733
f 1733/1733 1755/1755 1732/1732
f 1319/1319 1732/1732 1755/1755
f 1319/1319 1756/1756 1321/1321
f 1743/1743 1756/1756 1755/1755
f 1758/1758 1743/1743 1745/1745
f 1759/1759 1745/1745 1719/1719
f 1760/1760 1719/1719 1721/1721
f 1761/1761 1721/1721 1754/1754
f 1762/1762 1754/1754 1753/1753
f 1763/1763 1753/1753 1752/1752
f 1764/1764 1752/1752 1751/1751
f 1765/1765 1751/1751 1750/1750
f 1766/1766 1750/1750 1749/1749
f 1767/1767 1749/1749 1748/1748
f 978/978 1748/1748 957/957
f 979/979 1767/1767 978/978
f 1766/1766 1768/1768 1769/1769
f 1765/1765 1769/1769 1770/1770
f 1764/1764 1770/1770 1771/1771
f 1764/1764 1772/1772 1763/1763
f 1763/1763 1773/1773 1762/1762
f 1761/1761 1773/1773 1774/1774
f 1761/1761 1775/1775 1760/1760
f 1760/1760 1776/1776 1759/1759
f 1758/1758 1776/1776 1777/1777
f 1757/1757 1777/1777 1778/1778
f 1756/1756 1778/1778 1779/1779
f 1321/1321 1779/1779 1780/1780
f 1439/1439 1323/1323 1780/1780
f 1779/1779 1439/1439 1780/1780
f 1778/1778 1440/1440 1779/1779
f 1324/1324 1045/1045 1781/1781
f 1783/1783 1778/1778 1777/1777
f 1784/1784 1777/1777 1776/1776
f 1785/1785 1776/1776 1775/1775
f 1786/1786 1775/1775 1774/1774
f 1787/1787 1774/1774 1773/1773
f 1772/1772 1787/1787 1773/1773
f 1771/1771 1788/1788 1772/1772
f 1770/1770 1789/1789 1771/1771
f 1769/1769 1790/1790 1770/1770
f 1768/1768 1791/1791 1769/1769
f 979/979 1792/1792 1768/1768
f 1793/1793 1005/1005 1006/1006
f 1793/1793 1794/1794 1792/1792
f 1792/1792 1795/1795 1791/1791
f 1791/1791 1796/1796 1790/1790
f 1790/1790 1797/1797 1789/1789
f 1788/1788 1797/1797 1798/1798
f 1787/1787 1798/1798 1799/1799
f 1786/1786 1799/1799 1800/1800
f 1785/1785 1800/1800 1801/1801
f 1784/1784 1801/1801 1802/1802
f 1784/1784 1802/1802 1783/1783
f 1783/1783 1803/1803 1782/1782
f 1782/1782 1803/1803 1440/1440
f 1368/1368 1803/1803 1369/1369
f 1803/1803 1370/1370 1369/1369
f 1370/1370 1801/1801 1371/1371
f 1371/1371 1800/1800 1372/1372
f 1372/1372 1799/1799 1373/1373
f 1799/1799 1798/1798 1373/1373
f 1373/1373 1797/1797 1374/1374
f 1797/1797 1389/1389 1374/1374
f 1389/1389 1795/1795 1390/1390
f 1390/1390 1794/1794 1391/1391
f 1667/1667 1391/1391 1794/1794
f 1794/1794 1668/1668 1667/1667
f 1669/1669 1668/1668 1793/1793
f 1793/1793 1670/1670 1669/1669
f 871/871 1670/1670 1006/1006
f 1315/1315 1700/1700 1731/1731
f 1629/1629 1642/1642 1627/1627
f 1631/1631 1639/1639 1629/1629
f 1633/1633 1637/1637 1631/1631
f 830/830 1635/1635 1633/1633
f 1825/1825 1070/1070 1062/1062
f 1074/1074 1825/1825 1076/1076
f 1825/1825 1061/1061 233/233
f 1431/1431 1828/1828 1413/1413
f 1042/1042 1675/1675 882/882
f 1675/1675 1828/1828 1431/1431
f 1409/1409 1827/1827 1433/1433
f 1827/1827 1408/1408 1433/1433
f 1413/1413 1828/1828 1412/1412
f 1412/1412 1827/1827 1409/1409
f 1408/1408 1826/1826 1435/1435
f 1619/1619 1614/1614 1632/1632
f 225/225 226/226 227/227
f 225/225 638/638 223/223
f 1055/1055 1053/1053 1460/1460
f 364/364 365/365 321/321
f 321/321 365/365 366/366
f 366/366 367/367 368/368
f 476/476 320/320 321/321
f 321/321 368/368 369/369
f 321/321 446/446 445/445
f 446/446 321/321 320/320
f 364/364 328/328 362/362
f 360/360 358/358 365/365
f 358/358 429/429 365/365
f 364/364 362/362 365/365
f 362/362 360/360 365/365
f 366/366 365/365 429/429
f 368/368 429/429 448/448
f 449/449 448/448 429/429
f 450/450 449/449 430/430
f 354/354 431/431 430/430
f 430/430 429/429 358/358
f 353/353 432/432 431/431
f 351/351 433/433 432/432
f 349/349 434/434 433/433
f 347/347 435/435 434/434
f 345/345 436/436 435/435
f 439/439 436/436 345/345
f 440/440 437/437 343/343
f 440/440 341/341 441/441
f 441/441 339/339 443/443
f 334/334 443/443 339/339
f 330/330 444/444 334/334
f 328/328 445/445 444/444
f 369/369 448/448 465/465
f 448/448 466/466 465/465
f 449/449 467/467 466/466
f 450/450 468/468 467/467
f 451/451 477/477 468/468
f 452/452 469/469 477/477
f 453/453 470/470 469/469
f 454/454 471/471 470/470
f 455/455 472/472 471/471
f 456/456 473/473 472/472
f 474/474 473/473 456/456
f 475/475 474/474 457/457
f 213/213 475/475 458/458
f 213/213 459/459 460/460
f 214/214 460/460 461/461
f 215/215 462/462 463/463
f 447/447 463/463 462/462
f 462/462 461/461 445/445
f 445/445 461/461 460/460
f 444/444 460/460 459/459
f 443/443 459/459 458/458
f 458/458 457/457 441/441
f 438/438 441/441 457/457
f 457/457 456/456 438/438
f 456/456 455/455 437/437
f 455/455 454/454 436/436
f 454/454 453/453 435/435
f 434/434 453/453 452/452
f 433/433 452/452 451/451
f 432/432 451/451 450/450
f 375/375 372/372 465/465
f 465/465 466/466 375/375
f 466/466 478/478 375/375
f 467/467 479/479 478/478
f 468/468 480/480 479/479
f 477/477 481/481 480/480
f 481/481 487/487 485/485
f 485/485 483/483 479/479
f 483/483 380/380 478/478
f 447/447 320/320 318/318
f 463/463 447/447 490/490
f 491/491 317/317 378/378
f 317/317 319/319 374/374
f 319/319 371/371 374/374
f 374/374 376/376 317/317
f 376/376 378/378 317/317
f 381/381 383/383 491/491
f 505/505 503/503 215/215
f 503/503 501/501 214/214
f 993/993 499/499 475/475
f 499/499 497/497 473/473
f 497/497 495/495 472/472
f 495/495 493/493 471/471
f 470/470 493/493 489/489
f 487/487 481/481 469/469
f 617/617 500/500 502/502
f 502/502 504/504 614/614
f 506/506 518/518 614/614
f 508/508 510/510 516/516
f 518/518 519/519 616/616
f 616/616 544/544 615/615
f 617/617 615/615 544/544
f 543/543 516/516 510/510
f 220/220 515/515 511/511
f 219/219 511/511 509/509
f 218/218 509/509 507/507
f 507/507 505/505 216/216
f 323/323 632/632 490/490
f 316/316 633/633 632/632
f 325/325 634/634 633/633
f 327/327 635/635 634/634
f 310/310 231/231 635/635
f 635/635 231/231 631/631
f 630/630 629/629 634/634
f 629/629 628/628 633/633
f 627/627 632/632 633/633
f 632/632 627/627 464/464
f 217/217 216/216 464/464
f 218/218 217/217 627/627
f 218/218 628/628 629/629
f 219/219 629/629 630/630
f 221/221 220/220 630/630
f 221/221 631/631 228/228
f 230/230 229/229 631/631
f 513/513 222/222 223/223
f 639/639 226/226 223/223
f 227/227 226/226 640/640
f 228/228 232/232 639/639
f 233/233 641/641 640/640
f 234/234 232/232 228/228
f 236/236 234/234 229/229
f 262/262 264/264 265/265
f 260/260 262/262 235/235
f 235/235 256/256 258/258
f 254/254 235/235 1039/1039
f 236/236 231/231 267/267
f 277/277 231/231 281/281
f 284/284 281/281 306/306
f 281/281 231/231 306/306
f 231/231 310/310 308/308
f 303/303 305/305 642/642
f 643/643 642/642 305/305
f 286/286 642/642 683/683
f 642/642 643/643 681/681
f 643/643 644/644 679/679
f 644/644 645/645 677/677
f 646/646 675/675 677/677
f 646/646 647/647 673/673
f 647/647 648/648 671/671
f 648/648 649/649 669/669
f 649/649 650/650 667/667
f 650/650 651/651 665/665
f 651/651 652/652 663/663
f 652/652 653/653 660/660
f 657/657 660/660 653/653
f 656/656 709/709 704/704
f 288/288 710/710 709/709
f 706/706 711/711 710/710
f 737/737 738/738 711/711
f 707/707 712/712 738/738
f 708/708 713/713 712/712
f 713/713 708/708 409/409
f 407/407 708/708 699/699
f 708/708 707/707 698/698
f 737/737 697/697 698/698
f 288/288 653/653 697/697
f 652/652 694/694 697/697
f 695/695 698/698 697/697
f 696/696 699/699 698/698
f 405/405 699/699 696/696
f 401/401 696/696 693/693
f 693/693 696/696 695/695
f 691/691 692/692 861/861
f 692/692 695/695 694/694
f 654/654 653/653 656/656
f 651/651 861/861 694/694
f 649/649 688/688 691/691
f 689/689 692/692 691/691
f 690/690 693/693 692/692
f 397/397 693/693 690/690
f 687/687 690/690 689/689
f 689/689 688/688 685/685
f 647/647 685/685 688/688
f 307/307 685/685 646/646
f 326/326 686/686 685/685
f 326/326 313/313 324/324
f 322/322 687/687 686/686
f 387/387 491/491 383/383
f 387/387 389/389 687/687
f 293/293 291/291 684/684
f 741/741 739/739 684/684
f 680/680 746/746 743/743
f 676/676 750/750 748/748
f 674/674 752/752 750/750
f 672/672 754/754 752/752
f 670/670 756/756 754/754
f 668/668 758/758 756/756
f 666/666 760/760 758/758
f 664/664 762/762 760/760
f 661/661 764/764 762/762
f 856/856 662/662 659/659
f 767/767 857/857 858/858
f 860/860 858/858 857/857
f 849/849 854/854 858/858
f 847/847 858/858 854/854
f 722/722 844/844 855/855
f 714/714 719/719 721/721
f 709/709 719/719 714/714
f 818/818 816/816 763/763
f 816/816 814/814 761/761
f 814/814 812/812 755/755
f 812/812 809/809 753/753
f 296/296 294/294 740/740
f 742/742 770/770 768/768
f 298/298 296/296 768/768
f 770/770 774/774 772/772
f 278/278 280/280 773/773
f 276/276 278/278 776/776
f 274/274 276/276 778/778
f 270/270 272/272 780/780
f 238/238 268/268 782/782
f 240/240 238/238 784/784
f 243/243 242/242 786/786
f 245/245 787/787 789/789
f 249/249 789/789 791/791
f 253/253 251/251 791/791
f 255/255 793/793 795/795
f 259/259 257/257 795/795
f 263/263 261/261 797/797
f 266/266 263/263 799/799
f 807/807 775/775 771/771
f 650/650 691/691 861/861
f 807/807 805/805 788/788
f 299/299 773/773 280/280
f 300/300 282/282 304/304
f 282/282 285/285 304/304
f 304/304 287/287 292/292
f 287/287 290/290 292/292
f 292/292 295/295 297/297
f 297/297 300/300 304/304
f 852/852 658/658 701/701
f 658/658 655/655 701/701
f 701/701 703/703 716/716
f 852/852 701/701 848/848
f 703/703 705/705 716/716
f 705/705 715/715 716/716
f 716/716 848/848 701/701
f 542/542 521/521 543/543
f 522/522 526/526 616/616
f 529/529 528/528 522/522
f 530/530 529/529 519/519
f 520/520 521/521 580/580
f 531/531 532/532 529/529
f 531/531 581/581 582/582
f 532/532 583/583 536/536
f 620/620 619/619 524/524
f 619/619 552/552 525/525
f 619/619 620/620 621/621
f 545/545 527/527 625/625
f 546/546 525/525 552/552
f 547/547 552/552 553/553
f 535/535 555/555 554/554
f 556/556 555/555 535/535
f 554/554 556/556 624/624
f 534/534 533/533 538/538
f 621/621 534/534 554/554
f 623/623 548/548 553/553
f 549/549 548/548 623/623
f 557/557 549/549 624/624
f 556/556 559/559 626/626
f 539/539 538/538 537/537
f 538/538 533/533 536/536
f 536/536 582/582 612/612
f 575/575 605/605 539/539
f 606/606 605/605 575/575
f 575/575 586/586 589/589
f 592/592 577/577 589/589
f 599/599 602/602 598/598
f 598/598 597/597 573/573
f 574/574 606/606 576/576
f 598/598 574/574 577/577
f 603/603 602/602 599/599
f 600/600 599/599 590/590
f 601/601 600/600 608/608
f 604/604 603/603 600/600
f 877/877 604/604 601/601
f 597/597 596/596 572/572
f 569/569 594/594 593/593
f 605/605 606/606 572/572
f 626/626 561/561 563/563
f 564/564 565/565 558/558
f 550/550 549/549 557/557
f 595/595 572/572 596/596
f 594/594 569/569 595/595
f 862/862 863/863 884/884
f 602/602 603/603 862/862
f 594/594 884/884 863/863
f 594/594 872/872 865/865
f 866/866 869/869 868/868
f 868/868 867/867 864/864
f 867/867 568/568 571/571
f 568/568 567/567 570/570
f 887/887 886/886 563/563
f 566/566 551/551 565/565
f 566/566 886/886 887/887
f 870/870 869/869 866/866
f 870/870 873/873 874/874
f 879/879 881/881 878/878
f 637/637 578/578 541/541
f 355/355 893/893 894/894
f 352/352 894/894 895/895
f 357/357 892/892 893/893
f 898/898 892/892 357/357
f 359/359 361/361 891/891
f 899/899 891/891 361/361
f 363/363 329/329 890/890
f 331/331 900/900 890/890
f 901/901 900/900 331/331
f 902/902 901/901 335/335
f 903/903 902/902 336/336
f 904/904 903/903 338/338
f 905/905 904/904 340/340
f 342/342 344/344 888/888
f 897/897 888/888 344/344
f 346/346 348/348 896/896
f 350/350 895/895 896/896
f 384/384 382/382 482/482
f 385/385 384/384 484/484
f 388/388 385/385 486/486
f 690/690 687/687 391/391
f 392/392 390/390 906/906
f 396/396 394/394 907/907
f 398/398 908/908 909/909
f 402/402 400/400 909/909
f 404/404 402/402 910/910
f 404/404 911/911 912/912
f 408/408 406/406 912/912
f 410/410 913/913 914/914
f 723/723 726/726 721/721
f 724/724 728/728 726/726
f 725/725 730/730 728/728
f 731/731 834/834 835/835
f 729/729 835/835 837/837
f 720/720 727/727 839/839
f 1018/1018 719/719 710/710
f 738/738 1020/1020 1019/1019
f 712/712 1021/1021 1020/1020
f 713/713 1022/1022 1021/1021
f 1022/1022 713/713 411/411
f 719/719 1018/1018 1023/1023
f 1019/1019 1024/1024 1023/1023
f 1020/1020 1025/1025 1024/1024
f 1021/1021 1026/1026 1025/1025
f 1037/1037 1026/1026 1021/1021
f 1023/1023 1024/1024 1028/1028
f 1029/1029 1028/1028 1024/1024
f 1030/1030 1029/1029 1025/1025
f 1038/1038 1030/1030 1026/1026
f 1031/1031 1038/1038 1037/1037
f 723/723 1028/1028 1032/1032
f 1029/1029 1033/1033 1032/1032
f 1030/1030 1036/1036 1033/1033
f 1036/1036 1030/1030 1038/1038
f 1035/1035 1034/1034 1038/1038
f 425/425 1035/1035 1031/1031
f 427/427 735/735 1034/1034
f 734/734 1036/1036 1034/1034
f 736/736 1033/1033 1036/1036
f 733/733 1032/1032 1033/1033
f 1032/1032 732/732 725/725
f 426/426 921/921 922/922
f 424/424 920/920 921/921
f 422/422 919/919 920/920
f 420/420 918/918 919/919
f 418/418 917/917 918/918
f 416/416 916/916 917/917
f 414/414 915/915 916/916
f 412/412 914/914 915/915
f 922/922 921/921 924/924
f 925/925 924/924 921/921
f 926/926 925/925 920/920
f 918/918 928/928 926/926
f 917/917 930/930 928/928
f 930/930 917/917 916/916
f 931/931 930/930 915/915
f 913/913 932/932 931/931
f 912/912 933/933 932/932
f 934/934 933/933 912/912
f 935/935 934/934 911/911
f 936/936 935/935 910/910
f 937/937 936/936 909/909
f 938/938 937/937 908/908
f 939/939 938/938 907/907
f 494/494 940/940 939/939
f 938/938 939/939 940/940
f 938/938 941/941 942/942
f 937/937 942/942 943/943
f 936/936 943/943 944/944
f 935/935 944/944 945/945
f 934/934 945/945 946/946
f 933/933 946/946 947/947
f 932/932 947/947 948/948
f 931/931 948/948 949/949
f 930/930 949/949 950/950
f 928/928 950/950 952/952
f 926/926 952/952 954/954
f 924/924 925/925 954/954
f 924/924 955/955 956/956
f 957/957 956/956 955/955
f 959/959 958/958 955/955
f 960/960 959/959 954/954
f 961/961 960/960 952/952
f 962/962 961/961 950/950
f 948/948 963/963 962/962
f 947/947 964/964 963/963
f 964/964 947/947 946/946
f 945/945 944/944 927/927
f 953/953 927/927 944/944
f 942/942 951/951 953/953
f 965/965 951/951 941/941
f 496/496 965/965 940/940
f 966/966 965/965 496/496
f 951/951 965/965 966/966
f 951/951 967/967 968/968
f 953/953 968/968 969/969
f 927/927 969/969 970/970
f 929/929 970/970 971/971
f 964/964 971/971 972/972
f 963/963 972/972 973/973
f 962/962 973/973 974/974
f 961/961 974/974 975/975
f 960/960 975/975 976/976
f 959/959 976/976 977/977
f 958/958 977/977 978/978
f 979/979 978/978 977/977
f 976/976 981/981 980/980
f 975/975 982/982 981/981
f 974/974 983/983 982/982
f 984/984 983/983 974/974
f 985/985 984/984 973/973
f 971/971 986/986 985/985
f 987/987 986/986 971/971
f 988/988 987/987 970/970
f 968/968 989/989 988/988
f 967/967 990/990 989/989
f 966/966 991/991 990/990
f 498/498 992/992 991/991
f 617/617 618/618 991/991
f 990/990 991/991 618/618
f 990/990 994/994 995/995
f 989/989 995/995 996/996
f 988/988 996/996 997/997
f 987/987 997/997 998/998
f 986/986 998/998 999/999
f 984/984 985/985 999/999
f 983/983 984/984 1000/1000
f 982/982 983/983 1001/1001
f 981/981 982/982 1002/1002
f 980/980 981/981 1003/1003
f 979/979 980/980 1004/1004
f 1005/1005 1004/1004 1007/1007
f 1009/1009 1008/1008 1004/1004
f 1010/1010 1009/1009 1003/1003
f 1011/1011 1010/1010 1002/1002
f 1000/1000 1012/1012 1011/1011
f 999/999 1013/1013 1012/1012
f 998/998 1014/1014 1013/1013
f 997/997 1015/1015 1014/1014
f 996/996 1016/1016 1015/1015
f 1017/1017 1016/1016 995/995
f 1017/1017 618/618 545/545
f 547/547 1016/1016 1017/1017
f 547/547 548/548 1015/1015
f 548/548 549/549 1014/1014
f 549/549 550/550 1013/1013
f 550/550 551/551 1011/1011
f 566/566 1010/1010 1011/1011
f 566/566 567/567 1009/1009
f 567/567 568/568 1008/1008
f 868/868 1007/1007 1008/1008
f 870/870 1006/1006 1007/1007
f 492/492 939/939 906/906
f 842/842 840/840 823/823
f 840/840 838/838 825/825
f 838/838 836/836 827/827
f 831/831 827/827 836/836
f 1039/1039 234/234 244/244
f 1039/1039 233/233 232/232
f 636/636 224/224 1054/1054
f 587/587 609/609 1040/1040
f 591/591 588/588 1041/1041
f 829/829 804/804 826/826
f 804/804 806/806 824/824
f 826/826 804/804 824/824
f 806/806 808/808 811/811
f 811/811 813/813 824/824
f 813/813 815/815 822/822
f 815/815 817/817 822/822
f 817/817 819/819 822/822
f 822/822 824/824 813/813
f 1189/1189 1154/1154 1146/1146
f 1191/1191 1190/1190 1146/1146
f 1146/1146 1193/1193 1191/1191
f 1146/1146 1144/1144 1299/1299
f 1194/1194 1193/1193 1146/1146
f 1146/1146 1154/1154 1268/1268
f 1144/1144 1146/1146 1269/1269
f 1189/1189 1190/1190 1188/1188
f 1190/1190 1191/1191 1252/1252
f 1191/1191 1192/1192 1252/1252
f 1252/1252 1184/1184 1190/1190
f 1184/1184 1186/1186 1190/1190
f 1188/1188 1154/1154 1189/1189
f 1271/1271 1252/1252 1193/1193
f 1252/1252 1271/1271 1272/1272
f 1253/1253 1272/1272 1273/1273
f 1180/1180 1182/1182 1253/1253
f 1184/1184 1252/1252 1253/1253
f 1177/1177 1180/1180 1254/1254
f 1175/1175 1177/1177 1255/1255
f 1173/1173 1175/1175 1256/1256
f 1171/1171 1173/1173 1257/1257
f 1169/1169 1171/1171 1258/1258
f 1169/1169 1259/1259 1262/1262
f 1167/1167 1260/1260 1263/1263
f 1263/1263 1261/1261 1264/1264
f 1264/1264 1265/1265 1266/1266
f 1163/1163 1266/1266 1160/1160
f 1160/1160 1267/1267 1156/1156
f 1154/1154 1156/1156 1267/1267
f 1289/1289 1271/1271 1288/1288
f 1271/1271 1194/1194 1288/1288
f 1272/1272 1271/1271 1289/1289
f 1273/1273 1272/1272 1290/1290
f 1274/1274 1273/1273 1291/1291
f 1275/1275 1274/1274 1300/1300
f 1276/1276 1275/1275 1292/1292
f 1277/1277 1276/1276 1293/1293
f 1278/1278 1277/1277 1294/1294
f 1279/1279 1278/1278 1295/1295
f 1279/1279 1296/1296 1297/1297
f 1280/1280 1297/1297 1298/1298
f 1281/1281 1298/1298 1045/1045
f 1283/1283 1282/1282 1045/1045
f 1284/1284 1283/1283 1044/1044
f 1286/1286 1285/1285 1043/1043
f 1270/1270 1269/1269 1285/1285
f 1268/1268 1284/1284 1285/1285
f 1268/1268 1267/1267 1283/1283
f 1267/1267 1266/1266 1282/1282
f 1266/1266 1265/1265 1281/1281
f 1264/1264 1280/1280 1281/1281
f 1261/1261 1263/1263 1279/1279
f 1279/1279 1280/1280 1261/1261
f 1260/1260 1278/1278 1279/1279
f 1259/1259 1277/1277 1278/1278
f 1258/1258 1276/1276 1277/1277
f 1257/1257 1256/1256 1275/1275
f 1256/1256 1255/1255 1274/1274
f 1255/1255 1254/1254 1273/1273
f 1199/1199 1201/1201 1301/1301
f 1301/1301 1289/1289 1199/1199
f 1289/1289 1288/1288 1199/1199
f 1290/1290 1289/1289 1301/1301
f 1291/1291 1290/1290 1302/1302
f 1300/1300 1291/1291 1303/1303
f 1304/1304 1303/1303 1308/1308
f 1302/1302 1306/1306 1308/1308
f 1301/1301 1204/1204 1306/1306
f 1142/1142 1144/1144 1270/1270
f 1313/1313 1270/1270 1286/1286
f 1145/1145 1143/1143 1200/1200
f 1143/1143 1314/1314 1205/1205
f 1200/1200 1143/1143 1202/1202
f 1314/1314 1209/1209 1207/1207
f 1205/1205 1202/1202 1143/1143
f 1314/1314 1207/1207 1205/1205
f 1043/1043 1326/1326 1328/1328
f 1044/1044 1324/1324 1326/1326
f 1298/1298 1322/1322 1781/1781
f 1296/1296 1320/1320 1322/1322
f 1295/1295 1318/1318 1320/1320
f 1294/1294 1316/1316 1318/1318
f 1293/1293 1292/1292 1312/1312
f 1310/1310 1312/1312 1292/1292
f 1439/1439 1437/1437 1325/1325
f 1325/1325 1437/1437 1436/1436
f 1436/1436 1341/1341 1329/1329
f 1331/1331 1341/1341 1339/1339
f 1438/1438 1342/1342 1341/1341
f 1437/1437 1367/1367 1438/1438
f 1439/1439 1440/1440 1367/1367
f 1333/1333 1339/1339 1366/1366
f 1050/1050 1049/1049 1334/1334
f 1049/1049 1048/1048 1332/1332
f 1048/1048 1047/1047 1330/1330
f 1046/1046 1328/1328 1330/1330
f 1147/1147 1142/1142 1313/1313
f 1140/1140 1147/1147 1454/1454
f 1149/1149 1140/1140 1455/1455
f 1151/1151 1138/1138 1456/1456
f 1457/1457 1060/1060 1134/1134
f 1453/1453 1060/1060 1457/1457
f 1452/1452 1457/1457 1456/1456
f 1451/1451 1456/1456 1455/1455
f 1455/1455 1454/1454 1449/1449
f 1287/1287 1449/1449 1454/1454
f 1047/1047 1449/1449 1287/1287
f 1048/1048 1450/1450 1449/1449
f 1451/1451 1450/1450 1048/1048
f 1452/1452 1451/1451 1049/1049
f 1051/1051 1453/1453 1452/1452
f 1051/1051 1052/1052 1057/1057
f 1059/1059 1060/1060 1453/1453
f 1338/1338 1460/1460 1053/1053
f 1053/1053 1056/1056 1461/1461
f 1461/1461 1061/1061 1057/1057
f 1057/1057 1061/1061 1062/1062
f 1058/1058 1062/1062 1063/1063
f 265/265 1090/1090 1088/1088
f 235/235 1088/1088 1086/1086
f 1086/1086 1084/1084 235/235
f 1825/1825 235/235 1080/1080
f 1063/1063 1065/1065 1093/1093
f 1107/1107 1060/1060 1103/1103
f 1060/1060 1107/1107 1130/1130
f 1107/1107 1109/1109 1130/1130
f 1132/1132 1134/1134 1060/1060
f 1462/1462 1131/1131 1129/1129
f 1131/1131 1462/1462 1463/1463
f 1504/1504 1462/1462 1112/1112
f 1462/1462 1504/1504 1502/1502
f 1463/1463 1502/1502 1500/1500
f 1464/1464 1500/1500 1498/1498
f 1498/1498 1496/1496 1466/1466
f 1466/1466 1496/1496 1494/1494
f 1467/1467 1494/1494 1492/1492
f 1468/1468 1492/1492 1490/1490
f 1469/1469 1490/1490 1488/1488
f 1470/1470 1488/1488 1486/1486
f 1471/1471 1486/1486 1484/1484
f 1472/1472 1484/1484 1482/1482
f 1479/1479 1475/1475 1473/1473
f 1476/1476 1523/1523 1525/1525
f 1113/1113 1476/1476 1529/1529
f 1526/1526 1113/1113 1530/1530
f 1549/1549 1526/1526 1531/1531
f 1527/1527 1549/1549 1550/1550
f 1528/1528 1527/1527 1532/1532
f 1235/1235 1528/1528 1533/1533
f 1233/1233 1231/1231 1519/1519
f 1518/1518 1527/1527 1528/1528
f 1518/1518 1517/1517 1549/1549
f 1517/1517 1473/1473 1113/1113
f 1517/1517 1514/1514 1472/1472
f 1515/1515 1514/1514 1517/1517
f 1516/1516 1515/1515 1518/1518
f 1231/1231 1229/1229 1516/1516
f 1227/1227 1225/1225 1513/1513
f 1513/1513 1512/1512 1515/1515
f 1515/1515 1512/1512 1514/1514
f 1512/1512 1511/1511 1661/1661
f 1475/1475 1521/1521 1476/1476
f 1514/1514 1661/1661 1471/1471
f 1469/1469 1470/1470 1511/1511
f 1509/1509 1508/1508 1511/1511
f 1510/1510 1509/1509 1512/1512
f 1223/1223 1221/1221 1510/1510
f 1507/1507 1506/1506 1509/1509
f 1505/1505 1508/1508 1509/1509
f 1508/1508 1505/1505 1467/1467
f 1466/1466 1505/1505 1133/1133
f 1152/1152 1137/1137 1505/1505
f 1152/1152 1506/1506 1150/1150
f 1148/1148 1141/1141 1506/1506
f 1209/1209 1314/1314 1213/1213
f 1213/1213 1314/1314 1507/1507
f 1118/1118 1552/1552 1503/1503
f 1503/1503 1552/1552 1554/1554
f 1499/1499 1501/1501 1557/1557
f 1495/1495 1497/1497 1561/1561
f 1493/1493 1495/1495 1563/1563
f 1491/1491 1493/1493 1565/1565
f 1489/1489 1491/1491 1567/1567
f 1487/1487 1489/1489 1569/1569
f 1485/1485 1487/1487 1571/1571
f 1483/1483 1485/1485 1573/1573
f 1481/1481 1483/1483 1575/1575
f 1477/1477 1480/1480 1657/1657
f 1658/1658 1656/1656 1577/1577
f 1656/1656 1658/1658 1659/1659
f 1649/1649 1659/1659 1658/1658
f 1647/1647 1643/1643 1655/1655
f 1654/1654 1641/1641 1540/1540
f 1541/1541 1539/1539 1535/1535
f 1529/1529 1525/1525 1535/1535
f 1574/1574 1622/1622 1625/1625
f 1572/1572 1620/1620 1622/1622
f 1566/1566 1618/1618 1620/1620
f 1564/1564 1615/1615 1618/1618
f 1120/1120 1580/1580 1551/1551
f 1553/1553 1551/1551 1580/1580
f 1123/1123 1585/1585 1580/1580
f 1581/1581 1580/1580 1585/1585
f 1102/1102 1586/1586 1584/1584
f 1100/1100 1589/1589 1586/1586
f 1098/1098 1591/1591 1589/1589
f 1094/1094 1593/1593 1591/1591
f 1064/1064 1595/1595 1593/1593
f 1066/1066 1597/1597 1595/1595
f 1071/1071 1600/1600 1597/1597
f 1602/1602 1600/1600 1073/1073
f 1604/1604 1602/1602 1077/1077
f 1081/1081 1606/1606 1604/1604
f 1608/1608 1606/1606 1083/1083
f 1087/1087 1610/1610 1608/1608
f 1091/1091 1612/1612 1610/1610
f 266/266 802/802 1612/1612
f 1613/1613 1616/1616 1583/1583
f 1661/1661 1511/1511 1470/1470
f 1599/1599 805/805 1613/1613
f 1122/1122 1125/1125 1104/1104
f 1108/1108 1106/1106 1128/1128
f 1106/1106 1127/1127 1128/1128
f 1127/1127 1124/1124 1128/1128
f 1124/1124 1121/1121 1119/1119
f 1128/1128 1124/1124 1119/1119
f 1119/1119 1115/1115 1111/1111
f 1474/1474 1478/1478 1520/1520
f 1478/1478 1652/1652 1520/1520
f 1652/1652 1660/1660 1650/1650
f 1650/1650 1538/1538 1520/1520
f 1538/1538 1534/1534 1524/1524
f 1522/1522 1538/1538 1524/1524
f 1522/1522 1520/1520 1538/1538
f 1364/1364 1335/1335 1366/1366
f 1438/1438 1349/1349 1345/1345
f 1345/1345 1351/1351 1352/1352
f 1353/1353 1343/1343 1342/1342
f 1402/1402 1344/1344 1343/1343
f 1354/1354 1353/1353 1352/1352
f 1354/1354 1406/1406 1405/1405
f 1359/1359 1406/1406 1355/1355
f 1442/1442 1351/1351 1347/1347
f 1348/1348 1375/1375 1441/1441
f 1441/1441 1444/1444 1443/1443
f 1447/1447 1350/1350 1368/1368
f 1375/1375 1348/1348 1369/1369
f 1376/1376 1375/1375 1370/1370
f 1358/1358 1357/1357 1377/1377
f 1379/1379 1382/1382 1358/1358
f 1446/1446 1379/1379 1377/1377
f 1357/1357 1382/1382 1361/1361
f 1377/1377 1357/1357 1443/1443
f 1376/1376 1371/1371 1445/1445
f 1372/1372 1446/1446 1445/1445
f 1446/1446 1372/1372 1380/1380
f 1448/1448 1382/1382 1379/1379
f 1362/1362 1363/1363 1360/1360
f 1359/1359 1356/1356 1361/1361
f 1434/1434 1405/1405 1359/1359
f 1398/1398 1363/1363 1362/1362
f 1398/1398 1428/1428 1429/1429
f 1411/1411 1410/1410 1398/1398
f 1411/1411 1400/1400 1415/1415
f 1422/1422 1415/1415 1421/1421
f 1396/1396 1420/1420 1421/1421
f 1399/1399 1429/1429 1397/1397
f 1400/1400 1397/1397 1421/1421
f 1422/1422 1425/1425 1426/1426
f 1423/1423 1430/1430 1414/1414
f 1424/1424 1676/1676 1430/1430
f 1423/1423 1426/1426 1427/1427
f 1674/1674 1676/1676 1424/1424
f 1395/1395 1419/1419 1420/1420
f 1392/1392 1393/1393 1416/1416
f 1428/1428 1384/1384 1395/1395
f 1386/1386 1384/1384 1448/1448
f 1381/1381 1388/1388 1387/1387
f 1373/1373 1381/1381 1380/1380
f 1419/1419 1395/1395 1418/1418
f 1418/1418 1392/1392 1417/1417
f 1662/1662 1419/1419 1678/1678
f 1425/1425 1419/1419 1662/1662
f 1663/1663 1678/1678 1417/1417
f 1665/1665 1671/1671 1417/1417
f 1666/1666 1665/1665 1668/1668
f 1664/1664 1667/1667 1668/1668
f 1394/1394 1391/1391 1667/1667
f 1391/1391 1394/1394 1393/1393
f 1386/1386 1680/1680 1681/1681
f 1389/1389 1680/1680 1388/1388
f 1681/1681 1680/1680 1389/1389
f 1670/1670 1672/1672 1666/1666
f 874/874 1672/1672 1670/1670
f 1676/1676 1674/1674 878/878
f 1459/1459 1337/1337 1365/1365
f 1688/1688 1687/1687 1179/1179
f 1689/1689 1688/1688 1178/1178
f 1687/1687 1686/1686 1181/1181
f 1181/1181 1686/1686 1692/1692
f 1183/1183 1692/1692 1685/1685
f 1185/1185 1685/1685 1693/1693
f 1187/1187 1693/1693 1684/1684
f 1155/1155 1153/1153 1684/1684
f 1155/1155 1694/1694 1695/1695
f 1159/1159 1695/1695 1696/1696
f 1162/1162 1696/1696 1697/1697
f 1164/1164 1697/1697 1698/1698
f 1166/1166 1698/1698 1699/1699
f 1168/1168 1699/1699 1682/1682
f 1170/1170 1682/1682 1691/1691
f 1172/1172 1691/1691 1690/1690
f 1690/1690 1689/1689 1176/1176
f 1208/1208 1307/1307 1305/1305
f 1211/1211 1309/1309 1307/1307
f 1212/1212 1700/1700 1309/1309
f 1217/1217 1507/1507 1510/1510
f 1216/1216 1701/1701 1700/1700
f 1220/1220 1702/1702 1701/1701
f 1703/1703 1702/1702 1222/1222
f 1226/1226 1704/1704 1703/1703
f 1228/1228 1705/1705 1704/1704
f 1706/1706 1705/1705 1228/1228
f 1232/1232 1707/1707 1706/1706
f 1708/1708 1707/1707 1234/1234
f 1543/1543 1539/1539 1541/1541
f 1544/1544 1543/1543 1546/1546
f 725/725 1544/1544 1548/1548
f 1636/1636 834/834 731/731
f 1638/1638 1636/1636 1547/1547
f 1542/1542 1644/1644 1640/1640
f 1530/1530 1539/1539 1804/1804
f 1550/1550 1531/1531 1805/1805
f 1532/1532 1550/1550 1806/1806
f 1533/1533 1532/1532 1807/1807
f 1237/1237 1533/1533 1808/1808
f 1809/1809 1804/1804 1539/1539
f 1805/1805 1804/1804 1809/1809
f 1806/1806 1805/1805 1810/1810
f 1807/1807 1806/1806 1811/1811
f 1807/1807 1812/1812 1823/1823
f 1814/1814 1810/1810 1809/1809
f 1810/1810 1814/1814 1815/1815
f 1811/1811 1815/1815 1816/1816
f 1812/1812 1816/1816 1824/1824
f 1823/1823 1824/1824 1817/1817
f 1818/1818 1814/1814 1543/1543
f 1815/1815 1814/1814 1818/1818
f 1816/1816 1815/1815 1819/1819
f 1824/1824 1816/1816 1822/1822
f 1824/1824 1820/1820 1821/1821
f 1251/1251 1249/1249 1817/1817
f 427/427 1821/1821 1820/1820
f 1820/1820 1822/1822 734/734
f 1822/1822 1819/1819 736/736
f 1819/1819 1818/1818 733/733
f 725/725 732/732 1818/1818
f 922/922 1715/1715 1250/1250
f 1715/1715 1714/1714 1248/1248
f 1714/1714 1713/1713 1246/1246
f 1713/1713 1712/1712 1244/1244
f 1712/1712 1711/1711 1242/1242
f 1711/1711 1710/1710 1240/1240
f 1710/1710 1709/1709 1238/1238
f 1709/1709 1708/1708 1236/1236
f 1716/1716 1715/1715 922/922
f 1715/1715 1716/1716 1717/1717
f 1714/1714 1717/1717 1718/1718
f 1712/1712 1713/1713 1718/1718
f 1711/1711 1712/1712 1720/1720
f 1710/1710 1711/1711 1722/1722
f 1709/1709 1722/1722 1723/1723
f 1707/1707 1708/1708 1723/1723
f 1706/1706 1707/1707 1724/1724
f 1706/1706 1725/1725 1726/1726
f 1705/1705 1726/1726 1727/1727
f 1704/1704 1727/1727 1728/1728
f 1703/1703 1728/1728 1729/1729
f 1702/1702 1729/1729 1730/1730
f 1701/1701 1730/1730 1731/1731
f 1317/1317 1315/1315 1731/1731
f 1730/1730 1733/1733 1732/1732
f 1734/1734 1733/1733 1730/1730
f 1735/1735 1734/1734 1729/1729
f 1736/1736 1735/1735 1728/1728
f 1737/1737 1736/1736 1727/1727
f 1738/1738 1737/1737 1726/1726
f 1739/1739 1738/1738 1725/1725
f 1740/1740 1739/1739 1724/1724
f 1741/1741 1740/1740 1723/1723
f 1742/1742 1741/1741 1722/1722
f 1744/1744 1742/1742 1720/1720
f 1746/1746 1744/1744 1718/1718
f 1716/1716 1747/1747 1746/1746
f 956/956 1747/1747 1716/1716
f 957/957 1748/1748 1747/1747
f 1747/1747 1748/1748 1749/1749
f 1746/1746 1749/1749 1750/1750
f 1744/1744 1750/1750 1751/1751
f 1742/1742 1751/1751 1752/1752
f 1740/1740 1741/1741 1752/1752
f 1739/1739 1740/1740 1753/1753
f 1754/1754 1721/1721 1738/1738
f 1719/1719 1736/1736 1737/1737
f 1736/1736 1719/1719 1745/1745
f 1734/1734 1735/1735 1745/1745
f 1733/1733 1743/1743 1755/1755
f 1319/1319 1317/1317 1732/1732
f 1319/1319 1755/1755 1756/1756
f 1743/1743 1757/1757 1756/1756
f 1758/1758 1757/1757 1743/1743
f 1759/1759 1758/1758 1745/1745
f 1760/1760 1759/1759 1719/1719
f 1761/1761 1760/1760 1721/1721
f 1762/1762 1761/1761 1754/1754
f 1763/1763 1762/1762 1753/1753
f 1764/1764 1763/1763 1752/1752
f 1765/1765 1764/1764 1751/1751
f 1766/1766 1765/1765 1750/1750
f 1767/1767 1766/1766 1749/1749
f 978/978 1767/1767 1748/1748
f 979/979 1768/1768 1767/1767
f 1766/1766 1767/1767 1768/1768
f 1765/1765 1766/1766 1769/1769
f 1764/1764 1765/1765 1770/1770
f 1764/1764 1771/1771 1772/1772
f 1763/1763 1772/1772 1773/1773
f 1761/1761 1762/1762 1773/1773
f 1761/1761 1774/1774 1775/1775
f 1760/1760 1775/1775 1776/1776
f 1758/1758 1759/1759 1776/1776
f 1757/1757 1758/1758 1777/1777
f 1756/1756 1757/1757 1778/1778
f 1321/1321 1756/1756 1779/1779
f 1779/1779 1440/1440 1439/1439
f 1778/1778 1782/1782 1440/1440
f 1783/1783 1782/1782 1778/1778
f 1784/1784 1783/1783 1777/1777
f 1785/1785 1784/1784 1776/1776
f 1786/1786 1785/1785 1775/1775
f 1787/1787 1786/1786 1774/1774
f 1772/1772 1788/1788 1787/1787
f 1771/1771 1789/1789 1788/1788
f 1770/1770 1790/1790 1789/1789
f 1769/1769 1791/1791 1790/1790
f 1768/1768 1792/1792 1791/1791
f 979/979 1005/1005 1792/1792
f 1793/1793 1792/1792 1005/1005
f 1792/1792 1794/1794 1795/1795
f 1791/1791 1795/1795 1796/1796
f 1790/1790 1796/1796 1797/1797
f 1788/1788 1789/1789 1797/1797
f 1787/1787 1788/1788 1798/1798
f 1786/1786 1787/1787 1799/1799
f 1785/1785 1786/1786 1800/1800
f 1784/1784 1785/1785 1801/1801
f 1783/1783 1802/1802 1803/1803
f 1368/1368 1440/1440 1803/1803
f 1803/1803 1802/1802 1370/1370
f 1370/1370 1802/1802 1801/1801
f 1371/1371 1801/1801 1800/1800
f 1372/1372 1800/1800 1799/1799
f 1373/1373 1798/1798 1797/1797
f 1797/1797 1796/1796 1389/1389
f 1389/1389 1796/1796 1795/1795
f 1390/1390 1795/1795 1794/1794
f 1794/1794 1793/1793 1668/1668
f 1793/1793 1006/1006 1670/1670
f 1315/1315 1311/1311 1700/1700
f 1629/1629 1639/1639 1642/1642
f 1631/1631 1637/1637 1639/1639
f 1633/1633 1635/1635 1637/1637
f 830/830 832/832 1635/1635
f 1825/1825 1072/1072 1070/1070
f 1825/1825 1062/1062 1061/1061
f 1042/1042 1828/1828 1675/1675
f 1827/1827 1826/1826 1408/1408
f 1412/1412 1828/1828 1827/1827
f 1614/1614 803/803 1632/1632
f 803/803 828/828 1634/1634
f 1632/1632 803/803 1634/1634
f 1632/1632 1630/1630 1621/1621
f 1630/1630 1628/1628 1626/1626
f 1623/1623 1630/1630 1626/1626
f 1623/1623 1621/1621 1630/1630
f 1621/1621 1619/1619 1632/1632
f 1619/1619 1617/1617 1614/1614
f 227/227 1056/1056 1055/1055
f 1055/1055 225/225 227/227

