# HWR household_v1 locked asset
mtllib living_tea_table.mtl

o Plane.003
usemtl chinese_tea_table
v 0.38751054 0.38487355 0.38611387
v 0.38751054 0.38487355 0.38611387
v 0.38818822 0.38553002 0.38851731
v 0.38818822 0.38553002 0.38851731
v 0.38806110 0.38539542 0.39119100
v 0.38806110 0.38539542 0.39119100
v 0.38702898 0.38459396 0.39292646
v 0.38702898 0.38459396 0.39292646
v 0.38678347 0.38411125 0.39581152
v 0.38678347 0.38411125 0.39581152
v 0.38696403 0.38433129 0.39848161
v 0.38696403 0.38433129 0.39848161
v 0.38766563 0.38512475 0.40009214
v 0.38766563 0.38512475 0.40009214
v 0.38824206 0.38545016 0.40184390
v 0.38824206 0.38545016 0.40184390
v 0.38818231 0.38545142 0.40467936
v 0.38818231 0.38545142 0.40467936
v 0.38744393 0.38475886 0.40670403
v 0.38744393 0.38475886 0.40670403
v 0.38945362 0.38662847 0.40760096
v 0.38945362 0.38662847 0.40760096
v 0.39069975 0.38803697 0.40954011
v 0.39069975 0.38803697 0.40954011
v 0.39127349 0.38852926 0.41227401
v 0.39127349 0.38852926 0.41227401
v 0.39185503 0.38917495 0.42047717
v 0.39185503 0.38917495 0.42047717
v 0.39387614 0.39119520 0.42985400
v 0.39387614 0.39119520 0.42985400
v 0.39702077 0.39430890 0.43641620
v 0.39702077 0.39430890 0.43641620
v 0.40048125 0.39764038 0.44149894
v 0.40048125 0.39764038 0.44149894
v 0.40323024 0.40039304 0.44740091
v 0.40323024 0.40039304 0.44740091
v 0.40455696 0.40164505 0.45361253
v 0.40455696 0.40164505 0.45361253
v 0.40493171 0.40219167 0.46112004
v 0.40493171 0.40219167 0.46112004
v 0.40440844 0.40181801 0.46808998
v 0.40440844 0.40181801 0.46808998
v 0.40332962 0.40063072 0.47356555
v 0.40332962 0.40063072 0.47356555
v 0.40062535 0.39780261 0.47774367
v 0.40062535 0.39780261 0.47774367
v 0.39589146 0.39297851 0.48000000
v 0.38751037 -0.38487347 0.38611387
v 0.38751037 -0.38487347 0.38611387
v 0.38818807 -0.38552997 0.38851731
v 0.38818807 -0.38552997 0.38851731
v 0.38806096 -0.38539536 0.39119100
v 0.38806096 -0.38539536 0.39119100
v 0.38702887 -0.38459396 0.39292646
v 0.38702887 -0.38459396 0.39292646
v 0.38678336 -0.38411116 0.39581152
v 0.38678336 -0.38411116 0.39581152
v 0.38696395 -0.38433123 0.39848161
v 0.38696395 -0.38433123 0.39848161
v 0.38766552 -0.38512475 0.40009214
v 0.38766552 -0.38512475 0.40009214
v 0.38824198 -0.38545010 0.40184390
v 0.38824198 -0.38545010 0.40184390
v 0.38818219 -0.38545142 0.40467936
v 0.38818219 -0.38545142 0.40467936
v 0.38744379 -0.38475886 0.40670403
v 0.38744379 -0.38475886 0.40670403
v 0.38945354 -0.38662847 0.40760096
v 0.38945354 -0.38662847 0.40760096
v 0.39069964 -0.38803697 0.40954011
v 0.39069964 -0.38803697 0.40954011
v 0.39127337 -0.38852926 0.41227401
v 0.39127337 -0.38852926 0.41227401
v 0.39185491 -0.38917495 0.42047717
v 0.39185491 -0.38917495 0.42047717
v 0.39387600 -0.39119514 0.42985400
v 0.39387600 -0.39119514 0.42985400
v 0.39702065 -0.39430890 0.43641620
v 0.39702065 -0.39430890 0.43641620
v 0.40048111 -0.39764038 0.44149894
v 0.40048111 -0.39764038 0.44149894
v 0.40323016 -0.40039295 0.44740091
v 0.40323016 -0.40039295 0.44740091
v 0.40455681 -0.40164502 0.45361253
v 0.40455681 -0.40164502 0.45361253
v 0.40493157 -0.40219167 0.46112004
v 0.40493157 -0.40219167 0.46112004
v 0.40440832 -0.40181798 0.46808998
v 0.40440832 -0.40181798 0.46808998
v 0.40332953 -0.40063063 0.47356555
v 0.40332953 -0.40063063 0.47356555
v 0.40062521 -0.39780261 0.47774367
v 0.40062521 -0.39780261 0.47774367
v 0.39589134 -0.39297843 0.48000000
v -0.38751054 0.38487358 0.38611387
v -0.38751054 0.38487358 0.38611387
v -0.38818827 0.38553002 0.38851731
v -0.38818827 0.38553002 0.38851731
v -0.38806101 0.38539539 0.39119100
v -0.38806101 0.38539539 0.39119100
v -0.38702898 0.38459393 0.39292646
v -0.38702898 0.38459393 0.39292646
v -0.38678344 0.38411125 0.39581152
v -0.38678344 0.38411125 0.39581152
v -0.38696403 0.38433129 0.39848161
v -0.38696403 0.38433129 0.39848161
v -0.38766557 0.38512478 0.40009214
v -0.38766557 0.38512478 0.40009214
v -0.38824206 0.38545016 0.40184390
v -0.38824206 0.38545016 0.40184390
v -0.38818225 0.38545139 0.40467936
v -0.38818225 0.38545139 0.40467936
v -0.38744399 0.38475889 0.40670403
v -0.38744399 0.38475889 0.40670403
v -0.38945365 0.38662847 0.40760096
v -0.38945365 0.38662847 0.40760096
v -0.39069978 0.38803697 0.40954011
v -0.39069978 0.38803697 0.40954011
v -0.39127346 0.38852923 0.41227401
v -0.39127346 0.38852923 0.41227401
v -0.39185503 0.38917495 0.42047717
v -0.39185503 0.38917495 0.42047717
v -0.39387608 0.39119517 0.42985400
v -0.39387608 0.39119517 0.42985400
v -0.39702077 0.39430887 0.43641620
v -0.39702077 0.39430887 0.43641620
v -0.40048128 0.39764035 0.44149894
v -0.40048128 0.39764035 0.44149894
v -0.40323024 0.40039304 0.44740091
v -0.40323024 0.40039304 0.44740091
v -0.40455699 0.40164499 0.45361253
v -0.40455699 0.40164499 0.45361253
v -0.40493171 0.40219164 0.46112004
v -0.40493171 0.40219164 0.46112004
v -0.40440835 0.40181792 0.46808998
v -0.40440835 0.40181792 0.46808998
v -0.40332959 0.40063072 0.47356555
v -0.40332959 0.40063072 0.47356555
v -0.40062530 0.39780261 0.47774367
v -0.40062530 0.39780261 0.47774367
v -0.39589149 0.39297851 0.48000000
v -0.38751040 -0.38487352 0.38611387
v -0.38751040 -0.38487352 0.38611387
v -0.38818813 -0.38552997 0.38851731
v -0.38818813 -0.38552997 0.38851731
v -0.38806101 -0.38539542 0.39119100
v -0.38806101 -0.38539542 0.39119100
v -0.38702893 -0.38459390 0.39292646
v -0.38702893 -0.38459390 0.39292646
v -0.38678344 -0.38411125 0.39581152
v -0.38678344 -0.38411125 0.39581152
v -0.38696389 -0.38433123 0.39848161
v -0.38696389 -0.38433123 0.39848161
v -0.38766557 -0.38512483 0.40009214
v -0.38766557 -0.38512483 0.40009214
v -0.38824206 -0.38545016 0.40184390
v -0.38824206 -0.38545016 0.40184390
v -0.38818225 -0.38545142 0.40467936
v -0.38818225 -0.38545142 0.40467936
v -0.38744381 -0.38475886 0.40670403
v -0.38744381 -0.38475886 0.40670403
v -0.38945351 -0.38662841 0.40760096
v -0.38945351 -0.38662841 0.40760096
v -0.39069964 -0.38803683 0.40954011
v -0.39069964 -0.38803683 0.40954011
v -0.39127340 -0.38852926 0.41227401
v -0.39127340 -0.38852926 0.41227401
v -0.39185494 -0.38917489 0.42047717
v -0.39185494 -0.38917489 0.42047717
v -0.39387600 -0.39119520 0.42985400
v -0.39387600 -0.39119520 0.42985400
v -0.39702063 -0.39430890 0.43641620
v -0.39702063 -0.39430890 0.43641620
v -0.40048120 -0.39764032 0.44149894
v -0.40048120 -0.39764032 0.44149894
v -0.40323019 -0.40039304 0.44740091
v -0.40323019 -0.40039304 0.44740091
v -0.40455684 -0.40164502 0.45361253
v -0.40455684 -0.40164502 0.45361253
v -0.40493163 -0.40219167 0.46112004
v -0.40493163 -0.40219167 0.46112004
v -0.40440841 -0.40181798 0.46808998
v -0.40440841 -0.40181798 0.46808998
v -0.40332968 -0.40063072 0.47356555
v -0.40332968 -0.40063072 0.47356555
v -0.40062530 -0.39780261 0.47774367
v -0.40062530 -0.39780261 0.47774367
v -0.39589134 -0.39297857 0.48000000
v 0.38502993 0.38240978 0.38512631
v 0.38502993 0.38240978 0.38512631
v 0.38502993 0.38240978 0.38512631
v 0.38502979 -0.38240972 0.38512631
v 0.38502979 -0.38240972 0.38512631
v 0.38502979 -0.38240972 0.38512631
v -0.38502990 0.38240984 0.38512631
v -0.38502990 0.38240984 0.38512631
v -0.38502990 0.38240984 0.38512631
v -0.38502982 -0.38240978 0.38512631
v -0.38502982 -0.38240978 0.38512631
v -0.38502982 -0.38240978 0.38512631
v 0.29433465 0.28150598 0.38651958
v 0.28750958 0.28544641 0.38651958
v 0.28171328 0.29124272 0.38651958
v 0.28171328 0.29124272 0.38651958
v 0.27777287 0.29806776 0.38651958
v 0.27565126 0.30598567 0.38651958
v 0.27565126 0.31386655 0.38651958
v 0.27777287 0.32178447 0.38651958
v 0.28171328 0.32860951 0.38651958
v 0.28750958 0.33440579 0.38651958
v 0.29433465 0.33834622 0.38651958
v 0.31013342 0.34046783 0.38651958
v 0.30225254 0.34046783 0.38651958
v 0.28750958 0.33440579 0.00000000
v 0.28750958 0.33440579 0.00000000
v 0.28171328 0.32860951 0.00000000
v 0.28171328 0.32860951 0.00000000
v 0.28171328 0.29124272 0.00000000
v 0.28171328 0.29124272 0.00000000
v 0.28171328 0.29124272 0.00000000
v 0.28750958 0.28544641 0.00000000
v 0.28750958 0.28544641 0.00000000
v 0.30225254 0.27938440 0.00000000
v 0.30225254 0.27938440 0.00000000
v 0.31013342 0.27938440 0.00000000
v 0.31013342 0.27938440 0.00000000
v 0.33067265 0.29124272 0.00000000
v 0.33067265 0.29124272 0.00000000
v 0.33673469 0.30598565 0.00000000
v 0.33673469 0.30598565 0.00000000
v 0.33461311 0.32178441 0.00000000
v 0.33461311 0.32178441 0.00000000
v 0.33067268 0.32860945 0.00000000
v 0.33067268 0.32860945 0.00000000
v 0.32487637 0.33440579 0.00000000
v 0.32487637 0.33440579 0.00000000
v 0.31805133 0.33834622 0.00000000
v 0.31805133 0.33834622 0.00000000
v 0.30225254 0.27938440 0.38651958
v 0.31013342 0.27938440 0.38651958
v 0.31805133 0.28150598 0.38651958
v 0.32487637 0.28544641 0.38651958
v 0.33067265 0.29124272 0.38651958
v 0.33461309 0.29806776 0.38651958
v 0.33673469 0.30598565 0.38651958
v 0.33673469 0.31386652 0.38651958
v 0.33461311 0.32178441 0.38651958
v 0.33067268 0.32860945 0.38651958
v 0.32487637 0.33440579 0.38651958
v 0.31805133 0.33834622 0.38651958
v 0.29433465 -0.33953894 0.38651958
v 0.28750958 -0.33559841 0.38651958
v 0.28171328 -0.32980216 0.38651958
v 0.27777287 -0.32297712 0.38651958
v 0.27565126 -0.31505924 0.38651958
v 0.27565126 -0.30717836 0.38651958
v 0.27777287 -0.29926047 0.38651958
v 0.28171328 -0.29243541 0.38651958
v 0.28171328 -0.29243541 0.38651958
v 0.28750958 -0.28663910 0.38651958
v 0.29433465 -0.28269857 0.38651958
v 0.31013342 -0.28057708 0.38651958
v 0.30225254 -0.28057708 0.38651958
v 0.29433465 -0.28269857 0.00000000
v 0.29433465 -0.28269857 0.00000000
v 0.28750958 -0.28663910 0.00000000
v 0.28750958 -0.28663910 0.00000000
v 0.28171328 -0.29243541 0.00000000
v 0.28171328 -0.29243541 0.00000000
v 0.28171328 -0.29243541 0.00000000
v 0.27565126 -0.30717836 0.00000000
v 0.27565126 -0.30717836 0.00000000
v 0.27565126 -0.31505924 0.00000000
v 0.27565126 -0.31505924 0.00000000
v 0.29433465 -0.33953894 0.00000000
v 0.29433465 -0.33953894 0.00000000
v 0.32487637 -0.33559841 0.00000000
v 0.32487637 -0.33559841 0.00000000
v 0.33067265 -0.32980216 0.00000000
v 0.33067265 -0.32980216 0.00000000
v 0.33461309 -0.32297712 0.00000000
v 0.33461309 -0.32297712 0.00000000
v 0.33673469 -0.31505924 0.00000000
v 0.33673469 -0.31505924 0.00000000
v 0.33673469 -0.30717836 0.00000000
v 0.33673469 -0.30717836 0.00000000
v 0.33067268 -0.29243541 0.00000000
v 0.33067268 -0.29243541 0.00000000
v 0.32487637 -0.28663910 0.00000000
v 0.32487637 -0.28663910 0.00000000
v 0.30225254 -0.34166049 0.38651958
v 0.31013342 -0.34166049 0.38651958
v 0.31805133 -0.33953894 0.38651958
v 0.32487637 -0.33559841 0.38651958
v 0.33067265 -0.32980216 0.38651958
v 0.33461309 -0.32297712 0.38651958
v 0.33673469 -0.31505924 0.38651958
v 0.33673469 -0.30717836 0.38651958
v 0.33461311 -0.29926047 0.38651958
v 0.33067268 -0.29243541 0.38651958
v 0.32487637 -0.28663910 0.38651958
v 0.31805133 -0.28269857 0.38651958
v 0.30225254 0.34046783 0.00000000
v 0.30225254 0.34046783 0.00000000
v 0.31013342 0.34046783 0.00000000
v 0.31013342 0.34046783 0.00000000
v 0.29433465 0.33834622 0.00000000
v 0.29433465 0.33834622 0.00000000
v 0.27777287 0.32178447 0.00000000
v 0.27777287 0.32178447 0.00000000
v 0.27565126 0.31386655 0.00000000
v 0.27565126 0.31386655 0.00000000
v 0.27565126 0.30598567 0.00000000
v 0.27565126 0.30598567 0.00000000
v 0.27777287 0.29806776 0.00000000
v 0.27777287 0.29806776 0.00000000
v 0.29433465 0.28150598 0.00000000
v 0.29433465 0.28150598 0.00000000
v 0.31805133 0.28150598 0.00000000
v 0.31805133 0.28150598 0.00000000
v 0.32487637 0.28544641 0.00000000
v 0.32487637 0.28544641 0.00000000
v 0.33461309 0.29806776 0.00000000
v 0.33461309 0.29806776 0.00000000
v 0.33673469 0.31386652 0.00000000
v 0.33673469 0.31386652 0.00000000
v 0.30225254 -0.28057708 0.00000000
v 0.30225254 -0.28057708 0.00000000
v 0.31013342 -0.28057708 0.00000000
v 0.31013342 -0.28057708 0.00000000
v 0.27777287 -0.29926047 0.00000000
v 0.27777287 -0.29926047 0.00000000
v 0.27777287 -0.32297712 0.00000000
v 0.27777287 -0.32297712 0.00000000
v 0.28171328 -0.32980216 0.00000000
v 0.28171328 -0.32980216 0.00000000
v 0.28750958 -0.33559841 0.00000000
v 0.28750958 -0.33559841 0.00000000
v 0.30225254 -0.34166049 0.00000000
v 0.30225254 -0.34166049 0.00000000
v 0.31013342 -0.34166049 0.00000000
v 0.31013342 -0.34166049 0.00000000
v 0.31805133 -0.33953894 0.00000000
v 0.31805133 -0.33953894 0.00000000
v 0.33461311 -0.29926047 0.00000000
v 0.33461311 -0.29926047 0.00000000
v 0.31805133 -0.28269857 0.00000000
v 0.31805133 -0.28269857 0.00000000
v -0.29262065 0.28150598 0.38651958
v -0.28579561 0.28544641 0.38651958
v -0.27999936 0.29124272 0.38651958
v -0.27999936 0.29124272 0.38651958
v -0.27605892 0.29806776 0.38651958
v -0.27393728 0.30598567 0.38651958
v -0.27393728 0.31386655 0.38651958
v -0.27605892 0.32178441 0.38651958
v -0.27999936 0.32860951 0.38651958
v -0.28579561 0.33440579 0.38651958
v -0.29262065 0.33834622 0.38651958
v -0.30841941 0.34046783 0.38651958
v -0.30053856 0.34046783 0.38651958
v -0.28579561 0.33440579 0.00000000
v -0.28579561 0.33440579 0.00000000
v -0.27999936 0.32860951 0.00000000
v -0.27999936 0.32860951 0.00000000
v -0.27999936 0.29124272 0.00000000
v -0.27999936 0.29124272 0.00000000
v -0.27999936 0.29124272 0.00000000
v -0.28579561 0.28544641 0.00000000
v -0.28579561 0.28544641 0.00000000
v -0.30053856 0.27938440 0.00000000
v -0.30053856 0.27938440 0.00000000
v -0.30841941 0.27938440 0.00000000
v -0.30841941 0.27938440 0.00000000
v -0.32895870 0.29124272 0.00000000
v -0.32895870 0.29124272 0.00000000
v -0.33502069 0.30598565 0.00000000
v -0.33502069 0.30598565 0.00000000
v -0.33289920 0.32178441 0.00000000
v -0.33289920 0.32178441 0.00000000
v -0.32895876 0.32860945 0.00000000
v -0.32895876 0.32860945 0.00000000
v -0.32316236 0.33440579 0.00000000
v -0.32316236 0.33440579 0.00000000
v -0.31633732 0.33834622 0.00000000
v -0.31633732 0.33834622 0.00000000
v -0.30053856 0.27938440 0.38651958
v -0.30841941 0.27938440 0.38651958
v -0.31633732 0.28150598 0.38651958
v -0.32316236 0.28544641 0.38651958
v -0.32895870 0.29124272 0.38651958
v -0.33289911 0.29806776 0.38651958
v -0.33502069 0.30598565 0.38651958
v -0.33502069 0.31386652 0.38651958
v -0.33289920 0.32178441 0.38651958
v -0.32895876 0.32860945 0.38651958
v -0.32316236 0.33440579 0.38651958
v -0.31633732 0.33834622 0.38651958
v -0.29262065 -0.33953894 0.38651958
v -0.28579561 -0.33559841 0.38651958
v -0.27999936 -0.32980216 0.38651958
v -0.27605892 -0.32297712 0.38651958
v -0.27393728 -0.31505924 0.38651958
v -0.27393728 -0.30717836 0.38651958
v -0.27605892 -0.29926047 0.38651958
v -0.27999936 -0.29243541 0.38651958
v -0.27999936 -0.29243541 0.38651958
v -0.28579561 -0.28663910 0.38651958
v -0.29262065 -0.28269857 0.38651958
v -0.30841941 -0.28057708 0.38651958
v -0.30053856 -0.28057708 0.38651958
v -0.29262065 -0.28269857 0.00000000
v -0.29262065 -0.28269857 0.00000000
v -0.28579561 -0.28663910 0.00000000
v -0.28579561 -0.28663910 0.00000000
v -0.27999936 -0.29243541 0.00000000
v -0.27999936 -0.29243541 0.00000000
v -0.27999936 -0.29243541 0.00000000
v -0.27393728 -0.30717836 0.00000000
v -0.27393728 -0.30717836 0.00000000
v -0.27393728 -0.31505924 0.00000000
v -0.27393728 -0.31505924 0.00000000
v -0.29262065 -0.33953894 0.00000000
v -0.29262065 -0.33953894 0.00000000
v -0.32316236 -0.33559841 0.00000000
v -0.32316236 -0.33559841 0.00000000
v -0.32895870 -0.32980216 0.00000000
v -0.32895870 -0.32980216 0.00000000
v -0.33289911 -0.32297712 0.00000000
v -0.33289911 -0.32297712 0.00000000
v -0.33502069 -0.31505924 0.00000000
v -0.33502069 -0.31505924 0.00000000
v -0.33502069 -0.30717836 0.00000000
v -0.33502069 -0.30717836 0.00000000
v -0.32895876 -0.29243541 0.00000000
v -0.32895876 -0.29243541 0.00000000
v -0.32316236 -0.28663910 0.00000000
v -0.32316236 -0.28663910 0.00000000
v -0.30053856 -0.34166049 0.38651958
v -0.30841941 -0.34166049 0.38651958
v -0.31633732 -0.33953894 0.38651958
v -0.32316236 -0.33559841 0.38651958
v -0.32895870 -0.32980216 0.38651958
v -0.33289911 -0.32297712 0.38651958
v -0.33502069 -0.31505924 0.38651958
v -0.33502069 -0.30717836 0.38651958
v -0.33289920 -0.29926047 0.38651958
v -0.32895876 -0.29243541 0.38651958
v -0.32316236 -0.28663910 0.38651958
v -0.31633732 -0.28269857 0.38651958
v -0.30053856 0.34046783 0.00000000
v -0.30053856 0.34046783 0.00000000
v -0.30841941 0.34046783 0.00000000
v -0.30841941 0.34046783 0.00000000
v -0.29262065 0.33834622 0.00000000
v -0.29262065 0.33834622 0.00000000
v -0.27605892 0.32178441 0.00000000
v -0.27605892 0.32178441 0.00000000
v -0.27393728 0.31386655 0.00000000
v -0.27393728 0.31386655 0.00000000
v -0.27393728 0.30598567 0.00000000
v -0.27393728 0.30598567 0.00000000
v -0.27605892 0.29806776 0.00000000
v -0.27605892 0.29806776 0.00000000
v -0.29262065 0.28150598 0.00000000
v -0.29262065 0.28150598 0.00000000
v -0.31633732 0.28150598 0.00000000
v -0.31633732 0.28150598 0.00000000
v -0.32316236 0.28544641 0.00000000
v -0.32316236 0.28544641 0.00000000
v -0.33289911 0.29806776 0.00000000
v -0.33289911 0.29806776 0.00000000
v -0.33502069 0.31386652 0.00000000
v -0.33502069 0.31386652 0.00000000
v -0.30053856 -0.28057708 0.00000000
v -0.30053856 -0.28057708 0.00000000
v -0.30841941 -0.28057708 0.00000000
v -0.30841941 -0.28057708 0.00000000
v -0.27605892 -0.29926047 0.00000000
v -0.27605892 -0.29926047 0.00000000
v -0.27605892 -0.32297712 0.00000000
v -0.27605892 -0.32297712 0.00000000
v -0.27999936 -0.32980216 0.00000000
v -0.27999936 -0.32980216 0.00000000
v -0.28579561 -0.33559841 0.00000000
v -0.28579561 -0.33559841 0.00000000
v -0.30053856 -0.34166049 0.00000000
v -0.30053856 -0.34166049 0.00000000
v -0.30841941 -0.34166049 0.00000000
v -0.30841941 -0.34166049 0.00000000
v -0.31633732 -0.33953894 0.00000000
v -0.31633732 -0.33953894 0.00000000
v -0.33289920 -0.29926047 0.00000000
v -0.33289920 -0.29926047 0.00000000
v -0.31633732 -0.28269857 0.00000000
v -0.31633732 -0.28269857 0.00000000
v 0.31019799 -0.22077586 0.25838006
v 0.31019799 -0.22077586 0.25838006
v 0.31020187 -0.21905447 0.27834398
v 0.31020187 -0.21905447 0.27834398
v 0.31039408 -0.21183164 0.31102569
v 0.31039408 -0.21183164 0.31102569
v 0.31029404 -0.18846347 0.33214319
v 0.31029404 -0.18846347 0.33214319
v 0.31030075 -0.17795426 0.33518661
v 0.31030075 -0.17795426 0.33518661
v 0.31028684 -0.16749837 0.33513629
v 0.31028684 -0.16749837 0.33513629
v 0.31028879 -0.15593082 0.33183465
v 0.31028879 -0.15593082 0.33183465
v 0.30995136 -0.13856518 0.32188340
v 0.30995136 -0.13856518 0.32188340
v 0.30995136 0.13715039 0.32188340
v 0.30995136 0.13715039 0.32188340
v 0.31020080 0.18114749 0.33419219
v 0.31020080 0.18114749 0.33419219
v 0.31037067 0.19303556 0.32911265
v 0.31037067 0.19303556 0.32911265
v 0.31041023 0.20214068 0.32216727
v 0.31041023 0.20214068 0.32216727
v 0.31029677 0.20940733 0.31297933
v 0.31029677 0.20940733 0.31297933
v 0.31025448 0.21675909 0.28747405
v 0.31025448 0.21675909 0.28747405
v 0.31006410 0.21937770 0.25833734
v 0.31006410 0.21937770 0.25833734
v 0.31004411 0.27994568 0.25786410
v 0.31004411 0.27994568 0.25786410
v 0.29755886 -0.28194723 0.25792391
v 0.29755886 -0.28194723 0.25792391
v 0.29754959 -0.22077586 0.25838006
v 0.29754959 -0.22077586 0.25838006
v 0.29755341 -0.21905447 0.27834398
v 0.29755341 -0.21905447 0.27834398
v 0.29761833 -0.21634040 0.29785322
v 0.29761833 -0.21634040 0.29785322
v 0.29774562 -0.21183164 0.31102569
v 0.29774562 -0.21183164 0.31102569
v 0.29784253 -0.20627484 0.31950868
v 0.29784253 -0.20627484 0.31950868
v 0.29783645 -0.19784931 0.32705379
v 0.29783645 -0.19784931 0.32705379
v 0.29764564 -0.18846347 0.33214319
v 0.29764564 -0.18846347 0.33214319
v 0.29765233 -0.17795426 0.33518661
v 0.29765233 -0.17795426 0.33518661
v 0.29763844 -0.16749837 0.33513629
v 0.29763844 -0.16749837 0.33513629
v 0.29764036 -0.15593082 0.33183465
v 0.29764036 -0.15593082 0.33183465
v 0.29760465 -0.14567140 0.32643831
v 0.29760465 -0.14567140 0.32643831
v 0.29730290 -0.13856518 0.32188340
v 0.29730290 -0.13856518 0.32188340
v 0.29730290 0.13715039 0.32188340
v 0.29730290 0.13715039 0.32188340
v 0.29743028 0.14756924 0.32822338
v 0.29743028 0.14756924 0.32822338
v 0.29731725 0.15828950 0.33306305
v 0.29731725 0.15828950 0.33306305
v 0.29732617 0.17092819 0.33528684
v 0.29732617 0.17092819 0.33528684
v 0.29755235 0.18114749 0.33419219
v 0.29755235 0.18114749 0.33419219
v 0.29772224 0.19303556 0.32911265
v 0.29772224 0.19303556 0.32911265
v 0.29776180 0.20214068 0.32216727
v 0.29776180 0.20214068 0.32216727
v 0.29764831 0.20940733 0.31297933
v 0.29764831 0.20940733 0.31297933
v 0.29778337 0.21395933 0.30246152
v 0.29778337 0.21395933 0.30246152
v 0.29760605 0.21675909 0.28747405
v 0.29760605 0.21675909 0.28747405
v 0.29741565 0.21937770 0.25833734
v 0.29741565 0.21937770 0.25833734
v 0.29739568 0.27994568 0.25786410
v 0.29739568 0.27994568 0.25786410
v 0.29739568 0.27994568 0.38961160
v 0.29755886 -0.28194723 0.38820923
v 0.33337269 0.32372761 0.29239939
v 0.33337269 0.32372761 0.29239939
v 0.35029466 0.34284760 0.29289779
v 0.34410498 0.34880247 0.29281032
v 0.34176411 0.34849528 0.29264338
v 0.34176411 0.34849528 0.29264338
v 0.32593284 0.33321947 0.29250754
v 0.32593284 0.33321947 0.29250754
v 0.35166111 0.34202107 0.29910459
v 0.35166111 0.34202107 0.29910459
v 0.34326502 0.34997255 0.29866851
v 0.34326502 0.34997255 0.29866851
v 0.35327766 0.34323495 0.34920891
v 0.35327766 0.34323495 0.34920891
v 0.34425800 0.35117636 0.34959442
v 0.34425800 0.35117636 0.34959442
v 0.36030664 0.36666704 0.35008092
v 0.36030664 0.36666704 0.35008092
v 0.36549381 0.37199769 0.35166660
v 0.36549381 0.37199769 0.35166660
v 0.37093166 0.37709653 0.35558463
v 0.37093166 0.37709653 0.35558463
v 0.37423095 0.38055799 0.36047158
v 0.37423095 0.38055799 0.36047158
v 0.37677746 0.38294883 0.36725405
v 0.37677746 0.38294883 0.36725405
v 0.37829400 0.38437983 0.37533414
v 0.37829400 0.38437983 0.37533414
v 0.37809531 0.38441555 0.38062608
v 0.37809531 0.38441555 0.38062608
v 0.37728197 0.38334645 0.38534758
v 0.37728197 0.38334645 0.38534758
v 0.37308184 0.36279244 0.35122130
v 0.37308184 0.36279244 0.35122130
v 0.32547670 0.33293247 0.39251028
v 0.34965936 0.34009649 0.29285197
v 0.34965936 0.34009649 0.29285197
v 0.36902154 0.35883336 0.35019782
v 0.36902154 0.35883336 0.35019782
v 0.37909661 0.36863448 0.35477769
v 0.37909661 0.36863448 0.35477769
v 0.38243939 0.37192737 0.35916639
v 0.38243939 0.37192737 0.35916639
v 0.38457941 0.37366872 0.36377603
v 0.38457941 0.37366872 0.36377603
v 0.38689596 0.37631262 0.37390073
v 0.38689596 0.37631262 0.37390073
v 0.38718298 0.37652572 0.38017892
v 0.38718298 0.37652572 0.38017892
v 0.38600857 0.37539480 0.38548302
v 0.38600857 0.37539480 0.38548302
v 0.33300907 0.32353164 0.39242591
v 0.31020729 -0.28194723 0.25792391
v 0.31020729 -0.28194723 0.25792391
v 0.31026673 -0.21634040 0.29785322
v 0.31026673 -0.21634040 0.29785322
v 0.31049098 -0.20627484 0.31950868
v 0.31049098 -0.20627484 0.31950868
v 0.31048485 -0.19784931 0.32705379
v 0.31048485 -0.19784931 0.32705379
v 0.31025304 -0.14567140 0.32643831
v 0.31025304 -0.14567140 0.32643831
v 0.31007871 0.14756924 0.32822338
v 0.31007871 0.14756924 0.32822338
v 0.30996568 0.15828950 0.33306305
v 0.30996568 0.15828950 0.33306305
v 0.30997457 0.17092819 0.33528684
v 0.30997457 0.17092819 0.33528684
v 0.31043180 0.21395933 0.30246152
v 0.31043180 0.21395933 0.30246152
v 0.31004411 0.27994568 0.38961160
v 0.31020729 -0.28194723 0.38820923
v -0.31175384 -0.22077586 0.25838006
v -0.31175384 -0.22077586 0.25838006
v -0.31175765 -0.21905447 0.27834398
v -0.31175765 -0.21905447 0.27834398
v -0.31194987 -0.21183164 0.31102569
v -0.31194987 -0.21183164 0.31102569
v -0.31184986 -0.18846347 0.33214319
v -0.31184986 -0.18846347 0.33214319
v -0.31185657 -0.17795426 0.33518661
v -0.31185657 -0.17795426 0.33518661
v -0.31184266 -0.16749837 0.33513629
v -0.31184266 -0.16749837 0.33513629
v -0.31184458 -0.15593082 0.33183465
v -0.31184458 -0.15593082 0.33183465
v -0.31150712 -0.13856518 0.32188340
v -0.31150712 -0.13856518 0.32188340
v -0.31150712 0.13715039 0.32188340
v -0.31150712 0.13715039 0.32188340
v -0.31175662 0.18114749 0.33419219
v -0.31175662 0.18114749 0.33419219
v -0.31192651 0.19303556 0.32911265
v -0.31192651 0.19303556 0.32911265
v -0.31196605 0.20214068 0.32216727
v -0.31196605 0.20214068 0.32216727
v -0.31185258 0.20940733 0.31297933
v -0.31185258 0.20940733 0.31297933
v -0.31181027 0.21675909 0.28747405
v -0.31181027 0.21675909 0.28747405
v -0.31161989 0.21937770 0.25833734
v -0.31161989 0.21937770 0.25833734
v -0.31159990 0.27994568 0.25786410
v -0.31159990 0.27994568 0.25786410
v -0.29911462 -0.28194723 0.25792391
v -0.29911462 -0.28194723 0.25792391
v -0.29910535 -0.22077586 0.25838006
v -0.29910535 -0.22077586 0.25838006
v -0.29910917 -0.21905447 0.27834398
v -0.29910917 -0.21905447 0.27834398
v -0.29917412 -0.21634040 0.29785322
v -0.29917412 -0.21634040 0.29785322
v -0.29930138 -0.21183164 0.31102569
v -0.29930138 -0.21183164 0.31102569
v -0.29939838 -0.20627484 0.31950868
v -0.29939838 -0.20627484 0.31950868
v -0.29939221 -0.19784931 0.32705379
v -0.29939221 -0.19784931 0.32705379
v -0.29920146 -0.18846347 0.33214319
v -0.29920146 -0.18846347 0.33214319
v -0.29920814 -0.17795426 0.33518661
v -0.29920814 -0.17795426 0.33518661
v -0.29919426 -0.16749837 0.33513629
v -0.29919426 -0.16749837 0.33513629
v -0.29919618 -0.15593082 0.33183465
v -0.29919618 -0.15593082 0.33183465
v -0.29916046 -0.14567140 0.32643831
v -0.29916046 -0.14567140 0.32643831
v -0.29885872 -0.13856518 0.32188340
v -0.29885872 -0.13856518 0.32188340
v -0.29885872 0.13715039 0.32188340
v -0.29885872 0.13715039 0.32188340
v -0.29898604 0.14756924 0.32822338
v -0.29898604 0.14756924 0.32822338
v -0.29887304 0.15828950 0.33306305
v -0.29887304 0.15828950 0.33306305
v -0.29888199 0.17092819 0.33528684
v -0.29888199 0.17092819 0.33528684
v -0.29910817 0.18114749 0.33419219
v -0.29910817 0.18114749 0.33419219
v -0.29927803 0.19303556 0.32911265
v -0.29927803 0.19303556 0.32911265
v -0.29931762 0.20214068 0.32216727
v -0.29931762 0.20214068 0.32216727
v -0.29920410 0.20940733 0.31297933
v -0.29920410 0.20940733 0.31297933
v -0.29933916 0.21395933 0.30246152
v -0.29933916 0.21395933 0.30246152
v -0.29916178 0.21675909 0.28747405
v -0.29916178 0.21675909 0.28747405
v -0.29897150 0.21937770 0.25833734
v -0.29897150 0.21937770 0.25833734
v -0.29895150 0.27994568 0.25786410
v -0.29895150 0.27994568 0.25786410
v -0.29895150 0.27994568 0.38961160
v -0.29911462 -0.28194723 0.38820923
v -0.33147290 0.32437923 0.29239939
v -0.33147290 0.32437923 0.29239939
v -0.34882508 0.34310970 0.29289779
v -0.34277233 0.34920373 0.29281032
v -0.34042503 0.34894984 0.29264338
v -0.34042503 0.34894984 0.29264338
v -0.32425074 0.33403774 0.29250754
v -0.32425074 0.33403774 0.29250754
v -0.35017239 0.34225238 0.29910459
v -0.35017239 0.34225238 0.29910459
v -0.34195919 0.35039260 0.29866851
v -0.34195919 0.35039260 0.29866851
v -0.35181608 0.34342917 0.34920891
v -0.35181608 0.34342917 0.34920891
v -0.34297923 0.35157352 0.34959442
v -0.34297923 0.35157352 0.34959442
v -0.35937579 0.36669547 0.35008092
v -0.35937579 0.36669547 0.35008092
v -0.36468277 0.37190689 0.35166660
v -0.36468277 0.37190689 0.35166660
v -0.37023508 0.37688082 0.35558463
v -0.37023508 0.37688082 0.35558463
v -0.37361220 0.38026640 0.36047158
v -0.37361220 0.38026640 0.36047158
v -0.37621238 0.38259872 0.36725405
v -0.37621238 0.38259872 0.36725405
v -0.37776100 0.38399489 0.37533414
v -0.37776100 0.38399489 0.37533414
v -0.37756320 0.38403511 0.38062608
v -0.37756320 0.38403511 0.38062608
v -0.37672576 0.38298481 0.38534758
v -0.37672576 0.38298481 0.38534758
v -0.37205968 0.36253155 0.35122130
v -0.37205968 0.36253155 0.35122130
v -0.32378814 0.33376119 0.39251028
v -0.34812744 0.34037373 0.29285197
v -0.34812744 0.34037373 0.29285197
v -0.36791036 0.35866576 0.35019782
v -0.36791036 0.35866576 0.35019782
v -0.37820558 0.36823537 0.35477769
v -0.37820558 0.36823537 0.35477769
v -0.38162238 0.37145146 0.35916639
v -0.38162238 0.37145146 0.35916639
v -0.38380142 0.37314372 0.36377603
v -0.38380142 0.37314372 0.36377603
v -0.38617743 0.37573432 0.37390073
v -0.38617743 0.37573432 0.37390073
v -0.38646919 0.37594082 0.38017892
v -0.38646919 0.37594082 0.38017892
v -0.38526936 0.37483687 0.38548302
v -0.38526936 0.37483687 0.38548302
v -0.33110495 0.32419164 0.39242591
v -0.31176311 -0.28194723 0.25792391
v -0.31176311 -0.28194723 0.25792391
v -0.31182255 -0.21634040 0.29785322
v -0.31182255 -0.21634040 0.29785322
v -0.31204677 -0.20627484 0.31950868
v -0.31204677 -0.20627484 0.31950868
v -0.31204069 -0.19784931 0.32705379
v -0.31204069 -0.19784931 0.32705379
v -0.31180881 -0.14567140 0.32643831
v -0.31180881 -0.14567140 0.32643831
v -0.31163453 0.14756924 0.32822338
v -0.31163453 0.14756924 0.32822338
v -0.31152152 0.15828950 0.33306305
v -0.31152152 0.15828950 0.33306305
v -0.31153042 0.17092819 0.33528684
v -0.31153042 0.17092819 0.33528684
v -0.31198765 0.21395933 0.30246152
v -0.31198765 0.21395933 0.30246152
v -0.31159990 0.27994568 0.38961160
v -0.31176311 -0.28194723 0.38820923
v 0.21782693 -0.31730653 0.25838006
v 0.21782693 -0.31730653 0.25838006
v 0.21612670 -0.31731034 0.27834398
v 0.21612670 -0.31731034 0.27834398
v 0.20899287 -0.31750255 0.31102569
v 0.20899287 -0.31750255 0.31102569
v 0.18591254 -0.31740255 0.33214319
v 0.18591254 -0.31740255 0.33214319
v 0.17553282 -0.31740923 0.33518661
v 0.17553282 -0.31740923 0.33518661
v 0.16520573 -0.31739535 0.33513629
v 0.16520573 -0.31739535 0.33513629
v 0.15378065 -0.31739727 0.33183465
v 0.15378065 -0.31739727 0.33183465
v 0.13662895 -0.31705978 0.32188340
v 0.13662895 -0.31705978 0.32188340
v -0.13569001 -0.31705978 0.32188340
v -0.13569001 -0.31705978 0.32188340
v -0.17914515 -0.31730931 0.33419219
v -0.17914515 -0.31730931 0.33419219
v -0.19088680 -0.31747917 0.32911265
v -0.19088680 -0.31747917 0.32911265
v -0.19987978 -0.31751870 0.32216727
v -0.19987978 -0.31751870 0.32216727
v -0.20705688 -0.31740527 0.31297933
v -0.20705688 -0.31740527 0.31297933
v -0.21431809 -0.31736296 0.28747405
v -0.21431809 -0.31736296 0.28747405
v -0.21690448 -0.31717258 0.25833734
v -0.21690448 -0.31717258 0.25833734
v -0.27672629 -0.31715259 0.25786410
v -0.27672629 -0.31715259 0.25786410
v 0.27824470 -0.30466731 0.25792391
v 0.27824470 -0.30466731 0.25792391
v 0.21782693 -0.30465804 0.25838006
v 0.21782693 -0.30465804 0.25838006
v 0.21612670 -0.30466186 0.27834398
v 0.21612670 -0.30466186 0.27834398
v 0.21344609 -0.30472681 0.29785322
v 0.21344609 -0.30472681 0.29785322
v 0.20899287 -0.30485407 0.31102569
v 0.20899287 -0.30485407 0.31102569
v 0.20350451 -0.30495106 0.31950868
v 0.20350451 -0.30495106 0.31950868
v 0.19518278 -0.30494490 0.32705379
v 0.19518278 -0.30494490 0.32705379
v 0.18591254 -0.30475415 0.33214319
v 0.18591254 -0.30475415 0.33214319
v 0.17553282 -0.30476083 0.33518661
v 0.17553282 -0.30476083 0.33518661
v 0.16520573 -0.30474695 0.33513629
v 0.16520573 -0.30474695 0.33513629
v 0.15378065 -0.30474884 0.33183465
v 0.15378065 -0.30474884 0.33183465
v 0.14364761 -0.30471315 0.32643831
v 0.14364761 -0.30471315 0.32643831
v 0.13662895 -0.30441138 0.32188340
v 0.13662895 -0.30441138 0.32188340
v -0.13569001 -0.30441138 0.32188340
v -0.13569001 -0.30441138 0.32188340
v -0.14598059 -0.30453873 0.32822338
v -0.14598059 -0.30453873 0.32822338
v -0.15656880 -0.30442573 0.33306305
v -0.15656880 -0.30442573 0.33306305
v -0.16905174 -0.30443468 0.33528684
v -0.16905174 -0.30443468 0.33528684
v -0.17914515 -0.30466083 0.33419219
v -0.17914515 -0.30466083 0.33419219
v -0.19088680 -0.30483072 0.32911265
v -0.19088680 -0.30483072 0.32911265
v -0.19987978 -0.30487031 0.32216727
v -0.19987978 -0.30487031 0.32216727
v -0.20705688 -0.30475679 0.31297933
v -0.20705688 -0.30475679 0.31297933
v -0.21155281 -0.30489182 0.30246152
v -0.21155281 -0.30489182 0.30246152
v -0.21431809 -0.30471447 0.28747405
v -0.21431809 -0.30471447 0.28747405
v -0.21690448 -0.30452415 0.25833734
v -0.21690448 -0.30452415 0.25833734
v -0.27672629 -0.30450419 0.25786410
v -0.27672629 -0.30450419 0.25786410
v -0.27672629 -0.30450419 0.38961160
v 0.27824470 -0.30466731 0.38820923
v 0.27824470 -0.31731576 0.25792391
v 0.27824470 -0.31731576 0.25792391
v 0.21344609 -0.31737521 0.29785322
v 0.21344609 -0.31737521 0.29785322
v 0.20350451 -0.31759946 0.31950868
v 0.20350451 -0.31759946 0.31950868
v 0.19518278 -0.31759335 0.32705379
v 0.19518278 -0.31759335 0.32705379
v 0.14364761 -0.31736146 0.32643831
v 0.14364761 -0.31736146 0.32643831
v -0.14598059 -0.31718718 0.32822338
v -0.14598059 -0.31718718 0.32822338
v -0.15656880 -0.31707418 0.33306305
v -0.15656880 -0.31707418 0.33306305
v -0.16905174 -0.31708307 0.33528684
v -0.16905174 -0.31708307 0.33528684
v -0.21155281 -0.31754031 0.30246152
v -0.21155281 -0.31754031 0.30246152
v -0.27672629 -0.31715259 0.38961160
v 0.27824470 -0.31731576 0.38820923
v 0.21782693 0.31579420 0.25838006
v 0.21782693 0.31579420 0.25838006
v 0.21612670 0.31579802 0.27834398
v 0.21612670 0.31579802 0.27834398
v 0.20899287 0.31599023 0.31102569
v 0.20899287 0.31599023 0.31102569
v 0.18591254 0.31589022 0.33214319
v 0.18591254 0.31589022 0.33214319
v 0.17553282 0.31589690 0.33518661
v 0.17553282 0.31589690 0.33518661
v 0.16520573 0.31588302 0.33513629
v 0.16520573 0.31588302 0.33513629
v 0.15378065 0.31588494 0.33183465
v 0.15378065 0.31588494 0.33183465
v 0.13662895 0.31554748 0.32188340
v 0.13662895 0.31554748 0.32188340
v -0.13569001 0.31554748 0.32188340
v -0.13569001 0.31554748 0.32188340
v -0.17914515 0.31579698 0.33419219
v -0.17914515 0.31579698 0.33419219
v -0.19088680 0.31596685 0.32911265
v -0.19088680 0.31596685 0.32911265
v -0.19987978 0.31600638 0.32216727
v -0.19987978 0.31600638 0.32216727
v -0.20705688 0.31589294 0.31297933
v -0.20705688 0.31589294 0.31297933
v -0.21431809 0.31585063 0.28747405
v -0.21431809 0.31585063 0.28747405
v -0.21690448 0.31566025 0.25833734
v -0.21690448 0.31566025 0.25833734
v -0.27672629 0.31564026 0.25786410
v -0.27672629 0.31564026 0.25786410
v 0.27824470 0.30315498 0.25792391
v 0.27824470 0.30315498 0.25792391
v 0.21782693 0.30314572 0.25838006
v 0.21782693 0.30314572 0.25838006
v 0.21612670 0.30314953 0.27834398
v 0.21612670 0.30314953 0.27834398
v 0.21344609 0.30321448 0.29785322
v 0.21344609 0.30321448 0.29785322
v 0.20899287 0.30334174 0.31102569
v 0.20899287 0.30334174 0.31102569
v 0.20350451 0.30343874 0.31950868
v 0.20350451 0.30343874 0.31950868
v 0.19518278 0.30343257 0.32705379
v 0.19518278 0.30343257 0.32705379
v 0.18591254 0.30324182 0.33214319
v 0.18591254 0.30324182 0.33214319
v 0.17553282 0.30324850 0.33518661
v 0.17553282 0.30324850 0.33518661
v 0.16520573 0.30323462 0.33513629
v 0.16520573 0.30323462 0.33513629
v 0.15378065 0.30323654 0.33183465
v 0.15378065 0.30323654 0.33183465
v 0.14364761 0.30320083 0.32643831
v 0.14364761 0.30320083 0.32643831
v 0.13662895 0.30289905 0.32188340
v 0.13662895 0.30289905 0.32188340
v -0.13569001 0.30289905 0.32188340
v -0.13569001 0.30289905 0.32188340
v -0.14598059 0.30302640 0.32822338
v -0.14598059 0.30302640 0.32822338
v -0.15656880 0.30291340 0.33306305
v -0.15656880 0.30291340 0.33306305
v -0.16905174 0.30292235 0.33528684
v -0.16905174 0.30292235 0.33528684
v -0.17914515 0.30314850 0.33419219
v -0.17914515 0.30314850 0.33419219
v -0.19088680 0.30331839 0.32911265
v -0.19088680 0.30331839 0.32911265
v -0.19987978 0.30335798 0.32216727
v -0.19987978 0.30335798 0.32216727
v -0.20705688 0.30324446 0.31297933
v -0.20705688 0.30324446 0.31297933
v -0.21155281 0.30337952 0.30246152
v -0.21155281 0.30337952 0.30246152
v -0.21431809 0.30320214 0.28747405
v -0.21431809 0.30320214 0.28747405
v -0.21690448 0.30301186 0.25833734
v -0.21690448 0.30301186 0.25833734
v -0.27672629 0.30299186 0.25786410
v -0.27672629 0.30299186 0.25786410
v -0.27672629 0.30299186 0.38961160
v 0.27824470 0.30315498 0.38820923
v 0.27824470 0.31580347 0.25792391
v 0.27824470 0.31580347 0.25792391
v 0.21344609 0.31586288 0.29785322
v 0.21344609 0.31586288 0.29785322
v 0.20350451 0.31608713 0.31950868
v 0.20350451 0.31608713 0.31950868
v 0.19518278 0.31608102 0.32705379
v 0.19518278 0.31608102 0.32705379
v 0.14364761 0.31584917 0.32643831
v 0.14364761 0.31584917 0.32643831
v -0.14598059 0.31567489 0.32822338
v -0.14598059 0.31567489 0.32822338
v -0.15656880 0.31556185 0.33306305
v -0.15656880 0.31556185 0.33306305
v -0.16905174 0.31557075 0.33528684
v -0.16905174 0.31557075 0.33528684
v -0.21155281 0.31602798 0.30246152
v -0.21155281 0.31602798 0.30246152
v -0.27672629 0.31564026 0.38961160
v 0.27824470 0.31580347 0.38820923
v 0.32998106 -0.32893443 0.29239939
v 0.32998106 -0.32893443 0.29239939
v 0.34826861 -0.34675279 0.29289779
v 0.34253551 -0.35314845 0.29281032
v 0.34017834 -0.35301496 0.29264338
v 0.34017834 -0.35301496 0.29264338
v 0.32326240 -0.33894980 0.29250754
v 0.32326240 -0.33894980 0.29250754
v 0.34957028 -0.34582768 0.29910459
v 0.34957028 -0.34582768 0.29910459
v 0.34178422 -0.35437739 0.29866851
v 0.34178422 -0.35437739 0.29866851
v 0.35127207 -0.34691883 0.34920891
v 0.35127207 -0.34691883 0.34920891
v 0.34286338 -0.35550455 0.34959442
v 0.34286338 -0.35550455 0.34959442
v 0.36001201 -0.36976792 0.35008092
v 0.36001201 -0.36976792 0.35008092
v 0.36557859 -0.37470106 0.35166660
v 0.36557859 -0.37470106 0.35166660
v 0.37137808 -0.37938450 0.35558463
v 0.37137808 -0.37938450 0.35558463
v 0.37492394 -0.38259290 0.36047158
v 0.37492394 -0.38259290 0.36047158
v 0.37764005 -0.38478918 0.36725405
v 0.37764005 -0.38478918 0.36725405
v 0.37925810 -0.38610425 0.37533414
v 0.37925810 -0.38610425 0.37533414
v 0.37906259 -0.38615457 0.38062608
v 0.37906259 -0.38615457 0.38062608
v 0.37817256 -0.38514841 0.38534758
v 0.37817256 -0.38514841 0.38534758
v 0.37246622 -0.36496073 0.35122130
v 0.37246622 -0.36496073 0.35122130
v 0.32278626 -0.33869720 0.39251028
v 0.34743192 -0.34405612 0.29285197
v 0.34743192 -0.34405612 0.29285197
v 0.36812469 -0.36131219 0.35019782
v 0.36812469 -0.36131219 0.35019782
v 0.37889594 -0.37034263 0.35477769
v 0.37889594 -0.37034263 0.35477769
v 0.38247275 -0.37337971 0.35916639
v 0.38247275 -0.37337971 0.35916639
v 0.38473551 -0.37495822 0.36377603
v 0.38473551 -0.37495822 0.36377603
v 0.38724090 -0.37742403 0.37390073
v 0.38724090 -0.37742403 0.37390073
v 0.38754290 -0.37761521 0.38017892
v 0.38754290 -0.37761521 0.38017892
v 0.38628820 -0.37657417 0.38548302
v 0.38628820 -0.37657417 0.38548302
v 0.32960395 -0.32876589 0.39242591
v -0.33335267 -0.32500604 0.29239939
v -0.33335267 -0.32500604 0.29239939
v -0.35035901 -0.34405122 0.29289779
v -0.34419575 -0.35003328 0.29281032
v -0.34185344 -0.34973644 0.29264338
v -0.34185344 -0.34973644 0.29264338
v -0.32595490 -0.33453075 0.29250754
v -0.32595490 -0.33453075 0.29250754
v -0.35172181 -0.34321869 0.29910459
v -0.35172181 -0.34321869 0.29910459
v -0.34336092 -0.35120712 0.29866851
v -0.34336092 -0.35120712 0.29866851
v -0.35334367 -0.34442534 0.34920891
v -0.35334367 -0.34442534 0.34920891
v -0.34435916 -0.35240651 0.34959442
v -0.34435916 -0.35240651 0.34959442
v -0.36047607 -0.36782613 0.35008092
v -0.36047607 -0.36782613 0.35008092
v -0.36568680 -0.37313385 0.35166660
v -0.36568680 -0.37313385 0.35166660
v -0.37114714 -0.37820854 0.35558463
v -0.37114714 -0.37820854 0.35558463
v -0.37446163 -0.38165543 0.36047158
v -0.37446163 -0.38165543 0.36047158
v -0.37701869 -0.38403505 0.36725405
v -0.37701869 -0.38403505 0.36725405
v -0.37854152 -0.38545928 0.37533414
v -0.37854152 -0.38545928 0.37533414
v -0.37834300 -0.38549580 0.38062608
v -0.37834300 -0.38549580 0.38062608
v -0.37752493 -0.38443041 0.38534758
v -0.37752493 -0.38443041 0.38534758
v -0.37323409 -0.36389510 0.35122130
v -0.37323409 -0.36389510 0.35122130
v -0.32549747 -0.33424576 0.39251028
v -0.34971154 -0.34130289 0.29285197
v -0.34971154 -0.34130289 0.29285197
v -0.36915626 -0.35995401 0.35019782
v -0.36915626 -0.35995401 0.35019782
v -0.37927456 -0.36971046 0.35477769
v -0.37927456 -0.36971046 0.35477769
v -0.38263183 -0.37298869 0.35916639
v -0.38263183 -0.37298869 0.35916639
v -0.38477957 -0.37472054 0.36377603
v -0.38477957 -0.37472054 0.36377603
v -0.38710776 -0.37735417 0.37390073
v -0.38710776 -0.37735417 0.37390073
v -0.38739570 -0.37756592 0.38017892
v -0.38739570 -0.37756592 0.38017892
v -0.38621630 -0.37644028 0.38548302
v -0.38621630 -0.37644028 0.38548302
v -0.33298824 -0.32481179 0.39242591
v 0.31722895 0.28131081 0.22753493
v 0.31060284 0.28131081 0.21660269
v 0.29781281 0.28131081 0.21666810
v 0.29131811 0.28131081 0.22764841
v 0.29765106 0.28131081 0.23892055
v 0.29765106 0.28131081 0.23892055
v 0.31078639 0.28131081 0.23899481
v 0.31722895 0.20901228 0.22865958
v 0.31060284 0.20901228 0.21772733
v 0.29781281 0.20901228 0.21779274
v 0.29131811 0.20901228 0.22877304
v 0.29765106 0.20901228 0.24004520
v 0.29765106 0.20901228 0.24004520
v 0.31078639 0.20901228 0.24011947
v 0.31766367 0.20364925 0.22948227
v 0.31081594 0.20050409 0.21863093
v 0.29759802 0.20052290 0.21869587
v 0.29088607 0.20368190 0.22959492
v 0.29743088 0.20692484 0.24078363
v 0.29743088 0.20692484 0.24078363
v 0.31100559 0.20694621 0.24085736
v 0.31766367 0.19951564 0.23182151
v 0.31081594 0.19351873 0.22224649
v 0.29759802 0.19355462 0.22230378
v 0.29088607 0.19957787 0.23192090
v 0.29743088 0.20576119 0.24179363
v 0.29743088 0.20576119 0.24179363
v 0.31100559 0.20580193 0.24185867
v 0.31766367 0.19667440 0.23436142
v 0.31081594 0.18905545 0.22601905
v 0.29759802 0.18910103 0.22606898
v 0.29088607 0.19675348 0.23444802
v 0.29743088 0.20460929 0.24304980
v 0.29743088 0.20460929 0.24304980
v 0.31100559 0.20466106 0.24310643
v 0.31766367 0.19393302 0.23783540
v 0.31081594 0.18464254 0.23140652
v 0.29759802 0.18469814 0.23144501
v 0.29088607 0.19402945 0.23790212
v 0.29743088 0.20360879 0.24453091
v 0.29743088 0.20360879 0.24453091
v 0.31100559 0.20367190 0.24457455
v 0.31766367 0.19152592 0.24352927
v 0.31081594 0.18062677 0.24055393
v 0.29759802 0.18069202 0.24057174
v 0.29088607 0.19163904 0.24356016
v 0.29743088 0.20287705 0.24662802
v 0.29743088 0.20287705 0.24662802
v 0.31100559 0.20295108 0.24664822
v 0.31766367 0.19012473 0.25272593
v 0.31081594 0.17885503 0.25192733
v 0.29759802 0.17892247 0.25193213
v 0.29088607 0.19024169 0.25273425
v 0.29743088 0.20186178 0.25355769
v 0.29743088 0.20186178 0.25355769
v 0.31100559 0.20193832 0.25356311
v 0.31766367 0.18905363 0.28526024
v 0.31081594 0.17778393 0.28446165
v 0.29759802 0.17785139 0.28446647
v 0.29088607 0.18917059 0.28526862
v 0.29743088 0.20079067 0.28609203
v 0.29743088 0.20079067 0.28609203
v 0.31100559 0.20086724 0.28609742
v 0.31766367 0.18823231 0.29244738
v 0.31081594 0.17731225 0.28954982
v 0.29759802 0.17737760 0.28956717
v 0.29088607 0.18834565 0.29247753
v 0.29743088 0.19960523 0.29546518
v 0.29743088 0.19960523 0.29546518
v 0.31100559 0.19967941 0.29548480
v 0.31766367 0.18668047 0.29771804
v 0.31081594 0.17633415 0.29317951
v 0.29759802 0.17639609 0.29320670
v 0.29088610 0.18678783 0.29776517
v 0.29743088 0.19745578 0.30244482
v 0.29743088 0.19745578 0.30244482
v 0.31100559 0.19752610 0.30247560
v 0.31766367 0.18368097 0.30283050
v 0.31081594 0.17459377 0.29611732
v 0.29759802 0.17464816 0.29615751
v 0.29088610 0.18377524 0.30290019
v 0.29743088 0.19314499 0.30982211
v 0.29743088 0.19314499 0.30982211
v 0.31100559 0.19320676 0.30986766
v 0.31766367 0.18019013 0.30630901
v 0.31081594 0.17244134 0.29808708
v 0.29759802 0.17248771 0.29813631
v 0.29088610 0.18027052 0.30639438
v 0.29743088 0.18826020 0.31487200
v 0.29743088 0.18826020 0.31487200
v 0.31100559 0.18831288 0.31492780
v 0.31766367 0.17522573 0.30860045
v 0.31081594 0.17013650 0.29851365
v 0.29759802 0.17016695 0.29857406
v 0.29088610 0.17527850 0.30870519
v 0.29743088 0.18052594 0.31910564
v 0.29743088 0.18052594 0.31910564
v 0.31100559 0.18056056 0.31917411
v 0.31729115 0.17001825 0.30961050
v 0.31063334 0.16803863 0.29880572
v 0.29778208 0.16805046 0.29887044
v 0.29125626 0.17003873 0.30972264
v 0.29761954 0.17207989 0.32167811
v 0.29761954 0.17207989 0.32167811
v 0.31081777 0.17209336 0.32175149
v 0.31729115 -0.14400621 0.30961050
v 0.31063334 -0.14400621 0.29880572
v 0.29778208 -0.14400621 0.29887044
v 0.29125626 -0.14400621 0.30972264
v 0.29761954 -0.14400621 0.32167811
v 0.29761954 -0.14400621 0.32167811
v 0.31081777 -0.14400621 0.32175149
v 0.31722895 -0.28437190 0.22680972
v 0.31060284 -0.28437190 0.21587748
v 0.29781281 -0.28437190 0.21594286
v 0.29131811 -0.28437190 0.22692319
v 0.29765106 -0.28437190 0.23819534
v 0.29765106 -0.28437190 0.23819534
v 0.31078639 -0.28437190 0.23826960
v 0.31722895 -0.21202689 0.22782279
v 0.31060284 -0.21202689 0.21689055
v 0.29781281 -0.21202689 0.21695596
v 0.29131811 -0.21202689 0.22793627
v 0.29765106 -0.21202689 0.23920841
v 0.29765106 -0.21202689 0.23920841
v 0.31078639 -0.21202689 0.23928267
v 0.31766367 -0.20666392 0.22864550
v 0.31081594 -0.20351878 0.21779416
v 0.29759802 -0.20353755 0.21785908
v 0.29088607 -0.20669656 0.22875811
v 0.29743088 -0.20993953 0.23994686
v 0.29743088 -0.20993953 0.23994686
v 0.31100559 -0.20996084 0.24002057
v 0.31766367 -0.20248378 0.23182151
v 0.31081594 -0.19648691 0.22224649
v 0.29759802 -0.19652276 0.22230378
v 0.29088607 -0.20254598 0.23192090
v 0.29743088 -0.20872933 0.24179363
v 0.29743088 -0.20872933 0.24179363
v 0.31100559 -0.20877011 0.24185867
v 0.31766367 -0.19964253 0.23436142
v 0.31081594 -0.19202356 0.22601905
v 0.29759802 -0.19206919 0.22606898
v 0.29088607 -0.19972162 0.23444802
v 0.29743088 -0.20757744 0.24304980
v 0.29743088 -0.20757744 0.24304980
v 0.31100559 -0.20762924 0.24310643
v 0.31766367 -0.19690116 0.23783540
v 0.31081594 -0.18761061 0.23140652
v 0.29759802 -0.18766622 0.23144501
v 0.29088607 -0.19699763 0.23790212
v 0.29743088 -0.20657694 0.24453091
v 0.29743088 -0.20657694 0.24453091
v 0.31100559 -0.20664005 0.24457455
v 0.31766367 -0.19449406 0.24352927
v 0.31081594 -0.18359489 0.24055393
v 0.29759802 -0.18366014 0.24057174
v 0.29088607 -0.19460718 0.24356016
v 0.29743088 -0.20584516 0.24662802
v 0.29743088 -0.20584516 0.24662802
v 0.31100559 -0.20591922 0.24664822
v 0.31766367 -0.19309287 0.25272593
v 0.31081594 -0.18182314 0.25192733
v 0.29759802 -0.18189058 0.25193213
v 0.29088607 -0.19320984 0.25273425
v 0.29743088 -0.20482993 0.25355769
v 0.29743088 -0.20482993 0.25355769
v 0.31100559 -0.20490645 0.25356311
v 0.31766367 -0.19202179 0.28526024
v 0.31081594 -0.18075206 0.28446165
v 0.29759802 -0.18081948 0.28446647
v 0.29088607 -0.19213877 0.28526862
v 0.29743088 -0.20375885 0.28609203
v 0.29743088 -0.20375885 0.28609203
v 0.31100559 -0.20383538 0.28609742
v 0.31766367 -0.19120047 0.29244738
v 0.31081594 -0.18028036 0.28954982
v 0.29759802 -0.18034575 0.28956717
v 0.29088610 -0.19131380 0.29247753
v 0.29743088 -0.20257339 0.29546518
v 0.29743088 -0.20257339 0.29546518
v 0.31100559 -0.20264756 0.29548480
v 0.31766367 -0.18964861 0.29771804
v 0.31081594 -0.17930226 0.29317951
v 0.29759802 -0.17936420 0.29320670
v 0.29088610 -0.18975596 0.29776517
v 0.29743088 -0.20042392 0.30244482
v 0.29743088 -0.20042392 0.30244482
v 0.31100559 -0.20049421 0.30247560
v 0.31766367 -0.18664913 0.30283050
v 0.31081594 -0.17756191 0.29611732
v 0.29759802 -0.17761629 0.29615751
v 0.29088610 -0.18674339 0.30290019
v 0.29743088 -0.19611318 0.30982211
v 0.29743088 -0.19611318 0.30982211
v 0.31100559 -0.19617490 0.30986766
v 0.31766367 -0.18315827 0.30630901
v 0.31081594 -0.17540945 0.29808708
v 0.29759802 -0.17545584 0.29813631
v 0.29088610 -0.18323863 0.30639438
v 0.29743088 -0.19122834 0.31487200
v 0.29743088 -0.19122834 0.31487200
v 0.31100559 -0.19128102 0.31492780
v 0.31766367 -0.17819384 0.30860045
v 0.31081594 -0.17310462 0.29851365
v 0.29759802 -0.17313507 0.29857406
v 0.29088610 -0.17824662 0.30870519
v 0.29743088 -0.18349410 0.31910564
v 0.29743088 -0.18349410 0.31910564
v 0.31100559 -0.18352870 0.31917411
v 0.31729115 -0.17298637 0.30961050
v 0.31063334 -0.17100674 0.29880572
v 0.29778208 -0.17101857 0.29887044
v 0.29125626 -0.17300687 0.30972264
v 0.29761954 -0.17504802 0.32086339
v 0.29761954 -0.17504802 0.32086339
v 0.31081777 -0.17506150 0.32093675
v -0.31878474 0.28131081 0.22753493
v -0.31215869 0.28131081 0.21660269
v -0.29936863 0.28131081 0.21666810
v -0.29287393 0.28131081 0.22764841
v -0.29920691 0.28131081 0.23892055
v -0.29920691 0.28131081 0.23892055
v -0.31234223 0.28131081 0.23899481
v -0.31878474 0.20901228 0.22865958
v -0.31215869 0.20901228 0.21772733
v -0.29936863 0.20901228 0.21779274
v -0.29287393 0.20901228 0.22877304
v -0.29920691 0.20901228 0.24004520
v -0.29920691 0.20901228 0.24004520
v -0.31234223 0.20901228 0.24011947
v -0.31921943 0.20364925 0.22948227
v -0.31237175 0.20050409 0.21863093
v -0.29915387 0.20052290 0.21869587
v -0.29244183 0.20368190 0.22959492
v -0.29898670 0.20692484 0.24078363
v -0.29898670 0.20692484 0.24078363
v -0.31256138 0.20694621 0.24085736
v -0.31921943 0.19951564 0.23182151
v -0.31237175 0.19351873 0.22224649
v -0.29915387 0.19355462 0.22230378
v -0.29244189 0.19957787 0.23192090
v -0.29898670 0.20576119 0.24179363
v -0.29898670 0.20576119 0.24179363
v -0.31256138 0.20580193 0.24185867
v -0.31921943 0.19667440 0.23436142
v -0.31237175 0.18905545 0.22601905
v -0.29915387 0.18910103 0.22606898
v -0.29244189 0.19675348 0.23444802
v -0.29898670 0.20460929 0.24304980
v -0.29898670 0.20460929 0.24304980
v -0.31256138 0.20466106 0.24310643
v -0.31921943 0.19393302 0.23783540
v -0.31237175 0.18464254 0.23140652
v -0.29915387 0.18469814 0.23144501
v -0.29244189 0.19402945 0.23790212
v -0.29898670 0.20360879 0.24453091
v -0.29898670 0.20360879 0.24453091
v -0.31256138 0.20367190 0.24457455
v -0.31921943 0.19152592 0.24352927
v -0.31237175 0.18062677 0.24055393
v -0.29915387 0.18069202 0.24057174
v -0.29244189 0.19163904 0.24356016
v -0.29898670 0.20287705 0.24662802
v -0.29898670 0.20287705 0.24662802
v -0.31256138 0.20295108 0.24664822
v -0.31921943 0.19012473 0.25272593
v -0.31237175 0.17885503 0.25192733
v -0.29915387 0.17892247 0.25193213
v -0.29244189 0.19024169 0.25273425
v -0.29898670 0.20186178 0.25355769
v -0.29898670 0.20186178 0.25355769
v -0.31256138 0.20193832 0.25356311
v -0.31921943 0.18905363 0.28526024
v -0.31237175 0.17778393 0.28446165
v -0.29915387 0.17785139 0.28446647
v -0.29244189 0.18917059 0.28526862
v -0.29898670 0.20079067 0.28609203
v -0.29898670 0.20079067 0.28609203
v -0.31256138 0.20086724 0.28609742
v -0.31921943 0.18823231 0.29244738
v -0.31237175 0.17731225 0.28954982
v -0.29915387 0.17737760 0.28956717
v -0.29244189 0.18834565 0.29247753
v -0.29898670 0.19960523 0.29546518
v -0.29898670 0.19960523 0.29546518
v -0.31256138 0.19967941 0.29548480
v -0.31921943 0.18668047 0.29771804
v -0.31237175 0.17633415 0.29317951
v -0.29915387 0.17639609 0.29320670
v -0.29244189 0.18678783 0.29776517
v -0.29898670 0.19745578 0.30244482
v -0.29898670 0.19745578 0.30244482
v -0.31256138 0.19752610 0.30247560
v -0.31921943 0.18368097 0.30283050
v -0.31237175 0.17459377 0.29611732
v -0.29915387 0.17464816 0.29615751
v -0.29244189 0.18377524 0.30290019
v -0.29898670 0.19314499 0.30982211
v -0.29898670 0.19314499 0.30982211
v -0.31256138 0.19320676 0.30986766
v -0.31921943 0.18019013 0.30630901
v -0.31237175 0.17244134 0.29808708
v -0.29915387 0.17248771 0.29813631
v -0.29244189 0.18027052 0.30639438
v -0.29898670 0.18826020 0.31487200
v -0.29898670 0.18826020 0.31487200
v -0.31256138 0.18831288 0.31492780
v -0.31921943 0.17522573 0.30860045
v -0.31237175 0.17013650 0.29851365
v -0.29915387 0.17016695 0.29857406
v -0.29244189 0.17527850 0.30870519
v -0.29898670 0.18052594 0.31910564
v -0.29898670 0.18052594 0.31910564
v -0.31256138 0.18056056 0.31917411
v -0.31884691 0.17001825 0.30961050
v -0.31218910 0.16803863 0.29880572
v -0.29933784 0.16805046 0.29887044
v -0.29281205 0.17003873 0.30972264
v -0.29917530 0.17207989 0.32167811
v -0.29917530 0.17207989 0.32167811
v -0.31237353 0.17209336 0.32175149
v -0.31884691 -0.14400621 0.30961050
v -0.31218910 -0.14400621 0.29880572
v -0.29933784 -0.14400621 0.29887044
v -0.29281205 -0.14400621 0.30972264
v -0.29917530 -0.14400621 0.32167811
v -0.29917530 -0.14400621 0.32167811
v -0.31237353 -0.14400621 0.32175149
v -0.31878474 -0.28437190 0.22680972
v -0.31215869 -0.28437190 0.21587748
v -0.29936863 -0.28437190 0.21594286
v -0.29287393 -0.28437190 0.22692319
v -0.29920691 -0.28437190 0.23819534
v -0.29920691 -0.28437190 0.23819534
v -0.31234223 -0.28437190 0.23826960
v -0.31878474 -0.21202689 0.22782279
v -0.31215869 -0.21202689 0.21689055
v -0.29936863 -0.21202689 0.21695596
v -0.29287393 -0.21202689 0.22793627
v -0.29920691 -0.21202689 0.23920841
v -0.29920691 -0.21202689 0.23920841
v -0.31234223 -0.21202689 0.23928267
v -0.31921943 -0.20666392 0.22864550
v -0.31237175 -0.20351878 0.21779416
v -0.29915387 -0.20353755 0.21785908
v -0.29244189 -0.20669656 0.22875811
v -0.29898670 -0.20993953 0.23994686
v -0.29898670 -0.20993953 0.23994686
v -0.31256138 -0.20996084 0.24002057
v -0.31921943 -0.20248378 0.23182151
v -0.31237175 -0.19648691 0.22224649
v -0.29915387 -0.19652276 0.22230378
v -0.29244189 -0.20254598 0.23192090
v -0.29898670 -0.20872933 0.24179363
v -0.29898670 -0.20872933 0.24179363
v -0.31256138 -0.20877011 0.24185867
v -0.31921943 -0.19964253 0.23436142
v -0.31237175 -0.19202356 0.22601905
v -0.29915387 -0.19206919 0.22606898
v -0.29244189 -0.19972162 0.23444802
v -0.29898670 -0.20757744 0.24304980
v -0.29898670 -0.20757744 0.24304980
v -0.31256138 -0.20762924 0.24310643
v -0.31921943 -0.19690116 0.23783540
v -0.31237175 -0.18761061 0.23140652
v -0.29915387 -0.18766622 0.23144501
v -0.29244189 -0.19699763 0.23790212
v -0.29898670 -0.20657694 0.24453091
v -0.29898670 -0.20657694 0.24453091
v -0.31256138 -0.20664005 0.24457455
v -0.31921943 -0.19449406 0.24352927
v -0.31237175 -0.18359489 0.24055393
v -0.29915387 -0.18366014 0.24057174
v -0.29244189 -0.19460718 0.24356016
v -0.29898670 -0.20584516 0.24662802
v -0.29898670 -0.20584516 0.24662802
v -0.31256138 -0.20591922 0.24664822
v -0.31921943 -0.19309287 0.25272593
v -0.31237175 -0.18182314 0.25192733
v -0.29915387 -0.18189058 0.25193213
v -0.29244189 -0.19320984 0.25273425
v -0.29898670 -0.20482993 0.25355769
v -0.29898670 -0.20482993 0.25355769
v -0.31256138 -0.20490645 0.25356311
v -0.31921943 -0.19202179 0.28526024
v -0.31237175 -0.18075206 0.28446165
v -0.29915387 -0.18081948 0.28446647
v -0.29244189 -0.19213877 0.28526862
v -0.29898670 -0.20375885 0.28609203
v -0.29898670 -0.20375885 0.28609203
v -0.31256138 -0.20383538 0.28609742
v -0.31921943 -0.19120047 0.29244738
v -0.31237175 -0.18028036 0.28954982
v -0.29915387 -0.18034575 0.28956717
v -0.29244189 -0.19131380 0.29247753
v -0.29898670 -0.20257339 0.29546518
v -0.29898670 -0.20257339 0.29546518
v -0.31256138 -0.20264756 0.29548480
v -0.31921943 -0.18964861 0.29771804
v -0.31237175 -0.17930226 0.29317951
v -0.29915387 -0.17936420 0.29320670
v -0.29244189 -0.18975596 0.29776517
v -0.29898670 -0.20042392 0.30244482
v -0.29898670 -0.20042392 0.30244482
v -0.31256138 -0.20049421 0.30247560
v -0.31921943 -0.18664913 0.30283050
v -0.31237175 -0.17756191 0.29611732
v -0.29915387 -0.17761629 0.29615751
v -0.29244189 -0.18674339 0.30290019
v -0.29898670 -0.19611318 0.30982211
v -0.29898670 -0.19611318 0.30982211
v -0.31256138 -0.19617490 0.30986766
v -0.31921943 -0.18315827 0.30630901
v -0.31237175 -0.17540945 0.29808708
v -0.29915387 -0.17545584 0.29813631
v -0.29244189 -0.18323863 0.30639438
v -0.29898670 -0.19122834 0.31487200
v -0.29898670 -0.19122834 0.31487200
v -0.31256138 -0.19128102 0.31492780
v -0.31921943 -0.17819384 0.30860045
v -0.31237175 -0.17310462 0.29851365
v -0.29915387 -0.17313507 0.29857406
v -0.29244189 -0.17824662 0.30870519
v -0.29898670 -0.18349410 0.31910564
v -0.29898670 -0.18349410 0.31910564
v -0.31256138 -0.18352870 0.31917411
v -0.31884691 -0.17298637 0.30961050
v -0.31218910 -0.17100674 0.29880572
v -0.29933784 -0.17101857 0.29887044
v -0.29281205 -0.17300687 0.30972264
v -0.29917530 -0.17504802 0.32086339
v -0.29917530 -0.17504802 0.32086339
v -0.31237353 -0.17506150 0.32093675
v -0.28227192 -0.32433743 0.22753493
v -0.28227192 -0.31771135 0.21660269
v -0.28227192 -0.30492129 0.21666810
v -0.28227192 -0.29842659 0.22764841
v -0.28227192 -0.30475957 0.23892055
v -0.28227192 -0.30475957 0.23892055
v -0.28227192 -0.31789489 0.23899481
v -0.20997345 -0.32433743 0.22865958
v -0.20997345 -0.31771135 0.21772733
v -0.20997345 -0.30492129 0.21779274
v -0.20997345 -0.29842659 0.22877304
v -0.20997345 -0.30475957 0.24004520
v -0.20997345 -0.30475957 0.24004520
v -0.20997345 -0.31789489 0.24011947
v -0.20461039 -0.32477211 0.22948227
v -0.20146525 -0.31792444 0.21863093
v -0.20148407 -0.30470653 0.21869587
v -0.20464303 -0.29799449 0.22959492
v -0.20788597 -0.30453939 0.24078363
v -0.20788597 -0.30453939 0.24078363
v -0.20790734 -0.31811407 0.24085736
v -0.20047672 -0.32477211 0.23182151
v -0.19447989 -0.31792444 0.22224649
v -0.19451575 -0.30470653 0.22230378
v -0.20053903 -0.29799458 0.23192090
v -0.20672235 -0.30453939 0.24179363
v -0.20672235 -0.30453939 0.24179363
v -0.20676305 -0.31811407 0.24185867
v -0.19763554 -0.32477211 0.23436142
v -0.19001662 -0.31792444 0.22601905
v -0.19006216 -0.30470653 0.22606898
v -0.19771460 -0.29799458 0.23444802
v -0.20557041 -0.30453939 0.24304980
v -0.20557041 -0.30453939 0.24304980
v -0.20562214 -0.31811407 0.24310643
v -0.19489414 -0.32477211 0.23783540
v -0.18560367 -0.31792444 0.23140652
v -0.18565928 -0.30470653 0.23144501
v -0.19499054 -0.29799458 0.23790212
v -0.20456991 -0.30453939 0.24453091
v -0.20456991 -0.30453939 0.24453091
v -0.20463303 -0.31811407 0.24457455
v -0.19248705 -0.32477211 0.24352927
v -0.18158792 -0.31792444 0.24055393
v -0.18165316 -0.30470653 0.24057174
v -0.19260012 -0.29799458 0.24356016
v -0.20383818 -0.30453939 0.24662802
v -0.20383818 -0.30453939 0.24662802
v -0.20391225 -0.31811407 0.24664822
v -0.19108581 -0.32477211 0.25272593
v -0.17981616 -0.31792444 0.25192733
v -0.17988360 -0.30470653 0.25193213
v -0.19120279 -0.29799458 0.25273425
v -0.20282292 -0.30453939 0.25355769
v -0.20282292 -0.30453939 0.25355769
v -0.20289947 -0.31811407 0.25356311
v -0.19001477 -0.32477211 0.28526024
v -0.17874504 -0.31792444 0.28446165
v -0.17881250 -0.30470653 0.28446647
v -0.19013167 -0.29799458 0.28526862
v -0.20175180 -0.30453939 0.28609203
v -0.20175180 -0.30453939 0.28609203
v -0.20182837 -0.31811407 0.28609742
v -0.18919341 -0.32477211 0.29244738
v -0.17827333 -0.31792444 0.28954982
v -0.17833873 -0.30470653 0.28956717
v -0.18930677 -0.29799458 0.29247753
v -0.20056636 -0.30453939 0.29546518
v -0.20056636 -0.30453939 0.29546518
v -0.20064058 -0.31811407 0.29548480
v -0.18764162 -0.32477211 0.29771804
v -0.17729525 -0.31792444 0.29317951
v -0.17735726 -0.30470653 0.29320670
v -0.18774897 -0.29799458 0.29776517
v -0.19841694 -0.30453939 0.30244482
v -0.19841694 -0.30453939 0.30244482
v -0.19848718 -0.31811407 0.30247560
v -0.18464210 -0.32477211 0.30283050
v -0.17555492 -0.31792444 0.29611732
v -0.17560930 -0.30470653 0.29615751
v -0.18473637 -0.29799458 0.30290019
v -0.19410612 -0.30453939 0.30982211
v -0.19410612 -0.30453939 0.30982211
v -0.19416792 -0.31811407 0.30986766
v -0.18115126 -0.32477211 0.30630901
v -0.17340242 -0.31792444 0.29808708
v -0.17344887 -0.30470653 0.29813631
v -0.18123165 -0.29799458 0.30639438
v -0.18922132 -0.30453939 0.31487200
v -0.18922132 -0.30453939 0.31487200
v -0.18927401 -0.31811407 0.31492780
v -0.17618681 -0.32477211 0.30860045
v -0.17109761 -0.31792444 0.29851365
v -0.17112809 -0.30470653 0.29857406
v -0.17623964 -0.29799458 0.30870519
v -0.18148711 -0.30453939 0.31910564
v -0.18148711 -0.30453939 0.31910564
v -0.18152164 -0.31811407 0.31917411
v -0.17097939 -0.32439960 0.30961050
v -0.16899976 -0.31774178 0.29880572
v -0.16901159 -0.30489050 0.29887044
v -0.17099981 -0.29836474 0.30972264
v -0.17304101 -0.30472798 0.32167811
v -0.17304101 -0.30472798 0.32167811
v -0.17305445 -0.31792619 0.32175149
v 0.14304507 -0.32439960 0.30961050
v 0.14304507 -0.31774178 0.29880572
v 0.14304507 -0.30489050 0.29887044
v 0.14304507 -0.29836474 0.30972264
v 0.14304507 -0.30472798 0.32167811
v 0.14304507 -0.30472798 0.32167811
v 0.14304507 -0.31792619 0.32175149
v 0.28341076 -0.32433743 0.22680972
v 0.28341076 -0.31771135 0.21587748
v 0.28341076 -0.30492129 0.21594286
v 0.28341076 -0.29842659 0.22692319
v 0.28341076 -0.30475957 0.23819534
v 0.28341076 -0.30475957 0.23819534
v 0.28341076 -0.31789489 0.23826960
v 0.21106575 -0.32433743 0.22782279
v 0.21106575 -0.31771135 0.21689055
v 0.21106575 -0.30492129 0.21695596
v 0.21106575 -0.29842659 0.22793627
v 0.21106575 -0.30475957 0.23920841
v 0.21106575 -0.30475957 0.23920841
v 0.21106575 -0.31789489 0.23928267
v 0.20570278 -0.32477211 0.22864550
v 0.20255764 -0.31792444 0.21779416
v 0.20257641 -0.30470653 0.21785908
v 0.20573540 -0.29799458 0.22875811
v 0.20897839 -0.30453939 0.23994686
v 0.20897839 -0.30453939 0.23994686
v 0.20899969 -0.31811407 0.24002057
v 0.20152264 -0.32477211 0.23182151
v 0.19552577 -0.31792444 0.22224649
v 0.19556162 -0.30470653 0.22230378
v 0.20158483 -0.29799458 0.23192090
v 0.20776819 -0.30453939 0.24179363
v 0.20776819 -0.30453939 0.24179363
v 0.20780897 -0.31811407 0.24185867
v 0.19868139 -0.32477211 0.23436142
v 0.19106242 -0.31792444 0.22601905
v 0.19110805 -0.30470653 0.22606898
v 0.19876048 -0.29799458 0.23444802
v 0.20661629 -0.30453939 0.24304980
v 0.20661629 -0.30453939 0.24304980
v 0.20666810 -0.31811407 0.24310643
v 0.19594001 -0.32477211 0.23783540
v 0.18664947 -0.31792444 0.23140652
v 0.18670508 -0.30470653 0.23144501
v 0.19603649 -0.29799458 0.23790212
v 0.20561578 -0.30453939 0.24453091
v 0.20561578 -0.30453939 0.24453091
v 0.20567890 -0.31811407 0.24457455
v 0.19353292 -0.32477211 0.24352927
v 0.18263375 -0.31792444 0.24055393
v 0.18269900 -0.30470653 0.24057174
v 0.19364603 -0.29799458 0.24356016
v 0.20488402 -0.30453939 0.24662802
v 0.20488402 -0.30453939 0.24662802
v 0.20495808 -0.31811407 0.24664822
v 0.19213173 -0.32477211 0.25272593
v 0.18086200 -0.31792444 0.25192733
v 0.18092944 -0.30470653 0.25193213
v 0.19224869 -0.29799458 0.25273425
v 0.20386879 -0.30453939 0.25355769
v 0.20386879 -0.30453939 0.25355769
v 0.20394531 -0.31811407 0.25356311
v 0.19106065 -0.32477211 0.28526024
v 0.17979092 -0.31792444 0.28446165
v 0.17985833 -0.30470653 0.28446647
v 0.19117762 -0.29799458 0.28526862
v 0.20279771 -0.30453939 0.28609203
v 0.20279771 -0.30453939 0.28609203
v 0.20287424 -0.31811407 0.28609742
v 0.19023931 -0.32477211 0.29244738
v 0.17931922 -0.31792444 0.28954982
v 0.17938461 -0.30470653 0.28956717
v 0.19035266 -0.29799458 0.29247753
v 0.20161225 -0.30453939 0.29546518
v 0.20161225 -0.30453939 0.29546518
v 0.20168642 -0.31811407 0.29548480
v 0.18868747 -0.32477211 0.29771804
v 0.17834112 -0.31792444 0.29317951
v 0.17840306 -0.30470653 0.29320670
v 0.18879480 -0.29799458 0.29776517
v 0.19946278 -0.30453939 0.30244482
v 0.19946278 -0.30453939 0.30244482
v 0.19953307 -0.31811407 0.30247560
v 0.18568798 -0.32477211 0.30283050
v 0.17660077 -0.31792444 0.29611732
v 0.17665515 -0.30470653 0.29615751
v 0.18578224 -0.29799458 0.30290019
v 0.19515204 -0.30453939 0.30982211
v 0.19515204 -0.30453939 0.30982211
v 0.19521376 -0.31811407 0.30986766
v 0.18219713 -0.32477211 0.30630901
v 0.17444831 -0.31792444 0.29808708
v 0.17449469 -0.30470653 0.29813631
v 0.18227747 -0.29799458 0.30639438
v 0.19026720 -0.30453939 0.31487200
v 0.19026720 -0.30453939 0.31487200
v 0.19031988 -0.31811407 0.31492780
v 0.17723268 -0.32477211 0.30860045
v 0.17214348 -0.31792444 0.29851365
v 0.17217393 -0.30470653 0.29857406
v 0.17728548 -0.29799458 0.30870519
v 0.18253296 -0.30453939 0.31910564
v 0.18253296 -0.30453939 0.31910564
v 0.18256755 -0.31811407 0.31917411
v 0.17202523 -0.32439960 0.30961050
v 0.17004560 -0.31774178 0.29880572
v 0.17005743 -0.30489050 0.29887044
v 0.17204573 -0.29836474 0.30972264
v 0.17408688 -0.30472798 0.32086339
v 0.17408688 -0.30472798 0.32086339
v 0.17410036 -0.31792619 0.32093675
v -0.28227192 0.32282510 0.22753493
v -0.28227192 0.31619905 0.21660269
v -0.28227192 0.30340899 0.21666810
v -0.28227192 0.29691426 0.22764841
v -0.28227192 0.30324727 0.23892055
v -0.28227192 0.30324727 0.23892055
v -0.28227192 0.31638257 0.23899481
v -0.20997345 0.32282510 0.22865958
v -0.20997345 0.31619905 0.21772733
v -0.20997345 0.30340899 0.21779274
v -0.20997345 0.29691426 0.22877304
v -0.20997345 0.30324727 0.24004520
v -0.20997345 0.30324727 0.24004520
v -0.20997345 0.31638257 0.24011947
v -0.20461039 0.32325979 0.22948227
v -0.20146525 0.31641211 0.21863093
v -0.20148407 0.30319420 0.21869587
v -0.20464303 0.29648216 0.22959492
v -0.20788597 0.30302706 0.24078363
v -0.20788597 0.30302706 0.24078363
v -0.20790734 0.31660174 0.24085736
v -0.20047672 0.32325979 0.23182151
v -0.19447989 0.31641211 0.22224649
v -0.19451575 0.30319420 0.22230378
v -0.20053903 0.29648225 0.23192090
v -0.20672235 0.30302706 0.24179363
v -0.20672235 0.30302706 0.24179363
v -0.20676305 0.31660174 0.24185867
v -0.19763554 0.32325979 0.23436142
v -0.19001662 0.31641211 0.22601905
v -0.19006216 0.30319420 0.22606898
v -0.19771460 0.29648225 0.23444802
v -0.20557041 0.30302706 0.24304980
v -0.20557041 0.30302706 0.24304980
v -0.20562214 0.31660174 0.24310643
v -0.19489414 0.32325979 0.23783540
v -0.18560367 0.31641211 0.23140652
v -0.18565928 0.30319420 0.23144501
v -0.19499054 0.29648225 0.23790212
v -0.20456991 0.30302706 0.24453091
v -0.20456991 0.30302706 0.24453091
v -0.20463303 0.31660174 0.24457455
v -0.19248705 0.32325979 0.24352927
v -0.18158792 0.31641211 0.24055393
v -0.18165316 0.30319420 0.24057174
v -0.19260012 0.29648225 0.24356016
v -0.20383818 0.30302706 0.24662802
v -0.20383818 0.30302706 0.24662802
v -0.20391225 0.31660174 0.24664822
v -0.19108581 0.32325979 0.25272593
v -0.17981616 0.31641211 0.25192733
v -0.17988360 0.30319420 0.25193213
v -0.19120279 0.29648225 0.25273425
v -0.20282292 0.30302706 0.25355769
v -0.20282292 0.30302706 0.25355769
v -0.20289947 0.31660174 0.25356311
v -0.19001477 0.32325979 0.28526024
v -0.17874504 0.31641211 0.28446165
v -0.17881250 0.30319420 0.28446647
v -0.19013167 0.29648225 0.28526862
v -0.20175180 0.30302706 0.28609203
v -0.20175180 0.30302706 0.28609203
v -0.20182837 0.31660174 0.28609742
v -0.18919341 0.32325979 0.29244738
v -0.17827333 0.31641211 0.28954982
v -0.17833873 0.30319420 0.28956717
v -0.18930677 0.29648225 0.29247753
v -0.20056636 0.30302706 0.29546518
v -0.20056636 0.30302706 0.29546518
v -0.20064058 0.31660174 0.29548480
v -0.18764162 0.32325979 0.29771804
v -0.17729525 0.31641211 0.29317951
v -0.17735726 0.30319420 0.29320670
v -0.18774897 0.29648225 0.29776517
v -0.19841694 0.30302706 0.30244482
v -0.19841694 0.30302706 0.30244482
v -0.19848718 0.31660174 0.30247560
v -0.18464210 0.32325979 0.30283050
v -0.17555492 0.31641211 0.29611732
v -0.17560930 0.30319420 0.29615751
v -0.18473637 0.29648225 0.30290019
v -0.19410612 0.30302706 0.30982211
v -0.19410612 0.30302706 0.30982211
v -0.19416792 0.31660174 0.30986766
v -0.18115126 0.32325979 0.30630901
v -0.17340242 0.31641211 0.29808708
v -0.17344887 0.30319420 0.29813631
v -0.18123165 0.29648225 0.30639438
v -0.18922132 0.30302706 0.31487200
v -0.18922132 0.30302706 0.31487200
v -0.18927401 0.31660174 0.31492780
v -0.17618681 0.32325979 0.30860045
v -0.17109761 0.31641211 0.29851365
v -0.17112809 0.30319420 0.29857406
v -0.17623964 0.29648225 0.30870519
v -0.18148711 0.30302706 0.31910564
v -0.18148711 0.30302706 0.31910564
v -0.18152164 0.31660174 0.31917411
v -0.17097939 0.32288727 0.30961050
v -0.16899976 0.31622946 0.29880572
v -0.16901159 0.30337818 0.29887044
v -0.17099981 0.29685241 0.30972264
v -0.17304101 0.30321566 0.32167811
v -0.17304101 0.30321566 0.32167811
v -0.17305445 0.31641386 0.32175149
v 0.14304507 0.32288727 0.30961050
v 0.14304507 0.31622946 0.29880572
v 0.14304507 0.30337818 0.29887044
v 0.14304507 0.29685241 0.30972264
v 0.14304507 0.30321566 0.32167811
v 0.14304507 0.30321566 0.32167811
v 0.14304507 0.31641386 0.32175149
v 0.28341076 0.32282510 0.22680972
v 0.28341076 0.31619905 0.21587748
v 0.28341076 0.30340899 0.21594286
v 0.28341076 0.29691426 0.22692319
v 0.28341076 0.30324727 0.23819534
v 0.28341076 0.30324727 0.23819534
v 0.28341076 0.31638257 0.23826960
v 0.21106575 0.32282510 0.22782279
v 0.21106575 0.31619905 0.21689055
v 0.21106575 0.30340899 0.21695596
v 0.21106575 0.29691426 0.22793627
v 0.21106575 0.30324727 0.23920841
v 0.21106575 0.30324727 0.23920841
v 0.21106575 0.31638257 0.23928267
v 0.20570278 0.32325979 0.22864550
v 0.20255764 0.31641211 0.21779416
v 0.20257641 0.30319420 0.21785908
v 0.20573540 0.29648225 0.22875811
v 0.20897839 0.30302706 0.23994686
v 0.20897839 0.30302706 0.23994686
v 0.20899969 0.31660174 0.24002057
v 0.20152264 0.32325979 0.23182151
v 0.19552577 0.31641211 0.22224649
v 0.19556162 0.30319420 0.22230378
v 0.20158483 0.29648225 0.23192090
v 0.20776819 0.30302706 0.24179363
v 0.20776819 0.30302706 0.24179363
v 0.20780897 0.31660174 0.24185867
v 0.19868139 0.32325979 0.23436142
v 0.19106242 0.31641211 0.22601905
v 0.19110805 0.30319420 0.22606898
v 0.19876048 0.29648225 0.23444802
v 0.20661629 0.30302706 0.24304980
v 0.20661629 0.30302706 0.24304980
v 0.20666810 0.31660174 0.24310643
v 0.19594001 0.32325979 0.23783540
v 0.18664947 0.31641211 0.23140652
v 0.18670508 0.30319420 0.23144501
v 0.19603649 0.29648225 0.23790212
v 0.20561578 0.30302706 0.24453091
v 0.20561578 0.30302706 0.24453091
v 0.20567890 0.31660174 0.24457455
v 0.19353292 0.32325979 0.24352927
v 0.18263375 0.31641211 0.24055393
v 0.18269900 0.30319420 0.24057174
v 0.19364603 0.29648225 0.24356016
v 0.20488402 0.30302706 0.24662802
v 0.20488402 0.30302706 0.24662802
v 0.20495808 0.31660174 0.24664822
v 0.19213173 0.32325979 0.25272593
v 0.18086200 0.31641211 0.25192733
v 0.18092944 0.30319420 0.25193213
v 0.19224869 0.29648225 0.25273425
v 0.20386879 0.30302706 0.25355769
v 0.20386879 0.30302706 0.25355769
v 0.20394531 0.31660174 0.25356311
v 0.19106065 0.32325979 0.28526024
v 0.17979092 0.31641211 0.28446165
v 0.17985833 0.30319420 0.28446647
v 0.19117762 0.29648225 0.28526862
v 0.20279771 0.30302706 0.28609203
v 0.20279771 0.30302706 0.28609203
v 0.20287424 0.31660174 0.28609742
v 0.19023931 0.32325979 0.29244738
v 0.17931922 0.31641211 0.28954982
v 0.17938461 0.30319420 0.28956717
v 0.19035266 0.29648225 0.29247753
v 0.20161225 0.30302706 0.29546518
v 0.20161225 0.30302706 0.29546518
v 0.20168642 0.31660174 0.29548480
v 0.18868747 0.32325979 0.29771804
v 0.17834112 0.31641211 0.29317951
v 0.17840306 0.30319420 0.29320670
v 0.18879480 0.29648225 0.29776517
v 0.19946278 0.30302706 0.30244482
v 0.19946278 0.30302706 0.30244482
v 0.19953307 0.31660174 0.30247560
v 0.18568798 0.32325979 0.30283050
v 0.17660077 0.31641211 0.29611732
v 0.17665515 0.30319420 0.29615751
v 0.18578224 0.29648225 0.30290019
v 0.19515204 0.30302706 0.30982211
v 0.19515204 0.30302706 0.30982211
v 0.19521376 0.31660174 0.30986766
v 0.18219713 0.32325979 0.30630901
v 0.17444831 0.31641211 0.29808708
v 0.17449469 0.30319420 0.29813631
v 0.18227747 0.29648225 0.30639438
v 0.19026720 0.30302706 0.31487200
v 0.19026720 0.30302706 0.31487200
v 0.19031988 0.31660174 0.31492780
v 0.17723268 0.32325979 0.30860045
v 0.17214348 0.31641211 0.29851365
v 0.17217393 0.30319420 0.29857406
v 0.17728548 0.29648225 0.30870519
v 0.18253296 0.30302706 0.31910564
v 0.18253296 0.30302706 0.31910564
v 0.18256755 0.31660174 0.31917411
v 0.17202523 0.32288727 0.30961050
v 0.17004560 0.31622946 0.29880572
v 0.17005743 0.30337818 0.29887044
v 0.17204573 0.29685241 0.30972264
v 0.17408688 0.30321566 0.32086339
v 0.17408688 0.30321566 0.32086339
v 0.17410036 0.31641386 0.32093675
v 0.30619298 0.30992617 0.00000000
v 0.30619298 -0.31111880 0.00000000
v -0.30447903 0.30992617 0.00000000
v -0.30447900 -0.31111880 0.00000000
vt 0.14325687 0.00840384
vt 0.00844307 0.17441291
vt 0.14290449 0.01440132
vt 0.01441179 0.17284566
vt 0.14310384 0.02040660
vt 0.02038077 0.17285699
vt 0.14624612 0.02644461
vt 0.02630832 0.17315888
vt 0.14666215 0.03238279
vt 0.03221336 0.17332309
vt 0.14653255 0.03831291
vt 0.03812246 0.17283821
vt 0.14617018 0.04428428
vt 0.04407997 0.17014945
vt 0.14586109 0.05029440
vt 0.05006061 0.16909617
vt 0.14590310 0.05630976
vt 0.05604352 0.16904759
vt 0.14788555 0.06234682
vt 0.06199370 0.16930580
vt 0.14693083 0.06841964
vt 0.06802930 0.16418314
vt 0.14631295 0.07456332
vt 0.07414377 0.16045195
vt 0.14599781 0.08073866
vt 0.08028565 0.15937382
vt 0.14569615 0.08692634
vt 0.08643917 0.15889478
vt 0.14474832 0.09314108
vt 0.09262073 0.15759730
vt 0.14327383 0.09941834
vt 0.09886497 0.15493089
vt 0.14164087 0.10578322
vt 0.10519367 0.15150881
vt 0.14032882 0.11222303
vt 0.11159497 0.14880919
vt 0.13966730 0.11870891
vt 0.11803844 0.14754534
vt 0.13944814 0.12521130
vt 0.12449875 0.14708155
vt 0.13987201 0.13171703
vt 0.13095760 0.14721739
vt 0.14104633 0.13821530
vt 0.13738994 0.14772069
vt 0.14442094 0.14469779
vt 0.14374958 0.14896834
vt 0.14998607 0.15179849
vt 0.17420805 0.64865297
vt 0.00836393 0.51486897
vt 0.17257792 0.64265323
vt 0.01431075 0.51511067
vt 0.17258547 0.63665313
vt 0.02028321 0.51481205
vt 0.17298423 0.63070941
vt 0.02624560 0.51244754
vt 0.17304331 0.62478131
vt 0.03216353 0.51146185
vt 0.17264405 0.61884886
vt 0.03806658 0.51151013
vt 0.17031118 0.61287498
vt 0.04398330 0.51181006
vt 0.16836795 0.60686249
vt 0.04994861 0.51190490
vt 0.16834620 0.60084736
vt 0.05593152 0.51185757
vt 0.16862826 0.59486806
vt 0.06190963 0.50993854
vt 0.16274321 0.58879036
vt 0.06786874 0.51071703
vt 0.15955144 0.58264279
vt 0.07392742 0.51129973
vt 0.15827964 0.57646513
vt 0.08005436 0.51147479
vt 0.15784626 0.57027620
vt 0.08620463 0.51173753
vt 0.15654069 0.56405950
vt 0.09237844 0.51263022
vt 0.15382715 0.55777937
vt 0.09859861 0.51400846
vt 0.15020783 0.55141097
vt 0.10489099 0.51548606
vt 0.14749518 0.54496908
vt 0.11126447 0.51670760
vt 0.14614351 0.53848326
vt 0.11769495 0.51724398
vt 0.14582586 0.53198278
vt 0.12415147 0.51746142
vt 0.14602982 0.52548772
vt 0.13061307 0.51712209
vt 0.14648272 0.51901793
vt 0.13706075 0.51575655
vt 0.14767225 0.51261675
vt 0.14346452 0.51212525
vt 0.14976877 0.50592834
vt 0.48531222 0.00847054
vt 0.64976245 0.14483321
vt 0.48685664 0.01449114
vt 0.64379603 0.14448988
vt 0.48674846 0.02049297
vt 0.63782173 0.14470494
vt 0.48623884 0.02648228
vt 0.63182718 0.14698023
vt 0.48608091 0.03241408
vt 0.62589878 0.14788419
vt 0.48639697 0.03834933
vt 0.61999243 0.14773691
vt 0.48863834 0.04435587
vt 0.61403805 0.14733231
vt 0.49048972 0.05039537
vt 0.60805988 0.14713460
vt 0.49041113 0.05640954
vt 0.60208005 0.14704776
vt 0.49002528 0.06241608
vt 0.59607643 0.14887822
vt 0.49581808 0.06857830
vt 0.59004539 0.14798665
vt 0.49892029 0.07476950
vt 0.58393514 0.14729452
vt 0.50010562 0.08096296
vt 0.57779539 0.14701623
vt 0.50049609 0.08715391
vt 0.57164305 0.14668548
vt 0.50176889 0.09337693
vt 0.56546330 0.14573741
vt 0.50443053 0.09967947
vt 0.55922186 0.14427590
vt 0.50798750 0.10608393
vt 0.55289656 0.14270139
vt 0.51064026 0.11255252
vt 0.54649740 0.14138699
vt 0.51192999 0.11905283
vt 0.54005373 0.14075994
vt 0.51219445 0.12555814
vt 0.53359169 0.14046186
vt 0.51190472 0.13205916
vt 0.52712476 0.14074469
vt 0.51135588 0.13854313
vt 0.52066129 0.14204270
vt 0.51006049 0.14498323
vt 0.51421547 0.14560270
vt 0.50784820 0.15306973
vt 0.51636910 0.64872181
vt 0.64968520 0.48516673
vt 0.51661909 0.64274508
vt 0.64369661 0.48664850
vt 0.51633579 0.63674152
vt 0.63772613 0.48653686
vt 0.51310235 0.63074940
vt 0.63176662 0.48612809
vt 0.51260525 0.62481523
vt 0.62585145 0.48586506
vt 0.51263529 0.61888778
vt 0.61993885 0.48626697
vt 0.51289326 0.61294878
vt 0.61394340 0.48886430
vt 0.51309788 0.60696548
vt 0.60794967 0.48982698
vt 0.51297283 0.60094929
vt 0.60196984 0.48974526
vt 0.51090109 0.59494001
vt 0.59599441 0.48938411
vt 0.51173908 0.58895117
vt 0.58988631 0.49441636
vt 0.51224846 0.58285069
vt 0.58372015 0.49805748
vt 0.51245970 0.57669085
vt 0.57756513 0.49905050
vt 0.51269233 0.57050472
vt 0.57140917 0.49948728
vt 0.51358378 0.56429595
vt 0.56522131 0.50075287
vt 0.51497364 0.55804050
vt 0.55895513 0.50336808
vt 0.51650751 0.55171108
vt 0.55259275 0.50672913
vt 0.51772583 0.54529703
vt 0.54616511 0.50936955
vt 0.51829576 0.53882527
vt 0.53970802 0.51057237
vt 0.51843339 0.53232735
vt 0.53324157 0.51098365
vt 0.51795220 0.52582783
vt 0.52677804 0.51076317
vt 0.51671010 0.51934427
vt 0.52033031 0.51016355
vt 0.51326400 0.51290154
vt 0.51392937 0.50881165
vt 0.50763059 0.50655401
vt 0.14440271 0.00245339
vt 0.66373497 0.27615398
vt 0.00244324 0.17979366
vt 0.17976990 0.65460670
vt 0.66373497 0.00244141
vt 0.00244141 0.51372838
vt 0.47983623 0.00244147
vt 0.93932283 0.27615398
vt 0.65568262 0.14597356
vt 0.51533759 0.65459722
vt 0.93932283 0.00244141
vt 0.65568262 0.47978783
vt 0.46007752 0.66265398
vt 0.46427628 0.66265398
vt 0.36586091 0.66265392
vt 0.46864274 0.66265398
vt 0.37005964 0.66265398
vt 0.37442619 0.66265398
vt 0.37862468 0.66265398
vt 0.38299116 0.66265398
vt 0.38718998 0.66265398
vt 0.39155647 0.66265398
vt 0.39575508 0.66265398
vt 0.40431976 0.66265392
vt 0.40012169 0.66265392
vt 0.02163663 0.13994241
vt 0.39155665 0.86855972
vt 0.02340630 0.14300752
vt 0.38718998 0.86855972
vt 0.03899002 0.14718306
vt 0.36586133 0.86855972
vt 0.46864274 0.86855972
vt 0.04205511 0.14541340
vt 0.46427590 0.86855972
vt 0.04623081 0.13994235
vt 0.45571080 0.86855972
vt 0.04711143 0.13665563
vt 0.45151255 0.86855972
vt 0.04446119 0.12676454
vt 0.43858048 0.86855972
vt 0.03899007 0.12258893
vt 0.43001533 0.86855972
vt 0.03216407 0.12170821
vt 0.42145032 0.86855972
vt 0.02887736 0.12258881
vt 0.41725212 0.86855972
vt 0.02581233 0.12435853
vt 0.41288534 0.86855972
vt 0.02340630 0.12676454
vt 0.40868703 0.86855972
vt 0.45571110 0.66265398
vt 0.45151249 0.66265398
vt 0.44714588 0.66265398
vt 0.44294733 0.66265398
vt 0.43858078 0.66265398
vt 0.43438211 0.66265398
vt 0.43001574 0.66265398
vt 0.42581692 0.66265398
vt 0.42145050 0.66265398
vt 0.41725177 0.66265398
vt 0.41288546 0.66265392
vt 0.40868667 0.66265392
vt 0.50817466 0.86855674
vt 0.50397605 0.86855674
vt 0.49960962 0.86855674
vt 0.49541089 0.86855674
vt 0.49104458 0.86855674
vt 0.48684591 0.86855674
vt 0.48247936 0.86855674
vt 0.47828081 0.86855674
vt 0.58106232 0.86855674
vt 0.57669586 0.86855674
vt 0.57249725 0.86855674
vt 0.56393248 0.86855674
vt 0.56813073 0.86855674
vt 0.57594311 0.52419049
vt 0.57249725 0.66265064
vt 0.57353705 0.52178460
vt 0.57669550 0.66265064
vt 0.57047200 0.52001488
vt 0.47828087 0.66265070
vt 0.58106232 0.66265064
vt 0.56364590 0.51913428
vt 0.48684609 0.66265070
vt 0.56035924 0.52001494
vt 0.49104428 0.66265070
vt 0.55223793 0.53054243
vt 0.50817460 0.66265070
vt 0.55729449 0.54283947
vt 0.52530491 0.66265070
vt 0.56035954 0.54460913
vt 0.52967155 0.66265070
vt 0.56364620 0.54548979
vt 0.53386980 0.66265070
vt 0.56718552 0.54548973
vt 0.53823686 0.66265064
vt 0.57047224 0.54460895
vt 0.54243493 0.66265070
vt 0.57594323 0.54043329
vt 0.55100012 0.66265064
vt 0.57771289 0.53736818
vt 0.55536687 0.66265064
vt 0.51254123 0.86855674
vt 0.51673996 0.86855674
vt 0.52110630 0.86855674
vt 0.52530503 0.86855674
vt 0.52967149 0.86855674
vt 0.53387016 0.86855674
vt 0.53823656 0.86855674
vt 0.54243541 0.86855674
vt 0.54680175 0.86855674
vt 0.55100048 0.86855674
vt 0.55536687 0.86855674
vt 0.55956554 0.86855674
vt 0.02075595 0.13311636
vt 0.40012187 0.86855972
vt 0.02163663 0.12982965
vt 0.40432048 0.86855972
vt 0.02075595 0.13665563
vt 0.39575502 0.86855972
vt 0.02581233 0.14541340
vt 0.38299152 0.86855972
vt 0.02887736 0.14718306
vt 0.37862468 0.86855972
vt 0.03216407 0.14806372
vt 0.37442642 0.86855972
vt 0.03570335 0.14806372
vt 0.37005964 0.86855972
vt 0.04446119 0.14300740
vt 0.46007752 0.86855972
vt 0.04711143 0.13311630
vt 0.44714558 0.86855972
vt 0.04623081 0.12982965
vt 0.44294739 0.86855972
vt 0.04205506 0.12435853
vt 0.43438223 0.86855972
vt 0.03570335 0.12170821
vt 0.42581710 0.86855972
vt 0.57771277 0.52725559
vt 0.56813043 0.66265064
vt 0.57859355 0.53054231
vt 0.56393158 0.66265064
vt 0.56718522 0.51913428
vt 0.48247918 0.66265070
vt 0.55729419 0.52178466
vt 0.49541119 0.66265070
vt 0.55488831 0.52419049
vt 0.49960950 0.66265070
vt 0.55311865 0.52725565
vt 0.50397623 0.66265070
vt 0.55223805 0.53408182
vt 0.51254147 0.66265070
vt 0.55311865 0.53736836
vt 0.51673973 0.66265070
vt 0.55488831 0.54043347
vt 0.52110654 0.66265070
vt 0.57353717 0.54283929
vt 0.54680175 0.66265064
vt 0.57859355 0.53408158
vt 0.55956531 0.66265064
vt 0.19732952 0.66265923
vt 0.20152815 0.66265923
vt 0.10311284 0.66265911
vt 0.20589475 0.66265923
vt 0.10731170 0.66265923
vt 0.11167812 0.66265923
vt 0.11587675 0.66265923
vt 0.12024317 0.66265923
vt 0.12444197 0.66265923
vt 0.12880827 0.66265923
vt 0.13300708 0.66265923
vt 0.14157170 0.66265911
vt 0.13737349 0.66265911
vt 0.01697563 0.77767169
vt 0.12880869 0.86856508
vt 0.01874530 0.78073680
vt 0.12444185 0.86856508
vt 0.03432903 0.78491235
vt 0.10311344 0.86856508
vt 0.20589475 0.86856508
vt 0.03739413 0.78314269
vt 0.20152797 0.86856508
vt 0.04156980 0.77767164
vt 0.19296280 0.86856508
vt 0.04245043 0.77438492
vt 0.18876436 0.86856508
vt 0.03980022 0.76449394
vt 0.17583260 0.86856508
vt 0.03432907 0.76031816
vt 0.16726743 0.86856508
vt 0.02750308 0.75943756
vt 0.15870233 0.86856508
vt 0.02421637 0.76031810
vt 0.15450406 0.86856508
vt 0.02115134 0.76208776
vt 0.15013722 0.86856508
vt 0.01874530 0.76449394
vt 0.14593884 0.86856490
vt 0.19296303 0.66265923
vt 0.18876436 0.66265923
vt 0.18439794 0.66265923
vt 0.18019937 0.66265923
vt 0.17583284 0.66265923
vt 0.17163403 0.66265923
vt 0.16726772 0.66265923
vt 0.16306892 0.66265923
vt 0.15870251 0.66265923
vt 0.15450376 0.66265923
vt 0.15013747 0.66265911
vt 0.14593855 0.66265911
vt 0.24384136 0.86856407
vt 0.23964250 0.86856407
vt 0.23527613 0.86856407
vt 0.23107745 0.86856407
vt 0.22671109 0.86856407
vt 0.22251247 0.86856407
vt 0.21814598 0.86856407
vt 0.21394712 0.86856407
vt 0.31672889 0.86856407
vt 0.31236240 0.86856407
vt 0.30816385 0.86856407
vt 0.29959899 0.86856407
vt 0.30379730 0.86856407
vt 0.54934013 0.62168944
vt 0.30816385 0.66265815
vt 0.54693401 0.61928356
vt 0.31236205 0.66265815
vt 0.54386896 0.61751390
vt 0.21394755 0.66265821
vt 0.31672889 0.66265810
vt 0.53704292 0.61663318
vt 0.22251271 0.66265821
vt 0.53375620 0.61751401
vt 0.22671092 0.66265821
vt 0.52563488 0.62804139
vt 0.24384117 0.66265821
vt 0.53069144 0.64033854
vt 0.26097155 0.66265821
vt 0.53375649 0.64210808
vt 0.26533815 0.66265821
vt 0.53704315 0.64298880
vt 0.26953647 0.66265821
vt 0.54058254 0.64298868
vt 0.27390343 0.66265815
vt 0.54386920 0.64210796
vt 0.27810162 0.66265821
vt 0.54934019 0.63793230
vt 0.28666669 0.66265815
vt 0.55110985 0.63486719
vt 0.29103342 0.66265815
vt 0.24820790 0.86856407
vt 0.25240639 0.86856407
vt 0.25677294 0.86856407
vt 0.26097172 0.86856407
vt 0.26533815 0.86856407
vt 0.26953682 0.86856407
vt 0.27390319 0.86856407
vt 0.27810195 0.86856407
vt 0.28246841 0.86856407
vt 0.28666699 0.86856407
vt 0.29103342 0.86856407
vt 0.29523215 0.86856407
vt 0.01609496 0.77084571
vt 0.13737367 0.86856508
vt 0.01697563 0.76755893
vt 0.14157248 0.86856508
vt 0.01609496 0.77438492
vt 0.13300702 0.86856508
vt 0.02115134 0.78314269
vt 0.12024353 0.86856508
vt 0.02421637 0.78491235
vt 0.11587675 0.86856508
vt 0.02750308 0.78579301
vt 0.11167843 0.86856508
vt 0.03104236 0.78579301
vt 0.10731170 0.86856508
vt 0.03980022 0.78073668
vt 0.19732952 0.86856508
vt 0.04245043 0.77084559
vt 0.18439758 0.86856508
vt 0.04156980 0.76755893
vt 0.18019937 0.86856508
vt 0.03739405 0.76208776
vt 0.17163427 0.86856508
vt 0.03104236 0.75943756
vt 0.16306917 0.86856508
vt 0.55110973 0.62475455
vt 0.30379701 0.66265815
vt 0.55199051 0.62804115
vt 0.29959828 0.66265815
vt 0.54058224 0.61663318
vt 0.21814586 0.66265821
vt 0.53069115 0.61928356
vt 0.23107769 0.66265821
vt 0.52828526 0.62168944
vt 0.23527607 0.66265821
vt 0.52651566 0.62475467
vt 0.23964286 0.66265821
vt 0.52563500 0.63158071
vt 0.24820808 0.66265821
vt 0.52651566 0.63486743
vt 0.25240627 0.66265821
vt 0.52828526 0.63793254
vt 0.25677305 0.66265821
vt 0.54693413 0.64033830
vt 0.28246841 0.66265815
vt 0.55199051 0.63158047
vt 0.29523185 0.66265815
vt 0.35128987 0.92804086
vt 0.66407967 0.56367004
vt 0.35129264 0.91938895
vt 0.67522156 0.56270778
vt 0.35137743 0.90487307
vt 0.69346124 0.55867398
vt 0.35133609 0.89100105
vt 0.70524681 0.54562992
vt 0.35133970 0.88627738
vt 0.70694464 0.53976458
vt 0.35133421 0.88176274
vt 0.70691621 0.53392911
vt 0.35133573 0.87656868
vt 0.70393014 0.52788991
vt 0.35119125 0.86791927
vt 0.69847906 0.51885301
vt 0.35120699 0.74887431
vt 0.69775194 0.37481463
vt 0.35131735 0.72855216
vt 0.70636857 0.33934760
vt 0.35139161 0.72297066
vt 0.70353252 0.33271277
vt 0.35140935 0.71802622
vt 0.69965595 0.32763135
vt 0.35136098 0.71296859
vt 0.69452780 0.32357556
vt 0.35134420 0.70143759
vt 0.68029225 0.31947172
vt 0.35126367 0.68880701
vt 0.66403073 0.31800956
vt 0.35125852 0.66265583
vt 0.66376656 0.28420633
vt 0.34582940 0.95445281
vt 0.90018439 0.59665859
vt 0.34582871 0.92804003
vt 0.89993554 0.56264412
vt 0.34583154 0.91938812
vt 0.88883448 0.56168509
vt 0.34586063 0.91088372
vt 0.87798637 0.56017452
vt 0.34591636 0.90487224
vt 0.87066197 0.55766606
vt 0.34595877 0.90049368
vt 0.86594522 0.55457526
vt 0.34595662 0.89561027
vt 0.86175042 0.54988992
vt 0.34587499 0.89100033
vt 0.85891992 0.54467005
vt 0.34587854 0.88627654
vt 0.85722810 0.53882593
vt 0.34587309 0.88176197
vt 0.85725677 0.53301203
vt 0.34587452 0.87656802
vt 0.86049271 0.52211881
vt 0.34585986 0.87156290
vt 0.86344284 0.51657403
vt 0.34573016 0.86791849
vt 0.86613715 0.51242310
vt 0.34574595 0.74887359
vt 0.86663866 0.36336100
vt 0.34580174 0.74360794
vt 0.86323017 0.35770059
vt 0.34575361 0.73852962
vt 0.86035573 0.35188019
vt 0.34575817 0.73298895
vt 0.85719138 0.34482861
vt 0.34585655 0.72855157
vt 0.85780293 0.33914495
vt 0.34593046 0.72296989
vt 0.86062849 0.33253467
vt 0.34594837 0.71802551
vt 0.86449093 0.32747173
vt 0.34589994 0.71296793
vt 0.86960006 0.32343090
vt 0.34595889 0.70801967
vt 0.87544912 0.32089984
vt 0.34588316 0.70143694
vt 0.88378334 0.31934214
vt 0.34580269 0.68880635
vt 0.89998513 0.31788552
vt 0.34579760 0.66265506
vt 0.90024859 0.28420633
vt 0.82698965 0.28420633
vt 0.82773894 0.59664899
vt 0.01461856 0.15751040
vt 0.12529469 0.07861519
vt 0.01080219 0.14091575
vt 0.00600289 0.14151913
vt 0.00471779 0.14301193
vt 0.07462986 0.04348230
vt 0.00652390 0.15766943
vt 0.09129285 0.04346746
vt 0.01270100 0.13693869
vt 0.10568242 0.07361406
vt 0.00372537 0.13754874
vt 0.07301072 0.04803753
vt 0.01179398 0.09796536
vt 0.10401360 0.03566974
vt 0.00244667 0.09796011
vt 0.07163249 0.08660328
vt 0.00384994 0.08067238
vt 0.05473644 0.08688265
vt 0.00414501 0.07476735
vt 0.04909714 0.08805645
vt 0.00472324 0.06824601
vt 0.04343610 0.09099543
vt 0.00487712 0.06293285
vt 0.03979663 0.09467983
vt 0.00515139 0.05700821
vt 0.03712498 0.09980351
vt 0.00535453 0.05052388
vt 0.03551442 0.10591531
vt 0.00526691 0.04640800
vt 0.03558228 0.10992587
vt 0.00538321 0.04259336
vt 0.03657006 0.11351031
vt 0.01330001 0.07629114
vt 0.08292601 0.03422815
vt 0.09129285 0.11921275
vt 0.01241052 0.14216489
vt 0.10780383 0.07834166
vt 0.01295986 0.08075815
vt 0.08722437 0.03498667
vt 0.01383336 0.06923056
vt 0.07656458 0.03155947
vt 0.01409967 0.06424284
vt 0.07299770 0.02824914
vt 0.01446274 0.06008214
vt 0.07090094 0.02476168
vt 0.01450815 0.05175030
vt 0.06821666 0.01710081
vt 0.01461856 0.04686296
vt 0.06793027 0.01234651
vt 0.01456194 0.04254937
vt 0.06914988 0.00832438
vt 0.12529469 0.00285286
vt 0.35129052 0.95445323
vt 0.66382974 0.59781015
vt 0.35132185 0.91088444
vt 0.68610954 0.56119174
vt 0.69819522 0.55557185
vt 0.35141987 0.90049440
vt 0.35141790 0.89561105
vt 0.70240587 0.55086893
vt 0.35132095 0.87156373
vt 0.70107692 0.52254832
vt 0.35126284 0.74360859
vt 0.70103008 0.36935055
vt 0.35121456 0.73853034
vt 0.70380265 0.36313277
vt 0.35121915 0.73298979
vt 0.70698231 0.34505212
vt 0.68865734 0.32103527
vt 0.35141987 0.70802051
vt 0.73729545 0.28420633
vt 0.73654246 0.59780043
vt 0.00800118 0.78845644
vt 0.74570239 0.56366998
vt 0.00800389 0.77980459
vt 0.75684422 0.56270760
vt 0.00808884 0.76528859
vt 0.77508390 0.55867386
vt 0.00804746 0.75141680
vt 0.78686947 0.54562968
vt 0.00805107 0.74669296
vt 0.78856736 0.53976446
vt 0.00804560 0.74217838
vt 0.78853887 0.53392899
vt 0.00804707 0.73698425
vt 0.78555268 0.52788985
vt 0.00790259 0.72833484
vt 0.78010172 0.51885277
vt 0.00791834 0.60929006
vt 0.77937460 0.37481457
vt 0.00802868 0.58896792
vt 0.78799117 0.33934772
vt 0.00810293 0.58338630
vt 0.78515536 0.33271277
vt 0.00812060 0.57844204
vt 0.78127849 0.32763135
vt 0.00807228 0.57338440
vt 0.77615047 0.32357562
vt 0.00805548 0.56185341
vt 0.76191485 0.31947160
vt 0.00797501 0.54922283
vt 0.74565327 0.31800961
vt 0.00796987 0.52307165
vt 0.74538904 0.28420633
vt 0.00254078 0.81486833
vt 0.67412710 0.81033587
vt 0.67387807 0.77632123
vt 0.00254000 0.78845567
vt 0.00254292 0.77980381
vt 0.66277713 0.77536249
vt 0.00257194 0.77129930
vt 0.65192914 0.77385181
vt 0.00262766 0.76528805
vt 0.64460468 0.77134335
vt 0.00267012 0.76090938
vt 0.63988787 0.76825249
vt 0.00266796 0.75602603
vt 0.63569301 0.76356709
vt 0.00258628 0.75141603
vt 0.63286251 0.75834739
vt 0.00258982 0.74669218
vt 0.63117069 0.75250328
vt 0.00258442 0.74217755
vt 0.63119930 0.74668938
vt 0.00258589 0.73698360
vt 0.63443536 0.73579609
vt 0.00257122 0.73197871
vt 0.63738555 0.73025113
vt 0.00244141 0.72833419
vt 0.64007980 0.72610050
vt 0.00245730 0.60928935
vt 0.64058131 0.57703829
vt 0.00251311 0.60402369
vt 0.63717276 0.57137787
vt 0.00246491 0.59894544
vt 0.63429826 0.56555760
vt 0.00246953 0.59340483
vt 0.63113409 0.55850607
vt 0.00256789 0.58896726
vt 0.63174552 0.55282253
vt 0.00264178 0.58338565
vt 0.63457114 0.54621202
vt 0.00265972 0.57844120
vt 0.63843358 0.54114938
vt 0.00261131 0.57338369
vt 0.64354271 0.53710848
vt 0.00267021 0.56843555
vt 0.64939165 0.53457725
vt 0.65772599 0.53301966
vt 0.00259454 0.56185269
vt 0.00251401 0.54922211
vt 0.67392796 0.53156304
vt 0.00250887 0.52307087
vt 0.67419118 0.49788368
vt 0.60093224 0.49788368
vt 0.60168165 0.81032616
vt 0.02814570 0.68522173
vt 0.61855978 0.08819181
vt 0.02432933 0.66862702
vt 0.01953005 0.66923046
vt 0.56708336 0.06080896
vt 0.01824496 0.67072356
vt 0.58374631 0.06079394
vt 0.02005102 0.68538076
vt 0.59894747 0.08319068
vt 0.02622817 0.66465008
vt 0.56546426 0.06536400
vt 0.01725251 0.66526014
vt 0.02532114 0.62567657
vt 0.59727865 0.04524642
vt 0.56408602 0.10392958
vt 0.01597380 0.62567145
vt 0.54718995 0.10420913
vt 0.01737709 0.60838377
vt 0.54155064 0.10538286
vt 0.01767218 0.60247880
vt 0.53588963 0.10832196
vt 0.01825042 0.59595722
vt 0.53225017 0.11200631
vt 0.01840428 0.59064430
vt 0.52957845 0.11712980
vt 0.01867855 0.58471960
vt 0.52796793 0.12324172
vt 0.01888171 0.57823539
vt 0.52803576 0.12725234
vt 0.01879410 0.57411945
vt 0.52902359 0.13083667
vt 0.01891033 0.57030493
vt 0.02682718 0.60400259
vt 0.57619113 0.04380488
vt 0.58374631 0.13653904
vt 0.02593766 0.66987646
vt 0.60106891 0.08791840
vt 0.02648700 0.60846961
vt 0.58048946 0.04456311
vt 0.02736054 0.59694201
vt 0.56982964 0.04113597
vt 0.02762685 0.59195429
vt 0.56626278 0.03782558
vt 0.02798993 0.58779359
vt 0.56416601 0.03433841
vt 0.02803531 0.57946175
vt 0.56148171 0.02667749
vt 0.02814570 0.57457429
vt 0.56119537 0.02192318
vt 0.02808908 0.57026082
vt 0.56241494 0.01790100
vt 0.61855978 0.01242948
vt 0.00800190 0.81486893
vt 0.74545234 0.59780991
vt 0.00803313 0.77130002
vt 0.76773220 0.56119138
vt 0.00813127 0.76091009
vt 0.77981800 0.55557173
vt 0.00812926 0.75602669
vt 0.78402865 0.55086875
vt 0.00803223 0.73197931
vt 0.78269947 0.52254814
vt 0.00797417 0.60402447
vt 0.78265274 0.36935043
vt 0.00792594 0.59894615
vt 0.78542513 0.36313277
vt 0.00793054 0.59340549
vt 0.78860492 0.34505224
vt 0.00813127 0.56843632
vt 0.77028006 0.32103515
vt 0.81891793 0.28420633
vt 0.81816506 0.59780031
vt 0.02262279 0.80070782
vt 0.33142421 0.92675531
vt 0.03369595 0.79975152
vt 0.33142686 0.91814542
vt 0.05182280 0.79574245
vt 0.33151129 0.90369964
vt 0.06353558 0.78277904
vt 0.33147019 0.88989514
vt 0.06522302 0.77695006
vt 0.33147362 0.88519400
vt 0.33146831 0.88070124
vt 0.06519466 0.77115059
vt 0.33146989 0.87553245
vt 0.06222701 0.76514882
vt 0.33132601 0.86692494
vt 0.05680973 0.75616777
vt 0.05608699 0.61301929
vt 0.33134168 0.74845666
vt 0.06465033 0.57777143
vt 0.33145162 0.72823310
vt 0.06183200 0.57117760
vt 0.33152547 0.72267860
vt 0.33154291 0.71775824
vt 0.05797929 0.56612760
vt 0.33149490 0.71272510
vt 0.05288279 0.56209683
vt 0.33147812 0.70125002
vt 0.03873520 0.55801833
vt 0.33139813 0.68868053
vt 0.02257402 0.55656534
vt 0.33139282 0.66265607
vt 0.02231147 0.52297091
vt 0.75445163 0.91638452
vt 0.32599005 0.95303905
vt 0.75420421 0.88258022
vt 0.32598945 0.92675447
vt 0.74317193 0.88162732
vt 0.32599214 0.91814452
vt 0.73239088 0.88012588
vt 0.32602122 0.90968120
vt 0.72511160 0.87763298
vt 0.32607660 0.90369898
vt 0.72042406 0.87456155
vt 0.32611889 0.89934158
vt 0.71625507 0.86990482
vt 0.32611668 0.89448184
vt 0.71344191 0.86471736
vt 0.32603553 0.88989431
vt 0.71176070 0.85890943
vt 0.32603902 0.88519335
vt 0.71178913 0.85313118
vt 0.32603362 0.88070053
vt 0.71500522 0.84230530
vt 0.32603505 0.87553167
vt 0.71793717 0.83679473
vt 0.32602039 0.87055117
vt 0.72061473 0.83266944
vt 0.32589135 0.86692423
vt 0.72111326 0.68452835
vt 0.32590711 0.74845600
vt 0.71772569 0.67890304
vt 0.32596269 0.74321586
vt 0.71486896 0.67311835
vt 0.32591480 0.73816222
vt 0.71172428 0.66611069
vt 0.32591930 0.73264837
vt 0.32601708 0.72823244
vt 0.71233189 0.66046202
vt 0.32609084 0.72267783
vt 0.71514034 0.65389252
vt 0.71897864 0.64886105
vt 0.32610852 0.71775746
vt 0.72405612 0.64484507
vt 0.32606030 0.71272439
vt 0.72986913 0.64232957
vt 0.32611907 0.70780015
vt 0.73815197 0.64078152
vt 0.32604367 0.70124924
vt 0.75425375 0.63933402
vt 0.32596341 0.68867987
vt 0.75451535 0.60586280
vt 0.32595843 0.66265547
vt 0.68170899 0.60586280
vt 0.68245375 0.91637504
vt 0.02237443 0.83463687
vt 0.33142486 0.95303971
vt 0.04451669 0.79824460
vt 0.33145595 0.90968192
vt 0.05652765 0.79265958
vt 0.33155367 0.89934230
vt 0.06071230 0.78798580
vt 0.33155149 0.89448279
vt 0.33145499 0.87055176
vt 0.05939153 0.75984007
vt 0.05934462 0.60758913
vt 0.33139724 0.74321663
vt 0.06210023 0.60140949
vt 0.33134907 0.73816293
vt 0.06526031 0.58344066
vt 0.33135378 0.73264915
vt 0.33155367 0.70780092
vt 0.04704866 0.55957216
vt 0.09538615 0.52297091
vt 0.09463795 0.83462745
vt 0.82655346 0.88244849
vt 0.96485549 0.88085049
vt 0.83762640 0.88149226
vt 0.96485823 0.87224060
vt 0.85575336 0.87748319
vt 0.96494269 0.85779482
vt 0.86746621 0.86451972
vt 0.96490151 0.84399015
vt 0.86915356 0.85869056
vt 0.96490502 0.83928907
vt 0.96489972 0.83479649
vt 0.86912513 0.85289127
vt 0.96490109 0.82962745
vt 0.86615771 0.84688932
vt 0.96475726 0.82102001
vt 0.86074030 0.83790833
vt 0.86001760 0.69475996
vt 0.96477306 0.70255131
vt 0.86858088 0.65951210
vt 0.96488291 0.68232757
vt 0.86576247 0.65291828
vt 0.96495688 0.67677307
vt 0.96497434 0.67185259
vt 0.86190987 0.64786816
vt 0.96492630 0.66681945
vt 0.85681331 0.64383745
vt 0.96490949 0.65534443
vt 0.84266573 0.63975888
vt 0.96482944 0.64277482
vt 0.82650465 0.63830584
vt 0.96482426 0.61675018
vt 0.82624209 0.60471147
vt 0.83462524 0.95952630
vt 0.95942146 0.90713471
vt 0.83437783 0.92572170
vt 0.95942080 0.88084972
vt 0.82334536 0.92476904
vt 0.95942372 0.87223977
vt 0.81256437 0.92326754
vt 0.95945257 0.86377645
vt 0.80528516 0.92077470
vt 0.95950794 0.85779423
vt 0.80059761 0.91770315
vt 0.95955014 0.85343677
vt 0.79642850 0.91304648
vt 0.95954806 0.84857702
vt 0.79361552 0.90785891
vt 0.95946693 0.84398949
vt 0.79193425 0.90205115
vt 0.95947027 0.83928835
vt 0.79196268 0.89627290
vt 0.95946503 0.83479559
vt 0.79517871 0.88544697
vt 0.95946640 0.82962680
vt 0.79811066 0.87993646
vt 0.95945185 0.82464623
vt 0.80078828 0.87581122
vt 0.95932269 0.82101923
vt 0.80128664 0.72767019
vt 0.95933843 0.70255053
vt 0.79789913 0.72204477
vt 0.95939392 0.69731039
vt 0.79504240 0.71626025
vt 0.95934600 0.69225663
vt 0.79189783 0.70925230
vt 0.95935059 0.68674290
vt 0.95944840 0.68232697
vt 0.79250544 0.70360380
vt 0.95952213 0.67677230
vt 0.79531366 0.69703418
vt 0.79915220 0.69200271
vt 0.95953989 0.67185181
vt 0.80422968 0.68798673
vt 0.95949161 0.66681874
vt 0.81004256 0.68547136
vt 0.95955044 0.66189450
vt 0.81832546 0.68392318
vt 0.95947510 0.65534359
vt 0.83442730 0.68247551
vt 0.95939493 0.64277411
vt 0.83468890 0.64900440
vt 0.95938975 0.61674953
vt 0.76188272 0.64900440
vt 0.76262736 0.95951653
vt 0.82630485 0.91637754
vt 0.96485621 0.90713513
vt 0.84844726 0.87998533
vt 0.96488732 0.86377710
vt 0.86045825 0.87440026
vt 0.96498489 0.85343748
vt 0.86464286 0.86972642
vt 0.96498293 0.84857774
vt 0.96488649 0.82464677
vt 0.86332208 0.84158075
vt 0.86327535 0.68932968
vt 0.96482849 0.69731116
vt 0.86603081 0.68315029
vt 0.96478057 0.69225734
vt 0.86919081 0.66518134
vt 0.96478510 0.68674362
vt 0.96498489 0.66189528
vt 0.85097915 0.64131284
vt 0.89931673 0.60471147
vt 0.89856845 0.91636795
vt 0.04566370 0.68522155
vt 0.58968610 0.64728475
vt 0.04184734 0.66862690
vt 0.03704806 0.66923034
vt 0.03576294 0.67072332
vt 0.63424832 0.06302476
vt 0.03756902 0.68538076
vt 0.65091133 0.06300986
vt 0.57007384 0.64228362
vt 0.04374615 0.66464996
vt 0.03477053 0.66526014
vt 0.63262916 0.06758004
vt 0.56840503 0.60433948
vt 0.04283915 0.62567663
vt 0.03349184 0.62567145
vt 0.63125098 0.10614580
vt 0.03489510 0.60838366
vt 0.61435491 0.10642534
vt 0.03519016 0.60247868
vt 0.60871565 0.10759908
vt 0.03576837 0.59595722
vt 0.60305452 0.11053783
vt 0.03592228 0.59064406
vt 0.59941512 0.11422217
vt 0.03619658 0.58471942
vt 0.59674346 0.11934590
vt 0.03639963 0.57823527
vt 0.59513289 0.12545776
vt 0.03631210 0.57411921
vt 0.59520078 0.12946838
vt 0.03642836 0.57030457
vt 0.59618855 0.13305277
vt 0.04434516 0.60400242
vt 0.54731745 0.60289776
vt 0.65091133 0.13875496
vt 0.04345567 0.66987634
vt 0.57219529 0.64701134
vt 0.04400504 0.60846943
vt 0.55161583 0.60365617
vt 0.04487852 0.59694177
vt 0.54095608 0.60022897
vt 0.04514477 0.59195399
vt 0.53738916 0.59691870
vt 0.53529239 0.59343147
vt 0.04550788 0.58779335
vt 0.53260809 0.58577043
vt 0.04555327 0.57946157
vt 0.53232169 0.58101612
vt 0.04566370 0.57457423
vt 0.53354132 0.57699394
vt 0.04560706 0.57026064
vt 0.58968610 0.57152241
vt 0.12042378 0.64049661
vt 0.05984184 0.07861537
vt 0.11660742 0.62390161
vt 0.11180814 0.62450504
vt 0.54072911 0.01007730
vt 0.11052299 0.62599802
vt 0.55596375 0.01006371
vt 0.11232913 0.64065552
vt 0.11850625 0.61992478
vt 0.04022963 0.07361424
vt 0.53924876 0.01424199
vt 0.10953058 0.62053472
vt 0.11759923 0.58095151
vt 0.03856078 0.03566998
vt 0.53798860 0.04950196
vt 0.10825191 0.58094621
vt 0.52254087 0.04975766
vt 0.10965516 0.56365854
vt 0.51738495 0.05083048
vt 0.10995024 0.55775338
vt 0.51220918 0.05351782
vt 0.11052847 0.55123228
vt 0.50888157 0.05688626
vt 0.11068236 0.54591900
vt 0.50643897 0.06157082
vt 0.11095663 0.53999424
vt 0.50496638 0.06715864
vt 0.11115971 0.53350997
vt 0.50502855 0.07082564
vt 0.11107215 0.52939403
vt 0.50593156 0.07410276
vt 0.11118847 0.52557933
vt 0.11910524 0.55927724
vt 0.01747330 0.03422827
vt 0.55596375 0.07931602
vt 0.11821574 0.62515116
vt 0.04235104 0.07834196
vt 0.11876512 0.56374437
vt 0.02177161 0.03498673
vt 0.11963860 0.55221659
vt 0.01111184 0.03155935
vt 0.11990491 0.54722893
vt 0.00754489 0.02824914
vt 0.12026799 0.54306835
vt 0.00544815 0.02476197
vt 0.12031340 0.53473634
vt 0.00276388 0.01710087
vt 0.12042378 0.52984899
vt 0.00247749 0.01234651
vt 0.12036720 0.52553558
vt 0.00369707 0.00832450
vt 0.05984184 0.00285286
vt 0.97615409 0.00298113
vt 0.97172940 0.00324684
vt 0.96734750 0.00365502
vt 0.96298748 0.00426203
vt 0.95864695 0.00497651
vt 0.98532301 0.00261241
vt 0.98068249 0.00281405
vt 0.97703558 0.02684563
vt 0.97324157 0.02592754
vt 0.96986860 0.02621788
vt 0.96638560 0.02752030
vt 0.96258479 0.02971327
vt 0.98643118 0.02815706
vt 0.98153430 0.02871203
vt 0.97662282 0.02849710
vt 0.97315782 0.02804857
vt 0.97024065 0.02820688
vt 0.96695203 0.02902502
vt 0.96284175 0.03045505
vt 0.98660833 0.02892703
vt 0.98144650 0.02957076
vt 0.97656947 0.02986896
vt 0.97317421 0.02977479
vt 0.97037846 0.02993172
vt 0.96713006 0.03032517
vt 0.96285176 0.03097874
vt 0.98668164 0.02947837
vt 0.98150736 0.03015935
vt 0.97662628 0.03097457
vt 0.97323167 0.03105402
vt 0.97043133 0.03119880
vt 0.96716189 0.03137487
vt 0.96283108 0.03156090
vt 0.98676950 0.03010345
vt 0.98158705 0.03081816
vt 0.97675699 0.03226340
vt 0.97332430 0.03257883
vt 0.97044581 0.03272325
vt 0.96711475 0.03260702
vt 0.96276200 0.03217179
vt 0.98686677 0.03075540
vt 0.98169160 0.03150833
vt 0.97713631 0.03406709
vt 0.97354567 0.03488147
vt 0.97032917 0.03500938
vt 0.96682334 0.03434998
vt 0.96255702 0.03292775
vt 0.98699433 0.03155077
vt 0.98188078 0.03236371
vt 0.97800040 0.03691930
vt 0.97394514 0.03799641
vt 0.97000700 0.03806216
vt 0.96604526 0.03710550
vt 0.96171695 0.03541189
vt 0.98749340 0.03401887
vt 0.98261911 0.03509450
vt 0.98068440 0.04865760
vt 0.97499645 0.05043298
vt 0.96880203 0.05034262
vt 0.96326673 0.04844117
vt 0.95855945 0.04647797
vt 0.99052054 0.04549474
vt 0.98572105 0.04683483
vt 0.98164517 0.05150574
vt 0.97537273 0.05305851
vt 0.96836263 0.05290973
vt 0.96219730 0.05119896
vt 0.95727861 0.04948926
vt 0.99148190 0.04884136
vt 0.98673344 0.05007923
vt 0.98226470 0.05372781
vt 0.97560620 0.05514973
vt 0.96807677 0.05497372
vt 0.96147978 0.05337632
vt 0.95638847 0.05192977
vt 0.99217051 0.05152571
vt 0.98737693 0.05253875
vt 0.98271668 0.05618548
vt 0.97575700 0.05708969
vt 0.96783644 0.05694050
vt 0.96094257 0.05581862
vt 0.95571470 0.05487835
vt 0.99274427 0.05475420
vt 0.98789340 0.05537015
vt 0.98284674 0.05828726
vt 0.97575015 0.05879241
vt 0.96775854 0.05866826
vt 0.96076590 0.05790597
vt 0.95544994 0.05736530
vt 0.99303752 0.05744869
vt 0.98811877 0.05775613
vt 0.98251259 0.06060869
vt 0.97549891 0.06016052
vt 0.96794903 0.05999351
vt 0.96105844 0.06020647
vt 0.95560676 0.06043118
vt 0.99321890 0.06084514
vt 0.98807371 0.06083941
vt 0.98185748 0.06299621
vt 0.97523254 0.06132579
vt 0.96816713 0.06117582
vt 0.96162909 0.06253844
vt 0.95589024 0.06362146
vt 0.99324167 0.06437486
vt 0.98785979 0.06423157
vt 0.97899705 0.21163797
vt 0.97299534 0.21189070
vt 0.96685159 0.21181637
vt 0.96097398 0.21126759
vt 0.95493907 0.21043694
vt 0.99130362 0.21075976
vt 0.98532313 0.21110332
vt 0.97330022 0.29613161
vt 0.96806067 0.29575348
vt 0.96287179 0.29521257
vt 0.95770943 0.29444146
vt 0.95257062 0.29354227
vt 0.98415852 0.29669350
vt 0.97866344 0.29639399
vt 0.97465551 0.26784813
vt 0.97015733 0.26890218
vt 0.96618176 0.26850468
vt 0.96208376 0.26690120
vt 0.95758396 0.26422346
vt 0.98580652 0.26642621
vt 0.98001122 0.26564515
vt 0.97417420 0.26588142
vt 0.97009164 0.26639843
vt 0.96665728 0.26616365
vt 0.96279025 0.26511729
vt 0.95790190 0.26334119
vt 0.98603570 0.26551896
vt 0.97991794 0.26462030
vt 0.97431916 0.26410389
vt 0.97020859 0.26421267
vt 0.96678710 0.26398975
vt 0.96286321 0.26338673
vt 0.95773196 0.26244140
vt 0.98618001 0.26462197
vt 0.98014587 0.26363307
vt 0.97438127 0.26275241
vt 0.97028655 0.26266181
vt 0.96688640 0.26244271
vt 0.96293759 0.26212037
vt 0.95772821 0.26173997
vt 0.98631048 0.26385951
vt 0.98024267 0.26286376
vt 0.97453409 0.26120532
vt 0.97041345 0.26081711
vt 0.96694112 0.26059353
vt 0.96292061 0.26063323
vt 0.95766675 0.26100302
vt 0.98644507 0.26309085
vt 0.98037124 0.26205647
vt 0.97499245 0.25905108
vt 0.97071016 0.25805062
vt 0.96685469 0.25783539
vt 0.96262395 0.25852680
vt 0.95744622 0.26008737
vt 0.98661870 0.26215160
vt 0.98060334 0.26105535
vt 0.97604316 0.25566900
vt 0.97123933 0.25433886
vt 0.96654546 0.25417256
vt 0.96177745 0.25519598
vt 0.95652163 0.25707459
vt 0.98726952 0.25921386
vt 0.98150194 0.25785482
vt 0.97938037 0.24191475
vt 0.97278315 0.23976749
vt 0.96550328 0.23963404
vt 0.95888412 0.24156904
vt 0.95316833 0.24362600
vt 0.99088973 0.24552631
vt 0.98523545 0.24402463
vt 0.98051447 0.23862755
vt 0.97329432 0.23674250
vt 0.96510845 0.23661613
vt 0.95778126 0.23824275
vt 0.95183367 0.23991603
vt 0.99193448 0.24154913
vt 0.98637521 0.24023211
vt 0.98124081 0.23608625
vt 0.97362989 0.23434991
vt 0.96487826 0.23420513
vt 0.95708078 0.23563027
vt 0.95096934 0.23692298
vt 0.99263555 0.23838556
vt 0.98706949 0.23737919
vt 0.98177510 0.23330426
vt 0.97387815 0.23213750
vt 0.96470517 0.23191506
vt 0.95663130 0.23272759
vt 0.95044130 0.23334950
vt 0.99311101 0.23460960
vt 0.98758501 0.23414969
vt 0.98194844 0.23095882
vt 0.97394645 0.23020166
vt 0.96471226 0.22991967
vt 0.95658803 0.23028874
vt 0.95039237 0.23038083
vt 0.99324167 0.23152155
vt 0.98776031 0.23147964
vt 0.98163623 0.22838998
vt 0.97373438 0.22864044
vt 0.96500617 0.22840887
vt 0.95710629 0.22767788
vt 0.95096713 0.22679263
vt 0.99309522 0.22770095
vt 0.98760104 0.22813833
vt 0.98103386 0.22578478
vt 0.97350603 0.22730309
vt 0.96532112 0.22706383
vt 0.95792615 0.22508818
vt 0.95204818 0.22333324
vt 0.99267364 0.22402740
vt 0.98711926 0.22463477
vt 0.93418026 0.58704436
vt 0.92975551 0.58730990
vt 0.92537355 0.58771819
vt 0.92101365 0.58832514
vt 0.91667312 0.58903974
vt 0.94334918 0.58667552
vt 0.93870860 0.58687723
vt 0.93506157 0.61090887
vt 0.93126762 0.60999072
vt 0.92789477 0.61028099
vt 0.92441177 0.61158353
vt 0.92061102 0.61377656
vt 0.94445747 0.61222005
vt 0.93956041 0.61277503
vt 0.93464893 0.61256027
vt 0.93118393 0.61211169
vt 0.92826688 0.61227000
vt 0.92497826 0.61308813
vt 0.92086786 0.61451840
vt 0.94463456 0.61299020
vt 0.93947273 0.61363399
vt 0.93459570 0.61393213
vt 0.93120044 0.61383796
vt 0.92840469 0.61399496
vt 0.92515624 0.61438835
vt 0.92087787 0.61504209
vt 0.94470775 0.61354142
vt 0.93953353 0.61422247
vt 0.93465239 0.61503768
vt 0.93125778 0.61511707
vt 0.92845750 0.61526203
vt 0.92518812 0.61543804
vt 0.92085725 0.61562407
vt 0.94479579 0.61416656
vt 0.93961328 0.61488140
vt 0.93478310 0.61632651
vt 0.93135041 0.61664206
vt 0.92847204 0.61678642
vt 0.92514086 0.61667013
vt 0.92078811 0.61623478
vt 0.94489282 0.61481863
vt 0.93971783 0.61557144
vt 0.93516243 0.61813021
vt 0.93157178 0.61894464
vt 0.92835534 0.61907268
vt 0.92484945 0.61841321
vt 0.92058325 0.61699092
vt 0.94502062 0.61561388
vt 0.93990701 0.61642689
vt 0.93602657 0.62098229
vt 0.93197119 0.62205946
vt 0.92803311 0.62212527
vt 0.92407137 0.62116855
vt 0.91974306 0.61947501
vt 0.94551969 0.61808205
vt 0.94064528 0.61915761
vt 0.93871063 0.63272077
vt 0.93302262 0.63449621
vt 0.92682827 0.63440579
vt 0.92129278 0.63250440
vt 0.91658556 0.63054115
vt 0.94854671 0.62955785
vt 0.94374722 0.63089806
vt 0.93967128 0.63556886
vt 0.93339890 0.63712168
vt 0.92638892 0.63697290
vt 0.92022336 0.63526213
vt 0.91530472 0.63355237
vt 0.94950801 0.63290453
vt 0.94475961 0.63414246
vt 0.94029081 0.63779104
vt 0.93363237 0.63921291
vt 0.92610288 0.63903689
vt 0.91950595 0.63743955
vt 0.91441458 0.63599288
vt 0.95019662 0.63558888
vt 0.94540328 0.63660187
vt 0.94074291 0.64024872
vt 0.93378311 0.64115280
vt 0.92586267 0.64100373
vt 0.91896880 0.63988173
vt 0.91374093 0.63894147
vt 0.95077038 0.63881731
vt 0.94591963 0.63943332
vt 0.94087303 0.64235049
vt 0.93377626 0.64285570
vt 0.92578477 0.64273143
vt 0.91879189 0.64196920
vt 0.91347605 0.64142853
vt 0.95106369 0.64151198
vt 0.94614488 0.64181930
vt 0.94053876 0.64467186
vt 0.93352497 0.64422363
vt 0.92597520 0.64405674
vt 0.91908455 0.64426965
vt 0.91363281 0.64449435
vt 0.95124489 0.64490825
vt 0.94609976 0.64490259
vt 0.93988371 0.64705938
vt 0.93325877 0.64538890
vt 0.92619330 0.64523906
vt 0.91965526 0.64660174
vt 0.91391629 0.64768475
vt 0.95126778 0.64843810
vt 0.94588590 0.64829475
vt 0.93702334 0.79570109
vt 0.93102163 0.79595381
vt 0.92487770 0.79587936
vt 0.91900015 0.79533070
vt 0.91296530 0.79450011
vt 0.94932961 0.79482305
vt 0.94334930 0.79516649
vt 0.93132651 0.88019454
vt 0.92608684 0.87981659
vt 0.92089796 0.87927568
vt 0.91573548 0.87850451
vt 0.91059673 0.87760526
vt 0.94218463 0.88075656
vt 0.93668973 0.88045698
vt 0.93268168 0.85191107
vt 0.92818332 0.85296512
vt 0.92420793 0.85256779
vt 0.92010999 0.85096425
vt 0.91561013 0.84828639
vt 0.94383276 0.85048926
vt 0.93803746 0.84970820
vt 0.93220031 0.84994465
vt 0.92811775 0.85046148
vt 0.92468339 0.85022670
vt 0.92081642 0.84918040
vt 0.91592807 0.84740424
vt 0.94406199 0.84958190
vt 0.93794417 0.84868348
vt 0.93234521 0.84816706
vt 0.92823464 0.84827572
vt 0.92481327 0.84805286
vt 0.92088950 0.84744972
vt 0.91575813 0.84650439
vt 0.94420618 0.84868503
vt 0.93817210 0.84769613
vt 0.93240744 0.84681547
vt 0.92831272 0.84672487
vt 0.92491257 0.84650588
vt 0.92096388 0.84618342
vt 0.91575450 0.84580296
vt 0.94433677 0.84792256
vt 0.93826890 0.84692687
vt 0.93256032 0.84526843
vt 0.92843962 0.84488016
vt 0.92496717 0.84465671
vt 0.92094666 0.84469616
vt 0.91569287 0.84506613
vt 0.94447130 0.84715390
vt 0.93839747 0.84611952
vt 0.93301851 0.84311420
vt 0.92873633 0.84211361
vt 0.92488086 0.84189838
vt 0.92065001 0.84259003
vt 0.91547251 0.84415048
vt 0.94464499 0.84621453
vt 0.93862957 0.84511846
vt 0.93406928 0.83973205
vt 0.92926550 0.83840185
vt 0.92457145 0.83823556
vt 0.91980356 0.83925897
vt 0.91454780 0.84113771
vt 0.94529581 0.84327698
vt 0.93952811 0.84191787
vt 0.93740672 0.82597798
vt 0.93080926 0.82383054
vt 0.92352951 0.82369733
vt 0.91691023 0.82563210
vt 0.91119450 0.82768911
vt 0.94891584 0.82958937
vt 0.94326156 0.82808757
vt 0.93854070 0.82269078
vt 0.93132049 0.82080561
vt 0.92313457 0.82067943
vt 0.91580737 0.82230592
vt 0.90985978 0.82397914
vt 0.94996059 0.82561225
vt 0.94440150 0.82429528
vt 0.93926704 0.82014930
vt 0.93165606 0.81841290
vt 0.92290431 0.81826818
vt 0.91510689 0.81969333
vt 0.90899551 0.82098603
vt 0.95066184 0.82244855
vt 0.94509566 0.82144213
vt 0.93980128 0.81736732
vt 0.93190414 0.81620061
vt 0.92273128 0.81597811
vt 0.91465741 0.81679064
vt 0.90846747 0.81741250
vt 0.95113713 0.81867272
vt 0.94561118 0.81821263
vt 0.93997467 0.81502193
vt 0.93197268 0.81426495
vt 0.92273825 0.81398273
vt 0.91461402 0.81435180
vt 0.90841848 0.81444395
vt 0.95126778 0.81558466
vt 0.94578648 0.81554282
vt 0.93966228 0.81245303
vt 0.93176049 0.81270343
vt 0.92303228 0.81247211
vt 0.91513246 0.81174093
vt 0.90899312 0.81085569
vt 0.95112145 0.81176418
vt 0.94562727 0.81220144
vt 0.93906021 0.80984777
vt 0.93153214 0.81136626
vt 0.92334712 0.81112683
vt 0.91595232 0.80915135
vt 0.91007423 0.80739641
vt 0.95069975 0.80809033
vt 0.94514537 0.80869776
vt 0.98047113 0.31606388
vt 0.97604632 0.31632948
vt 0.97166455 0.31673771
vt 0.96730453 0.31734467
vt 0.96296400 0.31805921
vt 0.98964006 0.31569511
vt 0.98499954 0.31589675
vt 0.98135245 0.33992839
vt 0.97755861 0.33901024
vt 0.97418565 0.33930051
vt 0.97070271 0.34060305
vt 0.96690190 0.34279597
vt 0.99074829 0.34123981
vt 0.98585129 0.34179455
vt 0.98093987 0.34157991
vt 0.97747487 0.34113121
vt 0.97455770 0.34128952
vt 0.97126907 0.34210777
vt 0.96715873 0.34353781
vt 0.99092555 0.34200972
vt 0.98576361 0.34265351
vt 0.98088658 0.34295171
vt 0.97749132 0.34285742
vt 0.97469550 0.34301448
vt 0.97144711 0.34340787
vt 0.96716881 0.34406155
vt 0.99099863 0.34256107
vt 0.98582447 0.34324205
vt 0.98094326 0.34405732
vt 0.97754860 0.34413671
vt 0.97474837 0.34428155
vt 0.97147900 0.34445751
vt 0.96714813 0.34464359
vt 0.99108666 0.34318602
vt 0.98590416 0.34390092
vt 0.98107404 0.34534597
vt 0.97764122 0.34566152
vt 0.97476286 0.34580588
vt 0.97143167 0.34568977
vt 0.96707904 0.34525442
vt 0.99118382 0.34383810
vt 0.98600870 0.34459102
vt 0.98145330 0.34714985
vt 0.97786272 0.34796429
vt 0.97464621 0.34809220
vt 0.97114027 0.34743261
vt 0.96687412 0.34601045
vt 0.99131155 0.34463352
vt 0.98619789 0.34544635
vt 0.98231751 0.35000175
vt 0.97826225 0.35107905
vt 0.97432405 0.35114479
vt 0.97036231 0.35018808
vt 0.96603388 0.34849453
vt 0.99181044 0.34710157
vt 0.98693609 0.34817719
vt 0.98500150 0.36174023
vt 0.97931349 0.36351562
vt 0.97311914 0.36342531
vt 0.96758378 0.36152393
vt 0.96287656 0.35956049
vt 0.99483752 0.35857725
vt 0.99003822 0.35991752
vt 0.98596215 0.36458838
vt 0.97968978 0.36614114
vt 0.97267962 0.36599243
vt 0.96651423 0.36428165
vt 0.96159559 0.36257184
vt 0.99579883 0.36192405
vt 0.99105048 0.36316192
vt 0.98658174 0.36681050
vt 0.97992325 0.36823237
vt 0.97239381 0.36805642
vt 0.96579677 0.36645907
vt 0.96070552 0.36501247
vt 0.99648756 0.36460841
vt 0.99169409 0.36562151
vt 0.98703372 0.36926812
vt 0.98007405 0.37017232
vt 0.97215343 0.37002325
vt 0.96525967 0.36890119
vt 0.96003181 0.36796111
vt 0.99706125 0.36783683
vt 0.99221051 0.36845273
vt 0.98716384 0.37137002
vt 0.98006713 0.37187511
vt 0.97207564 0.37175083
vt 0.96508276 0.37098861
vt 0.95976698 0.37044799
vt 0.99735463 0.37053138
vt 0.99243575 0.37083876
vt 0.98682976 0.37369144
vt 0.97981596 0.37324309
vt 0.97226608 0.37307620
vt 0.96537542 0.37328911
vt 0.95992368 0.37351382
vt 0.99753582 0.37392783
vt 0.99239069 0.37392205
vt 0.98617458 0.37607884
vt 0.97954953 0.37440836
vt 0.97248411 0.37425852
vt 0.96594608 0.37562120
vt 0.96020716 0.37670422
vt 0.99755859 0.37745750
vt 0.99217683 0.37731421
vt 0.98331416 0.52472073
vt 0.97731256 0.52497345
vt 0.97116858 0.52489907
vt 0.96529096 0.52435040
vt 0.95925611 0.52351969
vt 0.99562049 0.52384263
vt 0.98964024 0.52418625
vt 0.97761738 0.60921437
vt 0.97237772 0.60883641
vt 0.96718889 0.60829544
vt 0.96202642 0.60752434
vt 0.95688754 0.60662514
vt 0.98847556 0.60977644
vt 0.98298049 0.60947692
vt 0.97897255 0.58093089
vt 0.97447419 0.58198494
vt 0.97049868 0.58158755
vt 0.96640092 0.57998407
vt 0.96190101 0.57730633
vt 0.99012363 0.57950908
vt 0.98432833 0.57872802
vt 0.97849125 0.57896441
vt 0.97440869 0.57948130
vt 0.97097433 0.57924658
vt 0.96710730 0.57820022
vt 0.96221888 0.57642400
vt 0.99035287 0.57860166
vt 0.98423505 0.57770324
vt 0.97863621 0.57718688
vt 0.97452557 0.57729554
vt 0.97110420 0.57707268
vt 0.96718037 0.57646960
vt 0.96204901 0.57552415
vt 0.99049705 0.57770485
vt 0.98446286 0.57671607
vt 0.97869819 0.57583535
vt 0.97460359 0.57574475
vt 0.97120351 0.57552570
vt 0.96725470 0.57520324
vt 0.96204525 0.57482290
vt 0.99062765 0.57694238
vt 0.98455971 0.57594669
vt 0.97885120 0.57428831
vt 0.97473049 0.57389992
vt 0.97125804 0.57367653
vt 0.96723765 0.57371610
vt 0.96198374 0.57408589
vt 0.99076211 0.57617378
vt 0.98468846 0.57513934
vt 0.97930944 0.57213408
vt 0.97502726 0.57113338
vt 0.97117174 0.57091814
vt 0.96694094 0.57160985
vt 0.96176332 0.57317036
vt 0.99093580 0.57523453
vt 0.98492050 0.57413822
vt 0.98036015 0.56875187
vt 0.97555637 0.56742167
vt 0.97086245 0.56725538
vt 0.96609455 0.56827885
vt 0.96083868 0.57015753
vt 0.99158669 0.57229668
vt 0.98581904 0.57093769
vt 0.98369753 0.55499768
vt 0.97710019 0.55285043
vt 0.96982038 0.55271703
vt 0.96320111 0.55465192
vt 0.95748544 0.55670887
vt 0.99520671 0.55860913
vt 0.98955244 0.55710739
vt 0.98483151 0.55171043
vt 0.97761136 0.54982543
vt 0.96942544 0.54969919
vt 0.96209836 0.55132568
vt 0.95615059 0.55299890
vt 0.99625158 0.55463201
vt 0.99069238 0.55331510
vt 0.98555803 0.54916912
vt 0.97794694 0.54743272
vt 0.96919531 0.54728788
vt 0.96139783 0.54871309
vt 0.95528638 0.55000585
vt 0.99695247 0.55146831
vt 0.99138659 0.55046201
vt 0.98609215 0.54638714
vt 0.97819513 0.54522049
vt 0.96902221 0.54499787
vt 0.96094835 0.54581040
vt 0.95475841 0.54643226
vt 0.99742800 0.54769248
vt 0.99190217 0.54723245
vt 0.98626560 0.54404175
vt 0.97826356 0.54328465
vt 0.96902919 0.54300255
vt 0.96090496 0.54337156
vt 0.95470941 0.54346371
vt 0.99755859 0.54460442
vt 0.99207747 0.54456258
vt 0.98595321 0.54147279
vt 0.97805142 0.54172331
vt 0.96932316 0.54149187
vt 0.96142340 0.54076076
vt 0.95528412 0.53987533
vt 0.99741226 0.54078388
vt 0.99191821 0.54122102
vt 0.98535103 0.53886759
vt 0.97782302 0.54038590
vt 0.96963805 0.54014665
vt 0.96224320 0.53817099
vt 0.95636523 0.53641617
vt 0.99699056 0.53711009
vt 0.99143630 0.53771758
vt 0.93418026 0.28457892
vt 0.92975557 0.28484452
vt 0.92537361 0.28525269
vt 0.92101365 0.28585970
vt 0.91667312 0.28657424
vt 0.94334918 0.28421009
vt 0.93870872 0.28441179
vt 0.93506157 0.30844349
vt 0.93126774 0.30752528
vt 0.92789483 0.30781561
vt 0.92441183 0.30911803
vt 0.92061108 0.31131113
vt 0.94445741 0.30975485
vt 0.93956041 0.31030971
vt 0.93464899 0.31009495
vt 0.93118399 0.30964637
vt 0.92826694 0.30980468
vt 0.92497826 0.31062281
vt 0.92086792 0.31205285
vt 0.94463468 0.31052482
vt 0.93947279 0.31116855
vt 0.93459576 0.31146669
vt 0.93120044 0.31137252
vt 0.92840469 0.31152958
vt 0.92515624 0.31192291
vt 0.92087799 0.31257659
vt 0.94470775 0.31107616
vt 0.93953359 0.31175709
vt 0.93465239 0.31257248
vt 0.93125790 0.31265175
vt 0.92845756 0.31279659
vt 0.92518812 0.31297266
vt 0.92085731 0.31315863
vt 0.94479585 0.31170118
vt 0.93961322 0.31241596
vt 0.93478328 0.31386113
vt 0.93135035 0.31417668
vt 0.92847198 0.31432104
vt 0.92514080 0.31420475
vt 0.92078817 0.31376952
vt 0.94489288 0.31235319
vt 0.93971789 0.31310612
vt 0.93516243 0.31566489
vt 0.93157184 0.31647927
vt 0.92835540 0.31660724
vt 0.92484945 0.31594777
vt 0.92058325 0.31452560
vt 0.94502068 0.31314856
vt 0.93990707 0.31396139
vt 0.93602663 0.31851697
vt 0.93197131 0.31959426
vt 0.92803317 0.31965983
vt 0.92407143 0.31870329
vt 0.91974312 0.31700957
vt 0.94551975 0.31561661
vt 0.94064522 0.31669223
vt 0.93871057 0.33025539
vt 0.93302268 0.33203077
vt 0.92682838 0.33194035
vt 0.92129278 0.33003896
vt 0.91658568 0.32807565
vt 0.94854671 0.32709235
vt 0.94374734 0.32843268
vt 0.93967134 0.33310342
vt 0.93339890 0.33465624
vt 0.92638880 0.33450758
vt 0.92022330 0.33279663
vt 0.91530478 0.33108687
vt 0.94950807 0.33043921
vt 0.94475955 0.33167708
vt 0.94029087 0.33532560
vt 0.93363243 0.33674741
vt 0.92610294 0.33657157
vt 0.91950595 0.33497417
vt 0.91441470 0.33352745
vt 0.95019662 0.33312351
vt 0.94540328 0.33413649
vt 0.94074291 0.33778322
vt 0.93378311 0.33868736
vt 0.92586261 0.33853829
vt 0.91896886 0.33741629
vt 0.91374093 0.33647615
vt 0.95077050 0.33635193
vt 0.94591963 0.33696789
vt 0.94087309 0.33988500
vt 0.93377626 0.34039015
vt 0.92578483 0.34026599
vt 0.91879195 0.33950371
vt 0.91347611 0.33896303
vt 0.95106369 0.33904648
vt 0.94614500 0.33935380
vt 0.94053876 0.34220648
vt 0.93352515 0.34175825
vt 0.92597514 0.34159124
vt 0.91908455 0.34180415
vt 0.91363287 0.34202898
vt 0.95124489 0.34244287
vt 0.94609976 0.34243709
vt 0.93988371 0.34459388
vt 0.93325883 0.34292352
vt 0.92619336 0.34277356
vt 0.91965526 0.34413624
vt 0.91391629 0.34521925
vt 0.95126772 0.34597266
vt 0.94588590 0.34582925
vt 0.93702334 0.49323595
vt 0.93102157 0.49348867
vt 0.92487770 0.49341428
vt 0.91900027 0.49286556
vt 0.91296524 0.49203485
vt 0.94932979 0.49235773
vt 0.94334942 0.49270123
vt 0.93132651 0.57772952
vt 0.92608684 0.57735145
vt 0.92089808 0.57681054
vt 0.91573554 0.57603931
vt 0.91059679 0.57514024
vt 0.94218469 0.57829154
vt 0.93668967 0.57799196
vt 0.93268168 0.54944593
vt 0.92818338 0.55050009
vt 0.92420793 0.55010265
vt 0.92011005 0.54849917
vt 0.91561013 0.54582149
vt 0.94383270 0.54802418
vt 0.93803751 0.54724312
vt 0.93220037 0.54747951
vt 0.92811781 0.54799634
vt 0.92468345 0.54776168
vt 0.92081642 0.54671532
vt 0.91592801 0.54493916
vt 0.94406205 0.54711682
vt 0.93794423 0.54621840
vt 0.93234527 0.54570192
vt 0.92823476 0.54581064
vt 0.92481339 0.54558772
vt 0.92088950 0.54498476
vt 0.91575813 0.54403925
vt 0.94420624 0.54622006
vt 0.93817210 0.54523116
vt 0.93240738 0.54435039
vt 0.92831278 0.54425985
vt 0.92491257 0.54404080
vt 0.92096382 0.54371828
vt 0.91575450 0.54333794
vt 0.94433683 0.54545754
vt 0.93826890 0.54446173
vt 0.93256038 0.54280341
vt 0.92843956 0.54241514
vt 0.92496723 0.54219168
vt 0.92094678 0.54223120
vt 0.91569287 0.54260111
vt 0.94447136 0.54468882
vt 0.93839753 0.54365456
vt 0.93301857 0.54064918
vt 0.92873639 0.53964853
vt 0.92488092 0.53943330
vt 0.92065006 0.54012489
vt 0.91547251 0.54168546
vt 0.94464505 0.54374963
vt 0.93862951 0.54265344
vt 0.93406940 0.53726691
vt 0.92926556 0.53593677
vt 0.92457163 0.53577048
vt 0.91980368 0.53679395
vt 0.91454780 0.53867263
vt 0.94529587 0.54081178
vt 0.93952811 0.53945267
vt 0.93740678 0.52351278
vt 0.93080932 0.52136546
vt 0.92352962 0.52123219
vt 0.91691041 0.52316701
vt 0.91119456 0.52522391
vt 0.94891596 0.52712429
vt 0.94326168 0.52562249
vt 0.93854076 0.52022552
vt 0.93132049 0.51834053
vt 0.92313457 0.51821423
vt 0.91580743 0.51984072
vt 0.90985984 0.52151394
vt 0.94996065 0.52314711
vt 0.94440150 0.52183020
vt 0.93926704 0.51768428
vt 0.93165606 0.51594776
vt 0.92290437 0.51580304
vt 0.91510695 0.51722819
vt 0.90899545 0.51852089
vt 0.95066178 0.51998347
vt 0.94509572 0.51897699
vt 0.93980134 0.51490223
vt 0.93190420 0.51373553
vt 0.92273128 0.51351297
vt 0.91465747 0.51432556
vt 0.90846753 0.51494741
vt 0.95113707 0.51620764
vt 0.94561124 0.51574749
vt 0.93997461 0.51255685
vt 0.93197274 0.51179963
vt 0.92273831 0.51151764
vt 0.91461408 0.51188660
vt 0.90841848 0.51197881
vt 0.95126772 0.51311958
vt 0.94578660 0.51307768
vt 0.93966228 0.50998789
vt 0.93176055 0.51023835
vt 0.92303234 0.51000690
vt 0.91513252 0.50927585
vt 0.90899330 0.50839049
vt 0.95112139 0.50929904
vt 0.94562733 0.50973624
vt 0.93906021 0.50738275
vt 0.93153226 0.50890106
vt 0.92334718 0.50866181
vt 0.91595227 0.50668621
vt 0.91007429 0.50493121
vt 0.95069975 0.50562531
vt 0.94514543 0.50623280
vt 0.03393369 0.13488597
vt 0.56541568 0.53231192
vt 0.02927269 0.77261531
vt 0.53881270 0.62981087
f 67/67 65/65 18/18
f 67/67 18/18 20/20
f 3/3 97/97 99/99
f 3/3 99/99 5/5
f 126/126 173/173 175/175
f 126/126 175/175 128/128
f 102/102 149/149 151/151
f 102/102 151/151 104/104
f 11/11 9/9 103/103
f 11/11 103/103 105/105
f 55/55 53/53 6/6
f 55/55 6/6 8/8
f 15/15 13/13 107/107
f 15/15 107/107 109/109
f 146/146 144/144 50/50
f 146/146 50/50 52/52
f 11/11 105/105 107/107
f 11/11 107/107 13/13
f 43/43 137/137 139/139
f 43/43 139/139 45/45
f 178/178 176/176 82/82
f 178/178 82/82 84/84
f 87/87 85/85 38/38
f 87/87 38/38 40/40
f 136/136 183/183 185/185
f 136/136 185/185 138/138
f 14/14 61/61 59/59
f 14/14 59/59 12/12
f 116/116 163/163 165/165
f 116/116 165/165 118/118
f 83/83 81/81 34/34
f 83/83 34/34 36/36
f 35/35 129/129 131/131
f 35/35 131/131 37/37
f 53/53 51/51 4/4
f 53/53 4/4 6/6
f 39/39 133/133 135/135
f 39/39 135/135 41/41
f 43/43 41/41 135/135
f 43/43 135/135 137/137
f 7/7 5/5 99/99
f 7/7 99/99 101/101
f 140/140 187/187 188/188
f 140/140 188/188 141/141
f 144/144 142/142 48/48
f 144/144 48/48 50/50
f 37/37 131/131 133/133
f 37/37 133/133 39/39
f 148/148 146/146 52/52
f 148/148 52/52 54/54
f 56/56 150/150 148/148
f 56/56 148/148 54/54
f 25/25 119/119 121/121
f 25/25 121/121 27/27
f 60/60 154/154 152/152
f 60/60 152/152 58/58
f 19/19 17/17 111/111
f 19/19 111/111 113/113
f 158/158 156/156 62/62
f 158/158 62/62 64/64
f 160/160 158/158 64/64
f 160/160 64/64 66/66
f 162/162 160/160 66/66
f 162/162 66/66 68/68
f 164/164 162/162 68/68
f 164/164 68/68 70/70
f 166/166 164/164 70/70
f 166/166 70/70 72/72
f 168/168 166/166 72/72
f 168/168 72/72 74/74
f 170/170 168/168 74/74
f 170/170 74/74 76/76
f 172/172 170/170 76/76
f 172/172 76/76 78/78
f 80/80 174/174 172/172
f 80/80 172/172 78/78
f 176/176 174/174 80/80
f 176/176 80/80 82/82
f 77/77 75/75 28/28
f 77/77 28/28 30/30
f 86/86 180/180 178/178
f 86/86 178/178 84/84
f 120/120 167/167 169/169
f 120/120 169/169 122/122
f 130/130 177/177 179/179
f 130/130 179/179 132/132
f 186/186 184/184 90/90
f 186/186 90/90 92/92
f 188/188 186/186 92/92
f 188/188 92/92 94/94
f 1/1 95/95 97/97
f 1/1 97/97 3/3
f 100/100 98/98 145/145
f 100/100 145/145 147/147
f 100/100 147/147 149/149
f 100/100 149/149 102/102
f 73/73 71/71 24/24
f 73/73 24/24 26/26
f 104/104 151/151 153/153
f 104/104 153/153 106/106
f 108/108 106/106 153/153
f 108/108 153/153 155/155
f 90/90 184/184 182/182
f 90/90 182/182 88/88
f 15/15 109/109 111/111
f 15/15 111/111 17/17
f 112/112 159/159 161/161
f 112/112 161/161 114/114
f 47/47 45/45 139/139
f 47/47 139/139 141/141
f 114/114 161/161 163/163
f 114/114 163/163 116/116
f 120/120 118/118 165/165
f 120/120 165/165 167/167
f 59/59 57/57 10/10
f 59/59 10/10 12/12
f 124/124 122/122 169/169
f 124/124 169/169 171/171
f 31/31 29/29 123/123
f 31/31 123/123 125/125
f 46/46 93/93 91/91
f 46/46 91/91 44/44
f 128/128 175/175 177/177
f 128/128 177/177 130/130
f 23/23 117/117 119/119
f 23/23 119/119 25/25
f 132/132 179/179 181/181
f 132/132 181/181 134/134
f 134/134 181/181 183/183
f 134/134 183/183 136/136
f 96/96 143/143 145/145
f 96/96 145/145 98/98
f 138/138 185/185 187/187
f 138/138 187/187 140/140
f 194/194 191/191 2/2
f 194/194 2/2 49/49
f 51/51 49/49 2/2
f 51/51 2/2 4/4
f 89/89 87/87 40/40
f 89/89 40/40 42/42
f 33/33 127/127 129/129
f 33/33 129/129 35/35
f 57/57 55/55 8/8
f 57/57 8/8 10/10
f 7/7 101/101 103/103
f 7/7 103/103 9/9
f 21/21 115/115 117/117
f 21/21 117/117 23/23
f 63/63 61/61 14/14
f 63/63 14/14 16/16
f 18/18 65/65 63/63
f 18/18 63/63 16/16
f 156/156 154/154 60/60
f 156/156 60/60 62/62
f 69/69 67/67 20/20
f 69/69 20/20 22/22
f 71/71 69/69 22/22
f 71/71 22/22 24/24
f 108/108 155/155 157/157
f 108/108 157/157 110/110
f 75/75 73/73 26/26
f 75/75 26/26 28/28
f 27/27 121/121 123/123
f 27/27 123/123 29/29
f 79/79 77/77 30/30
f 79/79 30/30 32/32
f 81/81 79/79 32/32
f 81/81 32/32 34/34
f 124/124 171/171 173/173
f 124/124 173/173 126/126
f 85/85 83/83 36/36
f 85/85 36/36 38/38
f 88/88 182/182 180/180
f 88/88 180/180 86/86
f 152/152 150/150 56/56
f 152/152 56/56 58/58
f 91/91 89/89 42/42
f 91/91 42/42 44/44
f 31/31 125/125 127/127
f 31/31 127/127 33/33
f 94/94 93/93 46/46
f 94/94 46/46 47/47
f 112/112 110/110 157/157
f 112/112 157/157 159/159
f 1/1 189/189 195/195
f 1/1 195/195 95/95
f 142/142 198/198 192/192
f 142/142 192/192 48/48
f 197/197 200/200 143/143
f 197/197 143/143 96/96
f 19/19 113/113 115/115
f 19/19 115/115 21/21
f 236/236 249/249 248/248
f 236/236 248/248 234/234
f 215/215 210/210 211/211
f 215/215 211/211 308/308
f 316/316 205/205 206/206
f 316/316 206/206 314/314
f 326/326 246/246 245/245
f 326/326 245/245 230/230
f 310/310 208/208 209/209
f 310/310 209/209 217/217
f 222/222 202/202 204/204
f 222/222 204/204 220/220
f 234/234 248/248 247/247
f 234/234 247/247 232/232
f 314/314 206/206 207/207
f 314/314 207/207 312/312
f 224/224 239/239 201/201
f 224/224 201/201 318/318
f 238/238 250/250 249/249
f 238/238 249/249 236/236
f 219/219 203/203 205/205
f 219/219 205/205 316/316
f 343/343 341/341 1990/1990
f 324/324 244/244 243/243
f 324/324 243/243 228/228
f 320/320 241/241 240/240
f 320/320 240/240 226/226
f 353/353 351/351 367/367
f 353/353 367/367 464/464
f 361/361 359/359 456/456
f 361/361 456/456 452/452
f 228/228 243/243 242/242
f 228/228 242/242 322/322
f 212/212 250/250 238/238
f 212/212 238/238 306/306
f 350/350 349/349 466/466
f 350/350 466/466 370/370
f 230/230 245/245 244/244
f 230/230 244/244 324/324
f 390/390 391/391 376/376
f 390/390 376/376 470/470
f 322/322 242/242 241/241
f 322/322 241/241 320/320
f 405/405 404/404 420/420
f 405/405 420/420 480/480
f 386/386 398/398 360/360
f 386/386 360/360 454/454
f 312/312 207/207 208/208
f 312/312 208/208 310/310
f 387/387 388/388 374/374
f 387/387 374/374 372/372
f 358/358 357/357 365/365
f 358/358 365/365 363/363
f 267/267 260/260 261/261
f 267/267 261/261 265/265
f 394/394 395/395 380/380
f 394/394 380/380 474/474
f 454/454 360/360 361/361
f 454/454 361/361 452/452
f 443/443 444/444 430/430
f 443/443 430/430 428/428
f 338/338 252/252 253/253
f 338/338 253/253 336/336
f 403/403 402/402 482/482
f 403/403 482/482 422/422
f 406/406 405/405 480/480
f 406/406 480/480 417/417
f 401/401 400/400 486/486
f 401/401 486/486 484/484
f 348/348 302/302 301/301
f 348/348 301/301 290/290
f 447/447 448/448 436/436
f 447/447 436/436 494/494
f 399/399 439/439 488/488
f 399/399 488/488 424/424
f 265/265 261/261 263/263
f 265/265 263/263 328/328
f 276/276 251/251 252/252
f 276/276 252/252 338/338
f 449/449 450/450 496/496
f 449/449 496/496 438/438
f 262/262 302/302 348/348
f 262/262 348/348 330/330
f 342/342 292/292 291/291
f 342/342 291/291 340/340
f 284/284 297/297 296/296
f 284/284 296/296 282/282
f 270/270 259/259 260/260
f 270/270 260/260 267/267
f 278/278 294/294 293/293
f 278/278 293/293 344/344
f 346/346 299/299 298/298
f 346/346 298/298 286/286
f 263/263 262/262 330/330
f 263/263 330/330 328/328
f 362/362 364/364 1991/1991
f 303/303 305/305 1989/1989
f 217/217 209/209 210/210
f 217/217 210/210 215/215
f 359/359 358/358 363/363
f 359/359 363/363 456/456
f 442/442 443/443 428/428
f 442/442 428/428 426/426
f 400/400 399/399 424/424
f 400/400 424/424 486/486
f 411/411 409/409 413/413
f 411/411 413/413 476/476
f 352/352 350/350 370/370
f 352/352 370/370 368/368
f 440/440 441/441 492/492
f 440/440 492/492 490/490
f 402/402 401/401 484/484
f 402/402 484/484 482/482
f 349/349 387/387 372/372
f 349/349 372/372 466/466
f 397/397 398/398 386/386
f 397/397 386/386 384/384
f 272/272 256/256 257/257
f 272/272 257/257 332/332
f 308/308 211/211 213/213
f 308/308 213/213 304/304
f 318/318 201/201 202/202
f 318/318 202/202 222/222
f 388/388 389/389 468/468
f 388/388 468/468 374/374
f 226/226 240/240 239/239
f 226/226 239/239 224/224
f 391/391 392/392 472/472
f 391/391 472/472 376/376
f 232/232 247/247 246/246
f 232/232 246/246 326/326
f 282/282 296/296 295/295
f 282/282 295/295 280/280
f 290/290 301/301 300/300
f 290/290 300/300 288/288
f 392/392 393/393 378/378
f 392/392 378/378 472/472
f 334/334 254/254 255/255
f 334/334 255/255 274/274
f 389/389 390/390 470/470
f 389/389 470/470 468/468
f 286/286 298/298 297/297
f 286/286 297/297 284/284
f 332/332 257/257 258/258
f 332/332 258/258 269/269
f 356/356 355/355 460/460
f 356/356 460/460 458/458
f 288/288 300/300 299/299
f 288/288 299/299 346/346
f 448/448 449/449 438/438
f 448/448 438/438 436/436
f 409/409 408/408 415/415
f 409/409 415/415 413/413
f 274/274 255/255 256/256
f 274/274 256/256 272/272
f 445/445 446/446 434/434
f 445/445 434/434 432/432
f 340/340 291/291 251/251
f 340/340 251/251 276/276
f 336/336 253/253 254/254
f 336/336 254/254 334/334
f 344/344 293/293 292/292
f 344/344 292/292 342/342
f 404/404 403/403 422/422
f 404/404 422/422 420/420
f 280/280 295/295 294/294
f 280/280 294/294 278/278
f 355/355 354/354 462/462
f 355/355 462/462 460/460
f 395/395 396/396 382/382
f 395/395 382/382 380/380
f 357/357 356/356 458/458
f 357/357 458/458 365/365
f 393/393 394/394 474/474
f 393/393 474/474 378/378
f 354/354 353/353 464/464
f 354/354 464/464 462/462
f 396/396 397/397 384/384
f 396/396 384/384 382/382
f 496/496 450/450 410/410
f 496/496 410/410 478/478
f 439/439 440/440 490/490
f 439/439 490/490 488/488
f 444/444 445/445 432/432
f 444/444 432/432 430/430
f 408/408 407/407 418/418
f 408/408 418/418 415/415
f 441/441 442/442 426/426
f 441/441 426/426 492/492
f 446/446 447/447 494/494
f 446/446 494/494 434/434
f 478/478 410/410 411/411
f 478/478 411/411 476/476
f 325/325 229/229 1989/1989
f 379/379 381/381 1991/1991
f 991/991 989/989 995/995
f 991/991 995/995 993/993
f 574/574 572/572 579/579
f 572/572 570/570 579/579
f 570/570 568/568 579/579
f 568/568 566/566 579/579
f 566/566 564/564 579/579
f 564/564 562/562 579/579
f 500/500 652/652 634/634
f 500/500 634/634 498/498
f 536/536 534/534 580/580
f 538/538 536/536 580/580
f 540/540 538/538 580/580
f 542/542 540/540 580/580
f 544/544 542/542 580/580
f 546/546 544/544 580/580
f 548/548 546/546 580/580
f 706/706 708/708 714/714
f 706/706 714/714 716/716
f 558/558 556/556 554/554
f 558/558 554/554 552/552
f 977/977 975/975 965/965
f 977/977 965/965 963/963
f 870/870 868/868 826/826
f 870/870 826/826 904/904
f 958/958 960/960 920/920
f 958/958 920/920 1004/1004
f 679/679 730/730 727/727
f 679/679 727/727 805/805
f 677/677 725/725 723/723
f 677/677 723/723 675/675
f 920/920 960/960 962/962
f 920/920 962/962 922/922
f 791/791 657/657 693/693
f 791/791 693/693 691/691
f 810/810 844/844 842/842
f 810/810 842/842 894/894
f 717/717 715/715 801/801
f 717/717 801/801 803/803
f 962/962 964/964 923/923
f 962/962 923/923 922/922
f 683/683 733/733 731/731
f 683/683 731/731 681/681
f 575/575 577/577 527/527
f 575/575 527/527 525/525
f 1012/1012 978/978 979/979
f 1012/1012 979/979 932/932
f 914/914 948/948 950/950
f 914/914 950/950 916/916
f 655/655 791/791 691/691
f 655/655 691/691 689/689
f 828/828 830/830 877/877
f 828/828 877/877 875/875
f 797/797 707/707 705/705
f 797/797 705/705 665/665
f 1000/1000 952/952 954/954
f 1000/1000 954/954 918/918
f 830/830 831/831 880/880
f 830/830 880/880 877/877
f 667/667 709/709 707/707
f 667/667 707/707 797/797
f 657/657 793/793 695/695
f 657/657 695/695 693/693
f 906/906 872/872 870/870
f 906/906 870/870 904/904
f 927/927 970/970 972/972
f 927/927 972/972 930/930
f 795/795 697/697 695/695
f 795/795 695/695 793/793
f 833/833 909/909 884/884
f 833/833 884/884 882/882
f 583/583 589/589 616/616
f 585/585 591/591 584/584
f 1019/1019 1020/1020 1021/1021
f 1019/1019 1021/1021 1052/1052
f 772/772 742/742 744/744
f 772/772 744/744 737/737
f 1080/1080 1077/1077 1071/1071
f 1080/1080 1071/1071 1072/1072
f 1031/1031 1027/1027 1026/1026
f 1031/1031 1026/1026 1030/1030
f 1086/1086 1106/1106 1081/1081
f 1086/1086 1081/1081 1084/1084
f 1033/1033 1054/1054 1049/1049
f 1033/1033 1049/1049 1035/1035
f 756/756 769/769 776/776
f 756/756 776/776 758/758
f 758/758 776/776 778/778
f 758/758 778/778 760/760
f 760/760 778/778 780/780
f 760/760 780/780 762/762
f 1114/1114 1112/1112 1094/1094
f 1114/1114 1094/1094 1096/1096
f 1039/1039 1058/1058 1061/1061
f 1039/1039 1061/1061 1041/1041
f 766/766 784/784 786/786
f 766/766 786/786 768/768
f 588/588 592/592 586/586
f 747/747 751/751 771/771
f 747/747 771/771 743/743
f 598/598 596/596 615/615
f 600/600 598/598 615/615
f 602/602 600/600 615/615
f 604/604 602/602 615/615
f 606/606 604/604 615/615
f 608/608 606/606 615/615
f 610/610 608/608 615/615
f 612/612 610/610 615/615
f 617/617 590/590 582/582
f 1078/1078 1082/1082 1120/1120
f 1078/1078 1120/1120 1070/1070
f 619/619 632/632 594/594
f 614/614 632/632 619/619
f 621/621 632/632 614/614
f 623/623 632/632 621/621
f 625/625 632/632 623/623
f 627/627 632/632 625/625
f 629/629 632/632 627/627
f 631/631 632/632 629/629
f 576/576 574/574 579/579
f 576/576 579/579 578/578
f 524/524 651/651 649/649
f 649/649 651/651 522/522
f 522/522 651/651 520/520
f 520/520 651/651 518/518
f 518/518 651/651 516/516
f 516/516 651/651 648/648
f 915/915 1016/1016 997/997
f 915/915 997/997 913/913
f 636/636 652/652 500/500
f 502/502 652/652 636/636
f 637/637 652/652 502/502
f 640/640 652/652 637/637
f 504/504 652/652 640/640
f 506/506 652/652 504/504
f 508/508 652/652 506/506
f 644/644 642/642 512/512
f 644/644 512/512 514/514
f 903/903 825/825 824/824
f 903/903 824/824 902/902
f 682/682 680/680 807/807
f 682/682 807/807 684/684
f 729/729 735/735 728/728
f 728/728 735/735 726/726
f 726/726 735/735 724/724
f 724/724 735/735 722/722
f 722/722 735/735 720/720
f 720/720 735/735 718/718
f 534/534 532/532 530/530
f 534/534 530/530 580/580
f 692/692 736/736 690/690
f 694/694 736/736 692/692
f 696/696 736/736 694/694
f 698/698 736/736 696/696
f 700/700 736/736 698/698
f 702/702 736/736 700/700
f 704/704 736/736 702/702
f 708/708 710/710 712/712
f 708/708 712/712 714/714
f 800/800 670/670 668/668
f 800/800 668/668 798/798
f 513/513 555/555 557/557
f 513/513 557/557 643/643
f 541/541 543/543 503/503
f 541/541 503/503 639/639
f 988/988 990/990 939/939
f 988/988 939/939 1013/1013
f 645/645 643/643 557/557
f 645/645 557/557 559/559
f 503/503 543/543 545/545
f 503/503 545/545 505/505
f 837/837 888/888 886/886
f 837/837 886/886 835/835
f 529/529 531/531 497/497
f 529/529 497/497 633/633
f 874/874 872/872 906/906
f 874/874 906/906 908/908
f 545/545 547/547 507/507
f 545/545 507/507 505/505
f 992/992 994/994 943/943
f 992/992 943/943 941/941
f 810/810 812/812 846/846
f 810/810 846/846 844/844
f 647/647 561/561 563/563
f 647/647 563/563 515/515
f 923/923 964/964 966/966
f 923/923 966/966 925/925
f 812/812 896/896 848/848
f 812/812 848/848 846/846
f 515/515 563/563 565/565
f 515/515 565/565 517/517
f 1005/1005 925/925 966/966
f 1005/1005 966/966 968/968
f 635/635 535/535 537/537
f 635/635 537/537 501/501
f 517/517 565/565 567/567
f 517/517 567/567 519/519
f 823/823 866/866 864/864
f 823/823 864/864 901/901
f 918/918 954/954 956/956
f 918/918 956/956 1002/1002
f 567/567 569/569 521/521
f 567/567 521/521 519/519
f 653/653 688/688 685/685
f 653/653 685/685 789/789
f 956/956 958/958 1004/1004
f 956/956 1004/1004 1002/1002
f 521/521 569/569 571/571
f 521/521 571/571 650/650
f 739/739 772/772 746/746
f 742/742 740/740 748/748
f 788/788 750/750 745/745
f 788/788 745/745 738/738
f 1052/1052 1021/1021 1023/1023
f 1052/1052 1023/1023 1017/1017
f 1019/1019 1026/1026 1027/1027
f 1019/1019 1027/1027 1020/1020
f 589/589 591/591 595/595
f 589/589 595/595 593/593
f 597/597 618/618 593/593
f 597/597 593/593 595/595
f 613/613 618/618 597/597
f 613/613 597/597 599/599
f 1037/1037 1056/1056 1058/1058
f 1037/1037 1058/1058 1039/1039
f 1110/1110 1108/1108 1090/1090
f 1110/1110 1090/1090 1092/1092
f 739/739 746/746 748/748
f 739/739 748/748 740/740
f 1041/1041 1061/1061 1063/1063
f 1041/1041 1063/1063 1043/1043
f 628/628 626/626 607/607
f 628/628 607/607 609/609
f 1118/1118 1116/1116 1098/1098
f 1118/1118 1098/1098 1100/1100
f 743/743 741/741 747/747
f 1028/1028 1032/1032 1051/1051
f 1028/1028 1051/1051 1024/1024
f 753/753 771/771 751/751
f 755/755 771/771 753/753
f 757/757 771/771 755/755
f 759/759 771/771 757/757
f 761/761 771/771 759/759
f 763/763 771/771 761/761
f 765/765 771/771 763/763
f 767/767 771/771 765/765
f 773/773 738/738 745/745
f 590/590 594/594 632/632
f 590/590 632/632 582/582
f 775/775 750/750 788/788
f 770/770 775/775 788/788
f 777/777 770/770 788/788
f 779/779 777/777 788/788
f 781/781 779/779 788/788
f 783/783 781/781 788/788
f 785/785 783/783 788/788
f 787/787 785/785 788/788
f 651/651 524/524 526/526
f 651/651 526/526 528/528
f 680/680 806/806 807/807
f 806/806 678/678 807/807
f 678/678 676/676 807/807
f 676/676 674/674 807/807
f 674/674 672/672 807/807
f 672/672 804/804 807/807
f 690/690 736/736 686/686
f 690/690 686/686 687/687
f 792/792 656/656 808/808
f 658/658 792/792 808/808
f 794/794 658/658 808/808
f 796/796 794/794 808/808
f 660/660 796/796 808/808
f 662/662 660/660 808/808
f 664/664 662/662 808/808
f 802/802 800/800 798/798
f 802/802 798/798 666/666
f 804/804 664/664 808/808
f 804/804 808/808 807/807
f 924/924 926/926 1009/1009
f 924/924 1009/1009 1011/1011
f 838/838 836/836 911/911
f 838/838 911/911 840/840
f 885/885 891/891 883/883
f 883/883 891/891 881/881
f 881/881 891/891 879/879
f 879/879 891/891 878/878
f 878/878 891/891 876/876
f 876/876 891/891 873/873
f 811/811 809/809 893/893
f 811/811 893/893 912/912
f 847/847 892/892 845/845
f 849/849 892/892 847/847
f 851/851 892/892 849/849
f 853/853 892/892 851/851
f 855/855 892/892 853/853
f 857/857 892/892 855/855
f 859/859 892/892 857/857
f 652/652 508/508 648/648
f 652/652 648/648 651/651
f 907/907 820/820 912/912
f 907/907 912/912 911/911
f 930/930 972/972 974/974
f 930/930 974/974 1008/1008
f 803/803 671/671 719/719
f 803/803 719/719 717/717
f 677/677 805/805 727/727
f 677/677 727/727 725/725
f 1010/1010 1008/1008 974/974
f 1010/1010 974/974 976/976
f 645/645 559/559 561/561
f 645/645 561/561 647/647
f 990/990 992/992 941/941
f 990/990 941/941 939/939
f 946/946 948/948 914/914
f 946/946 914/914 998/998
f 1010/1010 976/976 978/978
f 1010/1010 978/978 1012/1012
f 641/641 509/509 549/549
f 641/641 549/549 551/551
f 539/539 541/541 639/639
f 539/539 639/639 638/638
f 497/497 531/531 533/533
f 497/497 533/533 499/499
f 511/511 641/641 551/551
f 511/511 551/551 553/553
f 507/507 547/547 549/549
f 507/507 549/549 509/509
f 916/916 950/950 952/952
f 916/916 952/952 1000/1000
f 932/932 979/979 981/981
f 932/932 981/981 934/934
f 499/499 533/533 535/535
f 499/499 535/535 635/635
f 501/501 537/537 539/539
f 501/501 539/539 638/638
f 934/934 981/981 984/984
f 934/934 984/984 935/935
f 927/927 1005/1005 968/968
f 927/927 968/968 970/970
f 801/801 715/715 713/713
f 801/801 713/713 799/799
f 713/713 711/711 669/669
f 713/713 669/669 799/799
f 711/711 709/709 667/667
f 711/711 667/667 669/669
f 659/659 661/661 701/701
f 659/659 701/701 699/699
f 937/937 986/986 988/988
f 937/937 988/988 1013/1013
f 1015/1015 940/940 942/942
f 1015/1015 942/942 944/944
f 836/836 910/910 911/911
f 910/910 834/834 911/911
f 834/834 832/832 911/911
f 832/832 829/829 911/911
f 829/829 827/827 911/911
f 827/827 907/907 911/911
f 861/861 863/863 869/869
f 861/861 869/869 871/871
f 895/895 811/811 912/912
f 813/813 895/895 912/912
f 897/897 813/813 912/912
f 899/899 897/897 912/912
f 815/815 899/899 912/912
f 817/817 815/815 912/912
f 820/820 817/817 912/912
f 1016/1016 924/924 1011/1011
f 1016/1016 1011/1011 1015/1015
f 510/510 642/642 644/644
f 510/510 644/644 646/646
f 892/892 859/859 873/873
f 892/892 873/873 891/891
f 891/891 885/885 887/887
f 891/891 887/887 889/889
f 989/989 987/987 995/995
f 987/987 985/985 995/995
f 985/985 983/983 995/995
f 983/983 982/982 995/995
f 982/982 980/980 995/995
f 980/980 977/977 995/995
f 845/845 892/892 841/841
f 845/845 841/841 843/843
f 951/951 949/949 996/996
f 953/953 951/951 996/996
f 955/955 953/953 996/996
f 957/957 955/955 996/996
f 959/959 957/957 996/996
f 961/961 959/959 996/996
f 963/963 961/961 996/996
f 508/508 510/510 646/646
f 508/508 646/646 648/648
f 562/562 560/560 550/550
f 562/562 550/550 548/548
f 736/736 704/704 718/718
f 736/736 718/718 735/735
f 571/571 573/573 523/523
f 571/571 523/523 650/650
f 816/816 856/856 854/854
f 816/816 854/854 900/900
f 835/835 886/886 884/884
f 835/835 884/884 909/909
f 984/984 986/986 937/937
f 984/984 937/937 935/935
f 816/816 818/818 858/858
f 816/816 858/858 856/856
f 573/573 575/575 525/525
f 573/573 525/525 523/523
f 705/705 703/703 663/663
f 705/705 663/663 665/665
f 663/663 703/703 701/701
f 663/663 701/701 661/661
f 819/819 860/860 858/858
f 819/819 858/858 818/818
f 839/839 890/890 888/888
f 839/839 888/888 837/837
f 653/653 655/655 689/689
f 653/653 689/689 688/688
f 908/908 828/828 875/875
f 908/908 875/875 874/874
f 862/862 860/860 819/819
f 862/862 819/819 821/821
f 673/673 675/675 723/723
f 673/673 723/723 721/721
f 659/659 699/699 697/697
f 659/659 697/697 795/795
f 901/901 864/864 862/862
f 901/901 862/862 821/821
f 896/896 814/814 850/850
f 896/896 850/850 848/848
f 681/681 731/731 730/730
f 681/681 730/730 679/679
f 735/735 729/729 732/732
f 735/735 732/732 734/734
f 814/814 898/898 852/852
f 814/814 852/852 850/850
f 833/833 882/882 880/880
f 833/833 880/880 831/831
f 868/868 866/866 823/823
f 868/868 823/823 826/826
f 900/900 854/854 852/852
f 900/900 852/852 898/898
f 671/671 673/673 721/721
f 671/671 721/721 719/719
f 656/656 654/654 790/790
f 656/656 790/790 808/808
f 940/940 1015/1015 1014/1014
f 1014/1014 1015/1015 938/938
f 938/938 1015/1015 936/936
f 936/936 1015/1015 933/933
f 933/933 1015/1015 931/931
f 931/931 1015/1015 1011/1011
f 949/949 947/947 945/945
f 949/949 945/945 996/996
f 999/999 1016/1016 915/915
f 917/917 1016/1016 999/999
f 1001/1001 1016/1016 917/917
f 1003/1003 1016/1016 1001/1001
f 919/919 1016/1016 1003/1003
f 921/921 1016/1016 919/919
f 924/924 1016/1016 921/921
f 560/560 558/558 552/552
f 560/560 552/552 550/550
f 704/704 706/706 716/716
f 704/704 716/716 718/718
f 1019/1019 1052/1052 1026/1026
f 1021/1021 1020/1020 1027/1027
f 1074/1074 1072/1072 1071/1071
f 1074/1074 1071/1071 1104/1104
f 1076/1076 1074/1074 1104/1104
f 1076/1076 1104/1104 1069/1069
f 591/591 589/589 583/583
f 591/591 583/583 584/584
f 587/587 585/585 616/616
f 587/587 616/616 581/581
f 754/754 774/774 769/769
f 754/754 769/769 756/756
f 1101/1101 1106/1106 1086/1086
f 1101/1101 1086/1086 1088/1088
f 1108/1108 1101/1101 1088/1088
f 1108/1108 1088/1088 1090/1090
f 622/622 620/620 601/601
f 622/622 601/601 603/603
f 1112/1112 1110/1110 1092/1092
f 1112/1112 1092/1092 1094/1094
f 585/585 584/584 583/583
f 585/585 583/583 616/616
f 1116/1116 1114/1114 1096/1096
f 1116/1116 1096/1096 1098/1098
f 630/630 628/628 609/609
f 630/630 609/609 611/611
f 1024/1024 1022/1022 1028/1028
f 1103/1103 1083/1083 1079/1079
f 1103/1103 1079/1079 1075/1075
f 1034/1034 1051/1051 1032/1032
f 1036/1036 1051/1051 1034/1034
f 1038/1038 1051/1051 1036/1036
f 1040/1040 1051/1051 1038/1038
f 1042/1042 1051/1051 1040/1040
f 1044/1044 1051/1051 1042/1042
f 1046/1046 1051/1051 1044/1044
f 1048/1048 1051/1051 1046/1046
f 1053/1053 1018/1018 1025/1025
f 615/615 596/596 592/592
f 615/615 592/592 588/588
f 1055/1055 1029/1029 1068/1068
f 1050/1050 1055/1055 1068/1068
f 1057/1057 1050/1050 1068/1068
f 1059/1059 1057/1057 1068/1068
f 1060/1060 1059/1059 1068/1068
f 1062/1062 1060/1060 1068/1068
f 1064/1064 1062/1062 1068/1068
f 1066/1066 1064/1064 1068/1068
f 1071/1071 1077/1077 1104/1104
f 1074/1074 1080/1080 1072/1072
f 739/739 740/740 742/742
f 739/739 742/742 772/772
f 754/754 752/752 749/749
f 754/754 749/749 774/774
f 626/626 624/624 605/605
f 626/626 605/605 607/607
f 752/752 748/748 746/746
f 752/752 746/746 749/749
f 1033/1033 1031/1031 1030/1030
f 1033/1033 1030/1030 1054/1054
f 1035/1035 1049/1049 1056/1056
f 1035/1035 1056/1056 1037/1037
f 620/620 613/613 599/599
f 620/620 599/599 601/601
f 1043/1043 1063/1063 1065/1065
f 1043/1043 1065/1065 1045/1045
f 624/624 622/622 603/603
f 624/624 603/603 605/605
f 762/762 780/780 782/782
f 762/762 782/782 764/764
f 764/764 782/782 784/784
f 764/764 784/784 766/766
f 1077/1077 1080/1080 1084/1084
f 1077/1077 1084/1084 1081/1081
f 1075/1075 1079/1079 1073/1073
f 1085/1085 1083/1083 1103/1103
f 1087/1087 1085/1085 1103/1103
f 1089/1089 1087/1087 1103/1103
f 1091/1091 1089/1089 1103/1103
f 1093/1093 1091/1091 1103/1103
f 1095/1095 1093/1093 1103/1103
f 1097/1097 1095/1095 1103/1103
f 1099/1099 1097/1097 1103/1103
f 1105/1105 1078/1078 1070/1070
f 1068/1068 1029/1029 1025/1025
f 1068/1068 1025/1025 1018/1018
f 1107/1107 1120/1120 1082/1082
f 1102/1102 1120/1120 1107/1107
f 1109/1109 1120/1120 1102/1102
f 1111/1111 1120/1120 1109/1109
f 1113/1113 1120/1120 1111/1111
f 1115/1115 1120/1120 1113/1113
f 1117/1117 1120/1120 1115/1115
f 1119/1119 1120/1120 1117/1117
f 1434/1434 1435/1435 1442/1442
f 1434/1434 1442/1442 1441/1441
f 1557/1557 1564/1564 1563/1563
f 1557/1557 1563/1563 1556/1556
f 1829/1829 1830/1830 1823/1823
f 1829/1829 1823/1823 1822/1822
f 1778/1778 1785/1785 1779/1779
f 1778/1778 1779/1779 1772/1772
f 1781/1781 1782/1782 1775/1775
f 1781/1781 1775/1775 1774/1774
f 1782/1782 1783/1783 1776/1776
f 1782/1782 1776/1776 1775/1775
f 1149/1149 1156/1156 1157/1157
f 1149/1149 1157/1157 1150/1150
f 1243/1243 1250/1250 1249/1249
f 1243/1243 1249/1249 1242/1242
f 1137/1137 1138/1138 1131/1131
f 1137/1137 1131/1131 1130/1130
f 1134/1134 1135/1135 1128/1128
f 1138/1138 1132/1132 1131/1131
f 1241/1241 1242/1242 1249/1249
f 1241/1241 1249/1249 1248/1248
f 1349/1349 1356/1356 1362/1362
f 1349/1349 1362/1362 1355/1355
f 1244/1244 1251/1251 1250/1250
f 1244/1244 1250/1250 1243/1243
f 1270/1270 1277/1277 1276/1276
f 1270/1270 1276/1276 1269/1269
f 1358/1358 1365/1365 1364/1364
f 1358/1358 1364/1364 1357/1357
f 1355/1355 1362/1362 1361/1361
f 1355/1355 1361/1361 1354/1354
f 1352/1352 1353/1353 1360/1360
f 1352/1352 1360/1360 1359/1359
f 1365/1365 1372/1372 1371/1371
f 1365/1365 1371/1371 1364/1364
f 1480/1480 1481/1481 1474/1474
f 1480/1480 1474/1474 1473/1473
f 1359/1359 1360/1360 1367/1367
f 1359/1359 1367/1367 1366/1366
f 1365/1365 1358/1358 1359/1359
f 1365/1365 1359/1359 1366/1366
f 1205/1205 1206/1206 1199/1199
f 1205/1205 1199/1199 1198/1198
f 1361/1361 1368/1368 1367/1367
f 1361/1361 1367/1367 1360/1360
f 1373/1373 1379/1379 1372/1372
f 1373/1373 1372/1372 1366/1366
f 1810/1810 1811/1811 1804/1804
f 1810/1810 1804/1804 1803/1803
f 1368/1368 1375/1375 1374/1374
f 1368/1368 1374/1374 1367/1367
f 1372/1372 1379/1379 1378/1378
f 1372/1372 1378/1378 1371/1371
f 1704/1704 1705/1705 1698/1698
f 1704/1704 1698/1698 1697/1697
f 1366/1366 1367/1367 1374/1374
f 1366/1366 1374/1374 1373/1373
f 1497/1497 1498/1498 1491/1491
f 1497/1497 1491/1491 1490/1490
f 1593/1593 1600/1600 1599/1599
f 1593/1593 1599/1599 1592/1592
f 1373/1373 1374/1374 1381/1381
f 1373/1373 1381/1381 1380/1380
f 1275/1275 1281/1281 1274/1274
f 1275/1275 1274/1274 1268/1268
f 1377/1377 1384/1384 1383/1383
f 1377/1377 1383/1383 1376/1376
f 1900/1900 1907/1907 1906/1906
f 1900/1900 1906/1906 1899/1899
f 1601/1601 1608/1608 1607/1607
f 1601/1601 1607/1607 1600/1600
f 1382/1382 1389/1389 1388/1388
f 1382/1382 1388/1388 1381/1381
f 1955/1955 1956/1956 1963/1963
f 1955/1955 1963/1963 1962/1962
f 1501/1501 1502/1502 1495/1495
f 1501/1501 1495/1495 1494/1494
f 1380/1380 1381/1381 1388/1388
f 1380/1380 1388/1388 1387/1387
f 1282/1282 1288/1288 1281/1281
f 1282/1282 1281/1281 1275/1275
f 1508/1508 1509/1509 1502/1502
f 1508/1508 1502/1502 1501/1501
f 1716/1716 1723/1723 1724/1724
f 1716/1716 1724/1724 1717/1717
f 1827/1827 1834/1834 1828/1828
f 1827/1827 1828/1828 1821/1821
f 1726/1726 1727/1727 1720/1720
f 1726/1726 1720/1720 1719/1719
f 1389/1389 1396/1396 1395/1395
f 1389/1389 1395/1395 1388/1388
f 1393/1393 1400/1400 1399/1399
f 1393/1393 1399/1399 1392/1392
f 1386/1386 1393/1393 1392/1392
f 1386/1386 1392/1392 1385/1385
f 1400/1400 1407/1407 1406/1406
f 1400/1400 1406/1406 1399/1399
f 1292/1292 1299/1299 1298/1298
f 1292/1292 1298/1298 1291/1291
f 1394/1394 1395/1395 1402/1402
f 1394/1394 1402/1402 1401/1401
f 1401/1401 1407/1407 1400/1400
f 1401/1401 1400/1400 1394/1394
f 1398/1398 1405/1405 1404/1404
f 1398/1398 1404/1404 1397/1397
f 1401/1401 1402/1402 1409/1409
f 1401/1401 1409/1409 1408/1408
f 1408/1408 1414/1414 1407/1407
f 1408/1408 1407/1407 1401/1401
f 1951/1951 1958/1958 1957/1957
f 1951/1951 1957/1957 1950/1950
f 1403/1403 1410/1410 1409/1409
f 1403/1403 1409/1409 1402/1402
f 1742/1742 1743/1743 1736/1736
f 1742/1742 1736/1736 1735/1735
f 1404/1404 1411/1411 1410/1410
f 1404/1404 1410/1410 1403/1403
f 1847/1847 1854/1854 1855/1855
f 1847/1847 1855/1855 1848/1848
f 1844/1844 1851/1851 1852/1852
f 1844/1844 1852/1852 1845/1845
f 1409/1409 1416/1416 1415/1415
f 1409/1409 1415/1415 1408/1408
f 1408/1408 1415/1415 1421/1421
f 1408/1408 1421/1421 1414/1414
f 1897/1897 1904/1904 1903/1903
f 1897/1897 1903/1903 1896/1896
f 1409/1409 1410/1410 1417/1417
f 1409/1409 1417/1417 1416/1416
f 1232/1232 1337/1337 1331/1331
f 1232/1232 1331/1331 1226/1226
f 1416/1416 1423/1423 1422/1422
f 1416/1416 1422/1422 1415/1415
f 1849/1849 1855/1855 1862/1862
f 1849/1849 1862/1862 1856/1856
f 1852/1852 1859/1859 1860/1860
f 1852/1852 1860/1860 1853/1853
f 1962/1962 1963/1963 1970/1970
f 1962/1962 1970/1970 1969/1969
f 1966/1966 1967/1967 1974/1974
f 1966/1966 1974/1974 1973/1973
f 1423/1423 1424/1424 1431/1431
f 1423/1423 1431/1431 1430/1430
f 1973/1973 1974/1974 1981/1981
f 1973/1973 1981/1981 1980/1980
f 1207/1207 1215/1215 1208/1208
f 1212/1212 1206/1206 1205/1205
f 1639/1639 1646/1646 1652/1652
f 1639/1639 1652/1652 1645/1645
f 1425/1425 1426/1426 1433/1433
f 1425/1425 1433/1433 1432/1432
f 1318/1318 1325/1325 1331/1331
f 1318/1318 1331/1331 1324/1324
f 1247/1247 1253/1253 1246/1246
f 1247/1247 1246/1246 1240/1240
f 1649/1649 1650/1650 1657/1657
f 1649/1649 1657/1657 1656/1656
f 1384/1384 1391/1391 1390/1390
f 1384/1384 1390/1390 1383/1383
f 1980/1980 1981/1981 1988/1988
f 1980/1980 1988/1988 1987/1987
f 1864/1864 1857/1857 1863/1863
f 1864/1864 1863/1863 1870/1870
f 1150/1150 1151/1151 1144/1144
f 1150/1150 1144/1144 1143/1143
f 1438/1438 1439/1439 1446/1446
f 1438/1438 1446/1446 1445/1445
f 1437/1437 1444/1444 1443/1443
f 1437/1437 1443/1443 1436/1436
f 1436/1436 1443/1443 1449/1449
f 1436/1436 1449/1449 1442/1442
f 1439/1439 1440/1440 1447/1447
f 1439/1439 1447/1447 1446/1446
f 1879/1879 1878/1878 1983/1983
f 1879/1879 1983/1983 1984/1984
f 1772/1772 1779/1779 1780/1780
f 1772/1772 1780/1780 1773/1773
f 1886/1886 1893/1893 1892/1892
f 1886/1886 1892/1892 1885/1885
f 1462/1462 1463/1463 1456/1456
f 1462/1462 1456/1456 1455/1455
f 1459/1459 1460/1460 1453/1453
f 1459/1459 1453/1453 1452/1452
f 1667/1667 1674/1674 1675/1675
f 1667/1667 1675/1675 1668/1668
f 1673/1673 1680/1680 1674/1674
f 1673/1673 1674/1674 1667/1667
f 1351/1351 1358/1358 1357/1357
f 1351/1351 1357/1357 1350/1350
f 1466/1466 1467/1467 1460/1460
f 1466/1466 1460/1460 1459/1459
f 1128/1128 1135/1135 1136/1136
f 1128/1128 1136/1136 1129/1129
f 1898/1898 1904/1904 1897/1897
f 1898/1898 1897/1897 1891/1891
f 1684/1684 1685/1685 1678/1678
f 1684/1684 1678/1678 1677/1677
f 1387/1387 1388/1388 1395/1395
f 1387/1387 1395/1395 1394/1394
f 1470/1470 1477/1477 1471/1471
f 1470/1470 1471/1471 1464/1464
f 1254/1254 1260/1260 1253/1253
f 1254/1254 1253/1253 1247/1247
f 1472/1472 1473/1473 1466/1466
f 1472/1472 1466/1466 1465/1465
f 1884/1884 1885/1885 1892/1892
f 1884/1884 1892/1892 1891/1891
f 1474/1474 1475/1475 1468/1468
f 1474/1474 1468/1468 1467/1467
f 1898/1898 1899/1899 1906/1906
f 1898/1898 1906/1906 1905/1905
f 1154/1154 1155/1155 1148/1148
f 1154/1154 1148/1148 1147/1147
f 1383/1383 1390/1390 1389/1389
f 1383/1383 1389/1389 1382/1382
f 1471/1471 1478/1478 1479/1479
f 1471/1471 1479/1479 1472/1472
f 1912/1912 1918/1918 1911/1911
f 1912/1912 1911/1911 1905/1905
f 1909/1909 1916/1916 1915/1915
f 1909/1909 1915/1915 1908/1908
f 1907/1907 1914/1914 1913/1913
f 1907/1907 1913/1913 1906/1906
f 1155/1155 1162/1162 1156/1156
f 1155/1155 1156/1156 1149/1149
f 1916/1916 1923/1923 1922/1922
f 1916/1916 1922/1922 1915/1915
f 1914/1914 1921/1921 1920/1920
f 1914/1914 1920/1920 1913/1913
f 1707/1707 1708/1708 1701/1701
f 1707/1707 1701/1701 1700/1700
f 1915/1915 1922/1922 1921/1921
f 1915/1915 1921/1921 1914/1914
f 1478/1478 1485/1485 1486/1486
f 1478/1478 1486/1486 1479/1479
f 1819/1819 1820/1820 1813/1813
f 1819/1819 1813/1813 1812/1812
f 1376/1376 1383/1383 1382/1382
f 1376/1376 1382/1382 1375/1375
f 1702/1702 1709/1709 1710/1710
f 1702/1702 1710/1710 1703/1703
f 1491/1491 1498/1498 1492/1492
f 1491/1491 1492/1492 1485/1485
f 1817/1817 1818/1818 1811/1811
f 1817/1817 1811/1811 1810/1810
f 1921/1921 1928/1928 1927/1927
f 1921/1921 1927/1927 1920/1920
f 1930/1930 1937/1937 1936/1936
f 1930/1930 1936/1936 1929/1929
f 1599/1599 1606/1606 1605/1605
f 1599/1599 1605/1605 1598/1598
f 1932/1932 1939/1939 1938/1938
f 1932/1932 1938/1938 1931/1931
f 1823/1823 1824/1824 1817/1817
f 1823/1823 1817/1817 1816/1816
f 1709/1709 1716/1716 1717/1717
f 1709/1709 1717/1717 1710/1710
f 1933/1933 1939/1939 1932/1932
f 1933/1933 1932/1932 1926/1926
f 1940/1940 1946/1946 1939/1939
f 1940/1940 1939/1939 1933/1933
f 1821/1821 1828/1828 1829/1829
f 1821/1821 1829/1829 1822/1822
f 1394/1394 1400/1400 1393/1393
f 1394/1394 1393/1393 1387/1387
f 1194/1194 1195/1195 1188/1188
f 1194/1194 1188/1188 1187/1187
f 1610/1610 1617/1617 1616/1616
f 1610/1610 1616/1616 1609/1609
f 1728/1728 1729/1729 1722/1722
f 1728/1728 1722/1722 1721/1721
f 1942/1942 1949/1949 1948/1948
f 1942/1942 1948/1948 1941/1941
f 1946/1946 1953/1953 1952/1952
f 1946/1946 1952/1952 1945/1945
f 1732/1732 1733/1733 1726/1726
f 1732/1732 1726/1726 1725/1725
f 1723/1723 1730/1730 1731/1731
f 1723/1723 1731/1731 1724/1724
f 1729/1729 1736/1736 1730/1730
f 1729/1729 1730/1730 1723/1723
f 1944/1944 1951/1951 1950/1950
f 1944/1944 1950/1950 1943/1943
f 1513/1513 1520/1520 1521/1521
f 1513/1513 1521/1521 1514/1514
f 1736/1736 1743/1743 1737/1737
f 1736/1736 1737/1737 1730/1730
f 1622/1622 1629/1629 1628/1628
f 1622/1622 1628/1628 1621/1621
f 1949/1949 1956/1956 1955/1955
f 1949/1949 1955/1955 1948/1948
f 1847/1847 1848/1848 1841/1841
f 1847/1847 1841/1841 1840/1840
f 1739/1739 1740/1740 1733/1733
f 1739/1739 1733/1733 1732/1732
f 1525/1525 1532/1532 1533/1533
f 1525/1525 1533/1533 1526/1526
f 1410/1410 1411/1411 1418/1418
f 1410/1410 1418/1418 1417/1417
f 1955/1955 1962/1962 1961/1961
f 1955/1955 1961/1961 1954/1954
f 1954/1954 1961/1961 1967/1967
f 1954/1954 1967/1967 1960/1960
f 1845/1845 1852/1852 1853/1853
f 1845/1845 1853/1853 1846/1846
f 1738/1738 1745/1745 1746/1746
f 1738/1738 1746/1746 1739/1739
f 1851/1851 1858/1858 1859/1859
f 1851/1851 1859/1859 1852/1852
f 1534/1534 1535/1535 1528/1528
f 1534/1534 1528/1528 1527/1527
f 1198/1198 1204/1204 1211/1211
f 1198/1198 1211/1211 1205/1205
f 1310/1310 1317/1317 1323/1323
f 1310/1310 1323/1323 1316/1316
f 1745/1745 1752/1752 1753/1753
f 1745/1745 1753/1753 1746/1746
f 1617/1617 1624/1624 1623/1623
f 1617/1617 1623/1623 1616/1616
f 1206/1206 1213/1213 1214/1214
f 1206/1206 1214/1214 1207/1207
f 1861/1861 1868/1868 1869/1869
f 1861/1861 1869/1869 1862/1862
f 1207/1207 1214/1214 1222/1222
f 1207/1207 1222/1222 1215/1215
f 1318/1318 1324/1324 1317/1317
f 1534/1534 1540/1540 1547/1547
f 1534/1534 1547/1547 1541/1541
f 1422/1422 1429/1429 1435/1435
f 1422/1422 1435/1435 1428/1428
f 1759/1759 1752/1752 1758/1758
f 1759/1759 1758/1758 1765/1765
f 1859/1859 1866/1866 1867/1867
f 1859/1859 1867/1867 1860/1860
f 1761/1761 1768/1768 1769/1769
f 1761/1761 1769/1769 1762/1762
f 1542/1542 1549/1549 1550/1550
f 1542/1542 1550/1550 1543/1543
f 1346/1346 1347/1347 1354/1354
f 1346/1346 1354/1354 1353/1353
f 1326/1326 1334/1334 1333/1333
f 1766/1766 1765/1765 1660/1660
f 1766/1766 1660/1660 1661/1661
f 1666/1666 1660/1660 1765/1765
f 1666/1666 1765/1765 1771/1771
f 1883/1883 1882/1882 1987/1987
f 1883/1883 1987/1987 1988/1988
f 1447/1447 1552/1552 1551/1551
f 1447/1447 1551/1551 1446/1446
f 1446/1446 1551/1551 1550/1550
f 1446/1446 1550/1550 1445/1445
f 1220/1220 1227/1227 1228/1228
f 1220/1220 1228/1228 1221/1221
f 1131/1131 1132/1132 1125/1125
f 1131/1131 1125/1125 1124/1124
f 1780/1780 1781/1781 1774/1774
f 1780/1780 1774/1774 1773/1773
f 1133/1133 1134/1134 1127/1127
f 1133/1133 1127/1127 1126/1126
f 1558/1558 1565/1565 1564/1564
f 1558/1558 1564/1564 1557/1557
f 1121/1121 1128/1128 1129/1129
f 1121/1121 1129/1129 1122/1122
f 1127/1127 1134/1134 1128/1128
f 1127/1127 1128/1128 1121/1121
f 1140/1140 1141/1141 1134/1134
f 1140/1140 1134/1134 1133/1133
f 1258/1258 1265/1265 1264/1264
f 1258/1258 1264/1264 1257/1257
f 1240/1240 1241/1241 1248/1248
f 1240/1240 1248/1248 1247/1247
f 1352/1352 1351/1351 1345/1345
f 1349/1349 1355/1355 1348/1348
f 1563/1563 1564/1564 1571/1571
f 1563/1563 1571/1571 1570/1570
f 1575/1575 1568/1568 1569/1569
f 1575/1575 1569/1569 1576/1576
f 1566/1566 1573/1573 1579/1579
f 1566/1566 1579/1579 1572/1572
f 1143/1143 1144/1144 1137/1137
f 1143/1143 1137/1137 1136/1136
f 1752/1752 1759/1759 1760/1760
f 1752/1752 1760/1760 1753/1753
f 1572/1572 1579/1579 1578/1578
f 1572/1572 1578/1578 1571/1571
f 1144/1144 1145/1145 1138/1138
f 1144/1144 1138/1138 1137/1137
f 1582/1582 1589/1589 1588/1588
f 1582/1582 1588/1588 1581/1581
f 1151/1151 1152/1152 1145/1145
f 1151/1151 1145/1145 1144/1144
f 1254/1254 1255/1255 1262/1262
f 1254/1254 1262/1262 1261/1261
f 1792/1792 1799/1799 1800/1800
f 1792/1792 1800/1800 1793/1793
f 1146/1146 1139/1139 1145/1145
f 1146/1146 1145/1145 1152/1152
f 1578/1578 1585/1585 1584/1584
f 1578/1578 1584/1584 1577/1577
f 1590/1590 1596/1596 1589/1589
f 1590/1590 1589/1589 1583/1583
f 1159/1159 1160/1160 1153/1153
f 1159/1159 1153/1153 1152/1152
f 1808/1808 1809/1809 1802/1802
f 1808/1808 1802/1802 1801/1801
f 1812/1812 1813/1813 1806/1806
f 1812/1812 1806/1806 1805/1805
f 1158/1158 1159/1159 1152/1152
f 1158/1158 1152/1152 1151/1151
f 1800/1800 1807/1807 1808/1808
f 1800/1800 1808/1808 1801/1801
f 1168/1168 1169/1169 1162/1162
f 1168/1168 1162/1162 1161/1161
f 1165/1165 1166/1166 1159/1159
f 1165/1165 1159/1159 1158/1158
f 1536/1536 1543/1543 1551/1551
f 1536/1536 1551/1551 1544/1544
f 1926/1926 1932/1932 1925/1925
f 1926/1926 1925/1925 1919/1919
f 1162/1162 1169/1169 1163/1163
f 1162/1162 1163/1163 1156/1156
f 1164/1164 1165/1165 1158/1158
f 1164/1164 1158/1158 1157/1157
f 1173/1173 1174/1174 1167/1167
f 1173/1173 1167/1167 1166/1166
f 1441/1441 1442/1442 1449/1449
f 1441/1441 1449/1449 1448/1448
f 1175/1175 1176/1176 1169/1169
f 1175/1175 1169/1169 1168/1168
f 1172/1172 1173/1173 1166/1166
f 1172/1172 1166/1166 1165/1165
f 1275/1275 1276/1276 1283/1283
f 1275/1275 1283/1283 1282/1282
f 1498/1498 1505/1505 1499/1499
f 1498/1498 1499/1499 1492/1492
f 1179/1179 1180/1180 1173/1173
f 1179/1179 1173/1173 1172/1172
f 1170/1170 1177/1177 1178/1178
f 1170/1170 1178/1178 1171/1171
f 1176/1176 1183/1183 1177/1177
f 1176/1176 1177/1177 1170/1170
f 1180/1180 1181/1181 1174/1174
f 1180/1180 1174/1174 1173/1173
f 1724/1724 1725/1725 1718/1718
f 1724/1724 1718/1718 1717/1717
f 1437/1437 1438/1438 1445/1445
f 1437/1437 1445/1445 1444/1444
f 1185/1185 1186/1186 1179/1179
f 1185/1185 1179/1179 1178/1178
f 1613/1613 1620/1620 1619/1619
f 1613/1613 1619/1619 1612/1612
f 1186/1186 1187/1187 1180/1180
f 1186/1186 1180/1180 1179/1179
f 1611/1611 1612/1612 1619/1619
f 1611/1611 1619/1619 1618/1618
f 1289/1289 1290/1290 1297/1297
f 1289/1289 1297/1297 1296/1296
f 1838/1838 1839/1839 1832/1832
f 1838/1838 1832/1832 1831/1831
f 1299/1299 1306/1306 1305/1305
f 1299/1299 1305/1305 1298/1298
f 1303/1303 1309/1309 1302/1302
f 1303/1303 1302/1302 1296/1296
f 1190/1190 1197/1197 1191/1191
f 1190/1190 1191/1191 1184/1184
f 1738/1738 1739/1739 1732/1732
f 1738/1738 1732/1732 1731/1731
f 1196/1196 1197/1197 1190/1190
f 1196/1196 1190/1190 1189/1189
f 1621/1621 1628/1628 1627/1627
f 1621/1621 1627/1627 1620/1620
f 1196/1196 1203/1203 1204/1204
f 1196/1196 1204/1204 1197/1197
f 1193/1193 1200/1200 1201/1201
f 1193/1193 1201/1201 1194/1194
f 1956/1956 1957/1957 1964/1964
f 1956/1956 1964/1964 1963/1963
f 1303/1303 1310/1310 1316/1316
f 1303/1303 1316/1316 1309/1309
f 1194/1194 1201/1201 1202/1202
f 1194/1194 1202/1202 1195/1195
f 1486/1486 1487/1487 1480/1480
f 1486/1486 1480/1480 1479/1479
f 1200/1200 1207/1207 1208/1208
f 1200/1200 1208/1208 1201/1201
f 1311/1311 1318/1318 1317/1317
f 1311/1311 1317/1317 1310/1310
f 1961/1961 1968/1968 1974/1974
f 1961/1961 1974/1974 1967/1967
f 1964/1964 1965/1965 1972/1972
f 1964/1964 1972/1972 1971/1971
f 1199/1199 1206/1206 1207/1207
f 1199/1199 1207/1207 1200/1200
f 1203/1203 1210/1210 1211/1211
f 1203/1203 1211/1211 1204/1204
f 1640/1640 1641/1641 1648/1648
f 1640/1640 1648/1648 1647/1647
f 1756/1756 1763/1763 1764/1764
f 1756/1756 1764/1764 1757/1757
f 1858/1858 1865/1865 1873/1873
f 1858/1858 1873/1873 1866/1866
f 1423/1423 1429/1429 1422/1422
f 1205/1205 1211/1211 1218/1218
f 1205/1205 1218/1218 1212/1212
f 1537/1537 1544/1544 1545/1545
f 1537/1537 1545/1545 1538/1538
f 1494/1494 1495/1495 1488/1488
f 1494/1494 1488/1488 1487/1487
f 1646/1646 1653/1653 1659/1659
f 1646/1646 1659/1659 1652/1652
f 1429/1429 1436/1436 1442/1442
f 1429/1429 1442/1442 1435/1435
f 1213/1213 1220/1220 1221/1221
f 1213/1213 1221/1221 1214/1214
f 1868/1868 1875/1875 1876/1876
f 1868/1868 1876/1876 1869/1869
f 1431/1431 1439/1439 1438/1438
f 1224/1224 1231/1231 1232/1232
f 1224/1224 1232/1232 1225/1225
f 1229/1229 1228/1228 1333/1333
f 1229/1229 1333/1333 1334/1334
f 1549/1549 1548/1548 1443/1443
f 1549/1549 1443/1443 1444/1444
f 1226/1226 1227/1227 1220/1220
f 1226/1226 1220/1220 1219/1219
f 1656/1656 1657/1657 1664/1664
f 1656/1656 1664/1664 1663/1663
f 1662/1662 1767/1767 1766/1766
f 1662/1662 1766/1766 1661/1661
f 1677/1677 1678/1678 1671/1671
f 1677/1677 1671/1671 1670/1670
f 1675/1675 1676/1676 1669/1669
f 1675/1675 1669/1669 1668/1668
f 1679/1679 1680/1680 1673/1673
f 1679/1679 1673/1673 1672/1672
f 1456/1456 1463/1463 1457/1457
f 1456/1456 1457/1457 1450/1450
f 1887/1887 1894/1894 1893/1893
f 1887/1887 1893/1893 1886/1886
f 1240/1240 1246/1246 1239/1239
f 1240/1240 1239/1239 1233/1233
f 1791/1791 1792/1792 1785/1785
f 1791/1791 1785/1785 1784/1784
f 1894/1894 1901/1901 1900/1900
f 1894/1894 1900/1900 1893/1893
f 1674/1674 1681/1681 1682/1682
f 1674/1674 1682/1682 1675/1675
f 1680/1680 1687/1687 1681/1681
f 1680/1680 1681/1681 1674/1674
f 1895/1895 1902/1902 1901/1901
f 1895/1895 1901/1901 1894/1894
f 1129/1129 1136/1136 1137/1137
f 1129/1129 1137/1137 1130/1130
f 1905/1905 1911/1911 1904/1904
f 1905/1905 1904/1904 1898/1898
f 1902/1902 1909/1909 1908/1908
f 1902/1902 1908/1908 1901/1901
f 1689/1689 1690/1690 1683/1683
f 1689/1689 1683/1683 1682/1682
f 1693/1693 1694/1694 1687/1687
f 1693/1693 1687/1687 1686/1686
f 1690/1690 1691/1691 1684/1684
f 1690/1690 1684/1684 1683/1683
f 1901/1901 1908/1908 1907/1907
f 1901/1901 1907/1907 1900/1900
f 1260/1260 1267/1267 1266/1266
f 1260/1260 1266/1266 1259/1259
f 1697/1697 1698/1698 1691/1691
f 1697/1697 1691/1691 1690/1690
f 1905/1905 1906/1906 1913/1913
f 1905/1905 1913/1913 1912/1912
f 1268/1268 1269/1269 1276/1276
f 1268/1268 1276/1276 1275/1275
f 1261/1261 1267/1267 1260/1260
f 1261/1261 1260/1260 1254/1254
f 1696/1696 1697/1697 1690/1690
f 1696/1696 1690/1690 1689/1689
f 1701/1701 1708/1708 1702/1702
f 1701/1701 1702/1702 1695/1695
f 1705/1705 1706/1706 1699/1699
f 1705/1705 1699/1699 1698/1698
f 1703/1703 1704/1704 1697/1697
f 1703/1703 1697/1697 1696/1696
f 1918/1918 1925/1925 1924/1924
f 1918/1918 1924/1924 1917/1917
f 1264/1264 1271/1271 1270/1270
f 1264/1264 1270/1270 1263/1263
f 1695/1695 1702/1702 1703/1703
f 1695/1695 1703/1703 1696/1696
f 1714/1714 1715/1715 1708/1708
f 1714/1714 1708/1708 1707/1707
f 1711/1711 1712/1712 1705/1705
f 1711/1711 1705/1705 1704/1704
f 1919/1919 1920/1920 1927/1927
f 1919/1919 1927/1927 1926/1926
f 1708/1708 1715/1715 1709/1709
f 1708/1708 1709/1709 1702/1702
f 1712/1712 1713/1713 1706/1706
f 1712/1712 1706/1706 1705/1705
f 1710/1710 1711/1711 1704/1704
f 1710/1710 1704/1704 1703/1703
f 1169/1169 1176/1176 1170/1170
f 1169/1169 1170/1170 1163/1163
f 1928/1928 1935/1935 1934/1934
f 1928/1928 1934/1934 1927/1927
f 1721/1721 1722/1722 1715/1715
f 1721/1721 1715/1715 1714/1714
f 1929/1929 1936/1936 1935/1935
f 1929/1929 1935/1935 1928/1928
f 1926/1926 1927/1927 1934/1934
f 1926/1926 1934/1934 1933/1933
f 1820/1820 1827/1827 1821/1821
f 1820/1820 1821/1821 1814/1814
f 1725/1725 1726/1726 1719/1719
f 1725/1725 1719/1719 1718/1718
f 1933/1933 1934/1934 1941/1941
f 1933/1933 1941/1941 1940/1940
f 1722/1722 1729/1729 1723/1723
f 1722/1722 1723/1723 1716/1716
f 1286/1286 1293/1293 1292/1292
f 1286/1286 1292/1292 1285/1285
f 1935/1935 1942/1942 1941/1941
f 1935/1935 1941/1941 1934/1934
f 1182/1182 1183/1183 1176/1176
f 1182/1182 1176/1176 1175/1175
f 1731/1731 1732/1732 1725/1725
f 1731/1731 1725/1725 1724/1724
f 1735/1735 1736/1736 1729/1729
f 1735/1735 1729/1729 1728/1728
f 1943/1943 1950/1950 1949/1949
f 1943/1943 1949/1949 1942/1942
f 1940/1940 1941/1941 1948/1948
f 1940/1940 1948/1948 1947/1947
f 1947/1947 1953/1953 1946/1946
f 1947/1947 1946/1946 1940/1940
f 1187/1187 1188/1188 1181/1181
f 1187/1187 1181/1181 1180/1180
f 1730/1730 1737/1737 1738/1738
f 1730/1730 1738/1738 1731/1731
f 1954/1954 1960/1960 1953/1953
f 1954/1954 1953/1953 1947/1947
f 1740/1740 1741/1741 1734/1734
f 1740/1740 1734/1734 1733/1733
f 1298/1298 1305/1305 1304/1304
f 1298/1298 1304/1304 1297/1297
f 1953/1953 1960/1960 1959/1959
f 1953/1953 1959/1959 1952/1952
f 1193/1193 1194/1194 1187/1187
f 1193/1193 1187/1187 1186/1186
f 1742/1742 1749/1749 1750/1750
f 1742/1742 1750/1750 1743/1743
f 1305/1305 1306/1306 1313/1313
f 1305/1305 1313/1313 1312/1312
f 1198/1198 1199/1199 1192/1192
f 1198/1198 1192/1192 1191/1191
f 1737/1737 1743/1743 1750/1750
f 1737/1737 1750/1750 1744/1744
f 1740/1740 1747/1747 1748/1748
f 1740/1740 1748/1748 1741/1741
f 1192/1192 1199/1199 1200/1200
f 1192/1192 1200/1200 1193/1193
f 1312/1312 1313/1313 1320/1320
f 1312/1312 1320/1320 1319/1319
f 1751/1751 1752/1752 1745/1745
f 1751/1751 1745/1745 1744/1744
f 1415/1415 1422/1422 1428/1428
f 1415/1415 1428/1428 1421/1421
f 1313/1313 1314/1314 1321/1321
f 1313/1313 1321/1321 1320/1320
f 1633/1633 1634/1634 1641/1641
f 1633/1633 1641/1641 1640/1640
f 1749/1749 1756/1756 1757/1757
f 1749/1749 1757/1757 1750/1750
f 1318/1318 1319/1319 1326/1326
f 1318/1318 1326/1326 1325/1325
f 1267/1267 1274/1274 1273/1273
f 1267/1267 1273/1273 1266/1266
f 1536/1536 1544/1544 1537/1537
f 1541/1541 1535/1535 1534/1534
f 1968/1968 1975/1975 1981/1981
f 1968/1968 1981/1981 1974/1974
f 1754/1754 1761/1761 1762/1762
f 1754/1754 1762/1762 1755/1755
f 1423/1423 1430/1430 1436/1436
f 1423/1423 1436/1436 1429/1429
f 1758/1758 1764/1764 1771/1771
f 1758/1758 1771/1771 1765/1765
f 1978/1978 1979/1979 1986/1986
f 1978/1978 1986/1986 1985/1985
f 1759/1759 1766/1766 1767/1767
f 1759/1759 1767/1767 1760/1760
f 1763/1763 1770/1770 1771/1771
f 1763/1763 1771/1771 1764/1764
f 1978/1978 1985/1985 1977/1977
f 1978/1978 1977/1977 1970/1970
f 1877/1877 1982/1982 1983/1983
f 1877/1877 1983/1983 1878/1878
f 1883/1883 1988/1988 1982/1982
f 1883/1883 1982/1982 1877/1877
f 1256/1256 1263/1263 1262/1262
f 1256/1256 1262/1262 1255/1255
f 1626/1626 1633/1633 1632/1632
f 1626/1626 1632/1632 1625/1625
f 1880/1880 1879/1879 1984/1984
f 1880/1880 1984/1984 1985/1985
f 1654/1654 1655/1655 1662/1662
f 1654/1654 1662/1662 1661/1661
f 1342/1342 1349/1349 1348/1348
f 1342/1342 1348/1348 1341/1341
f 1784/1784 1785/1785 1778/1778
f 1784/1784 1778/1778 1777/1777
f 1344/1344 1351/1351 1350/1350
f 1344/1344 1350/1350 1343/1343
f 1130/1130 1131/1131 1124/1124
f 1130/1130 1124/1124 1123/1123
f 1338/1338 1339/1339 1346/1346
f 1338/1338 1346/1346 1345/1345
f 1345/1345 1351/1351 1344/1344
f 1345/1345 1344/1344 1338/1338
f 1246/1246 1253/1253 1252/1252
f 1246/1246 1252/1252 1245/1245
f 1348/1348 1355/1355 1354/1354
f 1348/1348 1354/1354 1347/1347
f 1779/1779 1786/1786 1787/1787
f 1779/1779 1787/1787 1780/1780
f 1569/1569 1568/1568 1562/1562
f 1566/1566 1572/1572 1565/1565
f 1780/1780 1787/1787 1788/1788
f 1780/1780 1788/1788 1781/1781
f 1785/1785 1792/1792 1793/1793
f 1785/1785 1793/1793 1786/1786
f 1790/1790 1783/1783 1789/1789
f 1790/1790 1789/1789 1796/1796
f 1354/1354 1361/1361 1360/1360
f 1354/1354 1360/1360 1353/1353
f 1147/1147 1148/1148 1141/1141
f 1147/1147 1141/1141 1140/1140
f 1795/1795 1796/1796 1789/1789
f 1795/1795 1789/1789 1788/1788
f 1786/1786 1793/1793 1794/1794
f 1786/1786 1794/1794 1787/1787
f 1805/1805 1806/1806 1799/1799
f 1805/1805 1799/1799 1798/1798
f 1362/1362 1369/1369 1368/1368
f 1362/1362 1368/1368 1361/1361
f 1793/1793 1800/1800 1801/1801
f 1793/1793 1801/1801 1794/1794
f 1573/1573 1580/1580 1586/1586
f 1573/1573 1586/1586 1579/1579
f 1797/1797 1790/1790 1796/1796
f 1797/1797 1796/1796 1803/1803
f 1801/1801 1802/1802 1795/1795
f 1801/1801 1795/1795 1794/1794
f 1806/1806 1813/1813 1807/1807
f 1806/1806 1807/1807 1800/1800
f 1484/1484 1491/1491 1485/1485
f 1484/1484 1485/1485 1478/1478
f 1308/1308 1309/1309 1316/1316
f 1308/1308 1316/1316 1315/1315
f 1379/1379 1386/1386 1385/1385
f 1379/1379 1385/1385 1378/1378
f 1809/1809 1810/1810 1803/1803
f 1809/1809 1803/1803 1802/1802
f 1261/1261 1262/1262 1269/1269
f 1261/1261 1269/1269 1268/1268
f 1700/1700 1701/1701 1694/1694
f 1700/1700 1694/1694 1693/1693
f 1816/1816 1817/1817 1810/1810
f 1816/1816 1810/1810 1809/1809
f 1807/1807 1814/1814 1815/1815
f 1807/1807 1815/1815 1808/1808
f 1358/1358 1351/1351 1352/1352
f 1358/1358 1352/1352 1359/1359
f 1166/1166 1167/1167 1160/1160
f 1166/1166 1160/1160 1159/1159
f 1815/1815 1816/1816 1809/1809
f 1815/1815 1809/1809 1808/1808
f 1824/1824 1825/1825 1818/1818
f 1824/1824 1818/1818 1817/1817
f 1171/1171 1172/1172 1165/1165
f 1171/1171 1165/1165 1164/1164
f 1396/1396 1403/1403 1402/1402
f 1396/1396 1402/1402 1395/1395
f 1293/1293 1300/1300 1299/1299
f 1293/1293 1299/1299 1292/1292
f 1814/1814 1821/1821 1822/1822
f 1814/1814 1822/1822 1815/1815
f 1614/1614 1621/1621 1620/1620
f 1614/1614 1620/1620 1613/1613
f 1830/1830 1831/1831 1824/1824
f 1830/1830 1824/1824 1823/1823
f 1607/1607 1614/1614 1613/1613
f 1607/1607 1613/1613 1606/1606
f 1608/1608 1615/1615 1614/1614
f 1608/1608 1614/1614 1607/1607
f 1831/1831 1832/1832 1825/1825
f 1831/1831 1825/1825 1824/1824
f 1178/1178 1179/1179 1172/1172
f 1178/1178 1172/1172 1171/1171
f 1833/1833 1834/1834 1827/1827
f 1833/1833 1827/1827 1826/1826
f 1836/1836 1837/1837 1830/1830
f 1836/1836 1830/1830 1829/1829
f 1840/1840 1841/1841 1834/1834
f 1840/1840 1834/1834 1833/1833
f 1837/1837 1838/1838 1831/1831
f 1837/1837 1831/1831 1830/1830
f 1828/1828 1835/1835 1836/1836
f 1828/1828 1836/1836 1829/1829
f 1834/1834 1841/1841 1835/1835
f 1834/1834 1835/1835 1828/1828
f 1618/1618 1624/1624 1617/1617
f 1618/1618 1617/1617 1611/1611
f 1296/1296 1297/1297 1304/1304
f 1296/1296 1304/1304 1303/1303
f 1835/1835 1842/1842 1843/1843
f 1835/1835 1843/1843 1836/1836
f 1845/1845 1846/1846 1839/1839
f 1845/1845 1839/1839 1838/1838
f 1192/1192 1193/1193 1186/1186
f 1192/1192 1186/1186 1185/1185
f 1843/1843 1844/1844 1837/1837
f 1843/1843 1837/1837 1836/1836
f 1844/1844 1845/1845 1838/1838
f 1844/1844 1838/1838 1837/1837
f 1416/1416 1417/1417 1424/1424
f 1416/1416 1424/1424 1423/1423
f 1191/1191 1197/1197 1204/1204
f 1191/1191 1204/1204 1198/1198
f 1849/1849 1850/1850 1843/1843
f 1849/1849 1843/1843 1842/1842
f 1957/1957 1958/1958 1965/1965
f 1957/1957 1965/1965 1964/1964
f 1411/1411 1412/1412 1419/1419
f 1411/1411 1419/1419 1418/1418
f 1843/1843 1850/1850 1851/1851
f 1843/1843 1851/1851 1844/1844
f 1417/1417 1418/1418 1425/1425
f 1417/1417 1425/1425 1424/1424
f 1963/1963 1964/1964 1971/1971
f 1963/1963 1971/1971 1970/1970
f 1744/1744 1750/1750 1757/1757
f 1744/1744 1757/1757 1751/1751
f 1418/1418 1419/1419 1426/1426
f 1418/1418 1426/1426 1425/1425
f 1850/1850 1857/1857 1858/1858
f 1850/1850 1858/1858 1851/1851
f 1854/1854 1861/1861 1862/1862
f 1854/1854 1862/1862 1855/1855
f 1857/1857 1864/1864 1865/1865
f 1857/1857 1865/1865 1858/1858
f 1322/1322 1323/1323 1330/1330
f 1322/1322 1330/1330 1329/1329
f 1327/1327 1334/1334 1326/1326
f 1327/1327 1326/1326 1319/1319
f 1640/1640 1646/1646 1639/1639
f 1856/1856 1862/1862 1869/1869
f 1856/1856 1869/1869 1863/1863
f 1208/1208 1215/1215 1216/1216
f 1208/1208 1216/1216 1209/1209
f 1213/1213 1206/1206 1212/1212
f 1213/1213 1212/1212 1219/1219
f 1863/1863 1869/1869 1876/1876
f 1863/1863 1876/1876 1870/1870
f 1866/1866 1873/1873 1874/1874
f 1866/1866 1874/1874 1867/1867
f 1864/1864 1871/1871 1872/1872
f 1864/1864 1872/1872 1865/1865
f 1217/1217 1224/1224 1225/1225
f 1217/1217 1225/1225 1218/1218
f 1648/1648 1656/1656 1655/1655
f 1822/1822 1823/1823 1816/1816
f 1822/1822 1816/1816 1815/1815
f 1872/1872 1879/1879 1880/1880
f 1872/1872 1880/1880 1873/1873
f 1655/1655 1656/1656 1663/1663
f 1655/1655 1663/1663 1662/1662
f 1219/1219 1225/1225 1232/1232
f 1219/1219 1232/1232 1226/1226
f 1873/1873 1880/1880 1881/1881
f 1873/1873 1881/1881 1874/1874
f 1871/1871 1878/1878 1879/1879
f 1871/1871 1879/1879 1872/1872
f 1888/1888 1895/1895 1894/1894
f 1888/1888 1894/1894 1887/1887
f 1890/1890 1897/1897 1896/1896
f 1890/1890 1896/1896 1889/1889
f 1340/1340 1347/1347 1346/1346
f 1340/1340 1346/1346 1339/1339
f 1236/1236 1243/1243 1242/1242
f 1236/1236 1242/1242 1235/1235
f 1450/1450 1457/1457 1458/1458
f 1450/1450 1458/1458 1451/1451
f 1891/1891 1897/1897 1890/1890
f 1891/1891 1890/1890 1884/1884
f 1469/1469 1470/1470 1463/1463
f 1469/1469 1463/1463 1462/1462
f 1788/1788 1789/1789 1782/1782
f 1788/1788 1782/1782 1781/1781
f 1562/1562 1563/1563 1570/1570
f 1562/1562 1570/1570 1569/1569
f 1247/1247 1248/1248 1255/1255
f 1247/1247 1255/1255 1254/1254
f 1467/1467 1468/1468 1461/1461
f 1467/1467 1461/1461 1460/1460
f 1458/1458 1465/1465 1466/1466
f 1458/1458 1466/1466 1459/1459
f 1251/1251 1258/1258 1257/1257
f 1251/1251 1257/1257 1250/1250
f 1644/1644 1645/1645 1652/1652
f 1644/1644 1652/1652 1651/1651
f 1904/1904 1911/1911 1910/1910
f 1904/1904 1910/1910 1903/1903
f 1250/1250 1257/1257 1256/1256
f 1250/1250 1256/1256 1249/1249
f 1464/1464 1471/1471 1472/1472
f 1464/1464 1472/1472 1465/1465
f 1911/1911 1918/1918 1917/1917
f 1911/1911 1917/1917 1910/1910
f 1908/1908 1915/1915 1914/1914
f 1908/1908 1914/1914 1907/1907
f 1576/1576 1577/1577 1584/1584
f 1576/1576 1584/1584 1583/1583
f 1477/1477 1484/1484 1478/1478
f 1477/1477 1478/1478 1471/1471
f 1481/1481 1482/1482 1475/1475
f 1481/1481 1475/1475 1474/1474
f 1637/1637 1638/1638 1645/1645
f 1637/1637 1645/1645 1644/1644
f 1919/1919 1925/1925 1918/1918
f 1919/1919 1918/1918 1912/1912
f 1265/1265 1272/1272 1271/1271
f 1265/1265 1271/1271 1264/1264
f 1263/1263 1270/1270 1269/1269
f 1263/1263 1269/1269 1262/1262
f 1490/1490 1491/1491 1484/1484
f 1490/1490 1484/1484 1483/1483
f 1487/1487 1488/1488 1481/1481
f 1487/1487 1481/1481 1480/1480
f 1912/1912 1913/1913 1920/1920
f 1912/1912 1920/1920 1919/1919
f 1925/1925 1932/1932 1931/1931
f 1925/1925 1931/1931 1924/1924
f 1922/1922 1929/1929 1928/1928
f 1922/1922 1928/1928 1921/1921
f 1485/1485 1492/1492 1493/1493
f 1485/1485 1493/1493 1486/1486
f 1380/1380 1386/1386 1379/1379
f 1380/1380 1379/1379 1373/1373
f 1923/1923 1930/1930 1929/1929
f 1923/1923 1929/1929 1922/1922
f 1375/1375 1382/1382 1381/1381
f 1375/1375 1381/1381 1374/1374
f 1502/1502 1503/1503 1496/1496
f 1502/1502 1496/1496 1495/1495
f 1500/1500 1501/1501 1494/1494
f 1500/1500 1494/1494 1493/1493
f 1626/1626 1627/1627 1634/1634
f 1626/1626 1634/1634 1633/1633
f 1278/1278 1285/1285 1284/1284
f 1278/1278 1284/1284 1277/1277
f 1492/1492 1499/1499 1500/1500
f 1492/1492 1500/1500 1493/1493
f 1387/1387 1393/1393 1386/1386
f 1387/1387 1386/1386 1380/1380
f 1936/1936 1943/1943 1942/1942
f 1936/1936 1942/1942 1935/1935
f 1499/1499 1506/1506 1507/1507
f 1499/1499 1507/1507 1500/1500
f 1289/1289 1295/1295 1288/1288
f 1289/1289 1288/1288 1282/1282
f 1937/1937 1944/1944 1943/1943
f 1937/1937 1943/1943 1936/1936
f 1507/1507 1508/1508 1501/1501
f 1507/1507 1501/1501 1500/1500
f 1939/1939 1946/1946 1945/1945
f 1939/1939 1945/1945 1938/1938
f 1189/1189 1190/1190 1183/1183
f 1189/1189 1183/1183 1182/1182
f 1291/1291 1298/1298 1297/1297
f 1291/1291 1297/1297 1290/1290
f 1515/1515 1516/1516 1509/1509
f 1515/1515 1509/1509 1508/1508
f 1506/1506 1513/1513 1514/1514
f 1506/1506 1514/1514 1507/1507
f 1512/1512 1519/1519 1513/1513
f 1512/1512 1513/1513 1506/1506
f 1516/1516 1517/1517 1510/1510
f 1516/1516 1510/1510 1509/1509
f 1947/1947 1948/1948 1955/1955
f 1947/1947 1955/1955 1954/1954
f 1519/1519 1526/1526 1520/1520
f 1519/1519 1520/1520 1513/1513
f 1300/1300 1307/1307 1306/1306
f 1300/1300 1306/1306 1299/1299
f 1521/1521 1522/1522 1515/1515
f 1521/1521 1515/1515 1514/1514
f 1525/1525 1526/1526 1519/1519
f 1525/1525 1519/1519 1518/1518
f 1950/1950 1957/1957 1956/1956
f 1950/1950 1956/1956 1949/1949
f 1959/1959 1960/1960 1967/1967
f 1959/1959 1967/1967 1966/1966
f 1522/1522 1529/1529 1530/1530
f 1522/1522 1530/1530 1523/1523
f 1527/1527 1528/1528 1521/1521
f 1527/1527 1521/1521 1520/1520
f 1842/1842 1848/1848 1855/1855
f 1842/1842 1855/1855 1849/1849
f 1306/1306 1307/1307 1314/1314
f 1306/1306 1314/1314 1313/1313
f 1521/1521 1528/1528 1529/1529
f 1521/1521 1529/1529 1522/1522
f 1529/1529 1536/1536 1537/1537
f 1529/1529 1537/1537 1530/1530
f 1962/1962 1969/1969 1968/1968
f 1962/1962 1968/1968 1961/1961
f 1527/1527 1533/1533 1540/1540
f 1527/1527 1540/1540 1534/1534
f 1530/1530 1537/1537 1538/1538
f 1530/1530 1538/1538 1531/1531
f 1528/1528 1535/1535 1536/1536
f 1528/1528 1536/1536 1529/1529
f 1315/1315 1316/1316 1323/1323
f 1315/1315 1323/1323 1322/1322
f 1969/1969 1970/1970 1977/1977
f 1969/1969 1977/1977 1976/1976
f 1539/1539 1546/1546 1547/1547
f 1539/1539 1547/1547 1540/1540
f 1753/1753 1761/1761 1754/1754
f 1758/1758 1752/1752 1751/1751
f 1495/1495 1496/1496 1489/1489
f 1495/1495 1489/1489 1488/1488
f 1971/1971 1972/1972 1979/1979
f 1971/1971 1979/1979 1978/1978
f 1969/1969 1976/1976 1982/1982
f 1969/1969 1982/1982 1975/1975
f 1975/1975 1982/1982 1988/1988
f 1975/1975 1988/1988 1981/1981
f 1544/1544 1551/1551 1552/1552
f 1544/1544 1552/1552 1545/1545
f 1976/1976 1977/1977 1984/1984
f 1976/1976 1984/1984 1983/1983
f 1329/1329 1330/1330 1337/1337
f 1329/1329 1337/1337 1336/1336
f 1432/1432 1439/1439 1431/1431
f 1432/1432 1431/1431 1424/1424
f 1654/1654 1661/1661 1660/1660
f 1654/1654 1660/1660 1653/1653
f 1449/1449 1443/1443 1548/1548
f 1449/1449 1548/1548 1554/1554
f 1449/1449 1554/1554 1553/1553
f 1449/1449 1553/1553 1448/1448
f 1881/1881 1880/1880 1985/1985
f 1881/1881 1985/1985 1986/1986
f 1201/1201 1208/1208 1209/1209
f 1201/1201 1209/1209 1202/1202
f 1228/1228 1227/1227 1332/1332
f 1228/1228 1332/1332 1333/1333
f 1559/1559 1566/1566 1565/1565
f 1559/1559 1565/1565 1558/1558
f 1129/1129 1130/1130 1123/1123
f 1129/1129 1123/1123 1122/1122
f 1561/1561 1568/1568 1567/1567
f 1561/1561 1567/1567 1560/1560
f 1341/1341 1348/1348 1347/1347
f 1341/1341 1347/1347 1340/1340
f 1555/1555 1556/1556 1563/1563
f 1555/1555 1563/1563 1562/1562
f 1562/1562 1568/1568 1561/1561
f 1562/1562 1561/1561 1555/1555
f 1568/1568 1575/1575 1574/1574
f 1568/1568 1574/1574 1567/1567
f 1565/1565 1572/1572 1571/1571
f 1565/1565 1571/1571 1564/1564
f 1345/1345 1346/1346 1353/1353
f 1345/1345 1353/1353 1352/1352
f 1785/1785 1786/1786 1779/1779
f 1789/1789 1783/1783 1782/1782
f 1892/1892 1893/1893 1900/1900
f 1892/1892 1900/1900 1899/1899
f 1134/1134 1141/1141 1142/1142
f 1134/1134 1142/1142 1135/1135
f 1139/1139 1132/1132 1138/1138
f 1139/1139 1138/1138 1145/1145
f 1571/1571 1578/1578 1577/1577
f 1571/1571 1577/1577 1570/1570
f 1575/1575 1582/1582 1581/1581
f 1575/1575 1581/1581 1574/1574
f 1891/1891 1892/1892 1899/1899
f 1891/1891 1899/1899 1898/1898
f 1135/1135 1142/1142 1143/1143
f 1135/1135 1143/1143 1136/1136
f 1798/1798 1799/1799 1792/1792
f 1798/1798 1792/1792 1791/1791
f 1579/1579 1586/1586 1585/1585
f 1579/1579 1585/1585 1578/1578
f 1802/1802 1803/1803 1796/1796
f 1802/1802 1796/1796 1795/1795
f 1582/1582 1575/1575 1576/1576
f 1582/1582 1576/1576 1583/1583
f 1356/1356 1363/1363 1369/1369
f 1356/1356 1369/1369 1362/1362
f 1232/1232 1231/1231 1336/1336
f 1232/1232 1336/1336 1337/1337
f 1569/1569 1570/1570 1577/1577
f 1569/1569 1577/1577 1576/1576
f 1587/1587 1594/1594 1593/1593
f 1587/1587 1593/1593 1586/1586
f 1585/1585 1592/1592 1591/1591
f 1585/1585 1591/1591 1584/1584
f 1589/1589 1596/1596 1595/1595
f 1589/1589 1595/1595 1588/1588
f 1369/1369 1376/1376 1375/1375
f 1369/1369 1375/1375 1368/1368
f 1583/1583 1584/1584 1591/1591
f 1583/1583 1591/1591 1590/1590
f 1596/1596 1603/1603 1602/1602
f 1596/1596 1602/1602 1595/1595
f 1327/1327 1328/1328 1335/1335
f 1327/1327 1335/1335 1334/1334
f 1156/1156 1163/1163 1164/1164
f 1156/1156 1164/1164 1157/1157
f 1597/1597 1603/1603 1596/1596
f 1597/1597 1596/1596 1590/1590
f 1594/1594 1601/1601 1600/1600
f 1594/1594 1600/1600 1593/1593
f 1493/1493 1494/1494 1487/1487
f 1493/1493 1487/1487 1486/1486
f 1279/1279 1286/1286 1285/1285
f 1279/1279 1285/1285 1278/1278
f 1717/1717 1718/1718 1711/1711
f 1717/1717 1711/1711 1710/1710
f 1603/1603 1610/1610 1609/1609
f 1603/1603 1609/1609 1602/1602
f 1600/1600 1607/1607 1606/1606
f 1600/1600 1606/1606 1599/1599
f 1163/1163 1170/1170 1171/1171
f 1163/1163 1171/1171 1164/1164
f 1604/1604 1610/1610 1603/1603
f 1604/1604 1603/1603 1597/1597
f 1390/1390 1397/1397 1396/1396
f 1390/1390 1396/1396 1389/1389
f 1604/1604 1605/1605 1612/1612
f 1604/1604 1612/1612 1611/1611
f 1611/1611 1617/1617 1610/1610
f 1611/1611 1610/1610 1604/1604
f 1391/1391 1398/1398 1397/1397
f 1391/1391 1397/1397 1390/1390
f 1606/1606 1613/1613 1612/1612
f 1606/1606 1612/1612 1605/1605
f 1288/1288 1295/1295 1294/1294
f 1288/1288 1294/1294 1287/1287
f 1281/1281 1288/1288 1287/1287
f 1281/1281 1287/1287 1280/1280
f 1295/1295 1302/1302 1301/1301
f 1295/1295 1301/1301 1294/1294
f 1397/1397 1404/1404 1403/1403
f 1397/1397 1403/1403 1396/1396
f 1647/1647 1648/1648 1655/1655
f 1647/1647 1655/1655 1654/1654
f 1296/1296 1302/1302 1295/1295
f 1296/1296 1295/1295 1289/1289
f 1615/1615 1622/1622 1621/1621
f 1615/1615 1621/1621 1614/1614
f 1618/1618 1619/1619 1626/1626
f 1618/1618 1626/1626 1625/1625
f 1625/1625 1631/1631 1624/1624
f 1625/1625 1624/1624 1618/1618
f 1405/1405 1412/1412 1411/1411
f 1405/1405 1411/1411 1404/1404
f 1620/1620 1627/1627 1626/1626
f 1620/1620 1626/1626 1619/1619
f 1624/1624 1631/1631 1630/1630
f 1624/1624 1630/1630 1623/1623
f 1222/1222 1229/1229 1230/1230
f 1222/1222 1230/1230 1223/1223
f 1630/1630 1631/1631 1638/1638
f 1630/1630 1638/1638 1637/1637
f 1627/1627 1628/1628 1635/1635
f 1627/1627 1635/1635 1634/1634
f 1304/1304 1311/1311 1310/1310
f 1304/1304 1310/1310 1303/1303
f 1625/1625 1632/1632 1638/1638
f 1625/1625 1638/1638 1631/1631
f 1628/1628 1629/1629 1636/1636
f 1628/1628 1636/1636 1635/1635
f 1826/1826 1827/1827 1820/1820
f 1826/1826 1820/1820 1819/1819
f 1634/1634 1635/1635 1642/1642
f 1634/1634 1642/1642 1641/1641
f 1633/1633 1640/1640 1639/1639
f 1633/1633 1639/1639 1632/1632
f 1632/1632 1639/1639 1645/1645
f 1632/1632 1645/1645 1638/1638
f 1635/1635 1636/1636 1643/1643
f 1635/1635 1643/1643 1642/1642
f 1794/1794 1795/1795 1788/1788
f 1794/1794 1788/1788 1787/1787
f 1420/1420 1421/1421 1428/1428
f 1420/1420 1428/1428 1427/1427
f 1476/1476 1477/1477 1470/1470
f 1476/1476 1470/1470 1469/1469
f 1210/1210 1217/1217 1218/1218
f 1210/1210 1218/1218 1211/1211
f 1858/1858 1866/1866 1859/1859
f 1863/1863 1857/1857 1856/1856
f 1317/1317 1324/1324 1330/1330
f 1317/1317 1330/1330 1323/1323
f 1642/1642 1643/1643 1650/1650
f 1642/1642 1650/1650 1649/1649
f 1640/1640 1647/1647 1653/1653
f 1640/1640 1653/1653 1646/1646
f 1212/1212 1218/1218 1225/1225
f 1212/1212 1225/1225 1219/1219
f 1432/1432 1433/1433 1440/1440
f 1432/1432 1440/1440 1439/1439
f 1325/1325 1326/1326 1333/1333
f 1325/1325 1333/1333 1332/1332
f 1651/1651 1652/1652 1659/1659
f 1651/1651 1659/1659 1658/1658
f 1649/1649 1656/1656 1648/1648
f 1649/1649 1648/1648 1641/1641
f 1658/1658 1659/1659 1666/1666
f 1658/1658 1666/1666 1665/1665
f 1221/1221 1228/1228 1229/1229
f 1221/1221 1229/1229 1222/1222
f 1226/1226 1331/1331 1332/1332
f 1226/1226 1332/1332 1227/1227
f 1653/1653 1660/1660 1666/1666
f 1653/1653 1666/1666 1659/1659
f 1870/1870 1876/1876 1883/1883
f 1870/1870 1883/1883 1877/1877
f 1407/1407 1414/1414 1413/1413
f 1407/1407 1413/1413 1406/1406
f 1237/1237 1244/1244 1243/1243
f 1237/1237 1243/1243 1236/1236
f 1458/1458 1459/1459 1452/1452
f 1458/1458 1452/1452 1451/1451
f 1239/1239 1246/1246 1245/1245
f 1239/1239 1245/1245 1238/1238
f 1676/1676 1677/1677 1670/1670
f 1676/1676 1670/1670 1669/1669
f 1233/1233 1234/1234 1241/1241
f 1233/1233 1241/1241 1240/1240
f 1460/1460 1461/1461 1454/1454
f 1460/1460 1454/1454 1453/1453
f 1686/1686 1687/1687 1680/1680
f 1686/1686 1680/1680 1679/1679
f 1683/1683 1684/1684 1677/1677
f 1683/1683 1677/1677 1676/1676
f 1457/1457 1464/1464 1465/1465
f 1457/1457 1465/1465 1458/1458
f 1463/1463 1470/1470 1464/1464
f 1463/1463 1464/1464 1457/1457
f 1215/1215 1222/1222 1223/1223
f 1215/1215 1223/1223 1216/1216
f 1675/1675 1682/1682 1683/1683
f 1675/1675 1683/1683 1676/1676
f 1687/1687 1694/1694 1688/1688
f 1687/1687 1688/1688 1681/1681
f 1691/1691 1692/1692 1685/1685
f 1691/1691 1685/1685 1684/1684
f 1249/1249 1256/1256 1255/1255
f 1249/1249 1255/1255 1248/1248
f 1253/1253 1260/1260 1259/1259
f 1253/1253 1259/1259 1252/1252
f 1473/1473 1474/1474 1467/1467
f 1473/1473 1467/1467 1466/1466
f 1681/1681 1688/1688 1689/1689
f 1681/1681 1689/1689 1682/1682
f 1483/1483 1484/1484 1477/1477
f 1483/1483 1477/1477 1476/1476
f 1257/1257 1264/1264 1263/1263
f 1257/1257 1263/1263 1256/1256
f 1688/1688 1695/1695 1696/1696
f 1688/1688 1696/1696 1689/1689
f 1694/1694 1701/1701 1695/1695
f 1694/1694 1695/1695 1688/1688
f 1698/1698 1699/1699 1692/1692
f 1698/1698 1692/1692 1691/1691
f 1479/1479 1480/1480 1473/1473
f 1479/1479 1473/1473 1472/1472
f 1268/1268 1274/1274 1267/1267
f 1268/1268 1267/1267 1261/1261
f 1370/1370 1377/1377 1376/1376
f 1370/1370 1376/1376 1369/1369
f 1157/1157 1158/1158 1151/1151
f 1157/1157 1151/1151 1150/1150
f 1161/1161 1162/1162 1155/1155
f 1161/1161 1155/1155 1154/1154
f 1488/1488 1489/1489 1482/1482
f 1488/1488 1482/1482 1481/1481
f 1586/1586 1593/1593 1592/1592
f 1586/1586 1592/1592 1585/1585
f 1274/1274 1281/1281 1280/1280
f 1274/1274 1280/1280 1273/1273
f 1271/1271 1278/1278 1277/1277
f 1271/1271 1277/1277 1270/1270
f 1590/1590 1591/1591 1598/1598
f 1590/1590 1598/1598 1597/1597
f 1813/1813 1820/1820 1814/1814
f 1813/1813 1814/1814 1807/1807
f 1272/1272 1279/1279 1278/1278
f 1272/1272 1278/1278 1271/1271
f 1592/1592 1599/1599 1598/1598
f 1592/1592 1598/1598 1591/1591
f 1719/1719 1720/1720 1713/1713
f 1719/1719 1713/1713 1712/1712
f 1277/1277 1284/1284 1283/1283
f 1277/1277 1283/1283 1276/1276
f 1504/1504 1505/1505 1498/1498
f 1504/1504 1498/1498 1497/1497
f 1718/1718 1719/1719 1712/1712
f 1718/1718 1712/1712 1711/1711
f 1142/1142 1149/1149 1150/1150
f 1142/1142 1150/1150 1143/1143
f 1715/1715 1722/1722 1716/1716
f 1715/1715 1716/1716 1709/1709
f 1285/1285 1292/1292 1291/1291
f 1285/1285 1291/1291 1284/1284
f 1282/1282 1283/1283 1290/1290
f 1282/1282 1290/1290 1289/1289
f 1505/1505 1512/1512 1506/1506
f 1505/1505 1506/1506 1499/1499
f 1509/1509 1510/1510 1503/1503
f 1509/1509 1503/1503 1502/1502
f 1284/1284 1291/1291 1290/1290
f 1284/1284 1290/1290 1283/1283
f 1511/1511 1512/1512 1505/1505
f 1511/1511 1505/1505 1504/1504
f 1514/1514 1515/1515 1508/1508
f 1514/1514 1508/1508 1507/1507
f 1518/1518 1519/1519 1512/1512
f 1518/1518 1512/1512 1511/1511
f 1141/1141 1148/1148 1149/1149
f 1141/1141 1149/1149 1142/1142
f 1177/1177 1184/1184 1185/1185
f 1177/1177 1185/1185 1178/1178
f 1183/1183 1190/1190 1184/1184
f 1183/1183 1184/1184 1177/1177
f 1733/1733 1734/1734 1727/1727
f 1733/1733 1727/1727 1726/1726
f 1184/1184 1191/1191 1192/1192
f 1184/1184 1192/1192 1185/1185
f 1841/1841 1848/1848 1842/1842
f 1841/1841 1842/1842 1835/1835
f 1523/1523 1524/1524 1517/1517
f 1523/1523 1517/1517 1516/1516
f 1875/1875 1882/1882 1883/1883
f 1875/1875 1883/1883 1876/1876
f 1302/1302 1309/1309 1308/1308
f 1302/1302 1308/1308 1301/1301
f 1522/1522 1523/1523 1516/1516
f 1522/1522 1516/1516 1515/1515
f 1413/1413 1414/1414 1421/1421
f 1413/1413 1421/1421 1420/1420
f 1739/1739 1746/1746 1747/1747
f 1739/1739 1747/1747 1740/1740
f 1744/1744 1745/1745 1738/1738
f 1744/1744 1738/1738 1737/1737
f 1520/1520 1526/1526 1533/1533
f 1520/1520 1533/1533 1527/1527
f 1523/1523 1530/1530 1531/1531
f 1523/1523 1531/1531 1524/1524
f 1304/1304 1305/1305 1312/1312
f 1304/1304 1312/1312 1311/1311
f 1746/1746 1753/1753 1754/1754
f 1746/1746 1754/1754 1747/1747
f 1856/1856 1857/1857 1850/1850
f 1856/1856 1850/1850 1849/1849
f 1597/1597 1598/1598 1605/1605
f 1597/1597 1605/1605 1604/1604
f 1747/1747 1754/1754 1755/1755
f 1747/1747 1755/1755 1748/1748
f 1311/1311 1312/1312 1319/1319
f 1311/1311 1319/1319 1318/1318
f 1532/1532 1539/1539 1540/1540
f 1532/1532 1540/1540 1533/1533
f 1535/1535 1542/1542 1543/1543
f 1535/1535 1543/1543 1536/1536
f 1427/1427 1428/1428 1435/1435
f 1427/1427 1435/1435 1434/1434
f 1753/1753 1760/1760 1768/1768
f 1753/1753 1768/1768 1761/1761
f 1969/1969 1975/1975 1968/1968
f 1751/1751 1757/1757 1764/1764
f 1751/1751 1764/1764 1758/1758
f 1320/1320 1321/1321 1328/1328
f 1320/1320 1328/1328 1327/1327
f 1542/1542 1535/1535 1541/1541
f 1542/1542 1541/1541 1548/1548
f 1324/1324 1331/1331 1337/1337
f 1324/1324 1337/1337 1330/1330
f 1541/1541 1547/1547 1554/1554
f 1541/1541 1554/1554 1548/1548
f 1430/1430 1431/1431 1438/1438
f 1430/1430 1438/1438 1437/1437
f 1546/1546 1553/1553 1554/1554
f 1546/1546 1554/1554 1547/1547
f 1977/1977 1985/1985 1984/1984
f 1877/1877 1878/1878 1871/1871
f 1877/1877 1871/1871 1870/1870
f 1664/1664 1769/1769 1768/1768
f 1664/1664 1768/1768 1663/1663
f 1666/1666 1771/1771 1770/1770
f 1666/1666 1770/1770 1665/1665
f 1230/1230 1229/1229 1334/1334
f 1230/1230 1334/1334 1335/1335
f 1663/1663 1768/1768 1767/1767
f 1663/1663 1767/1767 1662/1662
f 1445/1445 1550/1550 1549/1549
f 1445/1445 1549/1549 1444/1444
f 495/495 477/477 1992/1992
f 473/473 379/379 1991/1991
f 463/463 366/366 1991/1991
f 471/471 377/377 1991/1991
f 375/375 471/471 1991/1991
f 377/377 473/473 1991/1991
f 469/469 375/375 1991/1991
f 335/335 333/333 1990/1990
f 371/371 373/373 1991/1991
f 461/461 463/463 1991/1991
f 369/369 465/465 1991/1991
f 366/366 369/369 1991/1991
f 465/465 371/371 1991/1991
f 364/364 457/457 1991/1991
f 273/273 271/271 1990/1990
f 223/223 317/317 1989/1989
f 457/457 459/459 1991/1991
f 455/455 362/362 1991/1991
f 451/451 455/455 1991/1991
f 381/381 383/383 1991/1991
f 385/385 453/453 1991/1991
f 341/341 339/339 1990/1990
f 337/337 335/335 1990/1990
f 275/275 337/337 1990/1990
f 383/383 385/385 1991/1991
f 287/287 345/345 1990/1990
f 339/339 275/275 1990/1990
f 277/277 343/343 1990/1990
f 279/279 277/277 1990/1990
f 281/281 279/279 1990/1990
f 283/283 281/281 1990/1990
f 285/285 283/283 1990/1990
f 373/373 467/467 1991/1991
f 467/467 469/469 1991/1991
f 289/289 287/287 1990/1990
f 345/345 285/285 1990/1990
f 347/347 289/289 1990/1990
f 435/435 437/437 1992/1992
f 264/264 327/327 1990/1990
f 327/327 329/329 1990/1990
f 268/268 266/266 1990/1990
f 331/331 268/268 1990/1990
f 266/266 264/264 1990/1990
f 311/311 309/309 1989/1989
f 333/333 273/273 1990/1990
f 271/271 331/331 1990/1990
f 216/216 214/214 1989/1989
f 307/307 303/303 1989/1989
f 305/305 237/237 1989/1989
f 214/214 307/307 1989/1989
f 313/313 311/311 1989/1989
f 329/329 347/347 1990/1990
f 309/309 216/216 1989/1989
f 315/315 313/313 1989/1989
f 218/218 315/315 1989/1989
f 317/317 221/221 1989/1989
f 221/221 218/218 1989/1989
f 225/225 223/223 1989/1989
f 319/319 225/225 1989/1989
f 237/237 235/235 1989/1989
f 227/227 321/321 1989/1989
f 323/323 227/227 1989/1989
f 321/321 319/319 1989/1989
f 235/235 233/233 1989/1989
f 231/231 325/325 1989/1989
f 229/229 323/323 1989/1989
f 233/233 231/231 1989/1989
f 437/437 495/495 1992/1992
f 453/453 451/451 1991/1991
f 973/973 971/971 969/969
f 973/973 969/969 967/967
f 975/975 973/973 967/967
f 975/975 967/967 965/965
f 907/907 905/905 822/822
f 907/907 822/822 820/820
f 905/905 903/903 902/902
f 905/905 902/902 822/822
f 804/804 802/802 666/666
f 804/804 666/666 664/664
f 863/863 865/865 867/867
f 863/863 867/867 869/869
f 926/926 1006/1006 1007/1007
f 926/926 1007/1007 1009/1009
f 977/977 963/963 996/996
f 977/977 996/996 995/995
f 1006/1006 928/928 929/929
f 1006/1006 929/929 1007/1007
f 579/579 562/562 548/548
f 579/579 548/548 580/580
f 859/859 861/861 871/871
f 859/859 871/871 873/873
f 1148/1148 1155/1155 1149/1149
f 1152/1152 1153/1153 1146/1146
f 1219/1219 1220/1220 1213/1213
f 1214/1214 1221/1221 1222/1222
f 1319/1319 1320/1320 1327/1327
f 1325/1325 1332/1332 1331/1331
f 1366/1366 1372/1372 1365/1365
f 1363/1363 1370/1370 1369/1369
f 1424/1424 1425/1425 1432/1432
f 1430/1430 1437/1437 1436/1436
f 1548/1548 1549/1549 1542/1542
f 1543/1543 1550/1550 1551/1551
f 1583/1583 1589/1589 1582/1582
f 1580/1580 1587/1587 1586/1586
f 1641/1641 1642/1642 1649/1649
f 1647/1647 1654/1654 1653/1653
f 1765/1765 1766/1766 1759/1759
f 1760/1760 1767/1767 1768/1768
f 1799/1799 1806/1806 1800/1800
f 1803/1803 1804/1804 1797/1797
f 1870/1870 1871/1871 1864/1864
f 1865/1865 1872/1872 1873/1873
f 1970/1970 1971/1971 1978/1978
f 1976/1976 1983/1983 1982/1982
f 94/94 47/47 141/141
f 94/94 141/141 188/188
f 196/196 190/190 193/193
f 196/196 193/193 199/199
f 511/511 553/553 555/555
f 511/511 555/555 513/513
f 213/213 212/212 306/306
f 213/213 306/306 304/304
f 459/459 461/461 1991/1991
f 477/477 475/475 1992/1992
f 475/475 412/412 1992/1992
f 412/412 414/414 1992/1992
f 414/414 416/416 1992/1992
f 416/416 479/479 1992/1992
f 479/479 419/419 1992/1992
f 419/419 421/421 1992/1992
f 421/421 481/481 1992/1992
f 481/481 483/483 1992/1992
f 483/483 485/485 1992/1992
f 485/485 423/423 1992/1992
f 423/423 487/487 1992/1992
f 487/487 489/489 1992/1992
f 489/489 491/491 1992/1992
f 491/491 425/425 1992/1992
f 425/425 427/427 1992/1992
f 427/427 429/429 1992/1992
f 429/429 431/431 1992/1992
f 431/431 433/433 1992/1992
f 433/433 493/493 1992/1992
f 493/493 435/435 1992/1992
f 1045/1045 1065/1065 1067/1067
f 1045/1045 1067/1067 1047/1047
f 1235/1235 1242/1242 1241/1241
f 1235/1235 1241/1241 1234/1234

