# HWR household_v1 locked asset
mtllib cleaner_yellow.mtl
usemtl multi_cleaner_bottle
v -0.00006184 0.04634662 0.12700947
v -0.00015443 0.04638328 0.12443730
v -0.00006435 0.04552500 0.12564270
v -0.00060377 0.04637674 0.11060355
v -0.00069589 0.04641667 0.10806091
v -0.00060644 0.04550952 0.10928969
v -0.00114902 0.04635984 0.09414629
v -0.00123734 0.04644998 0.09168449
v -0.00114890 0.04548776 0.09293060
v -0.00168018 0.04631418 0.07770645
v -0.00179350 0.04641957 0.07530288
v -0.00171200 0.04543022 0.07656305
v -0.00223761 0.04622725 0.06128983
v -0.00235279 0.04634574 0.05891713
v -0.00226617 0.04533785 0.06018759
v -0.00279506 0.04614030 0.04487336
v -0.00291207 0.04627216 0.04253057
v -0.00282033 0.04524535 0.04381213
v 0.00886819 0.04549527 0.12700082
v 0.00880065 0.04558121 0.12411820
v 0.00875566 0.04485280 0.12541361
v 0.00836471 0.04554866 0.11051525
v 0.00831686 0.04570766 0.10775122
v 0.00825176 0.04489492 0.10908606
v 0.00785668 0.04559228 0.09402003
v 0.00783305 0.04583403 0.09138434
v 0.00774716 0.04493492 0.09275794
v 0.00738060 0.04560201 0.07754195
v 0.00730501 0.04590659 0.07501241
v 0.00719366 0.04494878 0.07641725
v 0.00683631 0.04558555 0.06108611
v 0.00676336 0.04594105 0.05863645
v 0.00665136 0.04492703 0.06006469
v 0.00629208 0.04556932 0.04463122
v 0.00622210 0.04597583 0.04225932
v 0.00610920 0.04490505 0.04371288
v 0.01741349 0.04293775 0.12696444
v 0.01739918 0.04308245 0.12382549
v 0.01726460 0.04249018 0.12521385
v 0.01696543 0.04302219 0.11043177
v 0.01700428 0.04327275 0.10746679
v 0.01681994 0.04257582 0.10890693
v 0.01651559 0.04310621 0.09390141
v 0.01660936 0.04346297 0.09110835
v 0.01637449 0.04266001 0.09260097
v 0.01611067 0.04314516 0.07738746
v 0.01614660 0.04362003 0.07474542
v 0.01585527 0.04273803 0.07628429
v 0.01560490 0.04318732 0.06089478
v 0.01566270 0.04374755 0.05837893
v 0.01535115 0.04277814 0.05995812
v 0.01509951 0.04323025 0.04440539
v 0.01517933 0.04387542 0.04201092
v 0.01484892 0.04282080 0.04363476
v 0.02527016 0.03881159 0.12692105
v 0.02533285 0.03899740 0.12356885
v 0.02514468 0.03852701 0.12503883
v 0.02489120 0.03891161 0.11035737
v 0.02504445 0.03921258 0.10721717
v 0.02477236 0.03863153 0.10875076
v 0.02451063 0.03901034 0.09379634
v 0.02475604 0.03942771 0.09086596
v 0.02439870 0.03873420 0.09246323
v 0.02418193 0.03904879 0.07724965
v 0.02438591 0.03963810 0.07451100
v 0.02393599 0.03885871 0.07616684
v 0.02373319 0.03912891 0.06072166
v 0.02399115 0.03982930 0.05815316
v 0.02349084 0.03894123 0.05986331
v 0.02335027 0.03931699 0.04415899
v 0.02359668 0.04002102 0.04179341
v 0.02306282 0.03905128 0.04356088
v 0.03217923 0.03328911 0.12688445
v 0.03232797 0.03348265 0.12335672
v 0.03225606 0.03323610 0.12481475
v 0.03187045 0.03337714 0.11029671
v 0.03214757 0.03368003 0.10701074
v 0.03194145 0.03331864 0.10860805
v 0.03155968 0.03346316 0.09371165
v 0.03196717 0.03387737 0.09066542
v 0.03162456 0.03339885 0.09240064
v 0.03130195 0.03347203 0.07713901
v 0.03170329 0.03410168 0.07431741
v 0.03118677 0.03355951 0.07618316
v 0.03092085 0.03356511 0.06058065
v 0.03141526 0.03431762 0.05796705
v 0.03090799 0.03376378 0.05960469
v 0.03055562 0.03367978 0.04401926
v 0.03112760 0.03453409 0.04161461
v 0.03063092 0.03397930 0.04312241
v 0.03854056 -0.02698122 0.16139321
v 0.03737481 -0.02604395 0.15840283
v 0.03754864 -0.02629630 0.15951802
v 0.03816643 -0.02647300 0.14412994
v 0.03755312 -0.02591420 0.14189736
v 0.03751558 -0.02601755 0.14283766
v 0.03830402 -0.02630937 0.12775725
v 0.03775990 -0.02580836 0.12540505
v 0.03739189 -0.02567642 0.12590389
v 0.03844129 -0.02614552 0.11138339
v 0.03796587 -0.02570189 0.10891412
v 0.03760500 -0.02557513 0.10961311
v 0.03857863 -0.02598174 0.09500983
v 0.03817211 -0.02559575 0.09242129
v 0.03781802 -0.02547382 0.09331849
v 0.03873371 -0.02578854 0.07866155
v 0.03833726 -0.02554807 0.07588386
v 0.03807705 -0.02528978 0.07701667
v 0.03881093 -0.02565680 0.06232234
v 0.03850241 -0.02546040 0.05934527
v 0.03869232 -0.02557521 0.06068230
v 0.03888893 -0.02551149 0.04592601
v 0.03867070 -0.02536247 0.04287330
v 0.03842614 -0.02511524 0.04445819
v 0.03895913 -0.02537333 0.02952786
v 0.03940348 -0.02564464 0.02569312
v 0.03859297 -0.02503516 0.02816860
v 0.03233235 -0.03414343 0.16126126
v 0.03149277 -0.03311707 0.15827052
v 0.03115181 -0.03288466 0.15891847
v 0.03209791 -0.03353532 0.14402950
v 0.03169534 -0.03296455 0.14177320
v 0.03129855 -0.03266890 0.14240911
v 0.03230374 -0.03337262 0.12766199
v 0.03194907 -0.03286158 0.12527863
v 0.03157279 -0.03260514 0.12603650
v 0.03250288 -0.03320793 0.11127423
v 0.03218969 -0.03274924 0.10882598
v 0.03177663 -0.03243771 0.10970699
v 0.03270533 -0.03304414 0.09489632
v 0.03243735 -0.03264196 0.09235059
v 0.03202279 -0.03233000 0.09336458
v 0.03293200 -0.03286108 0.07855623
v 0.03264350 -0.03257850 0.07581298
v 0.03254879 -0.03244335 0.07698731
v 0.03306929 -0.03270084 0.06220008
v 0.03284784 -0.03247105 0.05930757
v 0.03280582 -0.03238293 0.06064893
v 0.03320730 -0.03253442 0.04581558
v 0.03305459 -0.03235907 0.04283341
v 0.03295655 -0.03222408 0.04432891
v 0.03333812 -0.03236653 0.02939911
v 0.03374237 -0.03272201 0.02568705
v 0.03296919 -0.03191449 0.02793630
v 0.02486875 -0.03988604 0.16110104
v 0.02430957 -0.03882552 0.15808829
v 0.02397097 -0.03843796 0.15887652
v 0.02478762 -0.03921837 0.14390746
v 0.02458148 -0.03871322 0.14162943
v 0.02419007 -0.03823832 0.14238005
v 0.02505629 -0.03908609 0.12755584
v 0.02488087 -0.03863544 0.12511269
v 0.02465755 -0.03845050 0.12599942
v 0.02531274 -0.03894089 0.11114203
v 0.02515462 -0.03852873 0.10871899
v 0.02475653 -0.03804778 0.10965776
v 0.02557538 -0.03880199 0.09475914
v 0.02544136 -0.03843666 0.09226292
v 0.02504248 -0.03795657 0.09330070
v 0.02586511 -0.03865649 0.07842692
v 0.02569191 -0.03837639 0.07573066
v 0.02560289 -0.03819669 0.07691060
v 0.02606781 -0.03849351 0.06205274
v 0.02593973 -0.03826560 0.05925980
v 0.02584994 -0.03808835 0.06056792
v 0.02627036 -0.03833027 0.04567866
v 0.02618776 -0.03815517 0.04278696
v 0.02609863 -0.03797833 0.04422679
v 0.02646765 -0.03815712 0.02924396
v 0.02681592 -0.03859486 0.02567919
v 0.02614851 -0.03758250 0.02782710
v 0.01646891 -0.04400775 0.16091889
v 0.01617440 -0.04301182 0.15789676
v 0.01588310 -0.04243668 0.15882966
v 0.01654284 -0.04332071 0.14376831
v 0.01649194 -0.04294877 0.14146595
v 0.01616117 -0.04227882 0.14234954
v 0.01685545 -0.04323970 0.12742427
v 0.01681797 -0.04290576 0.12495754
v 0.01663609 -0.04262169 0.12596247
v 0.01715985 -0.04313532 0.11099153
v 0.01712630 -0.04282335 0.10859749
v 0.01679361 -0.04215617 0.10960182
v 0.01746843 -0.04304253 0.09460308
v 0.01744351 -0.04276069 0.09216290
v 0.01710949 -0.04209555 0.09322879
v 0.01778125 -0.04296202 0.07826451
v 0.01773570 -0.04271874 0.07565927
v 0.01761966 -0.04242089 0.07683496
v 0.01806394 -0.04281389 0.06187000
v 0.01802041 -0.04262259 0.05922283
v 0.01789297 -0.04225770 0.06047883
v 0.01832925 -0.04267775 0.04550466
v 0.01831114 -0.04252968 0.04275175
v 0.01819885 -0.04223601 0.04411858
v 0.01858802 -0.04252713 0.02906688
v 0.01886217 -0.04304162 0.02567073
v 0.01834827 -0.04182308 0.02770217
v 0.00748745 -0.04637846 0.16072850
v 0.00741374 -0.04554282 0.15768523
v 0.00722224 -0.04483238 0.15878284
v 0.00770442 -0.04570676 0.14361718
v 0.00774545 -0.04551410 0.14128822
v 0.00753883 -0.04465788 0.14232273
v 0.00803967 -0.04568814 0.12726954
v 0.00808386 -0.04550914 0.12481641
v 0.00794790 -0.04506565 0.12592717
v 0.00837332 -0.04564526 0.11083928
v 0.00841634 -0.04547161 0.10845360
v 0.00820665 -0.04468922 0.10954142
v 0.00870451 -0.04560908 0.09443399
v 0.00874807 -0.04544393 0.09205418
v 0.00853728 -0.04459535 0.09315183
v 0.00903995 -0.04559069 0.07808862
v 0.00907164 -0.04543495 0.07558172
v 0.00897371 -0.04499563 0.07675307
v 0.00936618 -0.04548866 0.06166285
v 0.00938599 -0.04536088 0.05919167
v 0.00923453 -0.04457659 0.06038388
v 0.00967777 -0.04540686 0.04531506
v 0.00970827 -0.04530742 0.04271504
v 0.00961545 -0.04487365 0.04400174
v 0.00998464 -0.04530028 0.02887450
v 0.01016550 -0.04588078 0.02566212
v 0.00986104 -0.04446963 0.02756668
v -0.00171912 -0.04694347 0.16053747
v -0.00164697 -0.04629596 0.15746915
v -0.00169829 -0.04574025 0.15871551
v -0.00137415 -0.04631323 0.14345764
v -0.00131589 -0.04631531 0.14110667
v -0.00134121 -0.04531926 0.14226365
v -0.00104308 -0.04635755 0.12709279
v -0.00098267 -0.04635188 0.12467681
v -0.00100477 -0.04570505 0.12586525
v -0.00070626 -0.04639059 0.11069303
v -0.00064443 -0.04637119 0.10829151
v -0.00069193 -0.04572654 0.10947007
v -0.00037397 -0.04641138 0.09425708
v -0.00031185 -0.04637789 0.09194186
v -0.00034274 -0.04538513 0.09307024
v -0.00004134 -0.04645982 0.07790677
v 0.00002821 -0.04641080 0.07550091
v -0.00000714 -0.04584413 0.07667408
v 0.00030866 -0.04641864 0.06146208
v 0.00036254 -0.04637144 0.05914204
v 0.00033810 -0.04538702 0.06028548
v 0.00063980 -0.04639939 0.04510407
v 0.00069574 -0.04636094 0.04269366
v 0.00068680 -0.04572963 0.04389345
v 0.00097695 -0.04635982 0.02868548
v 0.00104637 -0.04698711 0.02564813
v 0.00099564 -0.04550159 0.02744490
v -0.01079697 -0.04571962 0.16051039
v -0.01060784 -0.04512070 0.15725761
v -0.01058537 -0.04473602 0.15852581
v -0.01034441 -0.04516457 0.14342535
v -0.01029637 -0.04520182 0.14091443
v -0.01018203 -0.04436446 0.14210413
v -0.01003975 -0.04525766 0.12702552
v -0.00999099 -0.04529273 0.12452739
v -0.00984519 -0.04443375 0.12572861
v -0.00972751 -0.04534658 0.11064850
v -0.00968214 -0.04539650 0.10809786
v -0.00961443 -0.04484909 0.10936233
v -0.00940576 -0.04539968 0.09417362
v -0.00937044 -0.04547766 0.09175027
v -0.00923360 -0.04455215 0.09297970
v -0.00909227 -0.04546964 0.07776404
v -0.00904790 -0.04557772 0.07533758
v -0.00894997 -0.04490347 0.07660219
v -0.00875892 -0.04549110 0.06132466
v -0.00871002 -0.04560325 0.05896820
v -0.00856576 -0.04464010 0.06021600
v -0.00842768 -0.04551337 0.04491131
v -0.00837990 -0.04563517 0.04257391
v -0.00821065 -0.04466550 0.04382633
v -0.00809307 -0.04554830 0.02853260
v -0.00815843 -0.04631247 0.02547663
v -0.00796590 -0.04505379 0.02737708
v -0.01940629 -0.04278693 0.16050655
v -0.01911889 -0.04225306 0.15704551
v -0.01908102 -0.04199422 0.15834093
v -0.01887909 -0.04232268 0.14344411
v -0.01885373 -0.04238936 0.14068395
v -0.01874480 -0.04194709 0.14195561
v -0.01861623 -0.04245510 0.12700790
v -0.01858927 -0.04251541 0.12434678
v -0.01830687 -0.04171704 0.12558691
v -0.01833774 -0.04256568 0.11061291
v -0.01833098 -0.04266731 0.10790799
v -0.01819150 -0.04220871 0.10924549
v -0.01804756 -0.04265839 0.09414219
v -0.01806562 -0.04280306 0.09154284
v -0.01788567 -0.04223015 0.09288544
v -0.01775972 -0.04274374 0.07765597
v -0.01780387 -0.04293284 0.07518667
v -0.01746537 -0.04206166 0.07651444
v -0.01746743 -0.04281498 0.06125120
v -0.01747422 -0.04304203 0.05877551
v -0.01725510 -0.04239829 0.06015017
v -0.01714572 -0.04286359 0.04476909
v -0.01716397 -0.04312424 0.04242123
v -0.01679209 -0.04212645 0.04376780
v -0.01683817 -0.04294802 0.02840690
v -0.01709373 -0.04382163 0.02527474
v -0.01666330 -0.04266671 0.02734071
v -0.02724476 -0.03828848 0.16050283
v -0.02687626 -0.03782967 0.15685285
v -0.02686154 -0.03767804 0.15817736
v -0.02666841 -0.03791028 0.14345214
v -0.02667415 -0.03799336 0.14048028
v -0.02657416 -0.03772738 0.14181475
v -0.02646284 -0.03806956 0.12700135
v -0.02646591 -0.03814580 0.12416986
v -0.02608695 -0.03748797 0.12545907
v -0.02622099 -0.03818612 0.11057874
v -0.02626937 -0.03832016 0.10773356
v -0.02608599 -0.03795421 0.10913672
v -0.02597331 -0.03829702 0.09410525
v -0.02606676 -0.03848329 0.09135976
v -0.02583729 -0.03806417 0.09279436
v -0.02571737 -0.03839618 0.07756611
v -0.02585779 -0.03863537 0.07503594
v -0.02534834 -0.03781230 0.07642489
v -0.02547845 -0.03848775 0.06117735
v -0.02558276 -0.03880113 0.05860633
v -0.02527390 -0.03829132 0.06009127
v -0.02518163 -0.03856566 0.04464836
v -0.02531402 -0.03892950 0.04227064
v -0.02474903 -0.03801981 0.04371216
v -0.02491136 -0.03868099 0.02828368
v -0.02539975 -0.03960492 0.02509563
v -0.02473856 -0.03853759 0.02731187
v -0.03404616 -0.03241306 0.16049939
v -0.03361322 -0.03203633 0.15668598
v -0.03364550 -0.03195840 0.15803480
v -0.03343850 -0.03211405 0.14343377
v -0.03347813 -0.03219806 0.14033595
v -0.03333570 -0.03197770 0.14168677
v -0.03329132 -0.03227274 0.12698802
v -0.03333349 -0.03235656 0.12401477
v -0.03288941 -0.03183536 0.12534657
v -0.03309263 -0.03238389 0.11053335
v -0.03320341 -0.03252531 0.10759669
v -0.03293804 -0.03220550 0.10903546
v -0.03288678 -0.03249662 0.09405841
v -0.03306555 -0.03269179 0.09121223
v -0.03279221 -0.03235804 0.09271315
v -0.03267313 -0.03259852 0.07749970
v -0.03292046 -0.03284649 0.07489359
v -0.03228112 -0.03216214 0.07634603
v -0.03248227 -0.03268151 0.06107471
v -0.03271101 -0.03303830 0.05848226
v -0.03225600 -0.03257113 0.06003073
v -0.03222355 -0.03278161 0.04454255
v -0.03250123 -0.03319700 0.04213851
v -0.03176299 -0.03241347 0.04366296
v -0.03199990 -0.03291163 0.02818205
v -0.03274054 -0.03381066 0.02493826
v -0.03186618 -0.03287999 0.02729183
v -0.03958834 -0.02538533 0.16048840
v -0.03910774 -0.02509532 0.15656952
v -0.03912738 -0.02502698 0.15792824
v -0.03895861 -0.02516183 0.14340518
v -0.03902884 -0.02523267 0.14024011
v -0.03866743 -0.02492641 0.14156811
v -0.03886694 -0.02529567 0.12697681
v -0.03894746 -0.02537122 0.12388750
v -0.03846196 -0.02497763 0.12525462
v -0.03870415 -0.02538696 0.11047933
v -0.03887382 -0.02551000 0.10750205
v -0.03835487 -0.02511926 0.10893319
v -0.03854012 -0.02548409 0.09401989
v -0.03880036 -0.02565447 0.09109110
v -0.03849573 -0.02540866 0.09264541
v -0.03836608 -0.02557196 0.07744621
v -0.03871475 -0.02578680 0.07477629
v -0.03797546 -0.02525648 0.07628028
v -0.03821116 -0.02562905 0.06096529
v -0.03857308 -0.02597818 0.05839257
v -0.03780524 -0.02545906 0.05996210
v -0.03800078 -0.02573456 0.04445530
v -0.03843221 -0.02614176 0.04202987
v -0.03754880 -0.02551758 0.04362227
v -0.03782590 -0.02586050 0.02810550
v -0.03881113 -0.02665387 0.02480884
v -0.03775082 -0.02591038 0.02727941
v -0.04369645 -0.01745749 0.16047906
v -0.04318227 -0.01725740 0.15648899
v -0.04300039 -0.01706749 0.15765291
v -0.04305097 -0.01730505 0.14339163
v -0.04314506 -0.01735273 0.14016063
v -0.04285649 -0.01713826 0.14139303
v -0.04300148 -0.01739217 0.12696894
v -0.04311359 -0.01744537 0.12379196
v -0.04271504 -0.01719860 0.12511718
v -0.04286544 -0.01745429 0.11044749
v -0.04308208 -0.01753797 0.10742373
v -0.04257234 -0.01725846 0.10884014
v -0.04273441 -0.01751920 0.09399291
v -0.04305880 -0.01763551 0.09099990
v -0.04293697 -0.01758792 0.09262226
v -0.04259063 -0.01757820 0.07740924
v -0.04301903 -0.01772313 0.07468795
v -0.04228279 -0.01737643 0.07628813
v -0.04246217 -0.01759958 0.06089516
v -0.04294170 -0.01789103 0.05831898
v -0.04208456 -0.01754009 0.06001252
v -0.04229499 -0.01768924 0.04438982
v -0.04286453 -0.01802985 0.04194870
v -0.04199171 -0.01766085 0.04357868
v -0.04215798 -0.01779474 0.02803035
v -0.04335725 -0.01840513 0.02471194
v -0.04240054 -0.01804473 0.02709751
v -0.03881148 0.02556893 0.12812655
v -0.03812893 0.02494242 0.12563935
v -0.03817284 0.02514640 0.12655089
v -0.03908151 0.02522325 0.11176726
v -0.03845061 0.02463635 0.10909787
v -0.03847978 0.02483522 0.11014837
v -0.03935193 0.02487786 0.09540966
v -0.03881961 0.02436817 0.09256818
v -0.03873229 0.02449210 0.09355554
v -0.03959435 0.02452292 0.07905508
v -0.03908899 0.02420660 0.07602158
v -0.03913763 0.02413783 0.07731141
v -0.03975870 0.02420290 0.06270414
v -0.03938861 0.02395130 0.05946015
v -0.03944459 0.02388671 0.06108077
v -0.03992302 0.02388285 0.04635278
v -0.03968638 0.02369491 0.04289614
v -0.03974929 0.02363426 0.04485060
v -0.03293969 0.03274222 0.12790778
v -0.03255014 0.03215156 0.12543788
v -0.03220832 0.03197355 0.12620101
v -0.03331780 0.03241466 0.11153985
v -0.03294347 0.03185024 0.10892900
v -0.03263824 0.03171085 0.10987336
v -0.03369632 0.03208730 0.09517346
v -0.03338058 0.03159113 0.09243448
v -0.03307307 0.03145276 0.09354580
v -0.03404606 0.03174009 0.07881053
v -0.03371571 0.03139310 0.07591938
v -0.03351349 0.03114493 0.07722807
v -0.03431708 0.03139558 0.06245212
v -0.03408384 0.03112078 0.05938836
v -0.03387591 0.03087281 0.06092136
v -0.03458808 0.03105101 0.04609343
v -0.03445088 0.03084777 0.04285491
v -0.03423706 0.03059966 0.04461404
v -0.02581594 0.03857073 0.12765900
v -0.02564331 0.03807630 0.12518939
v -0.02526384 0.03769476 0.12611738
v -0.02628674 0.03830143 0.11128181
v -0.02613984 0.03785221 0.10873450
v -0.02576042 0.03747579 0.10976497
v -0.02675824 0.03803211 0.09490591
v -0.02663647 0.03762825 0.09227851
v -0.02625693 0.03725649 0.09341184
v -0.02720414 0.03773285 0.07853396
v -0.02704531 0.03742227 0.07580029
v -0.02675806 0.03699332 0.07707048
v -0.02758306 0.03740657 0.06216705
v -0.02748318 0.03716042 0.05930492
v -0.02719333 0.03673493 0.06074180
v -0.02796194 0.03708022 0.04580003
v -0.02792000 0.03689885 0.04280765
v -0.02762791 0.03647583 0.04441232
v -0.01773964 0.04285678 0.12738915
v -0.01775156 0.04258191 0.12494505
v -0.01738128 0.04191933 0.12602987
v -0.01827417 0.04267670 0.11100219
v -0.01829058 0.04241492 0.10852864
v -0.01791985 0.04175958 0.10964876
v -0.01880904 0.04249679 0.09461619
v -0.01882959 0.04224792 0.09211205
v -0.01845841 0.04159970 0.09326762
v -0.01932573 0.04227838 0.07823449
v -0.01930982 0.04206386 0.07567254
v -0.01899877 0.04140037 0.07689980
v -0.01979738 0.04201030 0.06185814
v -0.01980829 0.04183904 0.05921574
v -0.01949584 0.04118201 0.06054604
v -0.02026900 0.04174215 0.04548179
v -0.02030535 0.04161496 0.04275776
v -0.01999260 0.04096331 0.04419172
v -0.01186870 0.04479464 0.04270996
v -0.01178196 0.04484453 0.04514917
v -0.01161893 0.04390557 0.04397398
v -0.01132921 0.04496055 0.05912707
v -0.01124684 0.04502322 0.06153530
v -0.01108023 0.04406527 0.06034992
v -0.01078977 0.04512665 0.07554350
v -0.01071171 0.04520182 0.07792147
v -0.01054169 0.04422476 0.07672564
v -0.01025190 0.04526200 0.09194256
v -0.01016026 0.04531838 0.09431294
v -0.00998445 0.04435186 0.09311054
v -0.00969531 0.04535891 0.10831796
v -0.00960074 0.04539112 0.11070863
v -0.00942981 0.04444193 0.10950400
v -0.00913707 0.04544197 0.12470856
v -0.00904132 0.04546405 0.12710499
v -0.00887492 0.04453014 0.12589949
v 0.03860249 -0.02685619 0.15142683
v 0.03245481 -0.03402306 0.15128661
v 0.02503277 -0.03978313 0.15111330
v 0.01665990 -0.04393186 0.15091555
v 0.00769795 -0.04636409 0.15070632
v -0.00151252 -0.04699350 0.15048868
v -0.01060774 -0.04579994 0.15034228
v -0.01924493 -0.04288539 0.15018746
v -0.02711643 -0.03839386 0.15004445
v -0.03395166 -0.03251292 0.14991877
v -0.03952312 -0.02547018 0.14981527
v -0.04365291 -0.01751757 0.14973785
v 0.00013988 0.04701720 0.13387093
v 0.00917362 0.04609616 0.13359376
v -0.00896528 0.04616343 0.13412534
v 0.01780897 0.04348281 0.13333743
v 0.02574775 0.03930016 0.13311196
v 0.03870440 -0.02666287 0.13499640
v 0.03262408 -0.03382725 0.13486084
v 0.02527872 -0.03962188 0.13469633
v 0.01696874 -0.04383837 0.13450888
v 0.00803156 -0.04633084 0.13430577
v -0.00117879 -0.04702540 0.13409452
v -0.01029900 -0.04589266 0.13393539
v -0.01898224 -0.04302417 0.13377459
v -0.02691391 -0.03855760 0.13362623
v -0.03381429 -0.03267669 0.13349600
v -0.03944597 -0.02560905 0.13338896
v -0.04362192 -0.01761035 0.13330913
v -0.03317014 0.03321443 0.13512635
v -0.02596104 0.03913590 0.13481390
v -0.01778176 0.04349838 0.13447602
v -0.00040211 0.04705194 0.11745652
v 0.00868961 0.04622403 0.11716987
v -0.00952488 0.04608820 0.11773225
v 0.01741422 0.04367454 0.11690516
v 0.02545934 0.03951710 0.11667262
v 0.03254855 0.03391228 0.11648089
v 0.03884115 -0.02649897 0.11857404
v 0.03282601 -0.03366321 0.11844293
v 0.02554102 -0.03948253 0.11828365
v 0.01727730 -0.04374495 0.11810202
v 0.00836519 -0.04629757 0.11790509
v -0.00084504 -0.04705727 0.11770026
v -0.00999023 -0.04598535 0.11752850
v -0.01871949 -0.04316296 0.11736195
v -0.02671136 -0.03872135 0.11720836
v -0.03367691 -0.03284047 0.11707369
v -0.03936882 -0.02574793 0.11696313
v -0.04359094 -0.01770313 0.11688083
v -0.03937489 0.02559168 0.11896715
v -0.03354667 0.03288658 0.11870120
v -0.02643150 0.03886506 0.11839913
v -0.01831620 0.04331650 0.11807200
v -0.00094398 0.04708693 0.10104965
v 0.00820584 0.04635214 0.10075321
v -0.01008457 0.04601317 0.10134660
v 0.01701977 0.04386646 0.10047969
v 0.02517185 0.03973384 0.10023964
v 0.03236948 0.03411100 0.10004196
v 0.03897789 -0.02633506 0.10215173
v 0.03302790 -0.03349916 0.10202515
v 0.02580313 -0.03934326 0.10187108
v 0.01758574 -0.04365154 0.10169527
v 0.00869880 -0.04626426 0.10150449
v -0.00051127 -0.04708910 0.10130601
v -0.00968143 -0.04607802 0.10112165
v -0.01845674 -0.04330172 0.10094931
v -0.02650880 -0.03888507 0.10079049
v -0.03353952 -0.03300423 0.10065136
v -0.03929167 -0.02588680 0.10053728
v -0.04355996 -0.01779592 0.10045255
v -0.03964346 0.02524551 0.10254150
v -0.03392357 0.03255814 0.10228447
v -0.02690172 0.03859431 0.10199224
v -0.01885081 0.04313466 0.10167559
v -0.00148196 0.04712128 0.08464301
v 0.00773060 0.04647720 0.08433688
v -0.01064409 0.04593807 0.08496115
v 0.01663696 0.04405166 0.08405456
v 0.02489737 0.03993962 0.08380699
v 0.03220314 0.03429470 0.08360334
v 0.03911460 -0.02617117 0.08572942
v 0.03322978 -0.03333511 0.08560730
v 0.02606522 -0.03920398 0.08545849
v 0.01789397 -0.04355818 0.08528850
v 0.00903225 -0.04623094 0.08510391
v -0.00017752 -0.04712090 0.08491181
v -0.00937264 -0.04617065 0.08471486
v -0.01819399 -0.04344045 0.08453670
v -0.02630622 -0.03904877 0.08437260
v -0.03340212 -0.03316799 0.08422901
v -0.03921450 -0.02602567 0.08411143
v -0.04352897 -0.01788871 0.08402423
v -0.03991197 0.02489931 0.08611598
v -0.03430040 0.03222966 0.08586791
v -0.02737177 0.03832360 0.08558554
v -0.01938489 0.04295293 0.08527936
v -0.00204174 0.04704952 0.06824685
v 0.00718940 0.04651353 0.06793022
v -0.01117738 0.04575837 0.06856498
v 0.01615406 0.04418086 0.06763803
v 0.02450389 0.04013236 0.06738156
v 0.03191667 0.03451193 0.06717032
v 0.03920942 -0.02601817 0.06930433
v 0.03339210 -0.03316585 0.06918647
v 0.02629603 -0.03904543 0.06904276
v 0.01818395 -0.04343560 0.06887857
v 0.00936319 -0.04616416 0.06870020
v 0.00017010 -0.04712128 0.06851468
v -0.00904053 -0.04623907 0.06831104
v -0.01790338 -0.04356469 0.06812668
v -0.02607527 -0.03920885 0.06795683
v -0.03323997 -0.03333849 0.06780812
v -0.03911998 -0.02617959 0.06768631
v -0.04349800 -0.01798147 0.06759606
v -0.04006655 0.02459678 0.06968338
v -0.03456083 0.03189776 0.06944284
v -0.02774109 0.03800473 0.06916927
v -0.01984994 0.04268746 0.06887283
v -0.00260184 0.04697763 0.05185046
v 0.00664776 0.04654983 0.05152338
v -0.01171242 0.04557783 0.05216861
v 0.01567111 0.04431001 0.05122137
v 0.02411036 0.04032504 0.05095600
v 0.03163017 0.03472914 0.05073715
v 0.03928654 -0.02587933 0.05287845
v 0.03352951 -0.03300209 0.05276414
v 0.02649861 -0.03888172 0.05262491
v 0.01844671 -0.04329688 0.05246596
v 0.00967199 -0.04607153 0.05229345
v 0.00050378 -0.04708886 0.05211414
v -0.00870698 -0.04627240 0.05191048
v -0.01759513 -0.04365805 0.05171985
v -0.02581318 -0.03934812 0.05154418
v -0.03303809 -0.03350254 0.05139027
v -0.03898322 -0.02634349 0.05126402
v -0.04341409 -0.01814030 0.05117018
v -0.04022932 0.02427569 0.05325029
v -0.03483064 0.03155186 0.05301735
v -0.02811918 0.03767686 0.05275262
v -0.02032117 0.04241765 0.05246598
v -0.00316182 0.04690590 0.03544629
v 0.00610615 0.04658617 0.03510841
v -0.01224757 0.04539749 0.03576475
v 0.01518786 0.04443916 0.03479623
v 0.02371733 0.04051721 0.03452152
v 0.03936365 -0.02574049 0.03645255
v 0.03366690 -0.03283833 0.03634178
v 0.02670117 -0.03871801 0.03620702
v 0.01870946 -0.04315813 0.03605331
v 0.00998079 -0.04597887 0.03588663
v 0.00083747 -0.04705639 0.03571354
v -0.00837337 -0.04630572 0.03550992
v -0.01728659 -0.04375151 0.03531314
v -0.02555103 -0.03948741 0.03513169
v -0.03283618 -0.03366660 0.03497255
v -0.03884643 -0.02650742 0.03484185
v -0.04333748 -0.01827916 0.03474449
v -0.03510142 0.03120533 0.03658575
v -0.02849760 0.03734908 0.03632937
v -0.02079268 0.04214799 0.03605205
v 0.03853522 -0.02700779 0.16356156
v 0.03231947 -0.03417468 0.16344449
v 0.02484845 -0.03991989 0.16330197
v 0.01644147 -0.04404277 0.16313936
v 0.00745054 -0.04641187 0.16296295
v -0.00176249 -0.04697213 0.16277933
v -0.01084228 -0.04574105 0.16257517
v -0.01945320 -0.04280242 0.16237485
v -0.02729080 -0.03829819 0.16219012
v -0.03408950 -0.03241815 0.16202821
v -0.03962729 -0.02539010 0.16189538
v -0.04373151 -0.01746394 0.16179677
v 0.03948061 -0.02566522 0.02412810
v 0.03381614 -0.03274978 0.02399673
v 0.02688533 -0.03862959 0.02383665
v 0.01892582 -0.04308310 0.02365395
v 0.01022173 -0.04592830 0.02345577
v 0.00109161 -0.04703748 0.02324990
v -0.00812131 -0.04634513 0.02305967
v -0.01706152 -0.04385399 0.02288364
v -0.02537495 -0.03963777 0.02272139
v -0.03272379 -0.03384215 0.02257916
v -0.03880243 -0.02668174 0.02246242
v -0.04335611 -0.01842604 0.02237563
v -0.03966845 -0.02532701 0.16978458
v -0.03415690 -0.03234329 0.16990168
v -0.02738757 -0.03822232 0.17004437
v -0.01957767 -0.04273724 0.17020723
v -0.01098843 -0.04569693 0.17038391
v -0.00192066 -0.04695648 0.17056765
v 0.00729234 -0.04642739 0.17075138
v 0.01629517 -0.04408706 0.17092809
v 0.02472416 -0.03998622 0.17109093
v -0.03873900 -0.02675923 0.01477760
v -0.03262952 -0.03391970 0.01489442
v 0.03222451 -0.03425242 0.17123359
v -0.02525218 -0.03970357 0.01503684
v -0.01691694 -0.04389802 0.01519931
v -0.00796489 -0.04636070 0.01537560
v 0.00124801 -0.04702227 0.01555893
v 0.01036638 -0.04588515 0.01574226
v 0.01904922 -0.04301919 0.01591854
v 0.02698147 -0.03855506 0.01608099
v 0.03388330 -0.03267611 0.01622335
v -0.00304022 0.04661634 0.03902046
v -0.01206008 0.04510232 0.03930692
v 0.00616824 0.04633725 0.03874602
v 0.01520559 0.04423750 0.03849394
v 0.02370465 0.04036440 0.03827349
v 0.03131290 0.03483925 0.03809092
v -0.04006291 0.02383642 0.04035031
v -0.03479214 0.03103948 0.04012676
v -0.02821865 0.03713573 0.03987131
v -0.02055408 0.04189070 0.03959433
v 0.00901734 0.04578339 0.13005111
v 0.01760530 0.04319900 0.12979509
v 0.02550420 0.03905040 0.12957044
v 0.03245236 0.03350065 0.12938616
v -0.03905899 0.02582951 0.13165159
v -0.03312267 0.03305528 0.13142876
v -0.02592666 0.03891890 0.13117647
v -0.01777601 0.04322179 0.13090215
v 0.00003887 0.04668282 0.13032844
v -0.00900579 0.04583062 0.13061592
v 0.03850308 -0.02704695 0.16745546
v 0.03227190 -0.03421370 0.16733842
v 0.02478636 -0.03995308 0.16719553
v 0.01636837 -0.04406494 0.16703269
v 0.00737149 -0.04641967 0.16685603
v -0.00184151 -0.04696435 0.16667227
v -0.01091526 -0.04571920 0.16648855
v -0.01951553 -0.04277053 0.16631186
v -0.02733985 -0.03826157 0.16614906
v -0.03412478 -0.03238254 0.16600636
v -0.03965055 -0.02536060 0.16588943
v -0.04374581 -0.01744506 0.16580218
v -0.04333861 -0.01845889 0.01853385
v -0.03877071 -0.02672048 0.01862076
v -0.03267666 -0.03388092 0.01873763
v -0.02531358 -0.03967065 0.01888004
v -0.01698926 -0.04387599 0.01904252
v -0.00804313 -0.04635290 0.01921880
v 0.00116975 -0.04702989 0.01940214
v 0.01029400 -0.04590701 0.01958546
v 0.01898773 -0.04305196 0.01976172
v 0.02693421 -0.03859375 0.01992416
v 0.03385144 -0.03271482 0.02006652
v 0.03950385 -0.02563636 0.02018342
v 0.03245244 0.03350062 0.12938629
v 0.03032538 0.03576420 0.13298454
v 0.03238967 0.03377967 0.13074374
v 0.03214420 0.03423067 0.13189746
v 0.03135230 0.03493678 0.13268587
v -0.03905901 0.02582946 0.13165148
v -0.03700054 0.02869220 0.13531078
v -0.03898710 0.02613461 0.13299945
v -0.03857638 0.02678901 0.13435246
v -0.03783038 0.02764870 0.13507691
v 0.02860154 0.03706797 0.03436943
v 0.03131292 0.03483922 0.03809112
v 0.02967050 0.03627313 0.03460976
v 0.03060944 0.03563586 0.03534019
v 0.03117023 0.03511210 0.03674210
v -0.03861728 0.02661281 0.03674097
v -0.04006283 0.02383628 0.04035142
v -0.03939624 0.02555089 0.03704555
v -0.03985674 0.02481428 0.03783565
v -0.04007719 0.02411577 0.03899173
v -0.04374661 -0.01744239 0.16628143
v -0.04239628 -0.02022624 0.16973034
v -0.04367331 -0.01768276 0.16759398
v -0.04354471 -0.01807176 0.16870906
v -0.04301952 -0.01905748 0.16945778
v 0.03849912 -0.02705176 0.16793372
v 0.03627191 -0.02976890 0.17131065
v 0.03832103 -0.02726922 0.16923880
v 0.03783540 -0.02786212 0.17033899
v 0.03711581 -0.02874010 0.17106680
v -0.04333349 -0.01846851 0.01740811
v -0.04200367 -0.02086857 0.01471561
v -0.04322846 -0.01865834 0.01637006
v -0.04293886 -0.01918111 0.01549386
v -0.04250876 -0.01995724 0.01491287
v 0.03950900 -0.02562675 0.01905781
v 0.03782742 -0.02772836 0.01630502
v 0.03938482 -0.02577960 0.01801516
v 0.03902164 -0.02623267 0.01712588
v 0.03847476 -0.02691699 0.01652536
v -0.00000000 0.04646056 0.00781154
v 0.00906187 0.04556803 0.00781154
v 0.01777550 0.04292479 0.00781154
v 0.02580603 0.03863238 0.00781154
v 0.03284484 0.03285577 0.00781154
v 0.03862145 0.02581696 0.00781154
v 0.04291385 0.01778643 0.00781154
v 0.04555710 0.00907280 0.00781154
v 0.04644962 0.00001093 0.00781154
v 0.04555710 -0.00905094 0.00781154
v 0.04291385 -0.01776457 0.00781154
v 0.03862145 -0.02579510 0.00781154
v 0.03284484 -0.03283391 0.00781154
v 0.02580603 -0.03861052 0.00781154
v 0.01777550 -0.04290293 0.00781154
v 0.00906187 -0.04554617 0.00781154
v -0.00000000 -0.04643869 0.00781154
v -0.00906187 -0.04554617 0.00781154
v -0.01777550 -0.04290293 0.00781154
v -0.02580603 -0.03861052 0.00781154
v -0.03284484 -0.03283391 0.00781154
v -0.03862145 -0.02579510 0.00781154
v -0.04291386 -0.01776457 0.00781154
v -0.04555710 -0.00905094 0.00781154
v -0.04644962 0.00001093 0.00781154
v -0.04644962 0.00001093 0.00781154
v -0.04555710 0.00907280 0.00781154
v -0.04291386 0.01778643 0.00781154
v -0.03862145 0.02581696 0.00781154
v -0.03284484 0.03285577 0.00781154
v -0.02580603 0.03863238 0.00781154
v -0.01777550 0.04292479 0.00781154
v -0.00906187 0.04556803 0.00781154
v 0.00906187 0.04556803 0.16071955
v 0.00893449 0.04492767 0.15725307
v 0.00871137 0.04380595 0.15866389
v 0.00893449 0.04492767 0.14367379
v 0.00893449 0.04492767 0.14085214
v 0.00871137 0.04380595 0.14226296
v 0.00893449 0.04492767 0.12727287
v 0.00893449 0.04492767 0.12445122
v 0.00871137 0.04380595 0.12586204
v 0.00893449 0.04492767 0.11087195
v 0.00893449 0.04492767 0.10805029
v 0.00871137 0.04380595 0.10946111
v 0.00893449 0.04492767 0.09447102
v 0.00893449 0.04492767 0.09164936
v 0.00871137 0.04380595 0.09306019
v 0.00893449 0.04492767 0.07807010
v 0.00893449 0.04492767 0.07524844
v 0.00871137 0.04380595 0.07665926
v 0.00893449 0.04492767 0.06166917
v 0.00893449 0.04492767 0.05884751
v 0.00871137 0.04380595 0.06025834
v 0.00893449 0.04492767 0.04526825
v 0.00893449 0.04492767 0.04244659
v 0.00871137 0.04380595 0.04385741
v 0.00893449 0.04492767 0.02886733
v 0.00906187 0.04556803 0.02540081
v 0.00871137 0.04380595 0.02745649
v 0.01777550 0.04292479 0.16071955
v 0.01752564 0.04232157 0.15725307
v 0.01708797 0.04126494 0.15866389
v 0.01752564 0.04232157 0.14367379
v 0.01752564 0.04232157 0.14085214
v 0.01708797 0.04126494 0.14226296
v 0.01752564 0.04232157 0.12727287
v 0.01752564 0.04232157 0.12445122
v 0.01708797 0.04126494 0.12586204
v 0.01752564 0.04232157 0.11087195
v 0.01752564 0.04232157 0.10805029
v 0.01708797 0.04126494 0.10946111
v 0.01752564 0.04232157 0.09447102
v 0.01752564 0.04232157 0.09164936
v 0.01708797 0.04126494 0.09306019
v 0.01752564 0.04232157 0.07807010
v 0.01752564 0.04232157 0.07524844
v 0.01708797 0.04126494 0.07665926
v 0.01752564 0.04232157 0.06166917
v 0.01752564 0.04232157 0.05884751
v 0.01708797 0.04126494 0.06025834
v 0.01752564 0.04232157 0.04526825
v 0.01752564 0.04232157 0.04244659
v 0.01708797 0.04126494 0.04385741
v 0.01752564 0.04232157 0.02886733
v 0.01777550 0.04292479 0.02540081
v 0.01708797 0.04126494 0.02745649
v 0.02580603 0.03863238 0.16071955
v 0.02544329 0.03808950 0.15725307
v 0.02480789 0.03713856 0.15866389
v 0.02544329 0.03808950 0.14367379
v 0.02544329 0.03808950 0.14085214
v 0.02480789 0.03713856 0.14226296
v 0.02544329 0.03808950 0.12727287
v 0.02544329 0.03808950 0.12445122
v 0.02480789 0.03713856 0.12586204
v 0.02544329 0.03808950 0.11087195
v 0.02544329 0.03808950 0.10805029
v 0.02480789 0.03713856 0.10946111
v 0.02544329 0.03808950 0.09447102
v 0.02544329 0.03808950 0.09164936
v 0.02480789 0.03713856 0.09306019
v 0.02544329 0.03808950 0.07807010
v 0.02544329 0.03808950 0.07524844
v 0.02480789 0.03713856 0.07665926
v 0.02544329 0.03808950 0.06166917
v 0.02544329 0.03808950 0.05884751
v 0.02480789 0.03713856 0.06025834
v 0.02544329 0.03808950 0.04526825
v 0.02544329 0.03808950 0.04244659
v 0.02480789 0.03713856 0.04385741
v 0.02544329 0.03808950 0.02886733
v 0.02580603 0.03863238 0.02540081
v 0.02480789 0.03713856 0.02745649
v 0.03284484 0.03285577 0.16071955
v 0.03238316 0.03239409 0.15725307
v 0.03157445 0.03158538 0.15866389
v 0.03238316 0.03239409 0.14367379
v 0.03238316 0.03239409 0.14085214
v 0.03157445 0.03158538 0.14226296
v 0.03238316 0.03239409 0.12727287
v 0.03238316 0.03239409 0.12445122
v 0.03157445 0.03158538 0.12586204
v 0.03238316 0.03239409 0.11087195
v 0.03238316 0.03239409 0.10805029
v 0.03157445 0.03158538 0.10946111
v 0.03238316 0.03239409 0.09447102
v 0.03238316 0.03239409 0.09164936
v 0.03157445 0.03158538 0.09306019
v 0.03238316 0.03239409 0.07807010
v 0.03238316 0.03239409 0.07524844
v 0.03157445 0.03158538 0.07665926
v 0.03238316 0.03239409 0.06166917
v 0.03238316 0.03239409 0.05884751
v 0.03157445 0.03158538 0.06025834
v 0.03238316 0.03239409 0.04526825
v 0.03238316 0.03239409 0.04244659
v 0.03157445 0.03158538 0.04385741
v 0.03238316 0.03239409 0.02886733
v 0.03284484 0.03285577 0.02540081
v 0.03157445 0.03158538 0.02745649
v 0.03862145 0.02581696 0.16071955
v 0.03807857 0.02545422 0.15725307
v 0.03712762 0.02481882 0.15866389
v 0.03807857 0.02545422 0.14367379
v 0.03807857 0.02545422 0.14085214
v 0.03712762 0.02481882 0.14226296
v 0.03807857 0.02545422 0.12727287
v 0.03807857 0.02545422 0.12445122
v 0.03712762 0.02481882 0.12586204
v 0.03807857 0.02545422 0.11087195
v 0.03807857 0.02545422 0.10805029
v 0.03712762 0.02481882 0.10946111
v 0.03807857 0.02545422 0.09447102
v 0.03807857 0.02545422 0.09164936
v 0.03712762 0.02481882 0.09306019
v 0.03813919 0.02549473 0.07882907
v 0.03786350 0.02423778 0.07524844
v 0.03692572 0.02468391 0.07665926
v 0.03807857 0.02545422 0.06166917
v 0.03807857 0.02545422 0.05884751
v 0.03712762 0.02481882 0.06025834
v 0.03807857 0.02545422 0.04526825
v 0.03807857 0.02545422 0.04244659
v 0.03712762 0.02481882 0.04385741
v 0.03807857 0.02545422 0.02886733
v 0.03862145 0.02581696 0.02540081
v 0.03712762 0.02481882 0.02745649
v 0.04291385 0.01778643 0.16071955
v 0.04231064 0.01753657 0.15725307
v 0.04125401 0.01709890 0.15866389
v 0.04231064 0.01753657 0.14367379
v 0.04231064 0.01753657 0.14085214
v 0.04125401 0.01709890 0.14226296
v 0.04231064 0.01753657 0.12727287
v 0.04231064 0.01753657 0.12445122
v 0.04125401 0.01709890 0.12586204
v 0.04231064 0.01753657 0.11087195
v 0.04231064 0.01753657 0.10805029
v 0.04125401 0.01709890 0.10946111
v 0.04231064 0.01753657 0.09447102
v 0.04231064 0.01753657 0.09164936
v 0.04125401 0.01709890 0.09306019
v 0.04231064 0.01753657 0.07807010
v 0.04250381 0.01689979 0.07524844
v 0.04125401 0.01709890 0.07665926
v 0.04231064 0.01753657 0.06166917
v 0.04231064 0.01753657 0.05884751
v 0.04125401 0.01709890 0.06025834
v 0.04231064 0.01753657 0.04526825
v 0.04231064 0.01753657 0.04244659
v 0.04125401 0.01709890 0.04385741
v 0.04231064 0.01753657 0.02886733
v 0.04291385 0.01778643 0.02540081
v 0.04125401 0.01709890 0.02745649
v 0.04555710 0.00907280 0.16071955
v 0.04491673 0.00894543 0.15725307
v 0.04379502 0.00872230 0.15866389
v 0.04491673 0.00894543 0.14367379
v 0.04491673 0.00894543 0.14085214
v 0.04379502 0.00872230 0.14226296
v 0.04491673 0.00894543 0.12727287
v 0.04418178 0.00879924 0.12445122
v 0.04379502 0.00872230 0.12586204
v 0.04418178 0.00879924 0.11087195
v 0.04491673 0.00894543 0.10805029
v 0.04379502 0.00872230 0.10946111
v 0.04491673 0.00894543 0.09447102
v 0.04491673 0.00894543 0.09164936
v 0.04379502 0.00872230 0.09306019
v 0.04491673 0.00894543 0.07807010
v 0.04491673 0.00894543 0.07524844
v 0.04379502 0.00872230 0.07665926
v 0.04491673 0.00894543 0.06166917
v 0.04491673 0.00894543 0.05884751
v 0.04379502 0.00872230 0.06025834
v 0.04491673 0.00894543 0.04526825
v 0.04491673 0.00894543 0.04244659
v 0.04379502 0.00872230 0.04385741
v 0.04491673 0.00894543 0.02886733
v 0.04555710 0.00907280 0.02540081
v 0.04379502 0.00872230 0.02745649
v 0.04644962 0.00001093 0.16071955
v 0.04579671 0.00001093 0.15725307
v 0.04465302 0.00001093 0.15866389
v 0.04579671 0.00001093 0.14367379
v 0.04579671 0.00001093 0.14085214
v 0.04465302 0.00001093 0.14226296
v 0.04579671 0.00001093 0.12727287
v 0.04579671 0.00001093 0.12445122
v 0.04465302 0.00001093 0.12586204
v 0.04579671 0.00001093 0.11087195
v 0.04579671 0.00001093 0.10805029
v 0.04465302 0.00001093 0.10946111
v 0.04579671 0.00001093 0.09447102
v 0.04579671 0.00001093 0.09164936
v 0.04465302 0.00001093 0.09306019
v 0.04579671 0.00001093 0.07807010
v 0.04579671 0.00001093 0.07524844
v 0.04465302 0.00001093 0.07665926
v 0.04579671 0.00001093 0.06166917
v 0.04579671 0.00001093 0.05884751
v 0.04465302 0.00001093 0.06025834
v 0.04579671 0.00001093 0.04526825
v 0.04579671 0.00001093 0.04244659
v 0.04465302 0.00001093 0.04385741
v 0.04579671 0.00001093 0.02886733
v 0.04644962 0.00001093 0.02540081
v 0.04465302 0.00001093 0.02745649
v 0.04555710 -0.00905094 0.16071955
v 0.04491673 -0.00892356 0.15725307
v 0.04379502 -0.00870044 0.15866389
v 0.04491673 -0.00892356 0.14367379
v 0.04491673 -0.00892356 0.14085214
v 0.04379502 -0.00870044 0.14226296
v 0.04491673 -0.00892356 0.12727287
v 0.04491673 -0.00892356 0.12445122
v 0.04379502 -0.00870044 0.12586204
v 0.04491673 -0.00892356 0.11087195
v 0.04491673 -0.00892356 0.10805029
v 0.04379502 -0.00870044 0.10946111
v 0.04491673 -0.00892356 0.09447102
v 0.04491673 -0.00892356 0.09164936
v 0.04379502 -0.00870044 0.09306019
v 0.04491673 -0.00892356 0.07807010
v 0.04491673 -0.00892356 0.07524844
v 0.04379502 -0.00870044 0.07665926
v 0.04491673 -0.00892356 0.06166917
v 0.04491673 -0.00892356 0.05884751
v 0.04379502 -0.00870044 0.06025834
v 0.04491673 -0.00892356 0.04526825
v 0.04491673 -0.00892356 0.04244659
v 0.04379502 -0.00870044 0.04385741
v 0.04491673 -0.00892356 0.02886733
v 0.04555710 -0.00905094 0.02540081
v 0.04379502 -0.00870044 0.02745649
v 0.04291385 -0.01776457 0.16071955
v 0.04231064 -0.01751471 0.15725307
v 0.04125401 -0.01707704 0.15866389
v 0.04231064 -0.01751471 0.14367379
v 0.04231064 -0.01751471 0.14085214
v 0.04125401 -0.01707704 0.14226296
v 0.04231064 -0.01751471 0.12727287
v 0.04231064 -0.01751471 0.12445122
v 0.04125401 -0.01707704 0.12586204
v 0.04231064 -0.01751471 0.11087195
v 0.04231064 -0.01751471 0.10805029
v 0.04125401 -0.01707704 0.10946111
v 0.04231064 -0.01751471 0.09447102
v 0.04231064 -0.01751471 0.09164936
v 0.04125401 -0.01707704 0.09306019
v 0.04231064 -0.01751471 0.07807010
v 0.04231064 -0.01751471 0.07524844
v 0.04125401 -0.01707704 0.07665926
v 0.04231064 -0.01751471 0.06166917
v 0.04231064 -0.01751471 0.05884751
v 0.04125401 -0.01707704 0.06025834
v 0.04231064 -0.01751471 0.04526825
v 0.04231064 -0.01751471 0.04244659
v 0.04125401 -0.01707704 0.04385741
v 0.04231064 -0.01751471 0.02886733
v 0.04291385 -0.01776457 0.02540081
v 0.04125401 -0.01707704 0.02745649
v 0.03862145 -0.02579510 0.16071955
v 0.03807857 -0.02543236 0.15725307
v 0.03712762 -0.02479696 0.15866389
v 0.03807857 -0.02543236 0.14367379
v 0.03807857 -0.02543236 0.14085214
v 0.03712762 -0.02479696 0.14226296
v 0.03807857 -0.02543236 0.12727287
v 0.03807857 -0.02543236 0.12445122
v 0.03712762 -0.02479696 0.12586204
v 0.03807857 -0.02543236 0.11087195
v 0.03807857 -0.02543236 0.10805029
v 0.03712762 -0.02479696 0.10946111
v 0.03807857 -0.02543236 0.09447102
v 0.03807857 -0.02543236 0.09164936
v 0.03712762 -0.02479696 0.09306019
v 0.03807857 -0.02543236 0.07807010
v 0.03807857 -0.02543236 0.07524844
v 0.03712762 -0.02479696 0.07665926
v 0.03807857 -0.02543236 0.06166917
v 0.03807857 -0.02543236 0.05884751
v 0.03712762 -0.02479696 0.06025834
v 0.03807857 -0.02543236 0.04526825
v 0.03807857 -0.02543236 0.04244659
v 0.03712762 -0.02479696 0.04385741
v 0.03807857 -0.02543236 0.02886733
v 0.03862145 -0.02579510 0.02540081
v 0.03712762 -0.02479696 0.02745649
v 0.03284484 -0.03283391 0.16071955
v 0.03238316 -0.03237223 0.15725307
v 0.03157445 -0.03156352 0.15866389
v 0.03238316 -0.03237223 0.14367379
v 0.03238316 -0.03237223 0.14085214
v 0.03157445 -0.03156352 0.14226296
v 0.03238316 -0.03237223 0.12727287
v 0.03238316 -0.03237223 0.12445122
v 0.03157445 -0.03156352 0.12586204
v 0.03238316 -0.03237223 0.11087195
v 0.03238316 -0.03237223 0.10805029
v 0.03157445 -0.03156352 0.10946111
v 0.03238316 -0.03237223 0.09447102
v 0.03238316 -0.03237223 0.09164936
v 0.03157445 -0.03156352 0.09306019
v 0.03238316 -0.03237223 0.07807010
v 0.03238316 -0.03237223 0.07524844
v 0.03157445 -0.03156352 0.07665926
v 0.03238316 -0.03237223 0.06166917
v 0.03238316 -0.03237223 0.05884751
v 0.03157445 -0.03156352 0.06025834
v 0.03238316 -0.03237223 0.04526825
v 0.03238316 -0.03237223 0.04244659
v 0.03157445 -0.03156352 0.04385741
v 0.03238316 -0.03237223 0.02886733
v 0.03284484 -0.03283391 0.02540081
v 0.03157445 -0.03156352 0.02745649
v 0.02580603 -0.03861052 0.16071955
v 0.02544329 -0.03806764 0.15725307
v 0.02480789 -0.03711670 0.15866389
v 0.02544329 -0.03806764 0.14367379
v 0.02544329 -0.03806764 0.14085214
v 0.02480789 -0.03711670 0.14226296
v 0.02544329 -0.03806764 0.12727287
v 0.02544329 -0.03806764 0.12445122
v 0.02480789 -0.03711670 0.12586204
v 0.02544329 -0.03806764 0.11087195
v 0.02544329 -0.03806764 0.10805029
v 0.02480789 -0.03711670 0.10946111
v 0.02544329 -0.03806764 0.09447102
v 0.02544329 -0.03806764 0.09164936
v 0.02480789 -0.03711670 0.09306019
v 0.02544329 -0.03806764 0.07807010
v 0.02544329 -0.03806764 0.07524844
v 0.02480789 -0.03711670 0.07665926
v 0.02544329 -0.03806764 0.06166917
v 0.02544329 -0.03806764 0.05884751
v 0.02480789 -0.03711670 0.06025834
v 0.02544329 -0.03806764 0.04526825
v 0.02544329 -0.03806764 0.04244659
v 0.02480789 -0.03711670 0.04385741
v 0.02544329 -0.03806764 0.02886733
v 0.02580603 -0.03861052 0.02540081
v 0.02480789 -0.03711670 0.02745649
v 0.01777550 -0.04290293 0.16071955
v 0.01752564 -0.04229971 0.15725307
v 0.01708797 -0.04124308 0.15866389
v 0.01752564 -0.04229971 0.14367379
v 0.01752564 -0.04229971 0.14085214
v 0.01708797 -0.04124308 0.14226296
v 0.01752564 -0.04229971 0.12727287
v 0.01752564 -0.04229971 0.12445122
v 0.01708797 -0.04124308 0.12586204
v 0.01752564 -0.04229971 0.11087195
v 0.01752564 -0.04229971 0.10805029
v 0.01708797 -0.04124308 0.10946111
v 0.01752564 -0.04229971 0.09447102
v 0.01752564 -0.04229971 0.09164936
v 0.01708797 -0.04124308 0.09306019
v 0.01752564 -0.04229971 0.07807010
v 0.01752564 -0.04229971 0.07524844
v 0.01708797 -0.04124308 0.07665926
v 0.01752564 -0.04229971 0.06166917
v 0.01752564 -0.04229971 0.05884751
v 0.01708797 -0.04124308 0.06025834
v 0.01752564 -0.04229971 0.04526825
v 0.01752564 -0.04229971 0.04244659
v 0.01708797 -0.04124308 0.04385741
v 0.01752564 -0.04229971 0.02886733
v 0.01777550 -0.04290293 0.02540081
v 0.01708797 -0.04124308 0.02745649
v 0.00906187 -0.04554617 0.16071955
v 0.00893449 -0.04490580 0.15725307
v 0.00871137 -0.04378409 0.15866389
v 0.00893449 -0.04490580 0.14367379
v 0.00893449 -0.04490580 0.14085214
v 0.00871137 -0.04378409 0.14226296
v 0.00893449 -0.04490580 0.12727287
v 0.00893449 -0.04490580 0.12445122
v 0.00871137 -0.04378409 0.12586204
v 0.00893449 -0.04490580 0.11087195
v 0.00893449 -0.04490580 0.10805029
v 0.00871137 -0.04378409 0.10946111
v 0.00893449 -0.04490580 0.09447102
v 0.00893449 -0.04490580 0.09164936
v 0.00871137 -0.04378409 0.09306019
v 0.00893449 -0.04490580 0.07807010
v 0.00893449 -0.04490580 0.07524844
v 0.00871137 -0.04378409 0.07665926
v 0.00893449 -0.04490580 0.06166917
v 0.00893449 -0.04490580 0.05884751
v 0.00871137 -0.04378409 0.06025834
v 0.00893449 -0.04490580 0.04526825
v 0.00893449 -0.04490580 0.04244659
v 0.00871137 -0.04378409 0.04385741
v 0.00893449 -0.04490580 0.02886733
v 0.00906187 -0.04554617 0.02540081
v 0.00871137 -0.04378409 0.02745649
v -0.00000000 -0.04643869 0.16071955
v -0.00000000 -0.04578578 0.15725307
v -0.00000000 -0.04464209 0.15866389
v -0.00000000 -0.04578578 0.14367379
v -0.00000000 -0.04578578 0.14085214
v -0.00000000 -0.04464209 0.14226296
v -0.00000000 -0.04578578 0.12727287
v -0.00000000 -0.04578578 0.12445122
v -0.00000000 -0.04464209 0.12586204
v -0.00000000 -0.04578578 0.11087195
v -0.00000000 -0.04578578 0.10805029
v -0.00000000 -0.04464209 0.10946111
v -0.00000000 -0.04578578 0.09447102
v -0.00000000 -0.04578578 0.09164936
v -0.00000000 -0.04464209 0.09306019
v -0.00000000 -0.04578578 0.07807010
v -0.00000000 -0.04578578 0.07524844
v -0.00000000 -0.04464209 0.07665926
v -0.00000000 -0.04578578 0.06166917
v -0.00000000 -0.04578578 0.05884751
v -0.00000000 -0.04464209 0.06025834
v -0.00000000 -0.04578578 0.04526825
v -0.00000000 -0.04578578 0.04244659
v -0.00000000 -0.04464209 0.04385741
v -0.00000000 -0.04578578 0.02886733
v -0.00000000 -0.04643869 0.02540081
v -0.00000000 -0.04464209 0.02745649
v -0.00906187 -0.04554617 0.16071955
v -0.00893450 -0.04490580 0.15725307
v -0.00871137 -0.04378409 0.15866389
v -0.00893450 -0.04490580 0.14367379
v -0.00893450 -0.04490580 0.14085214
v -0.00871137 -0.04378409 0.14226296
v -0.00893450 -0.04490580 0.12727287
v -0.00893450 -0.04490580 0.12445122
v -0.00871137 -0.04378409 0.12586204
v -0.00893450 -0.04490580 0.11087195
v -0.00893450 -0.04490580 0.10805029
v -0.00871137 -0.04378409 0.10946111
v -0.00893450 -0.04490580 0.09447102
v -0.00893450 -0.04490580 0.09164936
v -0.00871137 -0.04378409 0.09306019
v -0.00893450 -0.04490580 0.07807010
v -0.00893450 -0.04490580 0.07524844
v -0.00871137 -0.04378409 0.07665926
v -0.00893450 -0.04490580 0.06166917
v -0.00893450 -0.04490580 0.05884751
v -0.00871137 -0.04378409 0.06025834
v -0.00893450 -0.04490580 0.04526825
v -0.00893450 -0.04490580 0.04244659
v -0.00871137 -0.04378409 0.04385741
v -0.00893450 -0.04490580 0.02886733
v -0.00906187 -0.04554617 0.02540081
v -0.00871137 -0.04378409 0.02745649
v -0.01777550 -0.04290293 0.16071955
v -0.01752564 -0.04229971 0.15725307
v -0.01708797 -0.04124308 0.15866389
v -0.01752564 -0.04229971 0.14367379
v -0.01752564 -0.04229971 0.14085214
v -0.01708797 -0.04124308 0.14226296
v -0.01752564 -0.04229971 0.12727287
v -0.01752564 -0.04229971 0.12445122
v -0.01708797 -0.04124308 0.12586204
v -0.01752564 -0.04229971 0.11087195
v -0.01752564 -0.04229971 0.10805029
v -0.01708797 -0.04124308 0.10946111
v -0.01752564 -0.04229971 0.09447102
v -0.01752564 -0.04229971 0.09164936
v -0.01708797 -0.04124308 0.09306019
v -0.01752564 -0.04229971 0.07807010
v -0.01752564 -0.04229971 0.07524844
v -0.01708797 -0.04124308 0.07665926
v -0.01752564 -0.04229971 0.06166917
v -0.01752564 -0.04229971 0.05884751
v -0.01708797 -0.04124308 0.06025834
v -0.01752564 -0.04229971 0.04526825
v -0.01752564 -0.04229971 0.04244659
v -0.01708797 -0.04124308 0.04385741
v -0.01752564 -0.04229971 0.02886733
v -0.01777550 -0.04290293 0.02540081
v -0.01708797 -0.04124308 0.02745649
v -0.02580603 -0.03861052 0.16071955
v -0.02544329 -0.03806764 0.15725307
v -0.02480789 -0.03711670 0.15866389
v -0.02544329 -0.03806764 0.14367379
v -0.02544329 -0.03806764 0.14085214
v -0.02480789 -0.03711670 0.14226296
v -0.02544329 -0.03806764 0.12727287
v -0.02544329 -0.03806764 0.12445122
v -0.02480789 -0.03711670 0.12586204
v -0.02544329 -0.03806764 0.11087195
v -0.02544329 -0.03806764 0.10805029
v -0.02480789 -0.03711670 0.10946111
v -0.02544329 -0.03806764 0.09447102
v -0.02544329 -0.03806764 0.09164936
v -0.02480789 -0.03711670 0.09306019
v -0.02544329 -0.03806764 0.07807010
v -0.02544329 -0.03806764 0.07524844
v -0.02480789 -0.03711670 0.07665926
v -0.02544329 -0.03806764 0.06166917
v -0.02544329 -0.03806764 0.05884751
v -0.02480789 -0.03711670 0.06025834
v -0.02544329 -0.03806764 0.04526825
v -0.02544329 -0.03806764 0.04244659
v -0.02480789 -0.03711670 0.04385741
v -0.02544329 -0.03806764 0.02886733
v -0.02580603 -0.03861052 0.02540081
v -0.02480789 -0.03711670 0.02745649
v -0.03284484 -0.03283391 0.16071955
v -0.03238316 -0.03237223 0.15725307
v -0.03157445 -0.03156352 0.15866389
v -0.03238316 -0.03237223 0.14367379
v -0.03238316 -0.03237223 0.14085214
v -0.03157445 -0.03156352 0.14226296
v -0.03238316 -0.03237223 0.12727287
v -0.03238316 -0.03237223 0.12445122
v -0.03157445 -0.03156352 0.12586204
v -0.03238316 -0.03237223 0.11087195
v -0.03238316 -0.03237223 0.10805029
v -0.03157445 -0.03156352 0.10946111
v -0.03238316 -0.03237223 0.09447102
v -0.03238316 -0.03237223 0.09164936
v -0.03157445 -0.03156352 0.09306019
v -0.03238316 -0.03237223 0.07807010
v -0.03238316 -0.03237223 0.07524844
v -0.03157445 -0.03156352 0.07665926
v -0.03238316 -0.03237223 0.06166917
v -0.03238316 -0.03237223 0.05884751
v -0.03157445 -0.03156352 0.06025834
v -0.03238316 -0.03237223 0.04526825
v -0.03238316 -0.03237223 0.04244659
v -0.03157445 -0.03156352 0.04385741
v -0.03238316 -0.03237223 0.02886733
v -0.03284484 -0.03283391 0.02540081
v -0.03157445 -0.03156352 0.02745649
v -0.03862145 -0.02579510 0.16071955
v -0.03807857 -0.02543236 0.15725307
v -0.03712763 -0.02479696 0.15866389
v -0.03807857 -0.02543236 0.14367379
v -0.03807857 -0.02543236 0.14085214
v -0.03712763 -0.02479696 0.14226296
v -0.03807857 -0.02543236 0.12727287
v -0.03807857 -0.02543236 0.12445122
v -0.03712763 -0.02479696 0.12586204
v -0.03807857 -0.02543236 0.11087195
v -0.03807857 -0.02543236 0.10805029
v -0.03712763 -0.02479696 0.10946111
v -0.03807857 -0.02543236 0.09447102
v -0.03807857 -0.02543236 0.09164936
v -0.03712763 -0.02479696 0.09306019
v -0.03807857 -0.02543236 0.07807010
v -0.03807857 -0.02543236 0.07524844
v -0.03712763 -0.02479696 0.07665926
v -0.03807857 -0.02543236 0.06166917
v -0.03807857 -0.02543236 0.05884751
v -0.03712763 -0.02479696 0.06025834
v -0.03807857 -0.02543236 0.04526825
v -0.03807857 -0.02543236 0.04244659
v -0.03712763 -0.02479696 0.04385741
v -0.03807857 -0.02543236 0.02886733
v -0.03862145 -0.02579510 0.02540081
v -0.03712763 -0.02479696 0.02745649
v -0.04291386 -0.01776457 0.16071955
v -0.04231064 -0.01751471 0.15725307
v -0.04125401 -0.01707704 0.15866389
v -0.04231064 -0.01751471 0.14367379
v -0.04231064 -0.01751471 0.14085214
v -0.04125401 -0.01707704 0.14226296
v -0.04231064 -0.01751471 0.12727287
v -0.04231064 -0.01751471 0.12445122
v -0.04125401 -0.01707704 0.12586204
v -0.04231064 -0.01751471 0.11087195
v -0.04231064 -0.01751471 0.10805029
v -0.04125401 -0.01707704 0.10946111
v -0.04231064 -0.01751471 0.09447102
v -0.04231064 -0.01751471 0.09164936
v -0.04125401 -0.01707704 0.09306019
v -0.04231064 -0.01751471 0.07807010
v -0.04231064 -0.01751471 0.07524844
v -0.04125401 -0.01707704 0.07665926
v -0.04231064 -0.01751471 0.06166917
v -0.04231064 -0.01751471 0.05884751
v -0.04125401 -0.01707704 0.06025834
v -0.04231064 -0.01751471 0.04526825
v -0.04231064 -0.01751471 0.04244659
v -0.04125401 -0.01707704 0.04385741
v -0.04231064 -0.01751471 0.02886733
v -0.04291386 -0.01776457 0.02540081
v -0.04125401 -0.01707704 0.02745649
v -0.04555710 -0.00905094 0.16071955
v -0.04491673 -0.00892356 0.15725307
v -0.04379502 -0.00870044 0.15866389
v -0.04491673 -0.00892356 0.14367379
v -0.04491673 -0.00892356 0.14085214
v -0.04379502 -0.00870044 0.14226296
v -0.04491673 -0.00892356 0.12727287
v -0.04491673 -0.00892356 0.12445122
v -0.04379502 -0.00870044 0.12586204
v -0.04491673 -0.00892356 0.11087195
v -0.04491673 -0.00892356 0.10805029
v -0.04379502 -0.00870044 0.10946111
v -0.04491673 -0.00892356 0.09447102
v -0.04491673 -0.00892356 0.09164936
v -0.04379502 -0.00870044 0.09306019
v -0.04491673 -0.00892356 0.07807010
v -0.04491673 -0.00892356 0.07524844
v -0.04379502 -0.00870044 0.07665926
v -0.04491673 -0.00892356 0.06166917
v -0.04491673 -0.00892356 0.05884751
v -0.04379502 -0.00870044 0.06025834
v -0.04491673 -0.00892356 0.04526825
v -0.04491673 -0.00892356 0.04244659
v -0.04379502 -0.00870044 0.04385741
v -0.04491673 -0.00892356 0.02886733
v -0.04555710 -0.00905094 0.02540081
v -0.04379502 -0.00870044 0.02745649
v -0.04644962 0.00001093 0.16071955
v -0.04644962 0.00001093 0.16071955
v -0.04579671 0.00001093 0.15725307
v -0.04579671 0.00001093 0.15725307
v -0.04465302 0.00001093 0.15866389
v -0.04465302 0.00001093 0.15866389
v -0.04579671 0.00001093 0.14367379
v -0.04579671 0.00001093 0.14367379
v -0.04579671 0.00001093 0.14085214
v -0.04579671 0.00001093 0.14085214
v -0.04465302 0.00001093 0.14226296
v -0.04465302 0.00001093 0.14226296
v -0.04579671 0.00001093 0.12727287
v -0.04579671 0.00001093 0.12727287
v -0.04579671 0.00001093 0.12445122
v -0.04579671 0.00001093 0.12445122
v -0.04465302 0.00001093 0.12586204
v -0.04465302 0.00001093 0.12586204
v -0.04579671 0.00001093 0.11087195
v -0.04579671 0.00001093 0.11087195
v -0.04579671 0.00001093 0.10805029
v -0.04579671 0.00001093 0.10805029
v -0.04465302 0.00001093 0.10946111
v -0.04465302 0.00001093 0.10946111
v -0.04579671 0.00001093 0.09447102
v -0.04579671 0.00001093 0.09447102
v -0.04579671 0.00001093 0.09164936
v -0.04579671 0.00001093 0.09164936
v -0.04465302 0.00001093 0.09306019
v -0.04465302 0.00001093 0.09306019
v -0.04579671 0.00001093 0.07807010
v -0.04579671 0.00001093 0.07807010
v -0.04579671 0.00001093 0.07524844
v -0.04579671 0.00001093 0.07524844
v -0.04465302 0.00001093 0.07665926
v -0.04465302 0.00001093 0.07665926
v -0.04579671 0.00001093 0.06166917
v -0.04579671 0.00001093 0.06166917
v -0.04579671 0.00001093 0.05884751
v -0.04579671 0.00001093 0.05884751
v -0.04465302 0.00001093 0.06025834
v -0.04465302 0.00001093 0.06025834
v -0.04579671 0.00001093 0.04526825
v -0.04579671 0.00001093 0.04526825
v -0.04579671 0.00001093 0.04244659
v -0.04579671 0.00001093 0.04244659
v -0.04465302 0.00001093 0.04385741
v -0.04465302 0.00001093 0.04385741
v -0.04579671 0.00001093 0.02886733
v -0.04579671 0.00001093 0.02886733
v -0.04644962 0.00001093 0.02540081
v -0.04644962 0.00001093 0.02540081
v -0.04465302 0.00001093 0.02745649
v -0.04465302 0.00001093 0.02745649
v -0.04555710 0.00907280 0.16071955
v -0.04491673 0.00894543 0.15725307
v -0.04379502 0.00872230 0.15866389
v -0.04491673 0.00894543 0.14367379
v -0.04491673 0.00894543 0.14085214
v -0.04379502 0.00872230 0.14226296
v -0.04491673 0.00894543 0.12727287
v -0.04491673 0.00894543 0.12445122
v -0.04379502 0.00872230 0.12586204
v -0.04491673 0.00894543 0.11087195
v -0.04491673 0.00894543 0.10805029
v -0.04379502 0.00872230 0.10946111
v -0.04491673 0.00894543 0.09447102
v -0.04491673 0.00894543 0.09164936
v -0.04379502 0.00872230 0.09306019
v -0.04491673 0.00894543 0.07807010
v -0.04491673 0.00894543 0.07524844
v -0.04379502 0.00872230 0.07665926
v -0.04491673 0.00894543 0.06166917
v -0.04491673 0.00894543 0.05884751
v -0.04379502 0.00872230 0.06025834
v -0.04491673 0.00894543 0.04526825
v -0.04463910 0.00939234 0.04191875
v -0.04379502 0.00872230 0.04385741
v -0.04470395 0.00925183 0.02931258
v -0.04555710 0.00907280 0.02540081
v -0.04379502 0.00872230 0.02745649
v -0.04291386 0.01778643 0.16071955
v -0.04231064 0.01753657 0.15725307
v -0.04125401 0.01709890 0.15866389
v -0.04231064 0.01753657 0.14367379
v -0.04231064 0.01753657 0.14085214
v -0.04125401 0.01709890 0.14226296
v -0.04231064 0.01753657 0.12727287
v -0.04231064 0.01753657 0.12445122
v -0.04125401 0.01709890 0.12586204
v -0.04231064 0.01753657 0.11087195
v -0.04231064 0.01753657 0.10805029
v -0.04125401 0.01709890 0.10946111
v -0.04231064 0.01753657 0.09447102
v -0.04231064 0.01753657 0.09164936
v -0.04125401 0.01709890 0.09306019
v -0.04231064 0.01753657 0.07807010
v -0.04231064 0.01753657 0.07524844
v -0.04125401 0.01709890 0.07665926
v -0.04231064 0.01753657 0.06166917
v -0.04231064 0.01753657 0.05884751
v -0.04125401 0.01709890 0.06025834
v -0.04231064 0.01753657 0.04526825
v -0.04231064 0.01753657 0.04244659
v -0.04125401 0.01709890 0.04385741
v -0.04231064 0.01753657 0.02886733
v -0.04291386 0.01778643 0.02540081
v -0.04125401 0.01709890 0.02745649
v -0.03862145 0.02581696 0.16071955
v -0.03807857 0.02545422 0.15725307
v -0.03712763 0.02481882 0.15866389
v -0.03807857 0.02545422 0.14367379
v -0.03807857 0.02545422 0.14085214
v -0.03712763 0.02481882 0.14226296
v -0.03807857 0.02545422 0.12727287
v -0.03807857 0.02545422 0.12445122
v -0.03712763 0.02481882 0.12586204
v -0.03807857 0.02545422 0.11087195
v -0.03807857 0.02545422 0.10805029
v -0.03712763 0.02481882 0.10946111
v -0.03807857 0.02545422 0.09447102
v -0.03807857 0.02545422 0.09164936
v -0.03712763 0.02481882 0.09306019
v -0.03807857 0.02545422 0.07807010
v -0.03807857 0.02545422 0.07524844
v -0.03712763 0.02481882 0.07665926
v -0.03807857 0.02545422 0.06166917
v -0.03807857 0.02545422 0.05884751
v -0.03712763 0.02481882 0.06025834
v -0.03807857 0.02545422 0.04526825
v -0.03807857 0.02545422 0.04244659
v -0.03712763 0.02481882 0.04385741
v -0.03807857 0.02545422 0.02886733
v -0.03862145 0.02581696 0.02540081
v -0.03712763 0.02481882 0.02745649
v -0.03284484 0.03285577 0.16071955
v -0.03238316 0.03239409 0.15725307
v -0.03157445 0.03158538 0.15866389
v -0.03238316 0.03239409 0.14367379
v -0.03238316 0.03239409 0.14085214
v -0.03157445 0.03158538 0.14226296
v -0.03238316 0.03239409 0.12727287
v -0.03238316 0.03239409 0.12445122
v -0.03157445 0.03158538 0.12586204
v -0.03238316 0.03239409 0.11087195
v -0.03238316 0.03239409 0.10805029
v -0.03157445 0.03158538 0.10946111
v -0.03238316 0.03239409 0.09447102
v -0.03238316 0.03239409 0.09164936
v -0.03157445 0.03158538 0.09306019
v -0.03238316 0.03239409 0.07807010
v -0.03238316 0.03239409 0.07524844
v -0.03157445 0.03158538 0.07665926
v -0.03238316 0.03239409 0.06166917
v -0.03238316 0.03239409 0.05884751
v -0.03157445 0.03158538 0.06025834
v -0.03238316 0.03239409 0.04526825
v -0.03238316 0.03239409 0.04244659
v -0.03157445 0.03158538 0.04385741
v -0.03238316 0.03239409 0.02886733
v -0.03284484 0.03285577 0.02540081
v -0.03157445 0.03158538 0.02745649
v -0.02580603 0.03863238 0.16071955
v -0.02544329 0.03808950 0.15725307
v -0.02480789 0.03713856 0.15866389
v -0.02544329 0.03808950 0.14367379
v -0.02544329 0.03808950 0.14085214
v -0.02480789 0.03713856 0.14226296
v -0.02544329 0.03808950 0.12727287
v -0.02544329 0.03808950 0.12445122
v -0.02480789 0.03713856 0.12586204
v -0.02544329 0.03808950 0.11087195
v -0.02544329 0.03808950 0.10805029
v -0.02480789 0.03713856 0.10946111
v -0.02544329 0.03808950 0.09447102
v -0.02544329 0.03808950 0.09164936
v -0.02480789 0.03713856 0.09306019
v -0.02544329 0.03808950 0.07807010
v -0.02544329 0.03808950 0.07524844
v -0.02480789 0.03713856 0.07665926
v -0.02544329 0.03808950 0.06166917
v -0.02544329 0.03808950 0.05884751
v -0.02480789 0.03713856 0.06025834
v -0.02544329 0.03808950 0.04526825
v -0.02544329 0.03808950 0.04244659
v -0.02480789 0.03713856 0.04385741
v -0.02544329 0.03808950 0.02886733
v -0.02580603 0.03863238 0.02540081
v -0.02480789 0.03713856 0.02745649
v -0.01777550 0.04292479 0.16071955
v -0.01752564 0.04232157 0.15725307
v -0.01708797 0.04126494 0.15866389
v -0.01752564 0.04232157 0.14367379
v -0.01752564 0.04232157 0.14085214
v -0.01708797 0.04126494 0.14226296
v -0.01752564 0.04232157 0.12727287
v -0.01752564 0.04232157 0.12445122
v -0.01708797 0.04126494 0.12586204
v -0.01752564 0.04232157 0.11087195
v -0.01752564 0.04232157 0.10805029
v -0.01708797 0.04126494 0.10946111
v -0.01752564 0.04232157 0.09447102
v -0.01752564 0.04232157 0.09164936
v -0.01708797 0.04126494 0.09306019
v -0.01752564 0.04232157 0.07807010
v -0.01752564 0.04232157 0.07524844
v -0.01708797 0.04126494 0.07665926
v -0.01752564 0.04232157 0.06166917
v -0.01752564 0.04232157 0.05884751
v -0.01708797 0.04126494 0.06025834
v -0.01752564 0.04232157 0.04526825
v -0.01752564 0.04232157 0.04244659
v -0.01708797 0.04126494 0.04385741
v -0.01752564 0.04232157 0.02886733
v -0.01777550 0.04292479 0.02540081
v -0.01708797 0.04126494 0.02745649
v -0.00906187 0.04556803 0.16071955
v -0.00893450 0.04492767 0.15725307
v -0.00871137 0.04380595 0.15866389
v -0.00893450 0.04492767 0.14367379
v -0.00893450 0.04492767 0.14085214
v -0.00871137 0.04380595 0.14226296
v -0.00893450 0.04492767 0.12727287
v -0.00893450 0.04492767 0.12445122
v -0.00871137 0.04380595 0.12586204
v -0.00893450 0.04492767 0.11087195
v -0.00893450 0.04492767 0.10805029
v -0.00871137 0.04380595 0.10946111
v -0.00893450 0.04492767 0.09447102
v -0.00893450 0.04492767 0.09164936
v -0.00871137 0.04380595 0.09306019
v -0.00893450 0.04492767 0.07807010
v -0.00893450 0.04492767 0.07524844
v -0.00871137 0.04380595 0.07665926
v -0.00893450 0.04492767 0.06166917
v -0.00893450 0.04492767 0.05884751
v -0.00871137 0.04380595 0.06025834
v -0.00893450 0.04492767 0.04526825
v -0.00893450 0.04492767 0.04244659
v -0.00871137 0.04380595 0.04385741
v -0.00893450 0.04492767 0.02886733
v -0.00906187 0.04556803 0.02540081
v -0.00871137 0.04380595 0.02745649
v -0.00000000 0.04646056 0.02540081
v -0.00000000 0.04580764 0.02886733
v -0.00000000 0.04466395 0.02745649
v -0.00000000 0.04580764 0.04244659
v -0.00000000 0.04580764 0.04526825
v -0.00000000 0.04466395 0.04385741
v -0.00000000 0.04580764 0.05884751
v -0.00000000 0.04580764 0.06166917
v -0.00000000 0.04466395 0.06025834
v -0.00000000 0.04580764 0.07524844
v -0.00000000 0.04580764 0.07807010
v -0.00000000 0.04466395 0.07665926
v -0.00000000 0.04580764 0.09164936
v -0.00000000 0.04580764 0.09447102
v -0.00000000 0.04466395 0.09306019
v -0.00000000 0.04580764 0.10805029
v -0.00000000 0.04580764 0.11087195
v -0.00000000 0.04466395 0.10946111
v -0.00000000 0.04580764 0.12445122
v -0.00000000 0.04580764 0.12727287
v -0.00000000 0.04466395 0.12586204
v -0.00000000 0.04580764 0.14085214
v -0.00000000 0.04580764 0.14367379
v -0.00000000 0.04466395 0.14226296
v -0.00000000 0.04580764 0.15725307
v -0.00000000 0.04646056 0.16071955
v -0.00000000 0.04466395 0.15866389
v 0.00906175 0.04556741 0.15046344
v 0.01777526 0.04292419 0.15046344
v -0.00000000 0.04645991 0.15046344
v 0.02580567 0.03863185 0.15046344
v 0.03284439 0.03285532 0.15046344
v 0.03862092 0.02581660 0.15046344
v 0.04291326 0.01778619 0.15046344
v 0.04555648 0.00907268 0.15046344
v 0.04644898 0.00001093 0.15046344
v 0.04555648 -0.00905082 0.15046344
v 0.04291326 -0.01776433 0.15046344
v 0.03862092 -0.02579474 0.15046344
v 0.03284439 -0.03283346 0.15046344
v 0.02580567 -0.03860998 0.15046344
v 0.01777526 -0.04290233 0.15046344
v 0.00906175 -0.04554555 0.15046344
v -0.00000000 -0.04643805 0.15046344
v -0.00906175 -0.04554555 0.15046344
v -0.01777526 -0.04290233 0.15046344
v -0.02580568 -0.03860998 0.15046344
v -0.03284439 -0.03283346 0.15046344
v -0.03862092 -0.02579474 0.15046344
v -0.04291327 -0.01776433 0.15046344
v -0.04555648 -0.00905082 0.15046344
v -0.04644899 0.00001093 0.15046344
v -0.04644899 0.00001093 0.15046344
v -0.04555648 0.00907268 0.15046344
v -0.04291327 0.01778619 0.15046344
v -0.03862092 0.02581660 0.15046344
v -0.03284439 0.03285532 0.15046344
v -0.02580568 0.03863185 0.15046344
v -0.01777526 0.04292419 0.15046344
v -0.00906175 0.04556741 0.15046344
v 0.00906175 0.04556741 0.13406251
v 0.01777526 0.04292419 0.13406251
v -0.00000000 0.04645991 0.13406251
v 0.02580567 0.03863185 0.13406251
v 0.03284439 0.03285532 0.13406251
v 0.03862092 0.02581660 0.13406251
v 0.04291326 0.01778619 0.13406251
v 0.04555648 0.00907268 0.13406251
v 0.04644898 0.00001093 0.13406251
v 0.04555648 -0.00905082 0.13406251
v 0.04291326 -0.01776433 0.13406251
v 0.03862092 -0.02579474 0.13406251
v 0.03284439 -0.03283346 0.13406251
v 0.02580567 -0.03860998 0.13406251
v 0.01777526 -0.04290233 0.13406251
v 0.00906175 -0.04554555 0.13406251
v -0.00000000 -0.04643805 0.13406251
v -0.00906175 -0.04554555 0.13406251
v -0.01777526 -0.04290233 0.13406251
v -0.02580568 -0.03860998 0.13406251
v -0.03284439 -0.03283346 0.13406251
v -0.03862092 -0.02579474 0.13406251
v -0.04291327 -0.01776433 0.13406251
v -0.04555648 -0.00905082 0.13406251
v -0.04644899 0.00001093 0.13406251
v -0.04644899 0.00001093 0.13406251
v -0.04555648 0.00907268 0.13406251
v -0.04291327 0.01778619 0.13406251
v -0.03862092 0.02581660 0.13406251
v -0.03284439 0.03285532 0.13406251
v -0.02580568 0.03863185 0.13406251
v -0.01777526 0.04292419 0.13406251
v -0.00906175 0.04556741 0.13406251
v 0.00906175 0.04556741 0.11766158
v 0.01777526 0.04292419 0.11766158
v -0.00000000 0.04645991 0.11766158
v 0.02580567 0.03863185 0.11766158
v 0.03284439 0.03285532 0.11766158
v 0.03809791 0.02546715 0.11766158
v 0.04233214 0.01754548 0.11766158
v 0.04481106 0.00892441 0.11766158
v 0.04556394 0.00001093 0.11766158
v 0.04468844 -0.00887815 0.11766158
v 0.04291326 -0.01776433 0.11766158
v 0.03862092 -0.02579474 0.11766158
v 0.03284439 -0.03283346 0.11766158
v 0.02580567 -0.03860998 0.11766158
v 0.01777526 -0.04290233 0.11766158
v 0.00906175 -0.04554555 0.11766158
v -0.00000000 -0.04643805 0.11766158
v -0.00906175 -0.04554555 0.11766158
v -0.01777526 -0.04290233 0.11766158
v -0.02580568 -0.03860998 0.11766158
v -0.03284439 -0.03283346 0.11766158
v -0.03862092 -0.02579474 0.11766158
v -0.04291327 -0.01776433 0.11766158
v -0.04555648 -0.00905082 0.11766158
v -0.04519200 0.00001093 0.11766158
v -0.04519200 0.00001093 0.11766158
v -0.04432365 0.00882745 0.11766158
v -0.04175197 0.01730516 0.11766158
v -0.03862092 0.02581660 0.11766158
v -0.03284439 0.03285532 0.11766158
v -0.02580568 0.03863185 0.11766158
v -0.01777526 0.04292419 0.11766158
v -0.00906175 0.04556741 0.11766158
v 0.00906175 0.04556741 0.10126066
v 0.01777526 0.04292419 0.10126066
v -0.00000000 0.04645991 0.10126066
v 0.02580567 0.03863185 0.10126066
v 0.03284439 0.03285532 0.10126066
v 0.03862092 0.02581660 0.10126066
v 0.04291326 0.01778619 0.10126066
v 0.04555648 0.00907268 0.10126066
v 0.04644898 0.00001093 0.10126066
v 0.04555648 -0.00905082 0.10126066
v 0.04291326 -0.01776433 0.10126066
v 0.03862092 -0.02579474 0.10126066
v 0.03284439 -0.03283346 0.10126066
v 0.02580567 -0.03860998 0.10126066
v 0.01777526 -0.04290233 0.10126066
v 0.00906175 -0.04554555 0.10126066
v -0.00000000 -0.04643805 0.10126066
v -0.00906175 -0.04554555 0.10126066
v -0.01777526 -0.04290233 0.10126066
v -0.02580568 -0.03860998 0.10126066
v -0.03284439 -0.03283346 0.10126066
v -0.03862092 -0.02579474 0.10126066
v -0.04291327 -0.01776433 0.10126066
v -0.04555648 -0.00905082 0.10126066
v -0.04644899 0.00001093 0.10126066
v -0.04644899 0.00001093 0.10126066
v -0.04555648 0.00907268 0.10126066
v -0.04291327 0.01778619 0.10126066
v -0.03862092 0.02581660 0.10126066
v -0.03284439 0.03285532 0.10126066
v -0.02580568 0.03863185 0.10126066
v -0.01777526 0.04292419 0.10126066
v -0.00906175 0.04556741 0.10126066
v 0.00906175 0.04556741 0.08485973
v 0.01777526 0.04292419 0.08485973
v -0.00000000 0.04645991 0.08485973
v 0.02580567 0.03863185 0.08485973
v 0.03284439 0.03285532 0.08485973
v 0.03862092 0.02581660 0.08485973
v 0.04291326 0.01778619 0.08485973
v 0.04555648 0.00907268 0.08485973
v 0.04644898 0.00001093 0.08485973
v 0.04555648 -0.00905082 0.08485973
v 0.04291326 -0.01776433 0.08485973
v 0.03862092 -0.02579474 0.08485973
v 0.03284439 -0.03283346 0.08485973
v 0.02580567 -0.03860998 0.08485973
v 0.01777526 -0.04290233 0.08485973
v 0.00906175 -0.04554555 0.08485973
v -0.00000000 -0.04643805 0.08485973
v -0.00906175 -0.04554555 0.08485973
v -0.01777526 -0.04290233 0.08485973
v -0.02580568 -0.03860998 0.08485973
v -0.03284439 -0.03283346 0.08485973
v -0.03862092 -0.02579474 0.08485973
v -0.04291327 -0.01776433 0.08485973
v -0.04432365 -0.00880559 0.08485973
v -0.04519200 0.00001093 0.08485973
v -0.04519200 0.00001093 0.08485973
v -0.04555648 0.00907268 0.08485973
v -0.04291327 0.01778619 0.08485973
v -0.03862092 0.02581660 0.08485973
v -0.03284439 0.03285532 0.08485973
v -0.02580568 0.03863185 0.08485973
v -0.01777526 0.04292419 0.08485973
v -0.00906175 0.04556741 0.08485973
v 0.00906175 0.04556741 0.06845881
v 0.01777526 0.04292419 0.06845881
v -0.00000000 0.04645991 0.06845881
v 0.02580567 0.03863185 0.06845881
v 0.03284439 0.03285532 0.06845881
v 0.03862092 0.02581660 0.06845881
v 0.04252701 0.01660033 0.06845881
v 0.04485295 0.00893274 0.06845881
v 0.04644898 0.00001093 0.06845881
v 0.04555648 -0.00905082 0.06845881
v 0.04291326 -0.01776433 0.06845881
v 0.03862092 -0.02579474 0.06845881
v 0.03284439 -0.03283346 0.06845881
v 0.02580567 -0.03860998 0.06845881
v 0.01777526 -0.04290233 0.06845881
v 0.00906175 -0.04554555 0.06845881
v -0.00000000 -0.04643805 0.06845881
v -0.00906175 -0.04554555 0.06845881
v -0.01777526 -0.04290233 0.06845881
v -0.02580568 -0.03860998 0.06845881
v -0.03284439 -0.03283346 0.06845881
v -0.03862092 -0.02579474 0.06845881
v -0.04291327 -0.01776433 0.06845881
v -0.04555648 -0.00905082 0.06845881
v -0.04644899 0.00001093 0.06845881
v -0.04644899 0.00001093 0.06845881
v -0.04555648 0.00907268 0.06845881
v -0.04291327 0.01778619 0.06845881
v -0.03862092 0.02581660 0.06845881
v -0.03284439 0.03285532 0.06845881
v -0.02580568 0.03863185 0.06845881
v -0.01777526 0.04292419 0.06845881
v -0.00906175 0.04556741 0.06845881
v 0.00906175 0.04556741 0.05205788
v 0.01777526 0.04292419 0.05205788
v -0.00000000 0.04645991 0.05205788
v 0.02580567 0.03863185 0.05205788
v 0.03284439 0.03285532 0.05205788
v 0.03862092 0.02581660 0.05205788
v 0.04291326 0.01778619 0.05205788
v 0.04472823 0.00890793 0.05205788
v 0.04560451 0.00001093 0.05205788
v 0.04472823 -0.00888607 0.05205788
v 0.04213307 -0.01744116 0.05205788
v 0.03862092 -0.02579474 0.05205788
v 0.03284439 -0.03283346 0.05205788
v 0.02580567 -0.03860998 0.05205788
v 0.01777526 -0.04290233 0.05205788
v 0.00906175 -0.04554555 0.05205788
v -0.00000000 -0.04643805 0.05205788
v -0.00906175 -0.04554555 0.05205788
v -0.01777526 -0.04290233 0.05205788
v -0.02580568 -0.03860998 0.05205788
v -0.03284439 -0.03283346 0.05205788
v -0.03862092 -0.02579474 0.05205788
v -0.04291327 -0.01776433 0.05205788
v -0.04555648 -0.00905082 0.05205788
v -0.04644899 0.00001093 0.05205788
v -0.04644899 0.00001093 0.05205788
v -0.04555648 0.00907268 0.05205788
v -0.04291327 0.01778619 0.05205788
v -0.03862092 0.02581660 0.05205788
v -0.03284439 0.03285532 0.05205788
v -0.02580568 0.03863185 0.05205788
v -0.01777526 0.04292419 0.05205788
v -0.00906175 0.04556741 0.05205788
v 0.00906175 0.04556741 0.03565695
v 0.01777526 0.04292419 0.03565695
v -0.00000000 0.04645991 0.03565695
v 0.02580567 0.03863185 0.03565695
v 0.03284439 0.03285532 0.03565695
v 0.03791876 0.02534744 0.03565695
v 0.04213307 0.01746302 0.03565695
v 0.04472823 0.00890793 0.03565695
v 0.04644898 0.00001093 0.03565695
v 0.04555648 -0.00905082 0.03565695
v 0.04291326 -0.01776433 0.03565695
v 0.03862092 -0.02579474 0.03565695
v 0.03284439 -0.03283346 0.03565695
v 0.02580567 -0.03860998 0.03565695
v 0.01777526 -0.04290233 0.03565695
v 0.00906175 -0.04554555 0.03565695
v -0.00000000 -0.04643805 0.03565695
v -0.00906175 -0.04554555 0.03565695
v -0.01777526 -0.04290233 0.03565695
v -0.02580568 -0.03860998 0.03565695
v -0.03284439 -0.03283346 0.03565695
v -0.03862092 -0.02579474 0.03565695
v -0.04291327 -0.01776433 0.03565695
v -0.04555648 -0.00905082 0.03565695
v -0.04644899 0.00001093 0.03565695
v -0.04644899 0.00001093 0.03565695
v -0.04316491 0.01098107 0.03565695
v -0.04190402 0.01736815 0.03565695
v -0.03862092 0.02581660 0.03565695
v -0.03284439 0.03285532 0.03565695
v -0.02580568 0.03863185 0.03565695
v -0.01777526 0.04292419 0.03565695
v -0.00906175 0.04556741 0.03565695
v 0.00000001 0.00654942 0.00744034
v -0.00000000 0.04646056 0.00544830
v -0.00000000 0.04303277 0.00041473
v -0.00000000 0.04483420 0.00159577
v -0.00000000 0.04483420 0.00159577
v -0.00000000 0.04603788 0.00336332
v 0.00127561 0.00642379 0.00744034
v 0.00906187 0.04556803 0.00544830
v 0.00839314 0.04220612 0.00041473
v 0.00874459 0.04397294 0.00159577
v 0.00874459 0.04397294 0.00159577
v 0.00897941 0.04515348 0.00336332
v 0.00250218 0.00605171 0.00744034
v 0.01777550 0.04292479 0.00544830
v 0.01646374 0.03975793 0.00041473
v 0.01715312 0.04142223 0.00159577
v 0.01715312 0.04142223 0.00159577
v 0.01761375 0.04253428 0.00336332
v 0.00363261 0.00544749 0.00744034
v 0.02580603 0.03863238 0.00544830
v 0.02390166 0.03578228 0.00041473
v 0.02490248 0.03728011 0.00159577
v 0.02490248 0.03728011 0.00159577
v 0.02557120 0.03828094 0.00336332
v 0.00462342 0.00463434 0.00744034
v 0.03284484 0.03285577 0.00544830
v 0.03042103 0.03043196 0.00041473
v 0.03169483 0.03170577 0.00159577
v 0.03169483 0.03170577 0.00159577
v 0.03254597 0.03255690 0.00336332
v 0.00543657 0.00364352 0.00744034
v 0.03862145 0.02581696 0.00544830
v 0.03577134 0.02391259 0.00041473
v 0.03726918 0.02491341 0.00159577
v 0.03726918 0.02491341 0.00159577
v 0.03827000 0.02558213 0.00336332
v 0.00604079 0.00251310 0.00744034
v 0.04291385 0.01778643 0.00544830
v 0.03974700 0.01647467 0.00041473
v 0.04141130 0.01716405 0.00159577
v 0.04141130 0.01716405 0.00159577
v 0.04252335 0.01762468 0.00336332
v 0.00641287 0.00128653 0.00744034
v 0.04555710 0.00907280 0.00544830
v 0.04219518 0.00840408 0.00041473
v 0.04396200 0.00875552 0.00159577
v 0.04396200 0.00875552 0.00159577
v 0.04514255 0.00899034 0.00336332
v 0.00653850 0.00001093 0.00744034
v 0.04644962 0.00001093 0.00544830
v 0.04302184 0.00001093 0.00041473
v 0.04482327 0.00001093 0.00159577
v 0.04482327 0.00001093 0.00159577
v 0.04602695 0.00001093 0.00336332
v 0.00641287 -0.00126467 0.00744034
v 0.04555710 -0.00905094 0.00544830
v 0.04219518 -0.00838221 0.00041473
v 0.04396200 -0.00873366 0.00159577
v 0.04396200 -0.00873366 0.00159577
v 0.04514255 -0.00896848 0.00336332
v 0.00604079 -0.00249124 0.00744034
v 0.04291385 -0.01776457 0.00544830
v 0.03974700 -0.01645281 0.00041473
v 0.04141130 -0.01714219 0.00159577
v 0.04141130 -0.01714219 0.00159577
v 0.04252335 -0.01760282 0.00336332
v 0.00543657 -0.00362166 0.00744034
v 0.03862145 -0.02579510 0.00544830
v 0.03577134 -0.02389073 0.00041473
v 0.03726918 -0.02489155 0.00159577
v 0.03726918 -0.02489155 0.00159577
v 0.03827000 -0.02556027 0.00336332
v 0.00462342 -0.00461248 0.00744034
v 0.03284484 -0.03283391 0.00544830
v 0.03042103 -0.03041010 0.00041473
v 0.03169483 -0.03168390 0.00159577
v 0.03169483 -0.03168390 0.00159577
v 0.03254597 -0.03253504 0.00336332
v 0.00363260 -0.00542563 0.00744034
v 0.02580603 -0.03861052 0.00544830
v 0.02390166 -0.03576041 0.00041473
v 0.02490248 -0.03725825 0.00159577
v 0.02490248 -0.03725825 0.00159577
v 0.02557120 -0.03825907 0.00336332
v 0.00250218 -0.00602985 0.00744034
v 0.01777550 -0.04290293 0.00544830
v 0.01646374 -0.03973607 0.00041473
v 0.01715312 -0.04140037 0.00159577
v 0.01715312 -0.04140037 0.00159577
v 0.01761375 -0.04251242 0.00336332
v 0.00127561 -0.00640192 0.00744034
v 0.00906187 -0.04554617 0.00544830
v 0.00839314 -0.04218425 0.00041473
v 0.00874459 -0.04395107 0.00159577
v 0.00874459 -0.04395107 0.00159577
v 0.00897941 -0.04513162 0.00336332
v 0.00000001 -0.00652756 0.00744034
v -0.00000000 -0.04643869 0.00544830
v -0.00000000 -0.04301091 0.00041473
v -0.00000000 -0.04481234 0.00159577
v -0.00000000 -0.04481234 0.00159577
v -0.00000000 -0.04601602 0.00336332
v -0.00127558 -0.00640192 0.00744034
v -0.00906187 -0.04554617 0.00544830
v -0.00839315 -0.04218425 0.00041473
v -0.00874459 -0.04395107 0.00159577
v -0.00874459 -0.04395107 0.00159577
v -0.00897941 -0.04513162 0.00336332
v -0.00250216 -0.00602985 0.00744034
v -0.01777550 -0.04290293 0.00544830
v -0.01646374 -0.03973607 0.00041473
v -0.01715312 -0.04140037 0.00159577
v -0.01715312 -0.04140037 0.00159577
v -0.01761375 -0.04251242 0.00336332
v -0.00363258 -0.00542563 0.00744034
v -0.02580603 -0.03861052 0.00544830
v -0.02390166 -0.03576041 0.00041473
v -0.02490248 -0.03725825 0.00159577
v -0.02490248 -0.03725825 0.00159577
v -0.02557120 -0.03825907 0.00336332
v -0.00462340 -0.00461248 0.00744034
v -0.03284484 -0.03283391 0.00544830
v -0.03042103 -0.03041010 0.00041473
v -0.03169484 -0.03168390 0.00159577
v -0.03169484 -0.03168390 0.00159577
v -0.03254597 -0.03253504 0.00336332
v -0.00543654 -0.00362166 0.00744034
v -0.03862145 -0.02579510 0.00544830
v -0.03577134 -0.02389073 0.00041473
v -0.03726918 -0.02489155 0.00159577
v -0.03726918 -0.02489155 0.00159577
v -0.03827000 -0.02556027 0.00336332
v -0.00604077 -0.00249124 0.00744034
v -0.04291386 -0.01776457 0.00544830
v -0.03974700 -0.01645281 0.00041473
v -0.04141130 -0.01714219 0.00159577
v -0.04141130 -0.01714219 0.00159577
v -0.04252335 -0.01760282 0.00336332
v -0.00641284 -0.00126467 0.00744034
v -0.04555710 -0.00905094 0.00544830
v -0.04219518 -0.00838221 0.00041473
v -0.04396201 -0.00873366 0.00159577
v -0.04396201 -0.00873366 0.00159577
v -0.04514255 -0.00896848 0.00336332
v -0.00653848 0.00001093 0.00744034
v -0.04644962 0.00001093 0.00544830
v -0.04644962 0.00001093 0.00544830
v -0.04302184 0.00001093 0.00041473
v -0.04482327 0.00001093 0.00159577
v -0.04482327 0.00001093 0.00159577
v -0.04482327 0.00001093 0.00159577
v -0.04602695 0.00001093 0.00336332
v -0.04602695 0.00001093 0.00336332
v -0.00641284 0.00128653 0.00744034
v -0.04555710 0.00907280 0.00544830
v -0.04219518 0.00840408 0.00041473
v -0.04396201 0.00875552 0.00159577
v -0.04396201 0.00875552 0.00159577
v -0.04514255 0.00899034 0.00336332
v -0.00604077 0.00251310 0.00744034
v -0.04291386 0.01778643 0.00544830
v -0.03974700 0.01647467 0.00041473
v -0.04141130 0.01716405 0.00159577
v -0.04141130 0.01716405 0.00159577
v -0.04252335 0.01762468 0.00336332
v -0.00543654 0.00364352 0.00744034
v -0.03862145 0.02581696 0.00544830
v -0.03577134 0.02391259 0.00041473
v -0.03726918 0.02491341 0.00159577
v -0.03726918 0.02491341 0.00159577
v -0.03827000 0.02558213 0.00336332
v -0.00462340 0.00463434 0.00744034
v -0.03284484 0.03285577 0.00544830
v -0.03042103 0.03043196 0.00041473
v -0.03169484 0.03170577 0.00159577
v -0.03169484 0.03170577 0.00159577
v -0.03254597 0.03255690 0.00336332
v -0.00363258 0.00544749 0.00744034
v -0.02580603 0.03863238 0.00544830
v -0.02390166 0.03578228 0.00041473
v -0.02490248 0.03728011 0.00159577
v -0.02490248 0.03728011 0.00159577
v -0.02557120 0.03828094 0.00336332
v -0.00250216 0.00605171 0.00744034
v -0.01777550 0.04292479 0.00544830
v -0.01646374 0.03975793 0.00041473
v -0.01715312 0.04142223 0.00159577
v -0.01715312 0.04142223 0.00159577
v -0.01761375 0.04253428 0.00336332
v -0.00127558 0.00642379 0.00744034
v -0.00906187 0.04556803 0.00544830
v -0.00839315 0.04220612 0.00041473
v -0.00874459 0.04397294 0.00159577
v -0.00874459 0.04397294 0.00159577
v -0.00897941 0.04515348 0.00336332
v -0.00000000 0.04631870 0.17829751
v -0.00000000 0.04631870 0.17829751
v -0.00000000 0.04631870 0.17829751
v -0.00000000 0.02407510 0.21369590
v -0.00000000 0.02407510 0.21369590
v -0.00000000 0.03016073 0.21101055
v -0.00000000 0.03016073 0.21101055
v -0.00000000 0.03531435 0.20668483
v -0.00000000 0.03531435 0.20668483
v -0.00000000 0.03934818 0.20093565
v -0.00000000 0.03934818 0.20093565
v -0.00000000 0.04160173 0.19405129
v -0.00000000 0.04160173 0.19405129
v -0.00000000 0.04485222 0.18637697
v -0.00000000 0.04485222 0.18637697
v 0.00889252 0.04471665 0.17829751
v 0.00889252 0.04471665 0.17829751
v 0.00469468 0.02361272 0.21369590
v 0.00580846 0.02921206 0.21101055
v 0.00677963 0.03409446 0.20668483
v 0.00747557 0.03759315 0.20093565
v 0.00811396 0.04080257 0.19405129
v 0.00851027 0.04279495 0.18637697
v 0.01744331 0.04212280 0.17829751
v 0.01744331 0.04212280 0.17829751
v 0.00920421 0.02223188 0.21369590
v 0.01125906 0.02719272 0.21101055
v 0.01299952 0.03139456 0.20668483
v 0.01466385 0.03541262 0.20093565
v 0.01591611 0.03843582 0.19405129
v 0.01669350 0.04031260 0.18637697
v 0.02572721 0.03851443 0.17829751
v 0.02572721 0.03851443 0.17829751
v 0.01336935 0.02001956 0.21369590
v 0.01654111 0.02476645 0.21101055
v 0.01930677 0.02890555 0.20668483
v 0.02128862 0.03187160 0.20093565
v 0.02310661 0.03459242 0.19405129
v 0.02491248 0.03729510 0.18637697
v 0.03284484 0.03285577 0.17829751
v 0.03284484 0.03285577 0.17829751
v 0.01701594 0.01702687 0.21369590
v 0.02131913 0.02133006 0.21101055
v 0.02496329 0.02497422 0.20668483
v 0.02784035 0.02785129 0.20093565
v 0.03031522 0.03032615 0.19405129
v 0.03220899 0.03221993 0.18637697
v 0.03862145 0.02581696 0.17829751
v 0.03862145 0.02581696 0.17829751
v 0.02000862 0.01338028 0.21369590
v 0.02506864 0.01676128 0.21101055
v 0.02960780 0.01979424 0.20668483
v 0.03339850 0.02232710 0.20093565
v 0.03625064 0.02423284 0.19405129
v 0.03802122 0.02541591 0.18637697
v 0.04291385 0.01778643 0.17829751
v 0.04291385 0.01778643 0.17829751
v 0.02223240 0.00921989 0.21369590
v 0.02785479 0.01154876 0.21101055
v 0.03289843 0.01363791 0.20668483
v 0.03711043 0.01538257 0.20093565
v 0.04027956 0.01669528 0.19405129
v 0.04224692 0.01751018 0.18637697
v 0.04555710 0.00907280 0.17829751
v 0.04555710 0.00907280 0.17829751
v 0.02360178 0.00470561 0.21369590
v 0.02957048 0.00589286 0.21101055
v 0.03492479 0.00695790 0.20668483
v 0.03939622 0.00784733 0.20093565
v 0.04276055 0.00851653 0.19405129
v 0.04484909 0.00893197 0.18637697
v 0.04644962 0.00001093 0.17829751
v 0.04644962 0.00001093 0.17829751
v 0.02406417 0.00001093 0.21369590
v 0.03014980 0.00001093 0.21101055
v 0.03560900 0.00001093 0.20668483
v 0.04016803 0.00001093 0.20093565
v 0.04359828 0.00001093 0.19405129
v 0.04572774 0.00001093 0.18637697
v 0.04555710 -0.00905094 0.17829751
v 0.04555710 -0.00905094 0.17829751
v 0.02359406 -0.00468222 0.21369590
v 0.02932320 -0.00582181 0.21101055
v 0.03422150 -0.00679615 0.20668483
v 0.03877961 -0.00770281 0.20093565
v 0.04222887 -0.00838891 0.19405129
v 0.04479683 -0.00889971 0.18637697
v 0.04291385 -0.01776457 0.17829751
v 0.04291385 -0.01776457 0.17829751
v 0.02195038 -0.00908121 0.21369590
v 0.02714164 -0.01123150 0.21101055
v 0.03142798 -0.01300696 0.20668483
v 0.03545171 -0.01467365 0.20093565
v 0.03847919 -0.01592767 0.19405129
v 0.04160430 -0.01722214 0.18637697
v 0.03862145 -0.02579510 0.17829751
v 0.03862145 -0.02579510 0.17829751
v 0.01957208 -0.01306673 0.21369590
v 0.02394815 -0.01599072 0.21101055
v 0.02828442 -0.01888813 0.20668483
v 0.03190569 -0.02130778 0.20093565
v 0.03463035 -0.02312833 0.19405129
v 0.03744288 -0.02500760 0.18637697
v 0.03284484 -0.03283391 0.17829751
v 0.03284484 -0.03283391 0.17829751
v 0.01680009 -0.01678916 0.21369590
v 0.02077330 -0.02076237 0.21101055
v 0.02405393 -0.02404300 0.20668483
v 0.02713356 -0.02712263 0.20093565
v 0.03031832 -0.03030739 0.19405129
v 0.03229671 -0.03228578 0.18637697
v 0.02580603 -0.03861052 0.17829751
v 0.02580603 -0.03861052 0.17829751
v 0.01336497 -0.01999114 0.21369590
v 0.01641173 -0.02455094 0.21101055
v 0.01889905 -0.02827350 0.20668483
v 0.02131870 -0.03189476 0.20093565
v 0.02382095 -0.03563964 0.19405129
v 0.02540497 -0.03801029 0.18637697
v 0.01777550 -0.04290293 0.17829751
v 0.01777550 -0.04290293 0.17829751
v 0.00920896 -0.02222147 0.21369590
v 0.01144134 -0.02761093 0.21101055
v 0.01335257 -0.03222502 0.20668483
v 0.01513105 -0.03651866 0.20093565
v 0.01664388 -0.04017094 0.19405129
v 0.01749925 -0.04223599 0.18637697
v 0.00905937 -0.04553358 0.17829751
v 0.00905937 -0.04553358 0.17829751
v 0.00469468 -0.02359085 0.21369590
v 0.00586186 -0.02945866 0.21101055
v 0.00688989 -0.03462693 0.20668483
v 0.00778635 -0.03913372 0.20093565
v 0.00846245 -0.04253270 0.19405129
v 0.00888267 -0.04464530 0.18637697
v -0.00000000 -0.04616399 0.17829751
v -0.00000000 -0.04616399 0.17829751
v -0.00000000 -0.04616399 0.17829751
v -0.00000000 -0.02405324 0.21369590
v -0.00000000 -0.02405324 0.21369590
v -0.00000000 -0.02989021 0.21101055
v -0.00000000 -0.02989021 0.21101055
v -0.00000000 -0.03494872 0.20668483
v -0.00000000 -0.03494872 0.20668483
v -0.00000000 -0.03942461 0.20093565
v -0.00000000 -0.03942461 0.20093565
v -0.00000000 -0.04279231 0.19405129
v -0.00000000 -0.04279231 0.19405129
v -0.00000000 -0.04488293 0.18637697
v -0.00000000 -0.04488293 0.18637697
v -0.00905937 -0.04553358 0.17829751
v -0.00905937 -0.04553358 0.17829751
v -0.00469469 -0.02359085 0.21369590
v -0.00586187 -0.02945866 0.21101055
v -0.00688990 -0.03462693 0.20668483
v -0.00769350 -0.03866687 0.20093565
v -0.00835050 -0.04196985 0.19405129
v -0.00886568 -0.04455983 0.18637697
v -0.01777550 -0.04290293 0.17829751
v -0.01777550 -0.04290293 0.17829751
v -0.00920896 -0.02222147 0.21369590
v -0.01153783 -0.02784386 0.21101055
v -0.01360029 -0.03282308 0.20668483
v -0.01527349 -0.03686253 0.20093565
v -0.01659971 -0.04006430 0.19405129
v -0.01749093 -0.04221591 0.18637697
v -0.02580603 -0.03861052 0.17829751
v -0.02580603 -0.03861052 0.17829751
v -0.01336935 -0.01999769 0.21369590
v -0.01675034 -0.02505771 0.21101055
v -0.01978331 -0.02959687 0.20668483
v -0.02231617 -0.03338757 0.20093565
v -0.02422191 -0.03623971 0.19405129
v -0.02540497 -0.03801029 0.18637697
v -0.03284484 -0.03283391 0.17829751
v -0.03284484 -0.03283391 0.17829751
v -0.01701594 -0.01700501 0.21369590
v -0.02131913 -0.02130820 0.21101055
v -0.02517937 -0.02516844 0.20668483
v -0.02840309 -0.02839216 0.20093565
v -0.03082864 -0.03081771 0.19405129
v -0.03233439 -0.03232346 0.18637697
v -0.03862145 -0.02579510 0.17829751
v -0.03862145 -0.02579510 0.17829751
v -0.02000863 -0.01335842 0.21369590
v -0.02506864 -0.01673941 0.21101055
v -0.02949699 -0.01969834 0.20668483
v -0.03299091 -0.02203289 0.20093565
v -0.03618210 -0.02416517 0.19405129
v -0.03802122 -0.02539404 0.18637697
v -0.04291386 -0.01776457 0.17829751
v -0.04291386 -0.01776457 0.17829751
v -0.02223240 -0.00919803 0.21369590
v -0.02785479 -0.01152690 0.21101055
v -0.03242831 -0.01342132 0.20668483
v -0.03581707 -0.01482498 0.20093565
v -0.03975966 -0.01645806 0.19405129
v -0.04224692 -0.01748832 0.18637697
v -0.04555710 -0.00905094 0.17829751
v -0.04555710 -0.00905094 0.17829751
v -0.02360179 -0.00468375 0.21369590
v -0.02937767 -0.00583265 0.21101055
v -0.03437640 -0.00682696 0.20668483
v -0.03802319 -0.00755235 0.20093565
v -0.04220863 -0.00838488 0.19405129
v -0.04480834 -0.00890200 0.18637697
v -0.04644962 0.00001093 0.17829751
v -0.04644962 0.00001093 0.17829751
v -0.04644962 0.00001093 0.17829751
v -0.02406417 0.00001093 0.21369590
v -0.02967456 0.00001093 0.21101055
v -0.03436797 0.00001093 0.20668483
v -0.03959403 0.00001093 0.20093565
v -0.04207880 0.00001093 0.19405129
v -0.04518537 0.00001093 0.18637697
v -0.04555710 0.00907280 0.17829751
v -0.04555710 0.00907280 0.17829751
v -0.02360179 0.00470561 0.21369590
v -0.02937767 0.00585451 0.21101055
v -0.03437640 0.00684882 0.20668483
v -0.03924877 0.00781800 0.20093565
v -0.04234598 0.00843407 0.19405129
v -0.04480834 0.00892386 0.18637697
v -0.04291386 0.01778643 0.17829751
v -0.04291386 0.01778643 0.17829751
v -0.02223240 0.00921989 0.21369590
v -0.02785479 0.01154876 0.21101055
v -0.03289844 0.01363791 0.20668483
v -0.03711043 0.01538257 0.20093565
v -0.04027956 0.01669528 0.19405129
v -0.04224692 0.01751018 0.18637697
v -0.03862145 0.02581696 0.17829751
v -0.03862145 0.02581696 0.17829751
v -0.02000863 0.01338028 0.21369590
v -0.02506864 0.01676127 0.21101055
v -0.02960780 0.01979424 0.20668483
v -0.03339850 0.02232710 0.20093565
v -0.03625064 0.02423284 0.19405129
v -0.03802122 0.02541590 0.18637697
v -0.03284484 0.03285577 0.17829751
v -0.03284484 0.03285577 0.17829751
v -0.01701594 0.01702687 0.21369590
v -0.02131913 0.02133006 0.21101055
v -0.02517937 0.02519030 0.20668483
v -0.02840309 0.02841402 0.20093565
v -0.03082864 0.03083957 0.19405129
v -0.03233439 0.03234532 0.18637697
v -0.02580603 0.03863238 0.17829751
v -0.02580603 0.03863238 0.17829751
v -0.01336935 0.02001956 0.21369590
v -0.01675034 0.02507958 0.21101055
v -0.01978331 0.02961873 0.20668483
v -0.02231617 0.03340943 0.20093565
v -0.02422191 0.03626158 0.19405129
v -0.02540497 0.03803215 0.18637697
v -0.01777550 0.04292479 0.17829751
v -0.01777550 0.04292479 0.17829751
v -0.00920896 0.02224333 0.21369590
v -0.01153783 0.02786572 0.21101055
v -0.01362698 0.03290937 0.20668483
v -0.01537165 0.03712136 0.20093565
v -0.01668434 0.04029049 0.19405129
v -0.01749925 0.04225786 0.18637697
v -0.00906187 0.04556803 0.17829751
v -0.00906187 0.04556803 0.17829751
v -0.00469469 0.02361272 0.21369590
v -0.00588193 0.02958141 0.21101055
v -0.00694697 0.03493572 0.20668483
v -0.00779192 0.03918356 0.20093565
v -0.00836395 0.04205935 0.19405129
v -0.00888644 0.04468609 0.18637697
v -0.00000000 0.01755408 0.21573538
v -0.00000000 0.01755408 0.21573538
v -0.00000000 0.01755408 0.21573538
v -0.00000000 0.01755408 0.21573538
v 0.00342249 0.01721699 0.21573538
v 0.00342249 0.01721699 0.21573538
v 0.00671347 0.01621869 0.21573538
v 0.00671347 0.01621869 0.21573538
v 0.00974646 0.01459752 0.21573538
v 0.00974646 0.01459752 0.21573538
v 0.01240488 0.01241581 0.21573538
v 0.01240488 0.01241581 0.21573538
v 0.01458659 0.00975739 0.21573538
v 0.01458659 0.00975739 0.21573538
v 0.01620776 0.00672440 0.21573538
v 0.01620776 0.00672440 0.21573538
v 0.01720606 0.00343343 0.21573538
v 0.01720606 0.00343343 0.21573538
v 0.01754315 0.00001093 0.21573538
v 0.01754315 0.00001093 0.21573538
v 0.01720606 -0.00341156 0.21573538
v 0.01720606 -0.00341156 0.21573538
v 0.01620776 -0.00670254 0.21573538
v 0.01620776 -0.00670254 0.21573538
v 0.01458659 -0.00973553 0.21573538
v 0.01458659 -0.00973553 0.21573538
v 0.01240488 -0.01239395 0.21573538
v 0.01240488 -0.01239395 0.21573538
v 0.00974646 -0.01457565 0.21573538
v 0.00974646 -0.01457565 0.21573538
v 0.00671347 -0.01619682 0.21573538
v 0.00671347 -0.01619682 0.21573538
v 0.00342249 -0.01719513 0.21573538
v 0.00342249 -0.01719513 0.21573538
v -0.00000000 -0.01753222 0.21573538
v -0.00000000 -0.01753222 0.21573538
v -0.00000000 -0.01753222 0.21573538
v -0.00342250 -0.01719513 0.21573538
v -0.00342250 -0.01719513 0.21573538
v -0.00671347 -0.01619682 0.21573538
v -0.00671347 -0.01619682 0.21573538
v -0.00974646 -0.01457566 0.21573538
v -0.00974646 -0.01457566 0.21573538
v -0.01240488 -0.01239395 0.21573538
v -0.01240488 -0.01239395 0.21573538
v -0.01458659 -0.00973553 0.21573538
v -0.01458659 -0.00973553 0.21573538
v -0.01620776 -0.00670254 0.21573538
v -0.01620776 -0.00670254 0.21573538
v -0.01720606 -0.00341156 0.21573538
v -0.01720606 -0.00341156 0.21573538
v -0.01754315 0.00001093 0.21573538
v -0.01754315 0.00001093 0.21573538
v -0.01720606 0.00343343 0.21573538
v -0.01720606 0.00343343 0.21573538
v -0.01620776 0.00672440 0.21573538
v -0.01620776 0.00672440 0.21573538
v -0.01458659 0.00975739 0.21573538
v -0.01458659 0.00975739 0.21573538
v -0.01240488 0.01241581 0.21573538
v -0.01240488 0.01241581 0.21573538
v -0.00974646 0.01459752 0.21573538
v -0.00974646 0.01459752 0.21573538
v -0.00671347 0.01621869 0.21573538
v -0.00671347 0.01621869 0.21573538
v -0.00342250 0.01721699 0.21573538
v -0.00342250 0.01721699 0.21573538
v 0.00000000 0.01712377 0.22122331
v 0.00000000 0.01712377 0.22122331
v 0.00000000 0.01712377 0.22122331
v 0.00333855 0.01679495 0.22122331
v 0.00333855 0.01679495 0.22122331
v 0.00654880 0.01582114 0.22122331
v 0.00654880 0.01582114 0.22122331
v 0.00950740 0.01423973 0.22122331
v 0.00950740 0.01423973 0.22122331
v 0.01210061 0.01211154 0.22122331
v 0.01210061 0.01211154 0.22122331
v 0.01422880 0.00951833 0.22122331
v 0.01422880 0.00951833 0.22122331
v 0.01581021 0.00655973 0.22122331
v 0.01581021 0.00655973 0.22122331
v 0.01678402 0.00334948 0.22122331
v 0.01678402 0.00334948 0.22122331
v 0.01711284 0.00001093 0.22122331
v 0.01711284 0.00001093 0.22122331
v 0.01678402 -0.00332761 0.22122331
v 0.01678402 -0.00332761 0.22122331
v 0.01581021 -0.00653787 0.22122331
v 0.01581021 -0.00653787 0.22122331
v 0.01422880 -0.00949646 0.22122331
v 0.01422880 -0.00949646 0.22122331
v 0.01210061 -0.01208968 0.22122331
v 0.01210061 -0.01208968 0.22122331
v 0.00950740 -0.01421787 0.22122331
v 0.00950740 -0.01421787 0.22122331
v 0.00654880 -0.01579927 0.22122331
v 0.00654880 -0.01579927 0.22122331
v 0.00333855 -0.01677309 0.22122331
v 0.00333855 -0.01677309 0.22122331
v 0.00000000 -0.01710191 0.22122331
v 0.00000000 -0.01710191 0.22122331
v -0.00333855 -0.01677309 0.22122331
v -0.00333855 -0.01677309 0.22122331
v -0.00654880 -0.01579927 0.22122331
v -0.00654880 -0.01579927 0.22122331
v -0.00950740 -0.01421787 0.22122331
v -0.00950740 -0.01421787 0.22122331
v -0.01210061 -0.01208968 0.22122331
v -0.01210061 -0.01208968 0.22122331
v -0.01422880 -0.00949647 0.22122331
v -0.01422880 -0.00949647 0.22122331
v -0.01581021 -0.00653787 0.22122331
v -0.01581021 -0.00653787 0.22122331
v -0.01678402 -0.00332762 0.22122331
v -0.01678402 -0.00332762 0.22122331
v -0.01711284 0.00001093 0.22122331
v -0.01711284 0.00001093 0.22122331
v -0.01678402 0.00334948 0.22122331
v -0.01678402 0.00334948 0.22122331
v -0.01581021 0.00655973 0.22122331
v -0.01581021 0.00655973 0.22122331
v -0.01422880 0.00951833 0.22122331
v -0.01422880 0.00951833 0.22122331
v -0.01210061 0.01211154 0.22122331
v -0.01210061 0.01211154 0.22122331
v -0.00950740 0.01423973 0.22122331
v -0.00950740 0.01423973 0.22122331
v -0.00654880 0.01582114 0.22122331
v -0.00654880 0.01582114 0.22122331
v -0.00333855 0.01679495 0.22122331
v -0.00333855 0.01679495 0.22122331
v -0.00000000 0.01928144 0.21752484
v -0.00000000 0.01928144 0.21752484
v -0.00000000 0.01928144 0.21752484
v -0.00000000 0.01928144 0.21752484
v 0.00375948 0.01891116 0.21752484
v 0.00375948 0.01891116 0.21752484
v 0.00737450 0.01781455 0.21752484
v 0.00737450 0.01781455 0.21752484
v 0.01070613 0.01603376 0.21752484
v 0.01070613 0.01603376 0.21752484
v 0.01362630 0.01363723 0.21752484
v 0.01362630 0.01363723 0.21752484
v 0.01602283 0.01071706 0.21752484
v 0.01602283 0.01071706 0.21752484
v 0.01780362 0.00738543 0.21752484
v 0.01780362 0.00738543 0.21752484
v 0.01890023 0.00377042 0.21752484
v 0.01890023 0.00377042 0.21752484
v 0.01927050 0.00001093 0.21752484
v 0.01927050 0.00001093 0.21752484
v 0.01890023 -0.00374855 0.21752484
v 0.01890023 -0.00374855 0.21752484
v 0.01780362 -0.00736357 0.21752484
v 0.01780362 -0.00736357 0.21752484
v 0.01602071 -0.01069378 0.21752484
v 0.01602071 -0.01069378 0.21752484
v 0.01362630 -0.01361537 0.21752484
v 0.01362630 -0.01361537 0.21752484
v 0.01070613 -0.01601190 0.21752484
v 0.01070613 -0.01601190 0.21752484
v 0.00737450 -0.01779269 0.21752484
v 0.00737450 -0.01779269 0.21752484
v 0.00375949 -0.01888929 0.21752484
v 0.00375949 -0.01888929 0.21752484
v -0.00000000 -0.01925957 0.21752484
v -0.00000000 -0.01925957 0.21752484
v -0.00375949 -0.01888929 0.21752484
v -0.00375949 -0.01888929 0.21752484
v -0.00737450 -0.01779269 0.21752484
v -0.00737450 -0.01779269 0.21752484
v -0.01070613 -0.01601190 0.21752484
v -0.01070613 -0.01601190 0.21752484
v -0.01362630 -0.01361537 0.21752484
v -0.01362630 -0.01361537 0.21752484
v -0.01602283 -0.01069520 0.21752484
v -0.01602283 -0.01069520 0.21752484
v -0.01780362 -0.00736357 0.21752484
v -0.01780362 -0.00736357 0.21752484
v -0.01890023 -0.00374855 0.21752484
v -0.01890023 -0.00374855 0.21752484
v -0.01927050 0.00001093 0.21752484
v -0.01927050 0.00001093 0.21752484
v -0.01890023 0.00377041 0.21752484
v -0.01890023 0.00377041 0.21752484
v -0.01780362 0.00738543 0.21752484
v -0.01780362 0.00738543 0.21752484
v -0.01602283 0.01071706 0.21752484
v -0.01602283 0.01071706 0.21752484
v -0.01362630 0.01363723 0.21752484
v -0.01362630 0.01363723 0.21752484
v -0.01070613 0.01603376 0.21752484
v -0.01070613 0.01603376 0.21752484
v -0.00737450 0.01781455 0.21752484
v -0.00737450 0.01781455 0.21752484
v -0.00375949 0.01891116 0.21752484
v -0.00375949 0.01891116 0.21752484
v 0.00000000 0.01928144 0.22122331
v 0.00000000 0.01928144 0.22122331
v 0.00000000 0.01928144 0.22122331
v 0.00375949 0.01891116 0.22122331
v 0.00375949 0.01891116 0.22122331
v 0.00737450 0.01781455 0.22122331
v 0.00737450 0.01781455 0.22122331
v 0.01070613 0.01603376 0.22122331
v 0.01070613 0.01603376 0.22122331
v 0.01362630 0.01363723 0.22122331
v 0.01362630 0.01363723 0.22122331
v 0.01602283 0.01071706 0.22122331
v 0.01602283 0.01071706 0.22122331
v 0.01780362 0.00738543 0.22122331
v 0.01780362 0.00738543 0.22122331
v 0.01890023 0.00377042 0.22122331
v 0.01890023 0.00377042 0.22122331
v 0.01927050 0.00001093 0.22122331
v 0.01927050 0.00001093 0.22122331
v 0.01890023 -0.00374855 0.22122331
v 0.01890023 -0.00374855 0.22122331
v 0.01780362 -0.00736357 0.22122331
v 0.01780362 -0.00736357 0.22122331
v 0.01602283 -0.01069520 0.22122331
v 0.01602283 -0.01069520 0.22122331
v 0.01362630 -0.01361537 0.22122331
v 0.01362630 -0.01361537 0.22122331
v 0.01070613 -0.01601190 0.22122331
v 0.01070613 -0.01601190 0.22122331
v 0.00737450 -0.01779269 0.22122331
v 0.00737450 -0.01779269 0.22122331
v 0.00375949 -0.01888929 0.22122331
v 0.00375949 -0.01888929 0.22122331
v 0.00000000 -0.01925957 0.22122331
v 0.00000000 -0.01925957 0.22122331
v -0.00375948 -0.01888929 0.22122331
v -0.00375948 -0.01888929 0.22122331
v -0.00737450 -0.01779269 0.22122331
v -0.00737450 -0.01779269 0.22122331
v -0.01070613 -0.01601190 0.22122331
v -0.01070613 -0.01601190 0.22122331
v -0.01362630 -0.01361537 0.22122331
v -0.01362630 -0.01361537 0.22122331
v -0.01602283 -0.01069520 0.22122331
v -0.01602283 -0.01069520 0.22122331
v -0.01780362 -0.00736357 0.22122331
v -0.01780362 -0.00736357 0.22122331
v -0.01890022 -0.00374855 0.22122331
v -0.01890022 -0.00374855 0.22122331
v -0.01927050 0.00001093 0.22122331
v -0.01927050 0.00001093 0.22122331
v -0.01890022 0.00377041 0.22122331
v -0.01890022 0.00377041 0.22122331
v -0.01780362 0.00738543 0.22122331
v -0.01780362 0.00738543 0.22122331
v -0.01602283 0.01071706 0.22122331
v -0.01602283 0.01071706 0.22122331
v -0.01362630 0.01363723 0.22122331
v -0.01362630 0.01363723 0.22122331
v -0.01070613 0.01603376 0.22122331
v -0.01070613 0.01603376 0.22122331
v -0.00737450 0.01781455 0.22122331
v -0.00737450 0.01781455 0.22122331
v -0.00375948 0.01891116 0.22122331
v -0.00375948 0.01891116 0.22122331
v -0.00000000 0.04646056 0.16274779
v 0.00906187 0.04556803 0.16274779
v -0.00906187 0.04556803 0.16274779
v 0.01777550 0.04292479 0.16274779
v 0.02580603 0.03863238 0.16274779
v 0.03284484 0.03285577 0.16274779
v 0.03862145 0.02581696 0.16274779
v 0.04291385 0.01778643 0.16274779
v 0.04555710 0.00907280 0.16274779
v 0.04644962 0.00001093 0.16274779
v 0.04555710 -0.00905094 0.16274779
v 0.04291385 -0.01776457 0.16274779
v 0.03862145 -0.02579510 0.16274779
v 0.03284484 -0.03283391 0.16274779
v 0.02580603 -0.03861052 0.16274779
v 0.01777550 -0.04290293 0.16274779
v 0.00906187 -0.04554617 0.16274779
v -0.00000000 -0.04643869 0.16274779
v -0.00906187 -0.04554617 0.16274779
v -0.01777550 -0.04290293 0.16274779
v -0.02580603 -0.03861052 0.16274779
v -0.03284484 -0.03283391 0.16274779
v -0.03862145 -0.02579510 0.16274779
v -0.04291386 -0.01776457 0.16274779
v -0.04555710 -0.00905094 0.16274779
v -0.04644962 0.00001093 0.16274779
v -0.04644962 0.00001093 0.16274779
v -0.04555710 0.00907280 0.16274779
v -0.04291386 0.01778643 0.16274779
v -0.03862145 0.02581696 0.16274779
v -0.03284484 0.03285577 0.16274779
v -0.02580603 0.03863238 0.16274779
v -0.01777550 0.04292479 0.16274779
v 0.00906187 0.04556803 0.02318752
v 0.01777550 0.04292479 0.02318752
v -0.00000000 0.04646056 0.02318752
v 0.02580603 0.03863238 0.02318752
v 0.03284484 0.03285577 0.02318752
v 0.03862145 0.02581696 0.02318752
v 0.04291385 0.01778643 0.02318752
v 0.04555710 0.00907280 0.02318752
v 0.04644962 0.00001093 0.02318752
v 0.04555710 -0.00905094 0.02318752
v 0.04291385 -0.01776457 0.02318752
v 0.03862145 -0.02579510 0.02318752
v 0.03284484 -0.03283391 0.02318752
v 0.02580603 -0.03861052 0.02318752
v 0.01777550 -0.04290293 0.02318752
v 0.00906187 -0.04554617 0.02318752
v -0.00000000 -0.04643869 0.02318752
v -0.00906187 -0.04554617 0.02318752
v -0.01777550 -0.04290293 0.02318752
v -0.02580603 -0.03861052 0.02318752
v -0.03284484 -0.03283391 0.02318752
v -0.03862145 -0.02579510 0.02318752
v -0.04291386 -0.01776457 0.02318752
v -0.04555710 -0.00905094 0.02318752
v -0.04644962 0.00001093 0.02318752
v -0.04644962 0.00001093 0.02318752
v -0.04555710 0.00907280 0.02318752
v -0.04291386 0.01778643 0.02318752
v -0.03862145 0.02581696 0.02318752
v -0.03284484 0.03285577 0.02318752
v -0.02580603 0.03863238 0.02318752
v -0.01777550 0.04292479 0.02318752
v -0.00906187 0.04556803 0.02318752
v 0.00000000 0.01766821 0.22122331
v 0.00344476 0.01732893 0.22122331
v 0.00675714 0.01632413 0.22122331
v 0.00980987 0.01469241 0.22122331
v 0.01248558 0.01249651 0.22122331
v 0.01468148 0.00982080 0.22122331
v 0.01631319 0.00676807 0.22122331
v 0.01731800 0.00345569 0.22122331
v 0.01765727 0.00001093 0.22122331
v 0.01731800 -0.00343383 0.22122331
v 0.01631319 -0.00674621 0.22122331
v 0.01468148 -0.00979893 0.22122331
v 0.01248558 -0.01247465 0.22122331
v 0.00980987 -0.01467055 0.22122331
v 0.00675714 -0.01630226 0.22122331
v 0.00344476 -0.01730706 0.22122331
v 0.00000000 -0.01764634 0.22122331
v -0.00344476 -0.01730706 0.22122331
v -0.00675714 -0.01630226 0.22122331
v -0.00980987 -0.01467055 0.22122331
v -0.01248558 -0.01247465 0.22122331
v -0.01468148 -0.00979894 0.22122331
v -0.01631319 -0.00674621 0.22122331
v -0.01731799 -0.00343383 0.22122331
v -0.01765727 0.00001093 0.22122331
v -0.01731799 0.00345569 0.22122331
v -0.01631319 0.00676807 0.22122331
v -0.01468148 0.00982080 0.22122331
v -0.01248558 0.01249651 0.22122331
v -0.00980987 0.01469241 0.22122331
v -0.00675714 0.01632413 0.22122331
v -0.00344476 0.01732893 0.22122331
v -0.01711284 0.00001093 0.22174561
v 0.01422880 -0.00949646 0.22174561
v -0.01678402 0.00334948 0.22174561
v 0.01210061 -0.01208968 0.22174561
v -0.01581021 0.00655973 0.22174561
v 0.00950740 -0.01421787 0.22174561
v -0.01422880 0.00951833 0.22174561
v 0.00654880 -0.01579927 0.22174561
v 0.00333855 0.01679495 0.22174561
v -0.01210061 0.01211154 0.22174561
v 0.00333855 -0.01677309 0.22174561
v 0.00654880 0.01582114 0.22174561
v -0.00950740 0.01423973 0.22174561
v 0.00000000 -0.01710191 0.22174561
v 0.00950740 0.01423973 0.22174561
v -0.00654880 0.01582114 0.22174561
v -0.00333855 -0.01677309 0.22174561
v 0.01210061 0.01211154 0.22174561
v -0.00333855 0.01679495 0.22174561
v -0.00654880 -0.01579927 0.22174561
v 0.01422880 0.00951833 0.22174561
v -0.00950740 -0.01421787 0.22174561
v 0.01581021 0.00655973 0.22174561
v -0.01210061 -0.01208968 0.22174561
v 0.01678402 0.00334948 0.22174561
v -0.01422880 -0.00949647 0.22174561
v 0.01711284 0.00001093 0.22174561
v -0.01581021 -0.00653787 0.22174561
v 0.01678402 -0.00332761 0.22174561
v -0.01678402 -0.00332762 0.22174561
v 0.01581021 -0.00653787 0.22174561
v 0.00000000 0.01712377 0.22174561
v 0.00000000 0.01712377 0.22174561
v -0.01754978 0.00001093 0.21680309
v -0.01721257 -0.00341286 0.21680309
v -0.01621389 -0.00670508 0.21680309
v -0.01459210 -0.00973922 0.21680309
v -0.01240957 -0.01239864 0.21680309
v -0.00975015 -0.01458117 0.21680309
v -0.00671601 -0.01620295 0.21680309
v -0.00342379 -0.01720164 0.21680309
v -0.00000000 -0.01753885 0.21680309
v 0.00342379 -0.01720164 0.21680309
v 0.00671601 -0.01620295 0.21680309
v 0.00975015 -0.01458117 0.21680309
v 0.01240957 -0.01239864 0.21680309
v -0.01721257 0.00343472 0.21680309
v -0.01621389 0.00672694 0.21680309
v -0.01459211 0.00976108 0.21680309
v -0.00000000 0.01756071 0.21680309
v -0.00000000 0.01756071 0.21680309
v 0.00342379 0.01722350 0.21680309
v -0.01240957 0.01242050 0.21680309
v 0.00671601 0.01622482 0.21680309
v -0.00975015 0.01460303 0.21680309
v 0.00975015 0.01460303 0.21680309
v -0.00671601 0.01622482 0.21680309
v 0.01240957 0.01242050 0.21680309
v -0.00342379 0.01722350 0.21680309
v 0.01459210 0.00976108 0.21680309
v 0.01621388 0.00672694 0.21680309
v 0.01721257 0.00343472 0.21680309
v 0.01754978 0.00001093 0.21680309
v 0.01721257 -0.00341286 0.21680309
v 0.01621388 -0.00670508 0.21680309
v 0.01459210 -0.00973921 0.21680309
v 0.01329751 -0.01328657 0.22122331
v 0.01563621 -0.01043686 0.22122331
v 0.01737403 -0.00718562 0.22122331
v 0.01844417 -0.00365784 0.22122331
v 0.01880551 0.00001093 0.22122331
v 0.01844417 0.00367970 0.22122331
v 0.01737403 0.00720749 0.22122331
v 0.01563621 0.01045873 0.22122331
v -0.00366877 0.01845510 0.22122331
v 0.01329750 0.01330844 0.22122331
v -0.00719655 0.01738496 0.22122331
v 0.01044780 0.01564714 0.22122331
v -0.01044779 0.01564714 0.22122331
v 0.00719656 0.01738496 0.22122331
v -0.01329751 0.01330844 0.22122331
v 0.00000000 0.01881644 0.22122331
v 0.00366877 0.01845510 0.22122331
v -0.01737403 0.00720748 0.22122331
v -0.01563620 0.01045872 0.22122331
v 0.01044780 -0.01562527 0.22122331
v 0.00719656 -0.01736310 0.22122331
v 0.00366877 -0.01843324 0.22122331
v 0.00000000 -0.01879458 0.22122331
v -0.00366877 -0.01843324 0.22122331
v -0.00719655 -0.01736310 0.22122331
v -0.01044779 -0.01562528 0.22122331
v -0.01329751 -0.01328657 0.22122331
v -0.01563620 -0.01043686 0.22122331
v -0.01737403 -0.00718562 0.22122331
v -0.01844417 -0.00365784 0.22122331
v -0.01880551 0.00001093 0.22122331
v -0.01844417 0.00367970 0.22122331
v -0.01927050 0.00001093 0.21814262
v -0.01890023 0.00377041 0.21814262
v 0.01602274 -0.01069513 0.21814262
v 0.01362630 -0.01361537 0.21814262
v -0.01780362 0.00738543 0.21814262
v 0.01070613 -0.01601190 0.21814262
v -0.01602283 0.01071706 0.21814262
v 0.00737450 -0.01779269 0.21814262
v -0.00000000 0.01928144 0.21814262
v -0.00000000 0.01928144 0.21814262
v 0.00375948 0.01891116 0.21814262
v -0.01362630 0.01363723 0.21814262
v 0.00375949 -0.01888929 0.21814262
v 0.00737450 0.01781455 0.21814262
v -0.01070613 0.01603376 0.21814262
v 0.00000000 -0.01925957 0.21814262
v 0.01070613 0.01603376 0.21814262
v -0.00737450 0.01781455 0.21814262
v -0.00375949 -0.01888929 0.21814262
v 0.01362630 0.01363723 0.21814262
v -0.00375949 0.01891116 0.21814262
v -0.00737450 -0.01779269 0.21814262
v 0.01602283 0.01071706 0.21814262
v -0.01070613 -0.01601190 0.21814262
v 0.01780362 0.00738543 0.21814262
v -0.01362630 -0.01361537 0.21814262
v 0.01890023 0.00377042 0.21814262
v -0.01602283 -0.01069520 0.21814262
v 0.01927050 0.00001093 0.21814262
v -0.01780362 -0.00736357 0.21814262
v 0.01890023 -0.00374855 0.21814262
v -0.01890023 -0.00374855 0.21814262
v 0.01780362 -0.00736357 0.21814262
v -0.01927050 0.00001093 0.22059089
v 0.01602283 -0.01069520 0.22059089
v 0.00000000 0.01928144 0.22059089
v 0.00000000 0.01928144 0.22059089
v -0.01890022 0.00377041 0.22059089
v 0.01362630 -0.01361537 0.22059089
v -0.01780362 0.00738543 0.22059089
v 0.01070613 -0.01601190 0.22059089
v -0.01602283 0.01071706 0.22059089
v 0.00737450 -0.01779269 0.22059089
v 0.00375949 0.01891116 0.22059089
v -0.01362630 0.01363723 0.22059089
v 0.00375949 -0.01888929 0.22059089
v 0.00737450 0.01781455 0.22059089
v -0.01070613 0.01603376 0.22059089
v 0.00000000 -0.01925957 0.22059089
v 0.01070613 0.01603376 0.22059089
v -0.00737450 0.01781455 0.22059089
v -0.00375948 -0.01888929 0.22059089
v 0.01362630 0.01363723 0.22059089
v -0.00375948 0.01891116 0.22059089
v -0.00737450 -0.01779269 0.22059089
v 0.01602283 0.01071706 0.22059089
v -0.01070613 -0.01601190 0.22059089
v 0.01780362 0.00738543 0.22059089
v -0.01362630 -0.01361537 0.22059089
v 0.01890023 0.00377042 0.22059089
v -0.01602283 -0.01069520 0.22059089
v 0.01927050 0.00001093 0.22059089
v -0.01780362 -0.00736357 0.22059089
v 0.01890023 -0.00374855 0.22059089
v -0.01890022 -0.00374855 0.22059089
v 0.01780362 -0.00736357 0.22059089
v 0.00797859 0.04012201 0.00000000
v -0.00000000 0.04090784 0.00000000
v 0.01565056 0.03779475 0.00000000
v 0.02272111 0.03401546 0.00000000
v 0.02891848 0.02892941 0.00000000
v 0.03400453 0.02273204 0.00000000
v 0.03778382 0.01566149 0.00000000
v 0.04011108 0.00798952 0.00000000
v 0.04089691 0.00001093 0.00000000
v 0.04011108 -0.00796766 0.00000000
v 0.03778382 -0.01563963 0.00000000
v 0.03400453 -0.02271018 0.00000000
v 0.02891848 -0.02890755 0.00000000
v 0.02272111 -0.03399360 0.00000000
v 0.01565056 -0.03777289 0.00000000
v 0.00797859 -0.04010015 0.00000000
v -0.00000000 -0.04088598 0.00000000
v -0.00797859 -0.04010015 0.00000000
v -0.01565056 -0.03777289 0.00000000
v -0.02272111 -0.03399360 0.00000000
v -0.02891848 -0.02890755 0.00000000
v -0.03400453 -0.02271018 0.00000000
v -0.03778382 -0.01563963 0.00000000
v -0.04011108 -0.00796766 0.00000000
v -0.04089691 0.00001093 0.00000000
v -0.04011108 0.00798952 0.00000000
v -0.03778382 0.01566149 0.00000000
v -0.03400453 0.02273204 0.00000000
v -0.02891848 0.02892941 0.00000000
v -0.02272111 0.03401546 0.00000000
v -0.01565056 0.03779475 0.00000000
v -0.00797859 0.04012201 0.00000000
v 0.00728130 0.03661648 0.00000000
v -0.00000000 0.03733362 0.00000000
v 0.01428276 0.03449261 0.00000000
v 0.02073538 0.03104361 0.00000000
v 0.02639112 0.02640206 0.00000000
v 0.03103268 0.02074632 0.00000000
v 0.03448167 0.01429370 0.00000000
v 0.03660555 0.00729223 0.00000000
v 0.03732269 0.00001093 0.00000000
v 0.03660555 -0.00727037 0.00000000
v 0.03448167 -0.01427184 0.00000000
v 0.03103268 -0.02072445 0.00000000
v 0.02639112 -0.02638019 0.00000000
v 0.02073538 -0.03102175 0.00000000
v 0.01428276 -0.03447074 0.00000000
v 0.00728130 -0.03659461 0.00000000
v -0.00000000 -0.03731176 0.00000000
v -0.00728130 -0.03659461 0.00000000
v -0.01428277 -0.03447074 0.00000000
v -0.02073538 -0.03102175 0.00000000
v -0.02639113 -0.02638019 0.00000000
v -0.03103268 -0.02072445 0.00000000
v -0.03448168 -0.01427184 0.00000000
v -0.03660555 -0.00727037 0.00000000
v -0.03732269 0.00001093 0.00000000
v -0.03660555 0.00729223 0.00000000
v -0.03448168 0.01429370 0.00000000
v -0.03103268 0.02074632 0.00000000
v -0.02639113 0.02640206 0.00000000
v -0.02073538 0.03104361 0.00000000
v -0.01428277 0.03449261 0.00000000
v -0.00728130 0.03661648 0.00000000
v 0.00336199 0.01691277 0.00745192
v 0.00000000 0.01724390 0.00745192
v 0.00659477 0.01593212 0.00745192
v 0.00957413 0.01433962 0.00745192
v 0.01218555 0.01219648 0.00745192
v 0.01432869 0.00958506 0.00745192
v 0.01592119 0.00660569 0.00745192
v 0.01690184 0.00337292 0.00745192
v 0.01723297 0.00001093 0.00745192
v 0.01690184 -0.00335106 0.00745192
v 0.01592119 -0.00658383 0.00745192
v 0.01432869 -0.00956319 0.00745192
v 0.01218555 -0.01217462 0.00745192
v 0.00957413 -0.01431775 0.00745192
v 0.00659477 -0.01591026 0.00745192
v 0.00336199 -0.01689091 0.00745192
v 0.00000000 -0.01722204 0.00745192
v -0.00336198 -0.01689091 0.00745192
v -0.00659476 -0.01591026 0.00745192
v -0.00957412 -0.01431775 0.00745192
v -0.01218554 -0.01217462 0.00745192
v -0.01432868 -0.00956319 0.00745192
v -0.01592118 -0.00658383 0.00745192
v -0.01690184 -0.00335106 0.00745192
v -0.01723296 0.00001093 0.00745192
v -0.01690184 0.00337292 0.00745192
v -0.01592118 0.00660570 0.00745192
v -0.01432868 0.00958506 0.00745192
v -0.01218554 0.01219648 0.00745192
v -0.00957412 0.01433962 0.00745192
v -0.00659476 0.01593212 0.00745192
v -0.00336198 0.01691277 0.00745192
v -0.00000000 0.00001093 0.00744034
v -0.01615905 -0.00320330 0.22491847
v 0.01522149 -0.00629401 0.22491847
v 0.00000000 0.01648656 0.22491847
v -0.01647563 0.00001093 0.22491847
v 0.01369898 -0.00914245 0.22491847
v -0.01615905 0.00322516 0.22491847
v 0.01165003 -0.01163909 0.22491847
v -0.01522149 0.00631587 0.22491847
v 0.00915338 -0.01368804 0.22491847
v -0.01369898 0.00916431 0.22491847
v 0.00630494 -0.01521056 0.22491847
v 0.00321423 0.01616998 0.22491847
v -0.01165003 0.01166096 0.22491847
v 0.00321423 -0.01614812 0.22491847
v 0.00630494 0.01523242 0.22491847
v -0.00915338 0.01370990 0.22491847
v 0.00000000 -0.01646469 0.22491847
v 0.00915338 0.01370991 0.22491847
v -0.00630494 0.01523242 0.22491847
v -0.00321423 -0.01614812 0.22491847
v 0.01165002 0.01166096 0.22491847
v -0.00321423 0.01616998 0.22491847
v -0.00630494 -0.01521056 0.22491847
v 0.01369897 0.00916431 0.22491847
v -0.00915338 -0.01368804 0.22491847
v 0.01522149 0.00631588 0.22491847
v -0.01165003 -0.01163909 0.22491847
v 0.01615905 0.00322516 0.22491847
v -0.01369897 -0.00914245 0.22491847
v 0.01647562 0.00001093 0.22491847
v -0.01522149 -0.00629401 0.22491847
v 0.01615905 -0.00320330 0.22491847
v -0.01678402 -0.00332762 0.22491847
v -0.01678402 -0.00332762 0.22491847
v -0.01711284 0.00001093 0.22491847
v -0.01711284 0.00001093 0.22491847
v 0.01581021 -0.00653787 0.22491847
v 0.01581021 -0.00653787 0.22491847
v 0.01422880 -0.00949646 0.22491847
v 0.01422880 -0.00949646 0.22491847
v -0.01678402 0.00334948 0.22491847
v -0.01678402 0.00334948 0.22491847
v 0.01210061 -0.01208968 0.22491847
v 0.01210061 -0.01208968 0.22491847
v -0.01581021 0.00655973 0.22491847
v -0.01581021 0.00655973 0.22491847
v 0.00950740 -0.01421787 0.22491847
v 0.00950740 -0.01421787 0.22491847
v -0.01422880 0.00951833 0.22491847
v -0.01422880 0.00951833 0.22491847
v 0.00654880 -0.01579927 0.22491847
v 0.00654880 -0.01579927 0.22491847
v 0.00000000 0.01712377 0.22491847
v 0.00000000 0.01712377 0.22491847
v 0.00000000 0.01712377 0.22491847
v 0.00333855 0.01679495 0.22491847
v 0.00333855 0.01679495 0.22491847
v -0.01210061 0.01211154 0.22491847
v -0.01210061 0.01211154 0.22491847
v 0.00333855 -0.01677309 0.22491847
v 0.00333855 -0.01677309 0.22491847
v 0.00654880 0.01582114 0.22491847
v 0.00654880 0.01582114 0.22491847
v -0.00950740 0.01423973 0.22491847
v -0.00950740 0.01423973 0.22491847
v 0.00000000 -0.01710191 0.22491847
v 0.00000000 -0.01710191 0.22491847
v 0.00950740 0.01423973 0.22491847
v 0.00950740 0.01423973 0.22491847
v -0.00654880 0.01582114 0.22491847
v -0.00654880 0.01582114 0.22491847
v -0.00333855 -0.01677309 0.22491847
v -0.00333855 -0.01677309 0.22491847
v 0.01210061 0.01211154 0.22491847
v 0.01210061 0.01211154 0.22491847
v -0.00333855 0.01679495 0.22491847
v -0.00333855 0.01679495 0.22491847
v -0.00654880 -0.01579927 0.22491847
v -0.00654880 -0.01579927 0.22491847
v 0.01422880 0.00951833 0.22491847
v 0.01422880 0.00951833 0.22491847
v -0.00950740 -0.01421787 0.22491847
v -0.00950740 -0.01421787 0.22491847
v 0.01581021 0.00655973 0.22491847
v 0.01581021 0.00655973 0.22491847
v -0.01210061 -0.01208968 0.22491847
v -0.01210061 -0.01208968 0.22491847
v 0.01678402 0.00334948 0.22491847
v 0.01678402 0.00334948 0.22491847
v -0.01422880 -0.00949647 0.22491847
v -0.01422880 -0.00949647 0.22491847
v 0.01711284 0.00001093 0.22491847
v 0.01711284 0.00001093 0.22491847
v -0.01581021 -0.00653787 0.22491847
v -0.01581021 -0.00653787 0.22491847
v 0.01678402 -0.00332761 0.22491847
v 0.01678402 -0.00332761 0.22491847
v -0.01711284 0.00001093 0.22440673
v 0.01422880 -0.00949646 0.22440673
v -0.01678402 0.00334948 0.22440673
v 0.01210061 -0.01208968 0.22440673
v -0.01581021 0.00655973 0.22440673
v 0.00950740 -0.01421787 0.22440673
v -0.01422880 0.00951833 0.22440673
v 0.00654880 -0.01579927 0.22440673
v 0.00333855 0.01679495 0.22440673
v -0.01210061 0.01211154 0.22440673
v 0.00333855 -0.01677309 0.22440673
v 0.00654880 0.01582114 0.22440673
v -0.00950740 0.01423973 0.22440673
v 0.00000000 -0.01710191 0.22440673
v 0.00950740 0.01423973 0.22440673
v -0.00654880 0.01582114 0.22440673
v -0.00333855 -0.01677309 0.22440673
v 0.01210061 0.01211154 0.22440673
v -0.00333855 0.01679495 0.22440673
v -0.00654880 -0.01579927 0.22440673
v 0.01422880 0.00951833 0.22440673
v -0.00950740 -0.01421787 0.22440673
v 0.01581021 0.00655973 0.22440673
v -0.01210061 -0.01208968 0.22440673
v 0.01678402 0.00334948 0.22440673
v -0.01422880 -0.00949647 0.22440673
v 0.01711284 0.00001093 0.22440673
v -0.01581021 -0.00653787 0.22440673
v 0.01678402 -0.00332761 0.22440673
v -0.01678402 -0.00332762 0.22440673
v 0.01581021 -0.00653787 0.22440673
v 0.00000000 0.01712377 0.22440673
v 0.00000000 0.01712377 0.22440673
v 0.00000000 0.00001093 0.22491847
v 0.01275498 -0.01274405 0.21549925
v 0.01002153 -0.01498733 0.21549925
v -0.01002154 0.01500919 0.21549925
v -0.00690294 0.01667612 0.21549925
v 0.01275498 0.01276591 0.21549925
v 0.01499826 0.01003247 0.21549925
v -0.01499826 -0.01001060 0.21549925
v -0.01666519 -0.00689201 0.21549925
v 0.00690294 -0.01665425 0.21549925
v -0.00351909 0.01770260 0.21549925
v 0.01666518 0.00691387 0.21549925
v -0.01769167 -0.00350816 0.21549925
v 0.00351909 -0.01768074 0.21549925
v 0.01769167 0.00353002 0.21549925
v -0.01803827 0.00001093 0.21549925
v -0.00000000 -0.01802734 0.21549925
v -0.00000000 -0.01802734 0.21549925
v 0.01803826 0.00001093 0.21549925
v -0.01769167 0.00353002 0.21549925
v -0.00351909 -0.01768074 0.21549925
v 0.01769167 -0.00350816 0.21549925
v -0.01666519 0.00691387 0.21549925
v -0.00000000 0.01804920 0.21549925
v -0.00000000 0.01804920 0.21549925
v 0.00351909 0.01770260 0.21549925
v -0.00690294 -0.01665425 0.21549925
v 0.01666518 -0.00689201 0.21549925
v -0.01499826 0.01003246 0.21549925
v 0.00690294 0.01667612 0.21549925
v -0.01002153 -0.01498733 0.21549925
v 0.01499789 -0.01001035 0.21549925
v -0.01275498 0.01276591 0.21549925
v 0.01002153 0.01500919 0.21549925
v -0.01275498 -0.01274405 0.21549925
v 0.04511965 0.00452189 0.11766158
v 0.04517749 0.00629793 0.11087195
v 0.04525497 0.00551125 0.12445122
v 0.04443750 0.01052526 0.11087195
v 0.04472978 0.01179794 0.11766158
v 0.04399485 0.01198445 0.12445122
v 0.03920038 0.02094097 0.07665926
v 0.04087499 0.02022248 0.07524844
v 0.03651429 0.02736031 0.07524844
v 0.03528701 0.02706162 0.07665926
v 0.04040217 0.02084225 0.06845881
v 0.04180019 0.01835426 0.06845881
v 0.01776126 0.04289041 0.01549953
v 0.02628216 0.03934496 0.01549953
v 0.03284484 0.03285577 0.01549953
v 0.03862145 0.02581696 0.01549953
v 0.04161758 0.01724950 0.01549953
v 0.04418098 0.00879908 0.01549953
v 0.04644962 0.00001093 0.01549953
v 0.04555710 -0.00905094 0.01549953
v 0.04291385 -0.01776457 0.01549953
v 0.03862145 -0.02579510 0.01549953
v 0.03284484 -0.03283391 0.01549953
v 0.02580603 -0.03861052 0.01549953
v 0.01777550 -0.04290293 0.01549953
v 0.00906187 -0.04554617 0.01549953
v -0.00000000 -0.04643869 0.01549953
v -0.00906187 -0.04554617 0.01549953
v -0.01777550 -0.04290293 0.01549953
v -0.02580603 -0.03861052 0.01549953
v -0.03284484 -0.03283391 0.01549953
v -0.03862145 -0.02579510 0.01549953
v -0.04291386 -0.01776457 0.01549953
v -0.04520892 -0.00898168 0.01549953
v -0.04609462 0.00001093 0.01549953
v -0.04609462 0.00001093 0.01549953
v -0.04520892 0.00900354 0.01549953
v -0.04291386 0.01778643 0.01549953
v -0.03862145 0.02581696 0.01549953
v -0.03345084 0.03346176 0.01549953
v -0.02578536 0.03860144 0.01549953
v -0.01776126 0.04289041 0.01549953
v -0.00905461 0.04553154 0.01549953
v 0.00905461 0.04553154 0.01549953
v -0.00000000 0.04642335 0.01549953
v -0.04349860 0.01362039 0.02886733
v -0.04364661 0.01313248 0.04244659
v -0.04234418 0.01591714 0.03565695
v -0.04538167 0.00422487 0.02886733
v -0.04512684 0.00596797 0.03565695
v -0.04533493 0.00469945 0.04244659
v 0.00000006 0.01689747 0.22237759
v 0.00000006 0.01689747 0.22237759
v 0.00000006 0.01689747 0.22237759
v 0.00329446 0.01657300 0.22237759
v 0.00329446 0.01657300 0.22237759
v 0.00646226 0.01561206 0.22237759
v 0.00646226 0.01561206 0.22237759
v 0.00938172 0.01405157 0.22237759
v 0.00938172 0.01405157 0.22237759
v 0.01194065 0.01195152 0.22237759
v 0.01194065 0.01195152 0.22237759
v 0.01404070 0.00939259 0.22237759
v 0.01404070 0.00939259 0.22237759
v 0.01560119 0.00647313 0.22237759
v 0.01560119 0.00647313 0.22237759
v 0.01656213 0.00330533 0.22237759
v 0.01656213 0.00330533 0.22237759
v 0.01688660 0.00001093 0.22237759
v 0.01688660 0.00001093 0.22237759
v 0.01656213 -0.00328347 0.22237759
v 0.01656213 -0.00328347 0.22237759
v 0.01560119 -0.00645127 0.22237759
v 0.01560119 -0.00645127 0.22237759
v 0.01404070 -0.00937073 0.22237759
v 0.01404070 -0.00937073 0.22237759
v 0.01194065 -0.01192965 0.22237759
v 0.01194065 -0.01192965 0.22237759
v 0.00938172 -0.01402971 0.22237759
v 0.00938172 -0.01402971 0.22237759
v 0.00646226 -0.01559020 0.22237759
v 0.00646226 -0.01559020 0.22237759
v 0.00329446 -0.01655114 0.22237759
v 0.00329446 -0.01655114 0.22237759
v 0.00000006 -0.01687561 0.22237759
v 0.00000006 -0.01687561 0.22237759
v -0.00329434 -0.01655114 0.22237759
v -0.00329434 -0.01655114 0.22237759
v -0.00646214 -0.01559020 0.22237759
v -0.00646214 -0.01559020 0.22237759
v -0.00938160 -0.01402971 0.22237759
v -0.00938160 -0.01402971 0.22237759
v -0.01194053 -0.01192965 0.22237759
v -0.01194053 -0.01192965 0.22237759
v -0.01404058 -0.00937073 0.22237759
v -0.01404058 -0.00937073 0.22237759
v -0.01560107 -0.00645127 0.22237759
v -0.01560107 -0.00645127 0.22237759
v -0.01656201 -0.00328347 0.22237759
v -0.01656201 -0.00328347 0.22237759
v -0.01688648 0.00001093 0.22237759
v -0.01688648 0.00001093 0.22237759
v -0.01656201 0.00330533 0.22237759
v -0.01656201 0.00330533 0.22237759
v -0.01560107 0.00647313 0.22237759
v -0.01560107 0.00647313 0.22237759
v -0.01404058 0.00939259 0.22237759
v -0.01404058 0.00939259 0.22237759
v -0.01194053 0.01195152 0.22237759
v -0.01194053 0.01195152 0.22237759
v -0.00938160 0.01405157 0.22237759
v -0.00938160 0.01405157 0.22237759
v -0.00646214 0.01561206 0.22237759
v -0.00646214 0.01561206 0.22237759
v -0.00329434 0.01657300 0.22237759
v -0.00329434 0.01657300 0.22237759
v 0.00000006 0.01939518 0.22237759
v 0.00000006 0.01939518 0.22237759
v 0.00000006 0.01939518 0.22237759
v 0.00378174 0.01902271 0.22237759
v 0.00378174 0.01902271 0.22237759
v 0.00741809 0.01791964 0.22237759
v 0.00741809 0.01791964 0.22237759
v 0.01076937 0.01612834 0.22237759
v 0.01076937 0.01612834 0.22237759
v 0.01370679 0.01371766 0.22237759
v 0.01370679 0.01371766 0.22237759
v 0.01611747 0.01078024 0.22237759
v 0.01611747 0.01078024 0.22237759
v 0.01790877 0.00742896 0.22237759
v 0.01790877 0.00742896 0.22237759
v 0.01901184 0.00379261 0.22237759
v 0.01901184 0.00379261 0.22237759
v 0.01938431 0.00001093 0.22237759
v 0.01938431 0.00001093 0.22237759
v 0.01901184 -0.00377075 0.22237759
v 0.01901184 -0.00377075 0.22237759
v 0.01790877 -0.00740710 0.22237759
v 0.01790877 -0.00740710 0.22237759
v 0.01611747 -0.01075838 0.22237759
v 0.01611747 -0.01075838 0.22237759
v 0.01370679 -0.01369580 0.22237759
v 0.01370679 -0.01369580 0.22237759
v 0.01076937 -0.01610648 0.22237759
v 0.01076937 -0.01610648 0.22237759
v 0.00741809 -0.01789778 0.22237759
v 0.00741809 -0.01789778 0.22237759
v 0.00378174 -0.01900085 0.22237759
v 0.00378174 -0.01900085 0.22237759
v 0.00000006 -0.01937331 0.22237759
v 0.00000006 -0.01937331 0.22237759
v -0.00378162 -0.01900085 0.22237759
v -0.00378162 -0.01900085 0.22237759
v -0.00741797 -0.01789778 0.22237759
v -0.00741797 -0.01789778 0.22237759
v -0.01076925 -0.01610648 0.22237759
v -0.01076925 -0.01610648 0.22237759
v -0.01370667 -0.01369580 0.22237759
v -0.01370667 -0.01369580 0.22237759
v -0.01611735 -0.01075838 0.22237759
v -0.01611735 -0.01075838 0.22237759
v -0.01790865 -0.00740710 0.22237759
v -0.01790865 -0.00740710 0.22237759
v -0.01901172 -0.00377075 0.22237759
v -0.01901172 -0.00377075 0.22237759
v -0.01938419 0.00001093 0.22237759
v -0.01938419 0.00001093 0.22237759
v -0.01901172 0.00379261 0.22237759
v -0.01901172 0.00379261 0.22237759
v -0.01790865 0.00742896 0.22237759
v -0.01790865 0.00742896 0.22237759
v -0.01611735 0.01078024 0.22237759
v -0.01611735 0.01078024 0.22237759
v -0.01370667 0.01371766 0.22237759
v -0.01370667 0.01371766 0.22237759
v -0.01076925 0.01612834 0.22237759
v -0.01076925 0.01612834 0.22237759
v -0.00741797 0.01791964 0.22237759
v -0.00741797 0.01791964 0.22237759
v -0.00378162 0.01902271 0.22237759
v -0.00378162 0.01902271 0.22237759
v 0.00000006 0.01568521 0.23689661
v 0.00305796 0.01538403 0.23689661
v 0.00599835 0.01449208 0.23689661
v 0.00870822 0.01304362 0.23689661
v 0.01108345 0.01109432 0.23689661
v 0.01303275 0.00871909 0.23689661
v 0.01448121 0.00600922 0.23689661
v 0.01537316 0.00306883 0.23689661
v 0.01567434 0.00001093 0.23689661
v 0.01537316 -0.00304697 0.23689661
v 0.01448121 -0.00598736 0.23689661
v 0.01303275 -0.00869723 0.23689661
v 0.01108345 -0.01107246 0.23689661
v 0.00870822 -0.01302175 0.23689661
v 0.00599835 -0.01447021 0.23689661
v 0.00305796 -0.01536217 0.23689661
v 0.00000006 -0.01566335 0.23689661
v -0.00305784 -0.01536217 0.23689661
v -0.00599823 -0.01447021 0.23689661
v -0.00870810 -0.01302175 0.23689661
v -0.01108333 -0.01107246 0.23689661
v -0.01303263 -0.00869723 0.23689661
v -0.01448109 -0.00598736 0.23689661
v -0.01537304 -0.00304697 0.23689661
v -0.01567422 0.00001093 0.23689661
v -0.01537304 0.00306883 0.23689661
v -0.01448109 0.00600922 0.23689661
v -0.01303263 0.00871909 0.23689661
v -0.01108333 0.01109432 0.23689661
v -0.00870810 0.01304362 0.23689661
v -0.00599823 0.01449208 0.23689661
v -0.00305784 0.01538403 0.23689661
v 0.00000006 0.01689747 0.23689661
v 0.00329446 0.01657300 0.23689661
v 0.00646226 0.01561206 0.23689661
v 0.00938172 0.01405157 0.23689661
v 0.01194065 0.01195152 0.23689661
v 0.01404070 0.00939259 0.23689661
v 0.01560119 0.00647313 0.23689661
v 0.01656213 0.00330533 0.23689661
v 0.01688660 0.00001093 0.23689661
v 0.01656213 -0.00328347 0.23689661
v 0.01560119 -0.00645127 0.23689661
v 0.01404070 -0.00937073 0.23689661
v 0.01194065 -0.01192965 0.23689661
v 0.00938172 -0.01402971 0.23689661
v 0.00646226 -0.01559020 0.23689661
v 0.00329446 -0.01655114 0.23689661
v 0.00000006 -0.01687561 0.23689661
v -0.00329434 -0.01655114 0.23689661
v -0.00646214 -0.01559020 0.23689661
v -0.00938160 -0.01402971 0.23689661
v -0.01194053 -0.01192965 0.23689661
v -0.01404058 -0.00937073 0.23689661
v -0.01560107 -0.00645127 0.23689661
v -0.01656201 -0.00328347 0.23689661
v -0.01688648 0.00001093 0.23689661
v -0.01656201 0.00330533 0.23689661
v -0.01560107 0.00647313 0.23689661
v -0.01404058 0.00939259 0.23689661
v -0.01194053 0.01195152 0.23689661
v -0.00938160 0.01405157 0.23689661
v -0.00646214 0.01561206 0.23689661
v -0.00329434 0.01657300 0.23689661
v 0.00646226 0.01561206 0.23538990
v 0.00329446 0.01657300 0.23538990
v -0.00938160 0.01405157 0.23538990
v -0.01194053 0.01195152 0.23538990
v 0.00000006 -0.01687561 0.23538990
v 0.00329446 -0.01655114 0.23538990
v 0.00938172 0.01405157 0.23538990
v -0.00646214 0.01561206 0.23538990
v -0.00329434 -0.01655114 0.23538990
v 0.01194065 0.01195152 0.23538990
v -0.00329434 0.01657300 0.23538990
v -0.00646214 -0.01559020 0.23538990
v 0.01404070 0.00939259 0.23538990
v 0.00000006 0.01689747 0.23538990
v -0.00938160 -0.01402971 0.23538990
v 0.01560119 0.00647313 0.23538990
v -0.01194053 -0.01192965 0.23538990
v 0.01656213 0.00330533 0.23538990
v -0.01404058 -0.00937073 0.23538990
v 0.01688660 0.00001093 0.23538990
v -0.01560107 -0.00645127 0.23538990
v 0.01656213 -0.00328347 0.23538990
v -0.01656201 -0.00328347 0.23538990
v 0.01560119 -0.00645127 0.23538990
v -0.01688648 0.00001093 0.23538990
v 0.01404070 -0.00937073 0.23538990
v -0.01656201 0.00330533 0.23538990
v 0.01194065 -0.01192965 0.23538990
v -0.01560107 0.00647313 0.23538990
v 0.00938172 -0.01402971 0.23538990
v -0.01404058 0.00939259 0.23538990
v 0.00646226 -0.01559020 0.23538990
v 0.00000006 0.00001093 0.23689661
v 0.00329446 0.01657300 0.22294956
v 0.00329446 0.01657300 0.22294956
v -0.01194053 0.01195152 0.22294956
v -0.01194053 0.01195152 0.22294956
v 0.00329446 -0.01655114 0.22294956
v 0.00329446 -0.01655114 0.22294956
v 0.00646226 0.01561206 0.22294956
v 0.00646226 0.01561206 0.22294956
v -0.00938160 0.01405157 0.22294956
v -0.00938160 0.01405157 0.22294956
v 0.00000006 -0.01687561 0.22294956
v 0.00000006 -0.01687561 0.22294956
v 0.00938172 0.01405157 0.22294956
v 0.00938172 0.01405157 0.22294956
v -0.00646214 0.01561206 0.22294956
v -0.00646214 0.01561206 0.22294956
v -0.00329434 -0.01655114 0.22294956
v -0.00329434 -0.01655114 0.22294956
v 0.01194065 0.01195152 0.22294956
v 0.01194065 0.01195152 0.22294956
v -0.00329434 0.01657300 0.22294956
v -0.00329434 0.01657300 0.22294956
v -0.00646214 -0.01559020 0.22294956
v -0.00646214 -0.01559020 0.22294956
v 0.01404070 0.00939259 0.22294956
v 0.01404070 0.00939259 0.22294956
v 0.00000006 0.01689747 0.22294956
v 0.00000006 0.01689747 0.22294956
v 0.00000006 0.01689747 0.22294956
v -0.00938160 -0.01402971 0.22294956
v -0.00938160 -0.01402971 0.22294956
v 0.01560119 0.00647313 0.22294956
v 0.01560119 0.00647313 0.22294956
v -0.01194053 -0.01192965 0.22294956
v -0.01194053 -0.01192965 0.22294956
v 0.01656213 0.00330533 0.22294956
v 0.01656213 0.00330533 0.22294956
v -0.01404058 -0.00937073 0.22294956
v -0.01404058 -0.00937073 0.22294956
v 0.01688660 0.00001093 0.22294956
v 0.01688660 0.00001093 0.22294956
v -0.01560107 -0.00645127 0.22294956
v -0.01560107 -0.00645127 0.22294956
v 0.01656213 -0.00328347 0.22294956
v 0.01656213 -0.00328347 0.22294956
v -0.01656201 -0.00328347 0.22294956
v -0.01656201 -0.00328347 0.22294956
v 0.01560119 -0.00645127 0.22294956
v 0.01560119 -0.00645127 0.22294956
v -0.01688648 0.00001093 0.22294956
v -0.01688648 0.00001093 0.22294956
v 0.01404070 -0.00937073 0.22294956
v 0.01404070 -0.00937073 0.22294956
v -0.01656201 0.00330533 0.22294956
v -0.01656201 0.00330533 0.22294956
v 0.01194065 -0.01192965 0.22294956
v 0.01194065 -0.01192965 0.22294956
v -0.01560107 0.00647313 0.22294956
v -0.01560107 0.00647313 0.22294956
v 0.00938172 -0.01402971 0.22294956
v 0.00938172 -0.01402971 0.22294956
v -0.01404058 0.00939259 0.22294956
v -0.01404058 0.00939259 0.22294956
v 0.00646226 -0.01559020 0.22294956
v 0.00646226 -0.01559020 0.22294956
v 0.00000006 0.01939518 0.22303834
v 0.00000006 0.01939518 0.22303834
v 0.00378174 0.01902271 0.22303834
v 0.00741809 0.01791964 0.22303834
v 0.01076937 0.01612834 0.22303834
v 0.01370679 0.01371766 0.22303834
v 0.01611747 0.01078024 0.22303834
v 0.01790877 0.00742896 0.22303834
v 0.01901184 0.00379261 0.22303834
v 0.01938431 0.00001093 0.22303834
v 0.01901184 -0.00377075 0.22303834
v 0.01790877 -0.00740710 0.22303834
v 0.01611747 -0.01075838 0.22303834
v 0.01370679 -0.01369580 0.22303834
v 0.01076937 -0.01610648 0.22303834
v 0.00741809 -0.01789778 0.22303834
v 0.00378174 -0.01900085 0.22303834
v 0.00000006 -0.01937331 0.22303834
v -0.00378162 -0.01900085 0.22303834
v -0.00741797 -0.01789778 0.22303834
v -0.01076925 -0.01610648 0.22303834
v -0.01370667 -0.01369580 0.22303834
v -0.01611735 -0.01075838 0.22303834
v -0.01790865 -0.00740710 0.22303834
v -0.01901172 -0.00377075 0.22303834
v -0.01938419 0.00001093 0.22303834
v -0.01901172 0.00379261 0.22303834
v -0.01790865 0.00742896 0.22303834
v -0.01611735 0.01078024 0.22303834
v -0.01370667 0.01371766 0.22303834
v -0.01076925 0.01612834 0.22303834
v -0.00741797 0.01791964 0.22303834
v -0.00378162 0.01902271 0.22303834
v 0.00000006 0.01715795 0.24000000
v 0.00000006 0.01715795 0.24000000
v 0.00000006 0.01715795 0.24000000
v 0.00000006 0.01775465 0.23977489
v 0.00000006 0.01775465 0.23977489
v 0.00000006 0.01747750 0.23993408
v 0.00000006 0.01747750 0.23993408
v 0.00000006 0.01939518 0.23796232
v 0.00000006 0.01939518 0.23796232
v 0.00000006 0.01939518 0.23796232
v 0.00000006 0.01939518 0.23796232
v 0.00000006 0.01914801 0.23850579
v 0.00000006 0.01914801 0.23850579
v 0.00000006 0.01932279 0.23825336
v 0.00000006 0.01932279 0.23825336
v 0.00334527 0.01682847 0.24000000
v 0.00334527 0.01682847 0.24000000
v 0.00346169 0.01741371 0.23977489
v 0.00340762 0.01714189 0.23993408
v 0.00373352 0.01878030 0.23850579
v 0.00378174 0.01902271 0.23796232
v 0.00378174 0.01902271 0.23796232
v 0.00376762 0.01895171 0.23825336
v 0.00656194 0.01585271 0.24000000
v 0.00656194 0.01585271 0.24000000
v 0.00679029 0.01640399 0.23977489
v 0.00668423 0.01614794 0.23993408
v 0.00732351 0.01769129 0.23850579
v 0.00741809 0.01791964 0.23796232
v 0.00741809 0.01791964 0.23796232
v 0.00739039 0.01785276 0.23825336
v 0.00952643 0.01426815 0.24000000
v 0.00952643 0.01426815 0.24000000
v 0.00985794 0.01476429 0.23977489
v 0.00970397 0.01453385 0.23993408
v 0.01063205 0.01592283 0.23850579
v 0.01076937 0.01612834 0.23796232
v 0.01076937 0.01612834 0.23796232
v 0.01072915 0.01606815 0.23825336
v 0.01212483 0.01213570 0.24000000
v 0.01212483 0.01213570 0.24000000
v 0.01254676 0.01255763 0.23977489
v 0.01235079 0.01236166 0.23993408
v 0.01353202 0.01354289 0.23850579
v 0.01370679 0.01371766 0.23796232
v 0.01370679 0.01371766 0.23796232
v 0.01365560 0.01366647 0.23825336
v 0.01425728 0.00953730 0.24000000
v 0.01425728 0.00953730 0.24000000
v 0.01475342 0.00986881 0.23977489
v 0.01452298 0.00971484 0.23993408
v 0.01591196 0.01064293 0.23850579
v 0.01611747 0.01078024 0.23796232
v 0.01611747 0.01078024 0.23796232
v 0.01605728 0.01074002 0.23825336
v 0.01584184 0.00657281 0.24000000
v 0.01584184 0.00657281 0.24000000
v 0.01639312 0.00680116 0.23977489
v 0.01613707 0.00669510 0.23993408
v 0.01768042 0.00733438 0.23850579
v 0.01790877 0.00742896 0.23796232
v 0.01790877 0.00742896 0.23796232
v 0.01784189 0.00740126 0.23825336
v 0.01681760 0.00335614 0.24000000
v 0.01681760 0.00335614 0.24000000
v 0.01740284 0.00347256 0.23977489
v 0.01713101 0.00341849 0.23993408
v 0.01876943 0.00374439 0.23850579
v 0.01901184 0.00379261 0.23796232
v 0.01901184 0.00379261 0.23796232
v 0.01894084 0.00377849 0.23825336
v 0.01714707 0.00001093 0.24000000
v 0.01714707 0.00001093 0.24000000
v 0.01774378 0.00001093 0.23977489
v 0.01746663 0.00001093 0.23993408
v 0.01913714 0.00001093 0.23850579
v 0.01938431 0.00001093 0.23796232
v 0.01938431 0.00001093 0.23796232
v 0.01931191 0.00001093 0.23825336
v 0.01681760 -0.00333428 0.24000000
v 0.01681760 -0.00333428 0.24000000
v 0.01740284 -0.00345070 0.23977489
v 0.01713101 -0.00339663 0.23993408
v 0.01876943 -0.00372253 0.23850579
v 0.01901184 -0.00377075 0.23796232
v 0.01901184 -0.00377075 0.23796232
v 0.01894084 -0.00375662 0.23825336
v 0.01584184 -0.00655095 0.24000000
v 0.01584184 -0.00655095 0.24000000
v 0.01639312 -0.00677930 0.23977489
v 0.01613707 -0.00667324 0.23993408
v 0.01768042 -0.00731251 0.23850579
v 0.01790877 -0.00740710 0.23796232
v 0.01790877 -0.00740710 0.23796232
v 0.01784189 -0.00737940 0.23825336
v 0.01425728 -0.00951544 0.24000000
v 0.01425728 -0.00951544 0.24000000
v 0.01475342 -0.00984695 0.23977489
v 0.01452298 -0.00969298 0.23993408
v 0.01591196 -0.01062106 0.23850579
v 0.01611747 -0.01075838 0.23796232
v 0.01611747 -0.01075838 0.23796232
v 0.01605728 -0.01071816 0.23825336
v 0.01212483 -0.01211384 0.24000000
v 0.01212483 -0.01211384 0.24000000
v 0.01254676 -0.01253577 0.23977489
v 0.01235079 -0.01233980 0.23993408
v 0.01353202 -0.01352103 0.23850579
v 0.01370679 -0.01369580 0.23796232
v 0.01370679 -0.01369580 0.23796232
v 0.01365560 -0.01364461 0.23825336
v 0.00952643 -0.01424629 0.24000000
v 0.00952643 -0.01424629 0.24000000
v 0.00985794 -0.01474243 0.23977489
v 0.00970397 -0.01451199 0.23993408
v 0.01063205 -0.01590097 0.23850579
v 0.01076937 -0.01610648 0.23796232
v 0.01076937 -0.01610648 0.23796232
v 0.01072915 -0.01604629 0.23825336
v 0.00656194 -0.01583084 0.24000000
v 0.00656194 -0.01583084 0.24000000
v 0.00679029 -0.01638212 0.23977489
v 0.00668423 -0.01612607 0.23993408
v 0.00732351 -0.01766943 0.23850579
v 0.00741809 -0.01789778 0.23796232
v 0.00741809 -0.01789778 0.23796232
v 0.00739039 -0.01783090 0.23825336
v 0.00334527 -0.01680661 0.24000000
v 0.00334527 -0.01680661 0.24000000
v 0.00346169 -0.01739185 0.23977489
v 0.00340762 -0.01712002 0.23993408
v 0.00373352 -0.01875844 0.23850579
v 0.00378174 -0.01900085 0.23796232
v 0.00378174 -0.01900085 0.23796232
v 0.00376762 -0.01892985 0.23825336
v 0.00000006 -0.01713608 0.24000000
v 0.00000006 -0.01713608 0.24000000
v 0.00000006 -0.01773279 0.23977489
v 0.00000006 -0.01745564 0.23993408
v 0.00000006 -0.01912615 0.23850579
v 0.00000006 -0.01937331 0.23796232
v 0.00000006 -0.01937331 0.23796232
v 0.00000006 -0.01930092 0.23825336
v -0.00334515 -0.01680661 0.24000000
v -0.00334515 -0.01680661 0.24000000
v -0.00346157 -0.01739185 0.23977489
v -0.00340750 -0.01712002 0.23993408
v -0.00373340 -0.01875844 0.23850579
v -0.00378162 -0.01900085 0.23796232
v -0.00378162 -0.01900085 0.23796232
v -0.00376750 -0.01892985 0.23825336
v -0.00656182 -0.01583084 0.24000000
v -0.00656182 -0.01583084 0.24000000
v -0.00679017 -0.01638212 0.23977489
v -0.00668411 -0.01612607 0.23993408
v -0.00732339 -0.01766943 0.23850579
v -0.00741797 -0.01789778 0.23796232
v -0.00741797 -0.01789778 0.23796232
v -0.00739027 -0.01783090 0.23825336
v -0.00952631 -0.01424629 0.24000000
v -0.00952631 -0.01424629 0.24000000
v -0.00985782 -0.01474243 0.23977489
v -0.00970385 -0.01451199 0.23993408
v -0.01063193 -0.01590097 0.23850579
v -0.01076925 -0.01610648 0.23796232
v -0.01076925 -0.01610648 0.23796232
v -0.01072903 -0.01604629 0.23825336
v -0.01212471 -0.01211384 0.24000000
v -0.01212471 -0.01211384 0.24000000
v -0.01254664 -0.01253577 0.23977489
v -0.01235067 -0.01233980 0.23993408
v -0.01353190 -0.01352103 0.23850579
v -0.01370667 -0.01369580 0.23796232
v -0.01370667 -0.01369580 0.23796232
v -0.01365548 -0.01364461 0.23825336
v -0.01425716 -0.00951544 0.24000000
v -0.01425716 -0.00951544 0.24000000
v -0.01475330 -0.00984695 0.23977489
v -0.01452286 -0.00969298 0.23993408
v -0.01591184 -0.01062106 0.23850579
v -0.01611735 -0.01075838 0.23796232
v -0.01611735 -0.01075838 0.23796232
v -0.01605716 -0.01071816 0.23825336
v -0.01584172 -0.00655095 0.24000000
v -0.01584172 -0.00655095 0.24000000
v -0.01639300 -0.00677930 0.23977489
v -0.01613695 -0.00667324 0.23993408
v -0.01768030 -0.00731251 0.23850579
v -0.01790865 -0.00740710 0.23796232
v -0.01790865 -0.00740710 0.23796232
v -0.01784177 -0.00737940 0.23825336
v -0.01681748 -0.00333428 0.24000000
v -0.01681748 -0.00333428 0.24000000
v -0.01740272 -0.00345070 0.23977489
v -0.01713089 -0.00339663 0.23993408
v -0.01876931 -0.00372253 0.23850579
v -0.01901172 -0.00377075 0.23796232
v -0.01901172 -0.00377075 0.23796232
v -0.01894072 -0.00375662 0.23825336
v -0.01714696 0.00001093 0.24000000
v -0.01714696 0.00001093 0.24000000
v -0.01774366 0.00001093 0.23977489
v -0.01746651 0.00001093 0.23993408
v -0.01913702 0.00001093 0.23850579
v -0.01938419 0.00001093 0.23796232
v -0.01938419 0.00001093 0.23796232
v -0.01931180 0.00001093 0.23825336
v -0.01681748 0.00335614 0.24000000
v -0.01681748 0.00335614 0.24000000
v -0.01740272 0.00347256 0.23977489
v -0.01713089 0.00341849 0.23993408
v -0.01876931 0.00374439 0.23850579
v -0.01901172 0.00379261 0.23796232
v -0.01901172 0.00379261 0.23796232
v -0.01894072 0.00377849 0.23825336
v -0.01584172 0.00657281 0.24000000
v -0.01584172 0.00657281 0.24000000
v -0.01639300 0.00680116 0.23977489
v -0.01613695 0.00669510 0.23993408
v -0.01768030 0.00733438 0.23850579
v -0.01790865 0.00742896 0.23796232
v -0.01790865 0.00742896 0.23796232
v -0.01784177 0.00740126 0.23825336
v -0.01425716 0.00953730 0.24000000
v -0.01425716 0.00953730 0.24000000
v -0.01475330 0.00986881 0.23977489
v -0.01452286 0.00971484 0.23993408
v -0.01591184 0.01064293 0.23850579
v -0.01611735 0.01078024 0.23796232
v -0.01611735 0.01078024 0.23796232
v -0.01605716 0.01074002 0.23825336
v -0.01212471 0.01213570 0.24000000
v -0.01212471 0.01213570 0.24000000
v -0.01254664 0.01255763 0.23977489
v -0.01235067 0.01236166 0.23993408
v -0.01353190 0.01354289 0.23850579
v -0.01370667 0.01371766 0.23796232
v -0.01370667 0.01371766 0.23796232
v -0.01365548 0.01366647 0.23825336
v -0.00952631 0.01426815 0.24000000
v -0.00952631 0.01426815 0.24000000
v -0.00985782 0.01476429 0.23977489
v -0.00970385 0.01453385 0.23993408
v -0.01063193 0.01592283 0.23850579
v -0.01076925 0.01612834 0.23796232
v -0.01076925 0.01612834 0.23796232
v -0.01072903 0.01606815 0.23825336
v -0.00656182 0.01585271 0.24000000
v -0.00656182 0.01585271 0.24000000
v -0.00679017 0.01640399 0.23977489
v -0.00668411 0.01614794 0.23993408
v -0.00732339 0.01769129 0.23850579
v -0.00741797 0.01791964 0.23796232
v -0.00741797 0.01791964 0.23796232
v -0.00739027 0.01785276 0.23825336
v -0.00334515 0.01682847 0.24000000
v -0.00334515 0.01682847 0.24000000
v -0.00346157 0.01741371 0.23977489
v -0.00340750 0.01714189 0.23993408
v -0.00373340 0.01878030 0.23850579
v -0.00378162 0.01902271 0.23796232
v -0.00378162 0.01902271 0.23796232
v -0.00376750 0.01895171 0.23825336
v 0.00000006 0.00001093 0.24000000
v -0.00337115 0.01695916 0.22237759
v 0.00000006 0.01729120 0.22237759
v -0.00661281 0.01597582 0.22237759
v -0.00960034 0.01437895 0.22237759
v -0.01221894 0.01222993 0.22237759
v -0.01436796 0.00961133 0.22237759
v -0.01596483 0.00662380 0.22237759
v -0.01694817 0.00338214 0.22237759
v -0.01728021 0.00001093 0.22237759
v -0.01694817 -0.00336028 0.22237759
v -0.01596483 -0.00660194 0.22237759
v -0.01436796 -0.00958947 0.22237759
v -0.01221894 -0.01220806 0.22237759
v -0.00960034 -0.01435709 0.22237759
v -0.00661281 -0.01595396 0.22237759
v -0.00337115 -0.01693730 0.22237759
v 0.00000006 -0.01726934 0.22237759
v 0.00337127 -0.01693730 0.22237759
v 0.00661293 -0.01595396 0.22237759
v 0.00960046 -0.01435709 0.22237759
v 0.01221906 -0.01220806 0.22237759
v 0.01436808 -0.00958947 0.22237759
v 0.01596495 -0.00660194 0.22237759
v 0.01694829 -0.00336028 0.22237759
v 0.01728033 0.00001093 0.22237759
v 0.01694829 0.00338214 0.22237759
v 0.01596495 0.00662380 0.22237759
v 0.01436808 0.00961133 0.22237759
v 0.01221906 0.01222993 0.22237759
v 0.00960046 0.01437895 0.22237759
v 0.00661293 0.01597582 0.22237759
v 0.00337127 0.01695916 0.22237759
v -0.00369152 0.01856975 0.22237759
v -0.00724123 0.01749296 0.22237759
v -0.01051267 0.01574434 0.22237759
v -0.01338011 0.01339110 0.22237759
v -0.01573335 0.01052366 0.22237759
v -0.01748197 0.00725223 0.22237759
v -0.01855876 0.00370251 0.22237759
v -0.01892235 0.00001093 0.22237759
v -0.01855876 -0.00368065 0.22237759
v -0.01748197 -0.00723036 0.22237759
v -0.01573335 -0.01050180 0.22237759
v -0.01338011 -0.01336923 0.22237759
v -0.01051267 -0.01572248 0.22237759
v -0.00724123 -0.01747110 0.22237759
v -0.00369152 -0.01854789 0.22237759
v 0.00000006 -0.01891148 0.22237759
v 0.00369164 -0.01854789 0.22237759
v 0.00724135 -0.01747110 0.22237759
v 0.01051279 -0.01572248 0.22237759
v 0.01338023 -0.01336923 0.22237759
v 0.01573347 -0.01050180 0.22237759
v 0.01748209 -0.00723036 0.22237759
v 0.01855888 -0.00368065 0.22237759
v 0.01892247 0.00001093 0.22237759
v 0.01855888 0.00370251 0.22237759
v 0.01748209 0.00725223 0.22237759
v 0.01573347 0.01052366 0.22237759
v 0.01338023 0.01339110 0.22237759
v 0.01051279 0.01574434 0.22237759
v 0.00724135 0.01749296 0.22237759
v 0.00000006 0.01893334 0.22237759
v 0.00369164 0.01856975 0.22237759
v 0.00544082 -0.01312423 0.22294956
v -0.01182128 0.00790969 0.22294956
v 0.00789882 -0.01181040 0.22294956
v -0.01313511 0.00545169 0.22294956
v 0.01005327 -0.01004228 0.22294956
v -0.01394416 0.00278461 0.22294956
v 0.01182139 -0.00788783 0.22294956
v -0.01421734 0.00001093 0.22294956
v 0.01313521 -0.00542983 0.22294956
v -0.01394416 -0.00276275 0.22294956
v 0.01394427 -0.00276275 0.22294956
v -0.01313511 -0.00542983 0.22294956
v 0.01421745 0.00001093 0.22294956
v -0.01182128 -0.00788783 0.22294956
v 0.01394427 0.00278461 0.22294956
v -0.01005316 -0.01004228 0.22294956
v 0.01313521 0.00545169 0.22294956
v -0.00789871 -0.01181040 0.22294956
v 0.00000005 0.01422833 0.22294956
v 0.01182139 0.00790969 0.22294956
v -0.00544071 -0.01312423 0.22294956
v -0.00277362 0.01395514 0.22294956
v 0.01005327 0.01006415 0.22294956
v -0.00277362 -0.01393328 0.22294956
v -0.00544071 0.01314609 0.22294956
v 0.00789882 0.01183226 0.22294956
v 0.00000005 -0.01420646 0.22294956
v -0.00789871 0.01183226 0.22294956
v 0.00544082 0.01314609 0.22294956
v 0.00277373 -0.01393328 0.22294956
v -0.01005316 0.01006415 0.22294956
v 0.00277373 0.01395514 0.22294956
v -0.01395115 -0.00931097 0.22294956
v -0.01186447 0.01187546 0.22294956
v 0.01645663 0.00328435 0.22294956
v -0.01395115 0.00933283 0.22294956
v 0.00642110 0.01551268 0.22294956
v 0.00327348 0.01646750 0.22294956
v -0.01186447 -0.01185360 0.22294956
v 0.00932196 -0.01394028 0.22294956
v 0.01550181 0.00643197 0.22294956
v -0.01550169 0.00643197 0.22294956
v -0.00932184 -0.01394028 0.22294956
v 0.01186459 -0.01185360 0.22294956
v 0.00000006 0.01678991 0.22294956
v -0.01645651 0.00328435 0.22294956
v 0.01395127 0.00933283 0.22294956
v 0.01395127 -0.00931097 0.22294956
v -0.00642098 -0.01549082 0.22294956
v -0.01677892 0.00001093 0.22294956
v -0.00327336 0.01646750 0.22294956
v 0.01550181 -0.00641011 0.22294956
v 0.01186459 0.01187546 0.22294956
v 0.00932196 0.01396214 0.22294956
v -0.01645651 -0.00326248 0.22294956
v -0.01550169 -0.00641011 0.22294956
v -0.00327336 -0.01644564 0.22294956
v 0.00000006 -0.01676804 0.22294956
v 0.01645663 -0.00326248 0.22294956
v 0.01677904 0.00001093 0.22294956
v 0.00327348 -0.01644564 0.22294956
v 0.00642110 -0.01549082 0.22294956
v -0.00642098 0.01551268 0.22294956
v -0.00932184 0.01396214 0.22294956
vt 0.38325050 0.26093298
vt 0.38339728 0.25270343
vt 0.38323873 0.25666088
vt 0.38391411 0.21625710
vt 0.38399595 0.20805955
vt 0.38389182 0.21209633
vt 0.38433212 0.17168808
vt 0.38437456 0.16362882
vt 0.38431349 0.16776192
vt 0.38460833 0.12721407
vt 0.38470635 0.11923069
vt 0.38469490 0.12342882
vt 0.38494664 0.08268523
vt 0.38504872 0.07469952
vt 0.38504824 0.07896519
vt 0.38534975 0.03783590
vt 0.38546807 0.02978277
vt 0.38547376 0.03415191
vt 0.35934353 0.26091266
vt 0.35950702 0.25230467
vt 0.35930908 0.25629413
vt 0.36014122 0.21626294
vt 0.36020344 0.20787835
vt 0.36007535 0.21204871
vt 0.36059833 0.17171562
vt 0.36058986 0.16355532
vt 0.36052108 0.16791606
vt 0.36077136 0.12720835
vt 0.36090297 0.11920202
vt 0.36091387 0.12371486
vt 0.36101666 0.08261019
vt 0.36114067 0.07467139
vt 0.36116543 0.07933247
vt 0.36119103 0.03768176
vt 0.36130294 0.02975678
vt 0.36134887 0.03459609
vt 0.33550096 0.26076484
vt 0.33565432 0.25182498
vt 0.33542770 0.25588751
vt 0.33631620 0.21623540
vt 0.33634499 0.20765287
vt 0.33619857 0.21195561
vt 0.33673757 0.17174160
vt 0.33667499 0.16348469
vt 0.33659977 0.16804171
vt 0.33676910 0.12722909
vt 0.33692342 0.11922652
vt 0.33696145 0.12400818
vt 0.33689469 0.08260310
vt 0.33703440 0.07476556
vt 0.33708984 0.07977355
vt 0.33683538 0.03766686
vt 0.33694836 0.02993584
vt 0.33703297 0.03520536
vt 0.31178692 0.26057470
vt 0.31191176 0.25132489
vt 0.31167436 0.25546944
vt 0.31252915 0.21621597
vt 0.31249976 0.20742077
vt 0.31235653 0.21184468
vt 0.31284112 0.17180598
vt 0.31270021 0.16343057
vt 0.31264067 0.16815406
vt 0.31269130 0.12730956
vt 0.31283319 0.11929321
vt 0.31291997 0.12429655
vt 0.31267682 0.08268178
vt 0.31280398 0.07495630
vt 0.31291515 0.08024013
vt 0.31238407 0.03777230
vt 0.31247190 0.03028935
vt 0.31263864 0.03584999
vt 0.28828901 0.26029086
vt 0.28828940 0.25093532
vt 0.28805652 0.25482476
vt 0.28886384 0.21612585
vt 0.28866321 0.20730519
vt 0.28858057 0.21166646
vt 0.28901744 0.17181367
vt 0.28864777 0.16349983
vt 0.28871536 0.16835487
vt 0.28866661 0.12733757
vt 0.28860250 0.11949611
vt 0.28899729 0.12481284
vt 0.28851706 0.08271062
vt 0.28840810 0.07534921
vt 0.28880095 0.08011067
vt 0.28805375 0.03796858
vt 0.28787148 0.03110880
vt 0.28831065 0.03552276
vt 0.27712253 0.40586257
vt 0.27669546 0.39693534
vt 0.27651811 0.39995980
vt 0.27667910 0.35867232
vt 0.27663794 0.35211563
vt 0.27635860 0.35462111
vt 0.27713400 0.31428087
vt 0.27710688 0.30690217
vt 0.27678275 0.30854547
vt 0.27696875 0.26945651
vt 0.27687711 0.26200145
vt 0.27656597 0.26406622
vt 0.27681395 0.22496104
vt 0.27677065 0.21737480
vt 0.27645195 0.21989810
vt 0.27708080 0.18078685
vt 0.27679801 0.17288935
vt 0.27696586 0.17597228
vt 0.27681547 0.13688225
vt 0.27659029 0.12905288
vt 0.27671850 0.13257962
vt 0.27690974 0.09348202
vt 0.27678189 0.08512259
vt 0.27693862 0.08934379
vt 0.27699757 0.04981017
vt 0.27719593 0.03902555
vt 0.27706176 0.04604238
vt 0.25216931 0.40647942
vt 0.25221837 0.39670968
vt 0.25197726 0.39877522
vt 0.25214964 0.35893822
vt 0.25234097 0.35153967
vt 0.25210887 0.35366011
vt 0.25270665 0.31420434
vt 0.25289196 0.30676603
vt 0.25270224 0.30909461
vt 0.25264281 0.26971138
vt 0.25274360 0.26195633
vt 0.25258711 0.26469153
vt 0.25261202 0.22512120
vt 0.25273055 0.21723950
vt 0.25256604 0.22028363
vt 0.25293106 0.18069971
vt 0.25281614 0.17304575
vt 0.25295278 0.17624164
vt 0.25283515 0.13693404
vt 0.25275373 0.12908357
vt 0.25288033 0.13267016
vt 0.25306410 0.09331989
vt 0.25305218 0.08518505
vt 0.25316417 0.08921242
vt 0.25334501 0.04962122
vt 0.25345162 0.03878510
vt 0.25350752 0.04542691
vt 0.22756857 0.40642667
vt 0.22770619 0.39643824
vt 0.22751039 0.39898509
vt 0.22785392 0.35888577
vt 0.22805244 0.35119218
vt 0.22786930 0.35379803
vt 0.22840485 0.31393266
vt 0.22859836 0.30678278
vt 0.22840887 0.30930650
vt 0.22847074 0.26984000
vt 0.22858730 0.26198220
vt 0.22844556 0.26500010
vt 0.22850311 0.22517395
vt 0.22862375 0.21722817
vt 0.22848302 0.22046924
vt 0.22876376 0.18065017
vt 0.22868955 0.17316633
vt 0.22880435 0.17637074
vt 0.22876060 0.13687724
vt 0.22872677 0.12916565
vt 0.22882611 0.13271844
vt 0.22910005 0.09311062
vt 0.22913465 0.08521116
vt 0.22922474 0.08909839
vt 0.22955531 0.04932743
vt 0.22967514 0.03861529
vt 0.22971156 0.04515731
vt 0.20315996 0.40612650
vt 0.20333892 0.39602053
vt 0.20316973 0.39904988
vt 0.20364678 0.35874248
vt 0.20381069 0.35084945
vt 0.20365584 0.35394728
vt 0.20412135 0.31375861
vt 0.20428613 0.30666685
vt 0.20414177 0.30949628
vt 0.20441997 0.26987368
vt 0.20452741 0.26196837
vt 0.20441881 0.26528114
vt 0.20446056 0.22523057
vt 0.20455006 0.21723378
vt 0.20444348 0.22069871
vt 0.20458853 0.18063021
vt 0.20460105 0.17330891
vt 0.20466992 0.17655277
vt 0.20460987 0.13682997
vt 0.20460171 0.12919438
vt 0.20468238 0.13275880
vt 0.20508918 0.09283161
vt 0.20515984 0.08519673
vt 0.20520508 0.08894074
vt 0.20568603 0.04899406
vt 0.20582324 0.03841865
vt 0.20582926 0.04484445
vt 0.17901766 0.40556997
vt 0.17922089 0.39554203
vt 0.17907047 0.39901632
vt 0.17959222 0.35856730
vt 0.17971063 0.35051119
vt 0.17959234 0.35412610
vt 0.17997038 0.31360984
vt 0.18010265 0.30646926
vt 0.17997798 0.30967140
vt 0.18051827 0.26975274
vt 0.18061361 0.26197159
vt 0.18052888 0.26551604
vt 0.18052828 0.22531557
vt 0.18057886 0.21725613
vt 0.18051490 0.22097337
vt 0.18057364 0.18064803
vt 0.18060422 0.17347407
vt 0.18063265 0.17678833
vt 0.18060678 0.13696384
vt 0.18061921 0.12903452
vt 0.18065101 0.13281572
vt 0.18106899 0.09252793
vt 0.18116283 0.08511996
vt 0.18116623 0.08875036
vt 0.18181631 0.04863185
vt 0.18195489 0.03821194
vt 0.18195274 0.04451084
vt 0.15499243 0.40461761
vt 0.15518790 0.39518583
vt 0.15503630 0.39883298
vt 0.15572149 0.35833567
vt 0.15580428 0.35025227
vt 0.15572527 0.35425586
vt 0.15594107 0.31348407
vt 0.15603203 0.30616975
vt 0.15594563 0.30977690
vt 0.15660766 0.26938617
vt 0.15668809 0.26209456
vt 0.15661550 0.26567662
vt 0.15672797 0.22537470
vt 0.15674186 0.21734959
vt 0.15672645 0.22127599
vt 0.15662929 0.18067783
vt 0.15668410 0.17362750
vt 0.15664425 0.17705488
vt 0.15685165 0.13699067
vt 0.15688574 0.12900895
vt 0.15688729 0.13292837
vt 0.15705839 0.09230137
vt 0.15715757 0.08499193
vt 0.15714231 0.08861160
vt 0.15798417 0.04818010
vt 0.15810952 0.03814077
vt 0.15810755 0.04423505
vt 0.13099670 0.40415597
vt 0.13119906 0.39472312
vt 0.13102633 0.39825845
vt 0.13194531 0.35818881
vt 0.13203785 0.35023570
vt 0.13192132 0.35408366
vt 0.13210249 0.31377065
vt 0.13216916 0.30582774
vt 0.13207179 0.30971277
vt 0.13263348 0.26933885
vt 0.13270357 0.26199841
vt 0.13262874 0.26566160
vt 0.13296631 0.22541106
vt 0.13295099 0.21749300
vt 0.13293344 0.22154343
vt 0.13268116 0.18081498
vt 0.13272887 0.17351890
vt 0.13266888 0.17734456
vt 0.13309816 0.13682973
vt 0.13317814 0.12902349
vt 0.13317314 0.13314879
vt 0.13311654 0.09230304
vt 0.13323134 0.08450997
vt 0.13319722 0.08866811
vt 0.13394952 0.04755551
vt 0.13407734 0.03808379
vt 0.13407344 0.04415679
vt 0.10713637 0.40383071
vt 0.10731661 0.39413893
vt 0.10712096 0.39766121
vt 0.10806516 0.35799503
vt 0.10816059 0.35016733
vt 0.10799915 0.35382241
vt 0.10835731 0.31398237
vt 0.10840231 0.30564964
vt 0.10829210 0.30964136
vt 0.10867089 0.26939535
vt 0.10871115 0.26182663
vt 0.10862088 0.26560891
vt 0.10900208 0.22536719
vt 0.10897127 0.21778083
vt 0.10892442 0.22174740
vt 0.10873914 0.18116009
vt 0.10870144 0.17330217
vt 0.10867724 0.17757499
vt 0.10907629 0.13657355
vt 0.10918990 0.12921214
vt 0.10917628 0.13333714
vt 0.10914701 0.09226167
vt 0.10927132 0.08427131
vt 0.10924751 0.08882451
vt 0.10963938 0.04720736
vt 0.10977766 0.03782713
vt 0.10978299 0.04421133
vt 0.08341289 0.40359908
vt 0.08355111 0.39360708
vt 0.08334875 0.39715612
vt 0.08413592 0.35796374
vt 0.08422178 0.34987438
vt 0.08405489 0.35353243
vt 0.08454779 0.31409937
vt 0.08457604 0.30555630
vt 0.08446226 0.30956495
vt 0.08469388 0.26953095
vt 0.08469334 0.26169646
vt 0.08459637 0.26560378
vt 0.08487633 0.22549081
vt 0.08482990 0.21785414
vt 0.08478287 0.22189963
vt 0.08478421 0.18133527
vt 0.08469990 0.17327201
vt 0.08467698 0.17777586
vt 0.08478561 0.13654959
vt 0.08491549 0.12923014
vt 0.08491650 0.13352382
vt 0.08495951 0.09215927
vt 0.08510008 0.08420241
vt 0.08509696 0.08901417
vt 0.08520550 0.04702413
vt 0.08535489 0.03758413
vt 0.08536226 0.04434597
vt 0.05981752 0.40346515
vt 0.05991003 0.39316475
vt 0.05970085 0.39675665
vt 0.06033868 0.35796922
vt 0.06040248 0.34958476
vt 0.06024617 0.35326719
vt 0.06074393 0.31418025
vt 0.06074727 0.30549520
vt 0.06062695 0.30950308
vt 0.06071600 0.26972550
vt 0.06067279 0.26162976
vt 0.06059754 0.26564890
vt 0.06078821 0.22565156
vt 0.06071535 0.21786392
vt 0.06065753 0.22202718
vt 0.06071854 0.18147218
vt 0.06058669 0.17336690
vt 0.06058112 0.17799193
vt 0.06041309 0.13663316
vt 0.06055051 0.12920344
vt 0.06057855 0.13372254
vt 0.06061491 0.09207928
vt 0.06076378 0.08420718
vt 0.06077248 0.08921576
vt 0.06066209 0.04698282
vt 0.06080255 0.03742206
vt 0.06083310 0.04454911
vt 0.03633133 0.40340167
vt 0.03639245 0.39285016
vt 0.03620034 0.39647031
vt 0.03675362 0.35801333
vt 0.03678903 0.34933072
vt 0.03663415 0.35305166
vt 0.03703764 0.31426984
vt 0.03700495 0.30549127
vt 0.03689390 0.30948639
vt 0.03686452 0.27000761
vt 0.03676829 0.26159388
vt 0.03670675 0.26574904
vt 0.03676805 0.22583312
vt 0.03664622 0.21789336
vt 0.03661728 0.22215748
vt 0.03661603 0.18164057
vt 0.03642589 0.17354834
vt 0.03644308 0.17823648
vt 0.03612825 0.13685346
vt 0.03623843 0.12912512
vt 0.03629220 0.13394880
vt 0.03624165 0.09204102
vt 0.03635877 0.08429801
vt 0.03641301 0.08943212
vt 0.03604916 0.04709411
vt 0.03611776 0.03740150
vt 0.03623959 0.04483366
vt 0.01290908 0.40339398
vt 0.01305115 0.39260209
vt 0.01281953 0.39569300
vt 0.01335207 0.35792291
vt 0.01332510 0.34925520
vt 0.01320097 0.35262108
vt 0.01344535 0.31429154
vt 0.01333734 0.30563426
vt 0.01331607 0.30932969
vt 0.01314402 0.27017748
vt 0.01293212 0.26177526
vt 0.01298639 0.26582754
vt 0.01284999 0.22598982
vt 0.01258647 0.21803284
vt 0.01269776 0.22233391
vt 0.01257053 0.18174034
vt 0.01220769 0.17386138
vt 0.01243383 0.17862487
vt 0.01195866 0.13694274
vt 0.01189026 0.12927139
vt 0.01224634 0.13440454
vt 0.01192701 0.09191018
vt 0.01183340 0.08462417
vt 0.01221693 0.08963954
vt 0.01154512 0.04720443
vt 0.01119426 0.03773999
vt 0.01177105 0.04461479
vt 0.50451577 0.25980985
vt 0.50431091 0.25277746
vt 0.50404286 0.25519764
vt 0.50402766 0.21556842
vt 0.50392282 0.20807588
vt 0.50363052 0.21088028
vt 0.50387776 0.17140663
vt 0.50381511 0.16352040
vt 0.50347823 0.16613340
vt 0.50389320 0.12741101
vt 0.50352800 0.11913025
vt 0.50382477 0.12252980
vt 0.50399351 0.08363318
vt 0.50380063 0.07492208
vt 0.50407249 0.07919180
vt 0.50455958 0.04004002
vt 0.50457871 0.03087258
vt 0.50478923 0.03602076
vt 0.47996494 0.26059830
vt 0.48001459 0.25291717
vt 0.47978380 0.25522625
vt 0.47966480 0.21592659
vt 0.47978070 0.20810127
vt 0.47954831 0.21078944
vt 0.47966853 0.17158657
vt 0.47980562 0.16355312
vt 0.47958061 0.16666019
vt 0.47984871 0.12744939
vt 0.47972509 0.11914051
vt 0.47991061 0.12274152
vt 0.48015368 0.08345938
vt 0.48014390 0.07481575
vt 0.48029816 0.07900214
vt 0.48090625 0.03954494
vt 0.48106313 0.03053415
vt 0.48114938 0.03532159
vt 0.45554700 0.26092297
vt 0.45562536 0.25302297
vt 0.45544899 0.25593174
vt 0.45548949 0.21610022
vt 0.45560619 0.20817137
vt 0.45542729 0.21128786
vt 0.45561686 0.17164463
vt 0.45575890 0.16362774
vt 0.45557946 0.16697425
vt 0.45589441 0.12738216
vt 0.45585129 0.11919677
vt 0.45596847 0.12286222
vt 0.45630524 0.08319569
vt 0.45635208 0.07477587
vt 0.45644712 0.07886553
vt 0.45711643 0.03897429
vt 0.45729321 0.03028989
vt 0.45733985 0.03482258
vt 0.43126243 0.26106501
vt 0.43134785 0.25298542
vt 0.43121448 0.25654018
vt 0.43146044 0.21617627
vt 0.43155581 0.20815164
vt 0.43143004 0.21174097
vt 0.43169934 0.17166531
vt 0.43181390 0.16364217
vt 0.43169239 0.16728687
vt 0.43202269 0.12731290
vt 0.43203393 0.11921334
vt 0.43208915 0.12300241
vt 0.43246099 0.08296657
vt 0.43253624 0.07472831
vt 0.43257940 0.07876837
vt 0.43322122 0.03847027
vt 0.43339324 0.03005517
vt 0.43340558 0.03436947
vt 0.40946034 0.02990949
vt 0.40931550 0.03807664
vt 0.40945160 0.03407001
vt 0.40879309 0.07474679
vt 0.40870512 0.08278048
vt 0.40879583 0.07877064
vt 0.40835875 0.11925918
vt 0.40829927 0.12722492
vt 0.40835708 0.12318349
vt 0.40804887 0.16365683
vt 0.40797004 0.17161077
vt 0.40798154 0.16757011
vt 0.40771082 0.20808965
vt 0.40763521 0.21610594
vt 0.40762836 0.21206748
vt 0.40728888 0.25286394
vt 0.40718710 0.26096523
vt 0.40717664 0.25689214
vt 0.27704489 0.37803620
vt 0.25224602 0.37797225
vt 0.22780618 0.37779164
vt 0.20353046 0.37749028
vt 0.17944109 0.37714708
vt 0.15548041 0.37677604
vt 0.13158816 0.37642813
vt 0.10771838 0.37593842
vt 0.08389646 0.37552780
vt 0.06018928 0.37521648
vt 0.03661811 0.37498093
vt 0.01306248 0.37474805
vt 0.38282976 0.27920061
vt 0.35885477 0.27850693
vt 0.40697715 0.27960432
vt 0.33502701 0.27779287
vt 0.31130940 0.27709955
vt 0.27722558 0.33347642
vt 0.25256538 0.33308363
vt 0.22822717 0.33271664
vt 0.20398864 0.33239257
vt 0.17988038 0.33210289
vt 0.15591854 0.33187753
vt 0.13208365 0.33189654
vt 0.10826197 0.33185011
vt 0.08441731 0.33167291
vt 0.06062645 0.33145201
vt 0.03693801 0.33124828
vt 0.01321745 0.33112413
vt 0.48042706 0.27977753
vt 0.45575497 0.27993375
vt 0.43129152 0.27988774
vt 0.38366839 0.23427618
vt 0.35983619 0.23389614
vt 0.40750572 0.23449481
vt 0.33600691 0.23347139
vt 0.31221926 0.23305678
vt 0.28837320 0.23267752
vt 0.27735427 0.28850353
vt 0.25280499 0.28853309
vt 0.22853726 0.28857505
vt 0.20437285 0.28848386
vt 0.18032444 0.28822780
vt 0.15634245 0.28780758
vt 0.13242176 0.28746271
vt 0.10854036 0.28724808
vt 0.08464456 0.28714293
vt 0.06075686 0.28712666
vt 0.03692788 0.28720450
vt 0.01302263 0.28731960
vt 0.50450236 0.23467755
vt 0.47989857 0.23479378
vt 0.45559829 0.23483157
vt 0.43146166 0.23473632
vt 0.38414803 0.18972492
vt 0.36037034 0.18947864
vt 0.40787029 0.18990010
vt 0.33651325 0.18922508
vt 0.31261232 0.18900150
vt 0.28855497 0.18881416
vt 0.27713668 0.24385238
vt 0.25271544 0.24384004
vt 0.22855619 0.24381983
vt 0.20451269 0.24378324
vt 0.18057993 0.24376702
vt 0.15670109 0.24376416
vt 0.13280836 0.24364531
vt 0.10883161 0.24343669
vt 0.08478197 0.24330086
vt 0.06073883 0.24322844
vt 0.03673917 0.24319959
vt 0.01263443 0.24326909
vt 0.50421190 0.19032329
vt 0.47978270 0.19028974
vt 0.45565009 0.19023073
vt 0.43167722 0.19009936
vt 0.38446081 0.14530843
vt 0.36064219 0.14511871
vt 0.40818554 0.14550453
vt 0.33669454 0.14495909
vt 0.31264383 0.14485025
vt 0.28836083 0.14477420
vt 0.27713341 0.19947171
vt 0.25280625 0.19928515
vt 0.22865859 0.19916004
vt 0.20458248 0.19907105
vt 0.18059385 0.19900930
vt 0.15668520 0.19899565
vt 0.13278672 0.19908285
vt 0.10881892 0.19930005
vt 0.08477536 0.19938678
vt 0.06068647 0.19940317
vt 0.03656688 0.19943702
vt 0.01228026 0.19949341
vt 0.50414824 0.14612484
vt 0.47987980 0.14601278
vt 0.45585611 0.14587611
vt 0.43195409 0.14569998
vt 0.38479030 0.10087949
vt 0.36091977 0.10069454
vt 0.40853313 0.10109973
vt 0.33688694 0.10058546
vt 0.31271207 0.10055220
vt 0.28825387 0.10055250
vt 0.27707434 0.15533310
vt 0.25286779 0.15537208
vt 0.22875246 0.15535903
vt 0.20465440 0.15534240
vt 0.18065399 0.15538037
vt 0.15677267 0.15534818
vt 0.13288715 0.15511358
vt 0.10889181 0.15478963
vt 0.08476660 0.15463400
vt 0.06054941 0.15465963
vt 0.03629315 0.15482128
vt 0.01178324 0.15499312
vt 0.50404894 0.10212624
vt 0.47999895 0.10188460
vt 0.45610932 0.10162199
vt 0.43227819 0.10134810
vt 0.38515407 0.05622733
vt 0.36112314 0.05601984
vt 0.40903580 0.05652910
vt 0.33691365 0.05595654
vt 0.31255496 0.05603206
vt 0.28790906 0.05620086
vt 0.27697068 0.11184603
vt 0.25291926 0.11167562
vt 0.22891030 0.11148649
vt 0.20486712 0.11123025
vt 0.18087682 0.11090052
vt 0.15698397 0.11068809
vt 0.13311478 0.11062831
vt 0.10911918 0.11063385
vt 0.08492285 0.11055195
vt 0.06060058 0.11043119
vt 0.03622305 0.11030960
vt 0.01161772 0.11023450
vt 0.50438738 0.05832183
vt 0.48052752 0.05785120
vt 0.45671797 0.05737019
vt 0.43287304 0.05690992
vt 0.38561398 0.01103842
vt 0.36123598 0.01083845
vt 0.40985882 0.01149547
vt 0.33671999 0.01084363
vt 0.31199408 0.01104045
vt 0.27707362 0.06808674
vt 0.25318813 0.06794453
vt 0.22932380 0.06772822
vt 0.20541069 0.06743842
vt 0.18148184 0.06708026
vt 0.15754977 0.06662309
vt 0.13355520 0.06600451
vt 0.10942477 0.06558728
vt 0.08513820 0.06535774
vt 0.06071559 0.06525743
vt 0.03618145 0.06528139
vt 0.01139158 0.06541610
vt 0.48165870 0.01381397
vt 0.45786563 0.01299828
vt 0.43394086 0.01219738
vt 0.27729341 0.41164464
vt 0.25224379 0.41219288
vt 0.22753844 0.41219389
vt 0.20306721 0.41191560
vt 0.17884964 0.41136330
vt 0.15478542 0.41048861
vt 0.13081467 0.40957040
vt 0.10698566 0.40873230
vt 0.08329687 0.40802765
vt 0.05973440 0.40747929
vt 0.03628176 0.40709198
vt 0.01288855 0.40684193
vt 0.27731463 0.03491783
vt 0.25357091 0.03436297
vt 0.22980577 0.03378534
vt 0.20596737 0.03314006
vt 0.18209001 0.03247023
vt 0.15818319 0.03193593
vt 0.13411161 0.03175056
vt 0.10982424 0.03155518
vt 0.08539668 0.03135264
vt 0.06082034 0.03121322
vt 0.03607246 0.03121173
vt 0.01108229 0.03151727
vt 0.03606495 0.42774844
vt 0.05939919 0.42809236
vt 0.08282837 0.42858309
vt 0.10639152 0.42922533
vt 0.13012433 0.43000007
vt 0.15406138 0.43086207
vt 0.17823330 0.43170726
vt 0.20265880 0.43232119
vt 0.22734991 0.43268675
vt 0.03605562 0.01083851
vt 0.06095347 0.01096499
vt 0.25234312 0.43279326
vt 0.08559391 0.01118565
vt 0.11003122 0.01142871
vt 0.13431421 0.01165187
vt 0.15847635 0.01189184
vt 0.18252262 0.01234102
vt 0.20644641 0.01291746
vt 0.23025811 0.01349586
vt 0.25398344 0.01402569
vt 0.38554907 0.02047861
vt 0.40966731 0.02087355
vt 0.36128333 0.02042961
vt 0.33685431 0.02059138
vt 0.31224835 0.02095115
vt 0.28744024 0.02176058
vt 0.50494021 0.02408361
vt 0.48134595 0.02321553
vt 0.45757970 0.02240849
vt 0.43367368 0.02159709
vt 0.35909826 0.26908231
vt 0.33526906 0.26836187
vt 0.31156829 0.26767755
vt 0.28801304 0.26695895
vt 0.50494081 0.26919293
vt 0.48018387 0.26997203
vt 0.45563477 0.27030283
vt 0.43126792 0.27042216
vt 0.38303348 0.26978910
vt 0.40707740 0.27029651
vt 0.27750939 0.42199779
vt 0.25233021 0.42245805
vt 0.22745478 0.42241788
vt 0.20287001 0.42209554
vt 0.17854345 0.42151052
vt 0.15442219 0.42066979
vt 0.13046926 0.41981387
vt 0.10668814 0.41904128
vt 0.08306196 0.41839743
vt 0.05956638 0.41790181
vt 0.03617415 0.41755474
vt 0.01283225 0.41733027
vt 0.01095670 0.02129054
vt 0.03603435 0.02104473
vt 0.06087562 0.02109635
vt 0.08548912 0.02127141
vt 0.10992453 0.02149153
vt 0.13420868 0.02170408
vt 0.15832773 0.02192867
vt 0.18230873 0.02238381
vt 0.20620918 0.02296829
vt 0.23003316 0.02355051
vt 0.25378054 0.02408302
vt 0.27749765 0.02458644
vt 0.28801283 0.26695961
vt 0.29603446 0.27658868
vt 0.28856665 0.27057511
vt 0.28978315 0.27367282
vt 0.29256034 0.27577841
vt 0.50494093 0.26919264
vt 0.49619675 0.27950096
vt 0.50441068 0.27283567
vt 0.50259161 0.27655798
vt 0.49968910 0.27866173
vt 0.29614335 0.01135731
vt 0.28744012 0.02176106
vt 0.29266298 0.01219738
vt 0.28977266 0.01429939
vt 0.28796619 0.01813054
vt 0.49690098 0.01441455
vt 0.50494093 0.02408665
vt 0.50036240 0.01524222
vt 0.50262010 0.01734805
vt 0.50441104 0.02047193
vt 0.01282680 0.41858232
vt 0.02092820 0.42760640
vt 0.01347539 0.42201871
vt 0.01453552 0.42494023
vt 0.01746053 0.42689657
vt 0.27754879 0.42330337
vt 0.26847863 0.43269992
vt 0.27691644 0.42682654
vt 0.27497011 0.42984724
vt 0.27200645 0.43190849
vt 0.01091340 0.01826918
vt 0.01807058 0.01084888
vt 0.01142907 0.01546770
vt 0.01297134 0.01307607
vt 0.01530427 0.01145548
vt 0.27754879 0.02163678
vt 0.27055186 0.01436472
vt 0.27705401 0.01890033
vt 0.27555066 0.01655757
vt 0.27326748 0.01496500
vt 0.59823644 0.46086812
vt 0.57376432 0.46086812
vt 0.54929245 0.46086812
vt 0.52482057 0.46086812
vt 0.50034869 0.46086812
vt 0.47587663 0.46086812
vt 0.45140475 0.46086812
vt 0.42693284 0.46086812
vt 0.40246090 0.46086812
vt 0.37798890 0.46086812
vt 0.35351697 0.46086812
vt 0.32904500 0.46086812
vt 0.30457306 0.46086812
vt 0.28010118 0.46086812
vt 0.25562927 0.46086812
vt 0.23115733 0.46086812
vt 0.20668539 0.46086812
vt 0.18221340 0.46086812
vt 0.15774149 0.46086812
vt 0.13326949 0.46086812
vt 0.10879764 0.46086812
vt 0.08432567 0.46086812
vt 0.05985376 0.46086812
vt 0.03538179 0.46086812
vt 0.01090989 0.46086812
vt 0.79401195 0.46086812
vt 0.76953995 0.46086812
vt 0.74506807 0.46086812
vt 0.72059596 0.46086812
vt 0.69612408 0.46086812
vt 0.67165226 0.46086812
vt 0.64718020 0.46086812
vt 0.62270850 0.46086812
vt 0.57376432 0.87046778
vt 0.57376432 0.86118221
vt 0.57376432 0.86496139
vt 0.57376432 0.82480681
vt 0.57376432 0.81724858
vt 0.57376432 0.82102764
vt 0.57376432 0.78087342
vt 0.57376432 0.77331477
vt 0.57376432 0.77709395
vt 0.57376432 0.73693943
vt 0.57376432 0.72938085
vt 0.57376432 0.73316026
vt 0.57376432 0.69300598
vt 0.57376432 0.68544745
vt 0.57376432 0.68922675
vt 0.57376432 0.64907223
vt 0.57376432 0.64151365
vt 0.57376432 0.64529276
vt 0.57376432 0.60513848
vt 0.57376432 0.59757990
vt 0.57376432 0.60135913
vt 0.57376432 0.56120473
vt 0.57376432 0.55364633
vt 0.57376432 0.55742562
vt 0.57376432 0.51727116
vt 0.57376432 0.50798523
vt 0.57376432 0.51349187
vt 0.54929245 0.87046778
vt 0.54929245 0.86118221
vt 0.54929245 0.86496139
vt 0.54929245 0.82480681
vt 0.54929245 0.81724858
vt 0.54929245 0.82102764
vt 0.54929245 0.78087342
vt 0.54929245 0.77331477
vt 0.54929245 0.77709395
vt 0.54929245 0.73693943
vt 0.54929245 0.72938085
vt 0.54929245 0.73316026
vt 0.54929245 0.69300598
vt 0.54929245 0.68544745
vt 0.54929245 0.68922675
vt 0.54929245 0.64907223
vt 0.54929245 0.64151365
vt 0.54929245 0.64529276
vt 0.54929245 0.60513848
vt 0.54929245 0.59757990
vt 0.54929245 0.60135913
vt 0.54929245 0.56120473
vt 0.54929245 0.55364633
vt 0.54929245 0.55742562
vt 0.54929245 0.51727116
vt 0.54929245 0.50798523
vt 0.54929245 0.51349187
vt 0.52482057 0.87046778
vt 0.52482057 0.86118221
vt 0.52482057 0.86496139
vt 0.52482057 0.82480681
vt 0.52482057 0.81724858
vt 0.52482057 0.82102764
vt 0.52482057 0.78087342
vt 0.52482057 0.77331477
vt 0.52482057 0.77709395
vt 0.52482057 0.73693943
vt 0.52482057 0.72938085
vt 0.52482057 0.73316026
vt 0.52482057 0.69300598
vt 0.52482057 0.68544745
vt 0.52482057 0.68922675
vt 0.52482057 0.64907223
vt 0.52482057 0.64151365
vt 0.52482057 0.64529276
vt 0.52482057 0.60513848
vt 0.52482057 0.59757990
vt 0.52482057 0.60135913
vt 0.52482057 0.56120473
vt 0.52482057 0.55364633
vt 0.52482057 0.55742562
vt 0.52482057 0.51727116
vt 0.52482057 0.50798523
vt 0.52482057 0.51349187
vt 0.50034869 0.87046778
vt 0.50034869 0.86118221
vt 0.50034869 0.86496139
vt 0.50034869 0.82480681
vt 0.50034869 0.81724858
vt 0.50034869 0.82102764
vt 0.50034869 0.78087342
vt 0.50034869 0.77331477
vt 0.50034869 0.77709395
vt 0.50034869 0.73693943
vt 0.50034869 0.72938085
vt 0.50034869 0.73316026
vt 0.50034869 0.69300598
vt 0.50034869 0.68544745
vt 0.50034869 0.68922675
vt 0.50034869 0.64907223
vt 0.50034869 0.64151365
vt 0.50034869 0.64529276
vt 0.50034869 0.60513848
vt 0.50034869 0.59757990
vt 0.50034869 0.60135913
vt 0.50034869 0.56120473
vt 0.50034869 0.55364633
vt 0.50034869 0.55742562
vt 0.50034869 0.51727116
vt 0.50034869 0.50798523
vt 0.50034869 0.51349187
vt 0.47587663 0.87046778
vt 0.47587663 0.86118221
vt 0.47587663 0.86496139
vt 0.47587663 0.82480681
vt 0.47587663 0.81724858
vt 0.47587663 0.82102764
vt 0.47587663 0.78087342
vt 0.47587663 0.77331477
vt 0.47587663 0.77709395
vt 0.47587663 0.73693943
vt 0.47587663 0.72938085
vt 0.47587663 0.73316026
vt 0.47587663 0.69300598
vt 0.47587663 0.68544745
vt 0.47587663 0.68922675
vt 0.47587663 0.65110523
vt 0.47340342 0.64151365
vt 0.47587663 0.64529276
vt 0.47587663 0.60513848
vt 0.47587663 0.59757990
vt 0.47587663 0.60135913
vt 0.47587663 0.56120473
vt 0.47587663 0.55364633
vt 0.47587663 0.55742562
vt 0.47587663 0.51727116
vt 0.47587663 0.50798523
vt 0.47587663 0.51349187
vt 0.45140475 0.87046778
vt 0.45140475 0.86118221
vt 0.45140475 0.86496139
vt 0.45140475 0.82480681
vt 0.45140475 0.81724858
vt 0.45140475 0.82102764
vt 0.45140475 0.78087342
vt 0.45140475 0.77331477
vt 0.45140475 0.77709395
vt 0.45140475 0.73693943
vt 0.45140475 0.72938085
vt 0.45140475 0.73316026
vt 0.45140475 0.69300598
vt 0.45140475 0.68544745
vt 0.45140475 0.68922675
vt 0.45140475 0.64907223
vt 0.44960013 0.64151365
vt 0.45140475 0.64529276
vt 0.45140475 0.60513848
vt 0.45140475 0.59757990
vt 0.45140475 0.60135913
vt 0.45140475 0.56120473
vt 0.45140475 0.55364633
vt 0.45140475 0.55742562
vt 0.45140475 0.51727116
vt 0.45140475 0.50798523
vt 0.45140475 0.51349187
vt 0.42693284 0.87046778
vt 0.42693284 0.86118221
vt 0.42693284 0.86496139
vt 0.42693284 0.82480681
vt 0.42693284 0.81724858
vt 0.42693284 0.82102764
vt 0.42693284 0.78087342
vt 0.42693284 0.77331477
vt 0.42693284 0.77709395
vt 0.42693284 0.73693943
vt 0.42693284 0.72938085
vt 0.42693284 0.73316026
vt 0.42693284 0.69300598
vt 0.42693284 0.68544745
vt 0.42693284 0.68922675
vt 0.42693284 0.64907223
vt 0.42693284 0.64151365
vt 0.42693284 0.64529276
vt 0.42693284 0.60513848
vt 0.42693284 0.59757990
vt 0.42693284 0.60135913
vt 0.42693284 0.56120473
vt 0.42693284 0.55364633
vt 0.42693284 0.55742562
vt 0.42693284 0.51727116
vt 0.42693284 0.50798523
vt 0.42693284 0.51349187
vt 0.40246090 0.87046778
vt 0.40246090 0.86118221
vt 0.40246090 0.86496139
vt 0.40246090 0.82480681
vt 0.40246090 0.81724858
vt 0.40246090 0.82102764
vt 0.40246090 0.78087342
vt 0.40246090 0.77331477
vt 0.40246090 0.77709395
vt 0.40246090 0.73693943
vt 0.40246090 0.72938085
vt 0.40246090 0.73316026
vt 0.40246090 0.69300598
vt 0.40246090 0.68544745
vt 0.40246090 0.68922675
vt 0.40246090 0.64907223
vt 0.40246090 0.64151365
vt 0.40246090 0.64529276
vt 0.40246090 0.60513848
vt 0.40246090 0.59757990
vt 0.40246090 0.60135913
vt 0.40246090 0.56120473
vt 0.40246090 0.55364633
vt 0.40246090 0.55742562
vt 0.40246090 0.51727116
vt 0.40246090 0.50798523
vt 0.40246090 0.51349187
vt 0.37798890 0.87046778
vt 0.37798890 0.86118221
vt 0.37798890 0.86496139
vt 0.37798890 0.82480681
vt 0.37798890 0.81724858
vt 0.37798890 0.82102764
vt 0.37798890 0.78087342
vt 0.37798890 0.77331477
vt 0.37798890 0.77709395
vt 0.37798890 0.73693943
vt 0.37798890 0.72938085
vt 0.37798890 0.73316026
vt 0.37798890 0.69300598
vt 0.37798890 0.68544745
vt 0.37798890 0.68922675
vt 0.37798890 0.64907223
vt 0.37798890 0.64151365
vt 0.37798890 0.64529276
vt 0.37798890 0.60513848
vt 0.37798890 0.59757990
vt 0.37798890 0.60135913
vt 0.37798890 0.56120473
vt 0.37798890 0.55364633
vt 0.37798890 0.55742562
vt 0.37798890 0.51727116
vt 0.37798890 0.50798523
vt 0.37798890 0.51349187
vt 0.35351697 0.87046778
vt 0.35351697 0.86118221
vt 0.35351697 0.86496139
vt 0.35351697 0.82480681
vt 0.35351697 0.81724858
vt 0.35351697 0.82102764
vt 0.35351697 0.78087342
vt 0.35351697 0.77331477
vt 0.35351697 0.77709395
vt 0.35351697 0.73693943
vt 0.35351697 0.72938085
vt 0.35351697 0.73316026
vt 0.35351697 0.69300598
vt 0.35351697 0.68544745
vt 0.35351697 0.68922675
vt 0.35351697 0.64907223
vt 0.35351697 0.64151365
vt 0.35351697 0.64529276
vt 0.35351697 0.60513848
vt 0.35351697 0.59757990
vt 0.35351697 0.60135913
vt 0.35351697 0.56120473
vt 0.35351697 0.55364633
vt 0.35351697 0.55742562
vt 0.35351697 0.51727116
vt 0.35351697 0.50798523
vt 0.35351697 0.51349187
vt 0.32904500 0.87046778
vt 0.32904500 0.86118221
vt 0.32904500 0.86496139
vt 0.32904500 0.82480681
vt 0.32904500 0.81724858
vt 0.32904500 0.82102764
vt 0.32904500 0.78087342
vt 0.32904500 0.77331477
vt 0.32904500 0.77709395
vt 0.32904500 0.73693943
vt 0.32904500 0.72938085
vt 0.32904500 0.73316026
vt 0.32904500 0.69300598
vt 0.32904500 0.68544745
vt 0.32904500 0.68922675
vt 0.32904500 0.64907223
vt 0.32904500 0.64151365
vt 0.32904500 0.64529276
vt 0.32904500 0.60513848
vt 0.32904500 0.59757990
vt 0.32904500 0.60135913
vt 0.32904500 0.56120473
vt 0.32904500 0.55364633
vt 0.32904500 0.55742562
vt 0.32904500 0.51727116
vt 0.32904500 0.50798523
vt 0.32904500 0.51349187
vt 0.30457306 0.87046778
vt 0.30457306 0.86118221
vt 0.30457306 0.86496139
vt 0.30457306 0.82480681
vt 0.30457306 0.81724858
vt 0.30457306 0.82102764
vt 0.30457306 0.78087342
vt 0.30457306 0.77331477
vt 0.30457306 0.77709395
vt 0.30457306 0.73693943
vt 0.30457306 0.72938085
vt 0.30457306 0.73316026
vt 0.30457306 0.69300598
vt 0.30457306 0.68544745
vt 0.30457306 0.68922675
vt 0.30457306 0.64907223
vt 0.30457306 0.64151365
vt 0.30457306 0.64529276
vt 0.30457306 0.60513848
vt 0.30457306 0.59757990
vt 0.30457306 0.60135913
vt 0.30457306 0.56120473
vt 0.30457306 0.55364633
vt 0.30457306 0.55742562
vt 0.30457306 0.51727116
vt 0.30457306 0.50798523
vt 0.30457306 0.51349187
vt 0.28010118 0.87046778
vt 0.28010118 0.86118221
vt 0.28010118 0.86496139
vt 0.28010118 0.82480681
vt 0.28010118 0.81724858
vt 0.28010118 0.82102764
vt 0.28010118 0.78087342
vt 0.28010118 0.77331477
vt 0.28010118 0.77709395
vt 0.28010118 0.73693943
vt 0.28010118 0.72938085
vt 0.28010118 0.73316026
vt 0.28010118 0.69300598
vt 0.28010118 0.68544745
vt 0.28010118 0.68922675
vt 0.28010118 0.64907223
vt 0.28010118 0.64151365
vt 0.28010118 0.64529276
vt 0.28010118 0.60513848
vt 0.28010118 0.59757990
vt 0.28010118 0.60135913
vt 0.28010118 0.56120473
vt 0.28010118 0.55364633
vt 0.28010118 0.55742562
vt 0.28010118 0.51727116
vt 0.28010118 0.50798523
vt 0.28010118 0.51349187
vt 0.25562927 0.87046778
vt 0.25562927 0.86118221
vt 0.25562927 0.86496139
vt 0.25562927 0.82480681
vt 0.25562927 0.81724858
vt 0.25562927 0.82102764
vt 0.25562927 0.78087342
vt 0.25562927 0.77331477
vt 0.25562927 0.77709395
vt 0.25562927 0.73693943
vt 0.25562927 0.72938085
vt 0.25562927 0.73316026
vt 0.25562927 0.69300598
vt 0.25562927 0.68544745
vt 0.25562927 0.68922675
vt 0.25562927 0.64907223
vt 0.25562927 0.64151365
vt 0.25562927 0.64529276
vt 0.25562927 0.60513848
vt 0.25562927 0.59757990
vt 0.25562927 0.60135913
vt 0.25562927 0.56120473
vt 0.25562927 0.55364633
vt 0.25562927 0.55742562
vt 0.25562927 0.51727116
vt 0.25562927 0.50798523
vt 0.25562927 0.51349187
vt 0.23115733 0.87046778
vt 0.23115733 0.86118221
vt 0.23115733 0.86496139
vt 0.23115733 0.82480681
vt 0.23115733 0.81724858
vt 0.23115733 0.82102764
vt 0.23115733 0.78087342
vt 0.23115733 0.77331477
vt 0.23115733 0.77709395
vt 0.23115733 0.73693943
vt 0.23115733 0.72938085
vt 0.23115733 0.73316026
vt 0.23115733 0.69300598
vt 0.23115733 0.68544745
vt 0.23115733 0.68922675
vt 0.23115733 0.64907223
vt 0.23115733 0.64151365
vt 0.23115733 0.64529276
vt 0.23115733 0.60513848
vt 0.23115733 0.59757990
vt 0.23115733 0.60135913
vt 0.23115733 0.56120473
vt 0.23115733 0.55364633
vt 0.23115733 0.55742562
vt 0.23115733 0.51727116
vt 0.23115733 0.50798523
vt 0.23115733 0.51349187
vt 0.20668539 0.87046778
vt 0.20668539 0.86118221
vt 0.20668539 0.86496139
vt 0.20668539 0.82480681
vt 0.20668539 0.81724858
vt 0.20668539 0.82102764
vt 0.20668539 0.78087342
vt 0.20668539 0.77331477
vt 0.20668539 0.77709395
vt 0.20668539 0.73693943
vt 0.20668539 0.72938085
vt 0.20668539 0.73316026
vt 0.20668539 0.69300598
vt 0.20668539 0.68544745
vt 0.20668539 0.68922675
vt 0.20668539 0.64907223
vt 0.20668539 0.64151365
vt 0.20668539 0.64529276
vt 0.20668539 0.60513848
vt 0.20668539 0.59757990
vt 0.20668539 0.60135913
vt 0.20668539 0.56120473
vt 0.20668539 0.55364633
vt 0.20668539 0.55742562
vt 0.20668539 0.51727116
vt 0.20668539 0.50798523
vt 0.20668539 0.51349187
vt 0.18221340 0.87046778
vt 0.18221340 0.86118221
vt 0.18221340 0.86496139
vt 0.18221340 0.82480681
vt 0.18221340 0.81724858
vt 0.18221340 0.82102764
vt 0.18221340 0.78087342
vt 0.18221340 0.77331477
vt 0.18221340 0.77709395
vt 0.18221340 0.73693943
vt 0.18221340 0.72938085
vt 0.18221340 0.73316026
vt 0.18221340 0.69300598
vt 0.18221340 0.68544745
vt 0.18221340 0.68922675
vt 0.18221340 0.64907223
vt 0.18221340 0.64151365
vt 0.18221340 0.64529276
vt 0.18221340 0.60513848
vt 0.18221340 0.59757990
vt 0.18221340 0.60135913
vt 0.18221340 0.56120473
vt 0.18221340 0.55364633
vt 0.18221340 0.55742562
vt 0.18221340 0.51727116
vt 0.18221340 0.50798523
vt 0.18221340 0.51349187
vt 0.15774149 0.87046778
vt 0.15774149 0.86118221
vt 0.15774149 0.86496139
vt 0.15774149 0.82480681
vt 0.15774149 0.81724858
vt 0.15774149 0.82102764
vt 0.15774149 0.78087342
vt 0.15774149 0.77331477
vt 0.15774149 0.77709395
vt 0.15774149 0.73693943
vt 0.15774149 0.72938085
vt 0.15774149 0.73316026
vt 0.15774149 0.69300598
vt 0.15774149 0.68544745
vt 0.15774149 0.68922675
vt 0.15774149 0.64907223
vt 0.15774149 0.64151365
vt 0.15774149 0.64529276
vt 0.15774149 0.60513848
vt 0.15774149 0.59757990
vt 0.15774149 0.60135913
vt 0.15774149 0.56120473
vt 0.15774149 0.55364633
vt 0.15774149 0.55742562
vt 0.15774149 0.51727116
vt 0.15774149 0.50798523
vt 0.15774149 0.51349187
vt 0.13326949 0.87046778
vt 0.13326949 0.86118221
vt 0.13326949 0.86496139
vt 0.13326949 0.82480681
vt 0.13326949 0.81724858
vt 0.13326949 0.82102764
vt 0.13326949 0.78087342
vt 0.13326949 0.77331477
vt 0.13326949 0.77709395
vt 0.13326949 0.73693943
vt 0.13326949 0.72938085
vt 0.13326949 0.73316026
vt 0.13326949 0.69300598
vt 0.13326949 0.68544745
vt 0.13326949 0.68922675
vt 0.13326949 0.64907223
vt 0.13326949 0.64151365
vt 0.13326949 0.64529276
vt 0.13326949 0.60513848
vt 0.13326949 0.59757990
vt 0.13326949 0.60135913
vt 0.13326949 0.56120473
vt 0.13326949 0.55364633
vt 0.13326949 0.55742562
vt 0.13326949 0.51727116
vt 0.13326949 0.50798523
vt 0.13326949 0.51349187
vt 0.10879764 0.87046778
vt 0.10879764 0.86118221
vt 0.10879764 0.86496139
vt 0.10879764 0.82480681
vt 0.10879764 0.81724858
vt 0.10879764 0.82102764
vt 0.10879764 0.78087342
vt 0.10879764 0.77331477
vt 0.10879764 0.77709395
vt 0.10879764 0.73693943
vt 0.10879764 0.72938085
vt 0.10879764 0.73316026
vt 0.10879764 0.69300598
vt 0.10879764 0.68544745
vt 0.10879764 0.68922675
vt 0.10879764 0.64907223
vt 0.10879764 0.64151365
vt 0.10879764 0.64529276
vt 0.10879764 0.60513848
vt 0.10879764 0.59757990
vt 0.10879764 0.60135913
vt 0.10879764 0.56120473
vt 0.10879764 0.55364633
vt 0.10879764 0.55742562
vt 0.10879764 0.51727116
vt 0.10879764 0.50798523
vt 0.10879764 0.51349187
vt 0.08432567 0.87046778
vt 0.08432567 0.86118221
vt 0.08432567 0.86496139
vt 0.08432567 0.82480681
vt 0.08432567 0.81724858
vt 0.08432567 0.82102764
vt 0.08432567 0.78087342
vt 0.08432567 0.77331477
vt 0.08432567 0.77709395
vt 0.08432567 0.73693943
vt 0.08432567 0.72938085
vt 0.08432567 0.73316026
vt 0.08432567 0.69300598
vt 0.08432567 0.68544745
vt 0.08432567 0.68922675
vt 0.08432567 0.64907223
vt 0.08432567 0.64151365
vt 0.08432567 0.64529276
vt 0.08432567 0.60513848
vt 0.08432567 0.59757990
vt 0.08432567 0.60135913
vt 0.08432567 0.56120473
vt 0.08432567 0.55364633
vt 0.08432567 0.55742562
vt 0.08432567 0.51727116
vt 0.08432567 0.50798523
vt 0.08432567 0.51349187
vt 0.05985376 0.87046778
vt 0.05985376 0.86118221
vt 0.05985376 0.86496139
vt 0.05985376 0.82480681
vt 0.05985376 0.81724858
vt 0.05985376 0.82102764
vt 0.05985376 0.78087342
vt 0.05985376 0.77331477
vt 0.05985376 0.77709395
vt 0.05985376 0.73693943
vt 0.05985376 0.72938085
vt 0.05985376 0.73316026
vt 0.05985376 0.69300598
vt 0.05985376 0.68544745
vt 0.05985376 0.68922675
vt 0.05985376 0.64907223
vt 0.05985376 0.64151365
vt 0.05985376 0.64529276
vt 0.05985376 0.60513848
vt 0.05985376 0.59757990
vt 0.05985376 0.60135913
vt 0.05985376 0.56120473
vt 0.05985376 0.55364633
vt 0.05985376 0.55742562
vt 0.05985376 0.51727116
vt 0.05985376 0.50798523
vt 0.05985376 0.51349187
vt 0.03538179 0.87046778
vt 0.03538179 0.86118221
vt 0.03538179 0.86496139
vt 0.03538179 0.82480681
vt 0.03538179 0.81724858
vt 0.03538179 0.82102764
vt 0.03538179 0.78087342
vt 0.03538179 0.77331477
vt 0.03538179 0.77709395
vt 0.03538179 0.73693943
vt 0.03538179 0.72938085
vt 0.03538179 0.73316026
vt 0.03538179 0.69300598
vt 0.03538179 0.68544745
vt 0.03538179 0.68922675
vt 0.03538179 0.64907223
vt 0.03538179 0.64151365
vt 0.03538179 0.64529276
vt 0.03538179 0.60513848
vt 0.03538179 0.59757990
vt 0.03538179 0.60135913
vt 0.03538179 0.56120473
vt 0.03538179 0.55364633
vt 0.03538179 0.55742562
vt 0.03538179 0.51727116
vt 0.03538179 0.50798523
vt 0.03538179 0.51349187
vt 0.01090989 0.87046778
vt 0.79401195 0.87046778
vt 0.01090989 0.86118221
vt 0.79401195 0.86118221
vt 0.01090989 0.86496139
vt 0.79401195 0.86496139
vt 0.01090989 0.82480681
vt 0.79401195 0.82480681
vt 0.01090989 0.81724858
vt 0.79401195 0.81724858
vt 0.01090989 0.82102752
vt 0.79401195 0.82102752
vt 0.01090989 0.78087342
vt 0.79401195 0.78087342
vt 0.01090989 0.77331477
vt 0.79401195 0.77331477
vt 0.01090989 0.77709407
vt 0.79401195 0.77709407
vt 0.01090989 0.73693943
vt 0.79401195 0.73693943
vt 0.01090989 0.72938085
vt 0.79401195 0.72938085
vt 0.01090989 0.73316026
vt 0.79401195 0.73316026
vt 0.01090989 0.69300598
vt 0.79401195 0.69300598
vt 0.01090989 0.68544745
vt 0.79401195 0.68544745
vt 0.01090989 0.68922675
vt 0.79401195 0.68922675
vt 0.01090989 0.64907223
vt 0.79401195 0.64907223
vt 0.01090989 0.64151365
vt 0.79401195 0.64151365
vt 0.01090989 0.64529276
vt 0.79401195 0.64529276
vt 0.01090989 0.60513848
vt 0.79401195 0.60513848
vt 0.01090989 0.59757990
vt 0.79401195 0.59757990
vt 0.01090989 0.60135913
vt 0.79401195 0.60135913
vt 0.01090989 0.56120473
vt 0.79401195 0.56120473
vt 0.01090989 0.55364633
vt 0.79401195 0.55364633
vt 0.01090989 0.55742562
vt 0.79401195 0.55742562
vt 0.01090989 0.51727116
vt 0.79401195 0.51727116
vt 0.01090989 0.50798523
vt 0.79401195 0.50798523
vt 0.01090989 0.51349187
vt 0.79401195 0.51349187
vt 0.76953995 0.87046778
vt 0.76953995 0.86118221
vt 0.76953995 0.86496139
vt 0.76953995 0.82480681
vt 0.76953995 0.81724858
vt 0.76953995 0.82102764
vt 0.76953995 0.78087342
vt 0.76953995 0.77331477
vt 0.76953995 0.77709395
vt 0.76953995 0.73693943
vt 0.76953995 0.72938085
vt 0.76953995 0.73316026
vt 0.76953995 0.69300598
vt 0.76953995 0.68544745
vt 0.76953995 0.68922675
vt 0.76953995 0.64907223
vt 0.76953995 0.64151365
vt 0.76953995 0.64529276
vt 0.76953995 0.60513848
vt 0.76953995 0.59757990
vt 0.76953995 0.60135913
vt 0.76953995 0.56120473
vt 0.76819420 0.55223233
vt 0.76953995 0.55742562
vt 0.76860631 0.51846373
vt 0.76953995 0.50798523
vt 0.76953995 0.51349187
vt 0.74506807 0.87046778
vt 0.74506807 0.86118221
vt 0.74506807 0.86496139
vt 0.74506807 0.82480681
vt 0.74506807 0.81724858
vt 0.74506807 0.82102764
vt 0.74506807 0.78087342
vt 0.74506807 0.77331477
vt 0.74506807 0.77709395
vt 0.74506807 0.73693943
vt 0.74506807 0.72938085
vt 0.74506807 0.73316026
vt 0.74506807 0.69300598
vt 0.74506807 0.68544745
vt 0.74506807 0.68922675
vt 0.74506807 0.64907223
vt 0.74506807 0.64151365
vt 0.74506807 0.64529276
vt 0.74506807 0.60513848
vt 0.74506807 0.59757990
vt 0.74506807 0.60135913
vt 0.74506807 0.56120473
vt 0.74506807 0.55364633
vt 0.74506807 0.55742562
vt 0.74506807 0.51727116
vt 0.74506807 0.50798523
vt 0.74506807 0.51349187
vt 0.72059596 0.87046778
vt 0.72059596 0.86118221
vt 0.72059596 0.86496139
vt 0.72059596 0.82480681
vt 0.72059596 0.81724858
vt 0.72059596 0.82102764
vt 0.72059596 0.78087342
vt 0.72059590 0.77331477
vt 0.72059596 0.77709395
vt 0.72059596 0.73693943
vt 0.72059596 0.72938085
vt 0.72059596 0.73316026
vt 0.72059596 0.69300598
vt 0.72059596 0.68544745
vt 0.72059596 0.68922675
vt 0.72059596 0.64907223
vt 0.72059596 0.64151365
vt 0.72059596 0.64529276
vt 0.72059596 0.60513848
vt 0.72059596 0.59757990
vt 0.72059596 0.60135913
vt 0.72059596 0.56120473
vt 0.72059590 0.55364633
vt 0.72059596 0.55742562
vt 0.72059596 0.51727116
vt 0.72059596 0.50798523
vt 0.72059596 0.51349187
vt 0.69612408 0.87046778
vt 0.69612408 0.86118221
vt 0.69612408 0.86496139
vt 0.69612408 0.82480681
vt 0.69612408 0.81724858
vt 0.69612408 0.82102764
vt 0.69612408 0.78087342
vt 0.69612408 0.77331477
vt 0.69612408 0.77709395
vt 0.69612408 0.73693943
vt 0.69612408 0.72938085
vt 0.69612408 0.73316026
vt 0.69612408 0.69300598
vt 0.69612408 0.68544745
vt 0.69612408 0.68922675
vt 0.69612408 0.64907223
vt 0.69612408 0.64151365
vt 0.69612408 0.64529276
vt 0.69612408 0.60513848
vt 0.69612408 0.59757990
vt 0.69612408 0.60135913
vt 0.69612408 0.56120473
vt 0.69612408 0.55364633
vt 0.69612408 0.55742562
vt 0.69612408 0.51727116
vt 0.69612408 0.50798523
vt 0.69612408 0.51349187
vt 0.67165226 0.87046778
vt 0.67165226 0.86118221
vt 0.67165226 0.86496139
vt 0.67165226 0.82480681
vt 0.67165226 0.81724858
vt 0.67165226 0.82102764
vt 0.67165226 0.78087342
vt 0.67165226 0.77331477
vt 0.67165226 0.77709395
vt 0.67165226 0.73693943
vt 0.67165226 0.72938085
vt 0.67165226 0.73316026
vt 0.67165226 0.69300598
vt 0.67165226 0.68544745
vt 0.67165226 0.68922675
vt 0.67165226 0.64907223
vt 0.67165226 0.64151365
vt 0.67165226 0.64529276
vt 0.67165226 0.60513848
vt 0.67165226 0.59757990
vt 0.67165226 0.60135913
vt 0.67165226 0.56120473
vt 0.67165226 0.55364633
vt 0.67165226 0.55742562
vt 0.67165226 0.51727116
vt 0.67165226 0.50798523
vt 0.67165226 0.51349187
vt 0.64718020 0.87046778
vt 0.64718020 0.86118221
vt 0.64718020 0.86496139
vt 0.64718020 0.82480681
vt 0.64718020 0.81724858
vt 0.64718020 0.82102764
vt 0.64718020 0.78087342
vt 0.64718020 0.77331477
vt 0.64718020 0.77709395
vt 0.64718020 0.73693943
vt 0.64718020 0.72938085
vt 0.64718020 0.73316026
vt 0.64718020 0.69300598
vt 0.64718020 0.68544745
vt 0.64718020 0.68922675
vt 0.64718020 0.64907223
vt 0.64718020 0.64151365
vt 0.64718020 0.64529276
vt 0.64718020 0.60513848
vt 0.64718020 0.59757990
vt 0.64718020 0.60135913
vt 0.64718020 0.56120473
vt 0.64718020 0.55364633
vt 0.64718020 0.55742562
vt 0.64718020 0.51727116
vt 0.64718020 0.50798523
vt 0.64718020 0.51349187
vt 0.62270850 0.87046778
vt 0.62270850 0.86118221
vt 0.62270850 0.86496139
vt 0.62270850 0.82480681
vt 0.62270850 0.81724858
vt 0.62270850 0.82102764
vt 0.62270850 0.78087342
vt 0.62270850 0.77331477
vt 0.62270850 0.77709395
vt 0.62270850 0.73693943
vt 0.62270850 0.72938085
vt 0.62270850 0.73316026
vt 0.62270850 0.69300598
vt 0.62270850 0.68544745
vt 0.62270850 0.68922675
vt 0.62270850 0.64907223
vt 0.62270850 0.64151365
vt 0.62270850 0.64529276
vt 0.62270850 0.60513848
vt 0.62270850 0.59757990
vt 0.62270850 0.60135913
vt 0.62270850 0.56120473
vt 0.62270850 0.55364633
vt 0.62270850 0.55742562
vt 0.62270850 0.51727116
vt 0.62270850 0.50798523
vt 0.62270850 0.51349187
vt 0.59823644 0.50798523
vt 0.59823644 0.51727116
vt 0.59823644 0.51349187
vt 0.59823644 0.55364633
vt 0.59823644 0.56120473
vt 0.59823644 0.55742562
vt 0.59823644 0.59757990
vt 0.59823644 0.60513848
vt 0.59823644 0.60135913
vt 0.59823644 0.64151365
vt 0.59823644 0.64907223
vt 0.59823644 0.64529276
vt 0.59823644 0.68544745
vt 0.59823644 0.69300598
vt 0.59823644 0.68922675
vt 0.59823644 0.72938085
vt 0.59823644 0.73693943
vt 0.59823644 0.73316026
vt 0.59823644 0.77331477
vt 0.59823644 0.78087342
vt 0.59823644 0.77709395
vt 0.59823644 0.81724858
vt 0.59823644 0.82480681
vt 0.59823644 0.82102764
vt 0.59823644 0.86118221
vt 0.59823644 0.87046778
vt 0.59823644 0.86496139
vt 0.57376432 0.84299469
vt 0.54929245 0.84299469
vt 0.59823644 0.84299469
vt 0.52482057 0.84299469
vt 0.50034869 0.84299469
vt 0.47587663 0.84299469
vt 0.45140475 0.84299469
vt 0.42693284 0.84299469
vt 0.40246090 0.84299469
vt 0.37798890 0.84299469
vt 0.35351697 0.84299469
vt 0.32904500 0.84299469
vt 0.30457306 0.84299469
vt 0.28010118 0.84299469
vt 0.25562927 0.84299469
vt 0.23115733 0.84299469
vt 0.20668539 0.84299469
vt 0.18221340 0.84299469
vt 0.15774149 0.84299469
vt 0.13326949 0.84299469
vt 0.10879764 0.84299469
vt 0.08432567 0.84299469
vt 0.05985376 0.84299469
vt 0.03538179 0.84299469
vt 0.01090989 0.84299469
vt 0.79401195 0.84299469
vt 0.76953995 0.84299469
vt 0.74506807 0.84299469
vt 0.72059596 0.84299469
vt 0.69612408 0.84299469
vt 0.67165226 0.84299469
vt 0.64718020 0.84299469
vt 0.62270850 0.84299469
vt 0.57376432 0.79906076
vt 0.54929245 0.79906076
vt 0.59823644 0.79906076
vt 0.52482057 0.79906076
vt 0.50034869 0.79906076
vt 0.47587663 0.79906076
vt 0.45140475 0.79906076
vt 0.42693284 0.79906076
vt 0.40246090 0.79906076
vt 0.37798890 0.79906076
vt 0.35351697 0.79906076
vt 0.32904500 0.79906076
vt 0.30457306 0.79906076
vt 0.28010118 0.79906076
vt 0.25562927 0.79906076
vt 0.23115733 0.79906076
vt 0.20668539 0.79906076
vt 0.18221340 0.79906076
vt 0.15774149 0.79906076
vt 0.13326949 0.79906076
vt 0.10879764 0.79906076
vt 0.08432567 0.79906076
vt 0.05985376 0.79906076
vt 0.03538179 0.79906076
vt 0.01090989 0.79906076
vt 0.79401195 0.79906076
vt 0.76953995 0.79906076
vt 0.74506807 0.79906076
vt 0.72059596 0.79906076
vt 0.69612408 0.79906076
vt 0.67165226 0.79906076
vt 0.64718020 0.79906076
vt 0.62270850 0.79906076
vt 0.57376432 0.75512731
vt 0.54929245 0.75512731
vt 0.59823644 0.75512731
vt 0.52482057 0.75512731
vt 0.50034869 0.75512731
vt 0.47587663 0.75512719
vt 0.45140475 0.75512731
vt 0.42693284 0.75512719
vt 0.40246090 0.75512731
vt 0.37798890 0.75512719
vt 0.35351697 0.75512731
vt 0.32904500 0.75512731
vt 0.30457306 0.75512731
vt 0.28010118 0.75512731
vt 0.25562927 0.75512731
vt 0.23115733 0.75512731
vt 0.20668539 0.75512731
vt 0.18221340 0.75512731
vt 0.15774149 0.75512731
vt 0.13326949 0.75512731
vt 0.10879764 0.75512731
vt 0.08432567 0.75512731
vt 0.05985376 0.75512731
vt 0.03538179 0.75512731
vt 0.01090989 0.75512731
vt 0.79401195 0.75512731
vt 0.76953995 0.75512731
vt 0.74506807 0.75512719
vt 0.72059596 0.75512731
vt 0.69612408 0.75512731
vt 0.67165226 0.75512731
vt 0.64718020 0.75512731
vt 0.62270850 0.75512731
vt 0.57376432 0.71119356
vt 0.54929245 0.71119356
vt 0.59823644 0.71119356
vt 0.52482057 0.71119356
vt 0.50034869 0.71119356
vt 0.47587663 0.71119356
vt 0.45140475 0.71119356
vt 0.42693284 0.71119356
vt 0.40246090 0.71119356
vt 0.37798890 0.71119356
vt 0.35351697 0.71119356
vt 0.32904500 0.71119356
vt 0.30457306 0.71119356
vt 0.28010118 0.71119356
vt 0.25562927 0.71119356
vt 0.23115733 0.71119356
vt 0.20668539 0.71119356
vt 0.18221340 0.71119356
vt 0.15774149 0.71119356
vt 0.13326949 0.71119356
vt 0.10879764 0.71119356
vt 0.08432567 0.71119356
vt 0.05985376 0.71119356
vt 0.03538179 0.71119356
vt 0.01090989 0.71119356
vt 0.79401195 0.71119356
vt 0.76953995 0.71119356
vt 0.74506807 0.71119356
vt 0.72059596 0.71119356
vt 0.69612408 0.71119356
vt 0.67165226 0.71119356
vt 0.64718020 0.71119356
vt 0.62270850 0.71119356
vt 0.57376432 0.66725981
vt 0.54929245 0.66725981
vt 0.59823644 0.66725981
vt 0.52482057 0.66725981
vt 0.50034869 0.66725981
vt 0.47587663 0.66725981
vt 0.45140475 0.66725981
vt 0.42693284 0.66725981
vt 0.40246090 0.66725981
vt 0.37798890 0.66725981
vt 0.35351697 0.66725981
vt 0.32904500 0.66725981
vt 0.30457306 0.66725981
vt 0.28010118 0.66725981
vt 0.25562927 0.66725981
vt 0.23115733 0.66725981
vt 0.20668539 0.66725981
vt 0.18221340 0.66725981
vt 0.15774149 0.66725981
vt 0.13326949 0.66725981
vt 0.10879764 0.66725981
vt 0.08432567 0.66725981
vt 0.05985376 0.66725981
vt 0.03538179 0.66725981
vt 0.01090989 0.66725981
vt 0.79401195 0.66725981
vt 0.76953995 0.66725981
vt 0.74506807 0.66725981
vt 0.72059596 0.66725981
vt 0.69612408 0.66725981
vt 0.67165226 0.66725981
vt 0.64718020 0.66725981
vt 0.62270850 0.66725981
vt 0.57376432 0.62332606
vt 0.54929245 0.62332606
vt 0.59823644 0.62332606
vt 0.52482057 0.62332606
vt 0.50034869 0.62332606
vt 0.47587663 0.62332606
vt 0.44881684 0.62332606
vt 0.42693284 0.62332606
vt 0.40246090 0.62332606
vt 0.37798890 0.62332606
vt 0.35351697 0.62332606
vt 0.32904500 0.62332606
vt 0.30457306 0.62332606
vt 0.28010118 0.62332606
vt 0.25562927 0.62332606
vt 0.23115733 0.62332606
vt 0.20668539 0.62332606
vt 0.18221340 0.62332606
vt 0.15774149 0.62332606
vt 0.13326949 0.62332606
vt 0.10879764 0.62332606
vt 0.08432567 0.62332606
vt 0.05985376 0.62332606
vt 0.03538179 0.62332606
vt 0.01090989 0.62332606
vt 0.79401195 0.62332606
vt 0.76953995 0.62332606
vt 0.74506807 0.62332606
vt 0.72059596 0.62332606
vt 0.69612408 0.62332606
vt 0.67165226 0.62332606
vt 0.64718020 0.62332606
vt 0.62270850 0.62332606
vt 0.57376432 0.57939237
vt 0.54929245 0.57939237
vt 0.59823644 0.57939237
vt 0.52482057 0.57939237
vt 0.50034869 0.57939237
vt 0.47587663 0.57939237
vt 0.45140475 0.57939237
vt 0.42693284 0.57939237
vt 0.40246090 0.57939237
vt 0.37798890 0.57939237
vt 0.35351697 0.57939237
vt 0.32904500 0.57939237
vt 0.30457306 0.57939237
vt 0.28010118 0.57939237
vt 0.25562927 0.57939237
vt 0.23115733 0.57939237
vt 0.20668539 0.57939237
vt 0.18221340 0.57939237
vt 0.15774149 0.57939237
vt 0.13326949 0.57939237
vt 0.10879764 0.57939237
vt 0.08432567 0.57939237
vt 0.05985376 0.57939237
vt 0.03538179 0.57939237
vt 0.01090989 0.57939237
vt 0.79401195 0.57939237
vt 0.76953995 0.57939237
vt 0.74506807 0.57939237
vt 0.72059596 0.57939237
vt 0.69612408 0.57939237
vt 0.67165226 0.57939237
vt 0.64718020 0.57939237
vt 0.62270850 0.57939237
vt 0.57376432 0.53545856
vt 0.54929245 0.53545856
vt 0.59823644 0.53545856
vt 0.52482057 0.53545856
vt 0.50034869 0.53545856
vt 0.47587663 0.53545856
vt 0.45140475 0.53545856
vt 0.42693284 0.53545856
vt 0.40246090 0.53545856
vt 0.37798890 0.53545856
vt 0.35351697 0.53545856
vt 0.32904500 0.53545856
vt 0.30457306 0.53545856
vt 0.28010118 0.53545856
vt 0.25562927 0.53545856
vt 0.23115733 0.53545856
vt 0.20668539 0.53545856
vt 0.18221340 0.53545856
vt 0.15774149 0.53545856
vt 0.13326949 0.53545856
vt 0.10879764 0.53545856
vt 0.08432567 0.53545856
vt 0.05985376 0.53545856
vt 0.03538179 0.53545856
vt 0.01090989 0.53545856
vt 0.79401195 0.53545856
vt 0.76299345 0.53545856
vt 0.74506807 0.53545856
vt 0.72059596 0.53545856
vt 0.69612408 0.53545856
vt 0.67165226 0.53545856
vt 0.64718020 0.53545856
vt 0.62270850 0.53545856
vt 0.78560483 0.17998159
vt 0.59823644 0.45453775
vt 0.72287726 0.10373199
vt 0.59823632 0.44421792
vt 0.71919793 0.09925991
vt 0.59823644 0.44895262
vt 0.78829491 0.17816997
vt 0.57376432 0.45453775
vt 0.74163491 0.09115249
vt 0.57376432 0.44421792
vt 0.73889726 0.08604896
vt 0.57376432 0.44895262
vt 0.79128671 0.17691803
vt 0.54929245 0.45453775
vt 0.76248544 0.08246636
vt 0.54929233 0.44421792
vt 0.76079369 0.07692701
vt 0.54929245 0.44895262
vt 0.79446495 0.17627311
vt 0.52482057 0.45453775
vt 0.78463119 0.07800770
vt 0.52482051 0.44421792
vt 0.78405058 0.07224387
vt 0.52482057 0.44895262
vt 0.79770792 0.17626065
vt 0.50034869 0.45453775
vt 0.80722564 0.07794797
vt 0.50034869 0.44421792
vt 0.80777931 0.07218015
vt 0.50034869 0.44895262
vt 0.80089080 0.17688107
vt 0.47587663 0.45453775
vt 0.82940543 0.08229172
vt 0.47587663 0.44421792
vt 0.83107221 0.07673985
vt 0.47587663 0.44895262
vt 0.80389088 0.17811060
vt 0.45140475 0.45453775
vt 0.85032439 0.09087533
vt 0.45140475 0.44421792
vt 0.85304189 0.08575058
vt 0.45140475 0.44895262
vt 0.80659342 0.17990190
vt 0.42693284 0.45453775
vt 0.86918718 0.10337937
vt 0.42693284 0.44421792
vt 0.87285709 0.09887522
vt 0.42693284 0.44895262
vt 0.80889428 0.18218601
vt 0.40246090 0.45453775
vt 0.88527197 0.11935318
vt 0.40246090 0.44421792
vt 0.88977456 0.11564946
vt 0.40246090 0.44895262
vt 0.81070518 0.18487525
vt 0.37798890 0.45453775
vt 0.89785969 0.13820726
vt 0.37798890 0.44421792
vt 0.90298635 0.13547456
vt 0.37798890 0.44895262
vt 0.81195635 0.18786645
vt 0.35351697 0.45453775
vt 0.90650713 0.15912068
vt 0.35351697 0.44421792
vt 0.91205978 0.15744197
vt 0.35351697 0.44895262
vt 0.81260026 0.19104445
vt 0.32904500 0.45453775
vt 0.91091323 0.18129867
vt 0.32904506 0.44421792
vt 0.91668189 0.18073320
vt 0.32904500 0.44895262
vt 0.81261146 0.19428724
vt 0.30457306 0.45453775
vt 0.91091561 0.20389998
vt 0.30457306 0.44421792
vt 0.91668189 0.20446837
vt 0.30457306 0.44895262
vt 0.81198990 0.19747007
vt 0.28010118 0.45453775
vt 0.90651691 0.22606224
vt 0.28010118 0.44421792
vt 0.91206086 0.22774261
vt 0.28010118 0.44895262
vt 0.81075954 0.20047075
vt 0.25562927 0.45453775
vt 0.89788711 0.24693918
vt 0.25562927 0.44421792
vt 0.90299684 0.24966693
vt 0.25562927 0.44895262
vt 0.80896723 0.20317364
vt 0.23115733 0.45453775
vt 0.88535821 0.26573294
vt 0.23115733 0.44421792
vt 0.88983810 0.26940286
vt 0.23115733 0.44895262
vt 0.80668205 0.20547533
vt 0.20668539 0.45453775
vt 0.86940992 0.28172517
vt 0.20668539 0.44421792
vt 0.87308913 0.28619719
vt 0.20668539 0.44895262
vt 0.80399179 0.20728701
vt 0.18221340 0.45453775
vt 0.85065168 0.29430485
vt 0.18221340 0.44421792
vt 0.85338974 0.29940814
vt 0.18221340 0.44895262
vt 0.80100024 0.20853925
vt 0.15774149 0.45453775
vt 0.82980192 0.30299079
vt 0.15774149 0.44421792
vt 0.83149338 0.30853003
vt 0.15774149 0.44895262
vt 0.79782206 0.20918393
vt 0.13326949 0.45453775
vt 0.80765587 0.30744946
vt 0.13326958 0.44421792
vt 0.80823636 0.31321323
vt 0.13326961 0.44895262
vt 0.79457903 0.20919639
vt 0.10879764 0.45453775
vt 0.78506136 0.30750906
vt 0.10879764 0.44421792
vt 0.78450769 0.31327724
vt 0.10879764 0.44895262
vt 0.79139632 0.20857579
vt 0.08432567 0.45453775
vt 0.76288164 0.30316556
vt 0.08432567 0.44421792
vt 0.76121485 0.30871725
vt 0.08432567 0.44895262
vt 0.78839600 0.20734650
vt 0.05985376 0.45453775
vt 0.74196255 0.29458183
vt 0.05985373 0.44421792
vt 0.73924530 0.29970664
vt 0.05985376 0.44895262
vt 0.78569365 0.20555532
vt 0.03538179 0.45453775
vt 0.72309989 0.28207797
vt 0.03538179 0.44421792
vt 0.71943009 0.28658217
vt 0.03538179 0.44895262
vt 0.78339267 0.20327115
vt 0.01090989 0.45453775
vt 0.79401195 0.45453775
vt 0.70701504 0.26610386
vt 0.01090989 0.44421792
vt 0.70251238 0.26980793
vt 0.79401195 0.44421792
vt 0.01090989 0.44895262
vt 0.79401195 0.44895262
vt 0.78158176 0.20058179
vt 0.76953995 0.45453775
vt 0.69442773 0.24724984
vt 0.68930078 0.24998277
vt 0.76953995 0.44421792
vt 0.76953995 0.44895262
vt 0.78033030 0.19759071
vt 0.74506807 0.45453775
vt 0.68577957 0.22633660
vt 0.68022728 0.22801518
vt 0.74506807 0.44421792
vt 0.74506807 0.44895262
vt 0.77968687 0.19441259
vt 0.72059596 0.45453775
vt 0.68137395 0.20415843
vt 0.67560494 0.20472389
vt 0.72059602 0.44421792
vt 0.72059596 0.44895262
vt 0.77967548 0.19116992
vt 0.69612408 0.45453775
vt 0.68137133 0.18155754
vt 0.67560482 0.18098879
vt 0.69612402 0.44421792
vt 0.69612408 0.44895262
vt 0.78029728 0.18798709
vt 0.67165226 0.45453775
vt 0.68576998 0.15939492
vt 0.67165226 0.44421792
vt 0.68022621 0.15771437
vt 0.67165226 0.44895262
vt 0.78152752 0.18498659
vt 0.64718020 0.45453775
vt 0.69439965 0.13851786
vt 0.64718020 0.44421792
vt 0.68929005 0.13579047
vt 0.64718020 0.44895262
vt 0.78331983 0.18228340
vt 0.62270850 0.45453775
vt 0.70692873 0.11972427
vt 0.62270838 0.44421792
vt 0.70244879 0.11605418
vt 0.62270850 0.44895262
vt 0.58959973 0.38140529
vt 0.59823632 0.91755450
vt 0.87793791 0.29794484
vt 0.67363203 0.28649163
vt 0.96253467 0.39261168
vt 0.66355991 0.30319238
vt 0.95258367 0.37584293
vt 0.65220886 0.31914753
vt 0.94134927 0.35985160
vt 0.63923317 0.33470702
vt 0.92831719 0.34432817
vt 0.62484294 0.34971249
vt 0.91351318 0.32965481
vt 0.60746992 0.36601007
vt 0.89615327 0.31314260
vt 0.57376432 0.91755450
vt 0.86201197 0.31864250
vt 0.95121300 0.40040088
vt 0.93977237 0.38673735
vt 0.92739916 0.37338060
vt 0.91398895 0.36054754
vt 0.89814800 0.34676415
vt 0.88087320 0.33291763
vt 0.54929233 0.91755450
vt 0.84741485 0.33958519
vt 0.94151163 0.40970099
vt 0.92912650 0.39869785
vt 0.91616654 0.38788426
vt 0.90106821 0.37614006
vt 0.88466668 0.36428821
vt 0.86690235 0.35219979
vt 0.52482051 0.91755450
vt 0.83415556 0.36134422
vt 0.93330628 0.42003322
vt 0.91919446 0.41060150
vt 0.90482497 0.40142500
vt 0.89011681 0.39231694
vt 0.87312889 0.38237166
vt 0.85388565 0.37192154
vt 0.50034869 0.91755450
vt 0.82328272 0.38423938
vt 0.92667651 0.43127400
vt 0.91092706 0.42343354
vt 0.89569128 0.41609174
vt 0.87992412 0.40871686
vt 0.86238921 0.40084910
vt 0.84335303 0.39268208
vt 0.47587663 0.91755450
vt 0.81477666 0.40789115
vt 0.92152363 0.44317901
vt 0.90507853 0.43731868
vt 0.88877499 0.43166864
vt 0.87198985 0.42603654
vt 0.85428464 0.42024910
vt 0.83531100 0.41423053
vt 0.45140475 0.91755450
vt 0.80868554 0.43209136
vt 0.91783547 0.45557451
vt 0.90090251 0.45166618
vt 0.88419646 0.44790995
vt 0.86703610 0.44416928
vt 0.84896004 0.44032562
vt 0.82961476 0.43631840
vt 0.42693284 0.91755450
vt 0.80504549 0.45666718
vt 0.91566277 0.46828783
vt 0.89845586 0.46633947
vt 0.88148618 0.46446586
vt 0.86409009 0.46261704
vt 0.84579188 0.46072507
vt 0.82621872 0.45875192
vt 0.40246090 0.91755450
vt 0.80388665 0.48143625
vt 0.91491425 0.48115110
vt 0.89759743 0.48115170
vt 0.88058060 0.48115575
vt 0.86314845 0.48120248
vt 0.84479511 0.48128057
vt 0.82514644 0.48136187
vt 0.37798890 0.91755450
vt 0.80522048 0.50621182
vt 0.91570598 0.49403113
vt 0.89900774 0.49591208
vt 0.88276410 0.49775863
vt 0.86503041 0.49973178
vt 0.84645796 0.50181448
vt 0.82642221 0.50396830
vt 0.35351697 0.91755450
vt 0.80904031 0.53080493
vt 0.91870034 0.50658685
vt 0.90263438 0.51030499
vt 0.88703704 0.51393741
vt 0.86963588 0.51789451
vt 0.85117996 0.52202958
vt 0.83035916 0.52637935
vt 0.32904506 0.91755450
vt 0.81531072 0.55501091
vt 0.92295146 0.51872188
vt 0.90802705 0.52413547
vt 0.89167655 0.52993000
vt 0.87467146 0.53577840
vt 0.85657442 0.54178774
vt 0.83619249 0.54842544
vt 0.30457306 0.91755450
vt 0.82394636 0.57861865
vt 0.92754716 0.53078258
vt 0.91269016 0.53834575
vt 0.89807045 0.54547650
vt 0.88161039 0.55322111
vt 0.86288011 0.56182683
vt 0.84388781 0.57013810
vt 0.28010118 0.91755450
vt 0.83489192 0.60142058
vt 0.93351567 0.54239917
vt 0.91990542 0.55162776
vt 0.90629625 0.56038868
vt 0.89054620 0.57003725
vt 0.87251711 0.58068532
vt 0.85411727 0.59099877
vt 0.25562927 0.91755450
vt 0.84796810 0.62330312
vt 0.94163752 0.55278510
vt 0.92857862 0.56444848
vt 0.91523814 0.57558966
vt 0.90015769 0.58731633
vt 0.88365746 0.59930724
vt 0.86643875 0.61110348
vt 0.23115733 0.91755450
vt 0.86291999 0.64421785
vt 0.95132959 0.56200749
vt 0.93951398 0.57606190
vt 0.92690778 0.58962321
vt 0.91280341 0.60329592
vt 0.89742273 0.61683702
vt 0.88077641 0.63039416
vt 0.20668539 0.91755450
vt 0.58925253 0.01292515
vt 0.87942350 0.66415298
vt 0.67361283 0.10803449
vt 0.96255517 0.56974339
vt 0.66378254 0.09183747
vt 0.95289111 0.58585399
vt 0.65253592 0.07597792
vt 0.94181043 0.60160345
vt 0.63915944 0.05969781
vt 0.92860377 0.61772829
vt 0.62396377 0.04374534
vt 0.91362345 0.63355023
vt 0.60718614 0.02824223
vt 0.89710844 0.64896184
vt 0.18221340 0.91755450
vt 0.57264042 0.03315938
vt 0.66234839 0.11589205
vt 0.65032578 0.10179478
vt 0.63750160 0.08814692
vt 0.62371987 0.07478714
vt 0.60808647 0.06102729
vt 0.59077787 0.04707932
vt 0.15774149 0.91755450
vt 0.55765188 0.05436325
vt 0.65264809 0.12520683
vt 0.63892740 0.11315298
vt 0.62486523 0.10157275
vt 0.61005700 0.09017378
vt 0.59385812 0.07850051
vt 0.57635337 0.06659341
vt 0.13326958 0.91755450
vt 0.54459023 0.07649672
vt 0.64447027 0.13564992
vt 0.62954563 0.12569475
vt 0.61446267 0.11607420
vt 0.59872210 0.10653043
vt 0.58198655 0.09686184
vt 0.56401098 0.08690751
vt 0.10879764 0.91755450
vt 0.53369045 0.09950984
vt 0.63778621 0.14697373
vt 0.62191242 0.13905001
vt 0.60608339 0.13137746
vt 0.58970755 0.12375510
vt 0.57237494 0.11600482
vt 0.55378699 0.10797322
vt 0.08432567 0.91755450
vt 0.52508444 0.12328136
vt 0.63258511 0.15897530
vt 0.61600345 0.15305710
vt 0.59981513 0.14737976
vt 0.58329856 0.14181459
vt 0.56492466 0.13577765
vt 0.54574710 0.12969935
vt 0.05985376 0.91755450
vt 0.51888210 0.14765203
vt 0.62885779 0.17147595
vt 0.61179215 0.16751856
vt 0.59582537 0.16389859
vt 0.57946229 0.16037023
vt 0.55997545 0.15612733
vt 0.53996992 0.15195167
vt 0.03538179 0.91755450
vt 0.51515967 0.17243457
vt 0.62665296 0.18430877
vt 0.60972178 0.18235874
vt 0.59318590 0.18050700
vt 0.57649982 0.17879796
vt 0.55671954 0.17661881
vt 0.53651786 0.17455798
vt 0.01090989 0.91755450
vt 0.51397264 0.19742477
vt 0.79401195 0.91755450
vt 0.62593836 0.19727987
vt 0.60951281 0.19729662
vt 0.59344399 0.19730878
vt 0.57449454 0.19745970
vt 0.55661327 0.19733059
vt 0.53569317 0.19738197
vt 0.51526910 0.22239816
vt 0.76953995 0.91755450
vt 0.62667859 0.21024817
vt 0.60975295 0.21223772
vt 0.59321177 0.21412981
vt 0.57494771 0.21618354
vt 0.55669272 0.21809840
vt 0.53661621 0.22020435
vt 0.51906145 0.24713844
vt 0.74506807 0.91755450
vt 0.62890899 0.22306949
vt 0.61186165 0.22707480
vt 0.59505498 0.23095322
vt 0.57778114 0.23479003
vt 0.55958360 0.23870814
vt 0.54011381 0.24279284
vt 0.52532399 0.27144945
vt 0.72059602 0.91755450
vt 0.63265741 0.23554468
vt 0.61611748 0.24152803
vt 0.59971333 0.24731398
vt 0.58282268 0.25305510
vt 0.56500781 0.25890946
vt 0.54593915 0.26500100
vt 0.53397447 0.29515374
vt 0.69612402 0.91755450
vt 0.63784784 0.24754590
vt 0.62202227 0.25553268
vt 0.60621864 0.26322132
vt 0.58985996 0.27085614
vt 0.57255536 0.27862102
vt 0.55401355 0.28666925
vt 0.54491132 0.31809264
vt 0.67165226 0.91755450
vt 0.64447808 0.25889778
vt 0.62962890 0.26889193
vt 0.61459267 0.27852690
vt 0.59888732 0.28806919
vt 0.58218938 0.29772305
vt 0.56426632 0.30766869
vt 0.55798846 0.34014332
vt 0.64718020 0.91755450
vt 0.65265477 0.26934564
vt 0.63900560 0.28143919
vt 0.62488967 0.29310894
vt 0.60992342 0.30461121
vt 0.59387422 0.31614375
vt 0.57660508 0.32791835
vt 0.57298630 0.36124986
vt 0.62270844 0.91755450
vt 0.66235900 0.27863079
vt 0.65026510 0.29293084
vt 0.63722074 0.30681646
vt 0.62326872 0.32019919
vt 0.60815793 0.33346808
vt 0.59097064 0.34736282
vt 0.68331587 0.26864165
vt 0.97210193 0.41048831
vt 0.97366482 0.94996983
vt 0.97366482 0.58867878
vt 0.96356112 0.41616112
vt 0.97366482 0.93861783
vt 0.95600736 0.42322481
vt 0.97366482 0.92728013
vt 0.94950128 0.43132901
vt 0.97366482 0.91593260
vt 0.94416231 0.44035077
vt 0.97366482 0.90456796
vt 0.93997562 0.45002365
vt 0.97366482 0.89331746
vt 0.93697333 0.46016312
vt 0.97366482 0.88307703
vt 0.93518031 0.47061062
vt 0.97366482 0.87192571
vt 0.93459475 0.48119962
vt 0.97366482 0.86079729
vt 0.93524075 0.49178457
vt 0.97366482 0.84943342
vt 0.93711936 0.50222391
vt 0.97366482 0.83807701
vt 0.94020486 0.51236862
vt 0.97366482 0.82673562
vt 0.94438803 0.52208179
vt 0.97366482 0.81538677
vt 0.94971699 0.53113455
vt 0.97366482 0.80403376
vt 0.95615369 0.53932208
vt 0.97366482 0.79266918
vt 0.96365118 0.54635215
vt 0.97366482 0.78130031
vt 0.68331587 0.12587881
vt 0.97210193 0.55197775
vt 0.97366482 0.76993418
vt 0.67479825 0.13162422
vt 0.97366482 0.75857139
vt 0.66726291 0.13876510
vt 0.97366482 0.74720228
vt 0.66078115 0.14701080
vt 0.97366482 0.73582876
vt 0.65541065 0.15611672
vt 0.97366482 0.72445405
vt 0.65119475 0.16587722
vt 0.97366482 0.71308064
vt 0.64816707 0.17610967
vt 0.97366482 0.70171142
vt 0.64635706 0.18665433
vt 0.97366482 0.69034976
vt 0.64576644 0.19735014
vt 0.97366482 0.67899525
vt 0.64639026 0.20803952
vt 0.97366482 0.66790795
vt 0.64823198 0.21856773
vt 0.97366482 0.65691990
vt 0.65128762 0.22878063
vt 0.97366482 0.64554697
vt 0.65552044 0.23851854
vt 0.97366482 0.63416958
vt 0.66083699 0.24764442
vt 0.97366482 0.62279224
vt 0.66730797 0.25585318
vt 0.97366482 0.61141783
vt 0.67482823 0.26294386
vt 0.97366482 0.60004508
vt 0.69121450 0.39334118
vt 0.92382342 0.64012837
vt 0.92382348 0.92271382
vt 0.69987553 0.39506340
vt 0.92382348 0.64895916
vt 0.70870632 0.39506340
vt 0.92382348 0.65779006
vt 0.71736753 0.39334083
vt 0.92382348 0.66662097
vt 0.72552609 0.38996142
vt 0.92382348 0.67545152
vt 0.73286849 0.38505495
vt 0.92382342 0.68428230
vt 0.73911285 0.37881106
vt 0.92382342 0.69311333
vt 0.74401885 0.37146854
vt 0.92382342 0.70194405
vt 0.74739820 0.36330998
vt 0.92382342 0.71077490
vt 0.74912131 0.35464871
vt 0.92382342 0.71960580
vt 0.74912131 0.34581804
vt 0.92382342 0.72843653
vt 0.74739820 0.33715695
vt 0.92382342 0.73726720
vt 0.74401873 0.32899827
vt 0.92382342 0.74609816
vt 0.73911285 0.32165587
vt 0.92382342 0.75492907
vt 0.73286837 0.31541145
vt 0.92382342 0.76375961
vt 0.72552598 0.31050539
vt 0.92382342 0.77259052
vt 0.71736741 0.30712605
vt 0.92382342 0.78142130
vt 0.70870620 0.30540323
vt 0.92382342 0.79025209
vt 0.69987530 0.30540323
vt 0.92382342 0.79908299
vt 0.69121414 0.30712605
vt 0.92382342 0.80791366
vt 0.68305570 0.31050539
vt 0.92382342 0.81674445
vt 0.67571318 0.31541157
vt 0.92382342 0.82557511
vt 0.66946876 0.32165587
vt 0.92382342 0.83440614
vt 0.66456276 0.32899839
vt 0.92382342 0.84323692
vt 0.66118324 0.33715719
vt 0.92382348 0.85206771
vt 0.65946043 0.34581828
vt 0.92382348 0.86089826
vt 0.65946043 0.35464895
vt 0.92382348 0.86972898
vt 0.66118324 0.36331034
vt 0.92382348 0.87856007
vt 0.66456288 0.37146890
vt 0.92382348 0.88739055
vt 0.66946888 0.37881160
vt 0.92382348 0.89622146
vt 0.67571342 0.38505578
vt 0.92382348 0.90505236
vt 0.68305582 0.38996184
vt 0.92382348 0.91388297
vt 0.95482069 0.93459994
vt 0.95482069 0.61638540
vt 0.96487379 0.94996983
vt 0.96487379 0.58867878
vt 0.95482045 0.92465580
vt 0.96487379 0.93861783
vt 0.95482010 0.91471171
vt 0.96487379 0.92728013
vt 0.95481980 0.90476704
vt 0.96487379 0.91593260
vt 0.95481956 0.89482296
vt 0.96487379 0.90456796
vt 0.95481920 0.88487887
vt 0.96487379 0.89331746
vt 0.95481855 0.87493455
vt 0.96487379 0.88307703
vt 0.95481837 0.86499047
vt 0.96487379 0.87192571
vt 0.95481789 0.85504609
vt 0.96487379 0.86079729
vt 0.95481765 0.84510183
vt 0.96487379 0.84943342
vt 0.95481730 0.83515757
vt 0.96487379 0.83807701
vt 0.95481694 0.82521343
vt 0.96487379 0.82673562
vt 0.95481718 0.81526977
vt 0.96487379 0.81538677
vt 0.95481741 0.80532551
vt 0.96487379 0.80403376
vt 0.95481741 0.79538101
vt 0.96487379 0.79266918
vt 0.95481765 0.78543699
vt 0.96487379 0.78130031
vt 0.95481777 0.77549279
vt 0.96487379 0.76993418
vt 0.95481789 0.76554847
vt 0.96487379 0.75857139
vt 0.95481825 0.75560427
vt 0.96487379 0.74720228
vt 0.95481837 0.74565995
vt 0.96487379 0.73582876
vt 0.95481855 0.73571575
vt 0.96487379 0.72445405
vt 0.95481896 0.72577155
vt 0.96487379 0.71308064
vt 0.95481908 0.71582723
vt 0.96487379 0.70171142
vt 0.95481932 0.70588315
vt 0.96487379 0.69034976
vt 0.95481956 0.69593894
vt 0.96487379 0.67899525
vt 0.95481968 0.68599474
vt 0.96487379 0.66790795
vt 0.95481980 0.67605048
vt 0.96487379 0.65691990
vt 0.95481998 0.66610622
vt 0.96487379 0.64554697
vt 0.95482010 0.65616220
vt 0.96487379 0.63416958
vt 0.95482022 0.64621794
vt 0.96487379 0.62279224
vt 0.95482045 0.63627368
vt 0.96487379 0.61141783
vt 0.95482057 0.62632948
vt 0.96487379 0.60004508
vt 0.68956596 0.39877594
vt 0.94508499 0.93460041
vt 0.94508499 0.61638528
vt 0.69931889 0.40071589
vt 0.94508469 0.92465615
vt 0.70926309 0.40071589
vt 0.94508427 0.91471195
vt 0.71901631 0.39877570
vt 0.94508386 0.90476739
vt 0.72820348 0.39497030
vt 0.94508350 0.89482331
vt 0.73647171 0.38944572
vt 0.94508326 0.88487911
vt 0.74350333 0.38241410
vt 0.94508278 0.87493491
vt 0.74902815 0.37414563
vt 0.94508243 0.86499059
vt 0.75283325 0.36495852
vt 0.94508207 0.85504633
vt 0.75477350 0.35520542
vt 0.94508171 0.84510207
vt 0.75477350 0.34526145
vt 0.94508141 0.83515781
vt 0.75283325 0.33550805
vt 0.94508123 0.82521343
vt 0.74902815 0.32632107
vt 0.94508123 0.81526953
vt 0.74350333 0.31805277
vt 0.94508141 0.80532527
vt 0.73647171 0.31102103
vt 0.94508165 0.79538083
vt 0.72820348 0.30549628
vt 0.94508183 0.78543687
vt 0.71901619 0.30169082
vt 0.94508195 0.77549249
vt 0.70926297 0.29975080
vt 0.94508231 0.76554829
vt 0.69931865 0.29975080
vt 0.94508243 0.75560391
vt 0.68956572 0.30169082
vt 0.94508255 0.74565977
vt 0.68037838 0.30549628
vt 0.94508278 0.73571563
vt 0.67211002 0.31102103
vt 0.94508302 0.72577143
vt 0.66507822 0.31805277
vt 0.94508326 0.71582711
vt 0.65955353 0.32632107
vt 0.94508350 0.70588291
vt 0.65574813 0.33550829
vt 0.94508350 0.69593883
vt 0.65380806 0.34526157
vt 0.94508374 0.68599451
vt 0.65380806 0.35520560
vt 0.94508398 0.67605036
vt 0.65574813 0.36495900
vt 0.94508398 0.66610599
vt 0.65955365 0.37414634
vt 0.94508427 0.65616196
vt 0.66507834 0.38241458
vt 0.94508445 0.64621770
vt 0.67211002 0.38944626
vt 0.94508469 0.63627356
vt 0.68037850 0.39497101
vt 0.94508493 0.62632936
vt 0.59823644 0.87590110
vt 0.57376432 0.87590110
vt 0.62270850 0.87590110
vt 0.54929245 0.87590110
vt 0.52482057 0.87590110
vt 0.50034869 0.87590110
vt 0.47587663 0.87590110
vt 0.45140475 0.87590110
vt 0.42693284 0.87590110
vt 0.40246090 0.87590110
vt 0.37798890 0.87590110
vt 0.35351697 0.87590110
vt 0.32904500 0.87590110
vt 0.30457306 0.87590110
vt 0.28010118 0.87590110
vt 0.25562927 0.87590110
vt 0.23115733 0.87590110
vt 0.20668539 0.87590110
vt 0.18221340 0.87590110
vt 0.15774149 0.87590110
vt 0.13326949 0.87590110
vt 0.10879764 0.87590110
vt 0.08432567 0.87590110
vt 0.05985376 0.87590110
vt 0.03538179 0.87590110
vt 0.01090989 0.87590110
vt 0.79401195 0.87590110
vt 0.76953995 0.87590110
vt 0.74506807 0.87590110
vt 0.72059596 0.87590110
vt 0.69612408 0.87590110
vt 0.67165226 0.87590110
vt 0.64718020 0.87590110
vt 0.57376432 0.50205630
vt 0.54929239 0.50205630
vt 0.59823644 0.50205630
vt 0.52482057 0.50205630
vt 0.50034869 0.50205630
vt 0.47587663 0.50205630
vt 0.45140475 0.50205630
vt 0.42693284 0.50205630
vt 0.40246090 0.50205630
vt 0.37798890 0.50205630
vt 0.35351697 0.50205630
vt 0.32904500 0.50205630
vt 0.30457306 0.50205630
vt 0.28010118 0.50205630
vt 0.25562927 0.50205630
vt 0.23115733 0.50205630
vt 0.20668539 0.50205630
vt 0.18221340 0.50205630
vt 0.15774149 0.50205630
vt 0.13326949 0.50205630
vt 0.10879764 0.50205630
vt 0.08432567 0.50205630
vt 0.05985376 0.50205630
vt 0.03538179 0.50205630
vt 0.01090989 0.50205630
vt 0.79401195 0.50205630
vt 0.76953995 0.50205630
vt 0.74506807 0.50205630
vt 0.72059596 0.50205630
vt 0.69612408 0.50205630
vt 0.67165226 0.50205630
vt 0.64718020 0.50205630
vt 0.62270850 0.50205630
vt 0.69079846 0.39471245
vt 0.69973516 0.39648962
vt 0.70884699 0.39648962
vt 0.71778351 0.39471209
vt 0.72620159 0.39122522
vt 0.73377758 0.38616300
vt 0.74022055 0.37971997
vt 0.74528271 0.37214386
vt 0.74876970 0.36372590
vt 0.75054723 0.35478926
vt 0.75054723 0.34567761
vt 0.74876970 0.33674085
vt 0.74528271 0.32832265
vt 0.74022055 0.32074672
vt 0.73377758 0.31430364
vt 0.72620147 0.30924153
vt 0.71778339 0.30575454
vt 0.70884675 0.30397701
vt 0.69973493 0.30397701
vt 0.69079810 0.30575454
vt 0.68238008 0.30924153
vt 0.67480409 0.31430364
vt 0.66836107 0.32074672
vt 0.66329855 0.32832277
vt 0.65981168 0.33674109
vt 0.65803415 0.34567785
vt 0.65803415 0.35478950
vt 0.65981168 0.36372638
vt 0.66329867 0.37214434
vt 0.66836119 0.37972051
vt 0.67480421 0.38616347
vt 0.68238020 0.39122581
vt 0.92519832 0.85206771
vt 0.92519814 0.73726720
vt 0.92519832 0.86089826
vt 0.92519814 0.74609828
vt 0.92519832 0.86972898
vt 0.92519814 0.75492907
vt 0.92519844 0.87856007
vt 0.92519814 0.76375961
vt 0.92519844 0.64895916
vt 0.92519844 0.88739055
vt 0.92519814 0.77259040
vt 0.92519844 0.65779006
vt 0.92519844 0.89622146
vt 0.92519814 0.78142130
vt 0.92519844 0.66662097
vt 0.92519844 0.90505236
vt 0.92519832 0.79025209
vt 0.92519832 0.67545152
vt 0.92519844 0.91388297
vt 0.92519832 0.79908288
vt 0.92519832 0.68428230
vt 0.92519832 0.80791366
vt 0.92519832 0.69311333
vt 0.92519832 0.81674445
vt 0.92519832 0.70194405
vt 0.92519832 0.82557499
vt 0.92519832 0.71077490
vt 0.92519832 0.83440614
vt 0.92519832 0.71960580
vt 0.92519832 0.84323692
vt 0.92519832 0.72843653
vt 0.92519832 0.64012837
vt 0.92519844 0.92271382
vt 0.97046518 0.67899525
vt 0.97046518 0.69034976
vt 0.97046518 0.70171142
vt 0.97046518 0.71308064
vt 0.97046518 0.72445405
vt 0.97046518 0.73582876
vt 0.97046518 0.74720228
vt 0.97046518 0.75857139
vt 0.97046518 0.76993418
vt 0.97046518 0.78130031
vt 0.97046518 0.79266918
vt 0.97046518 0.80403376
vt 0.97046518 0.81538677
vt 0.97046518 0.66790795
vt 0.97046518 0.65691990
vt 0.97046518 0.64554697
vt 0.97046518 0.94996983
vt 0.97046518 0.58867878
vt 0.97046518 0.93861783
vt 0.97046518 0.63416958
vt 0.97046518 0.92728013
vt 0.97046518 0.62279224
vt 0.97046518 0.91593260
vt 0.97046518 0.61141783
vt 0.97046518 0.90456796
vt 0.97046518 0.60004508
vt 0.97046518 0.89331746
vt 0.97046518 0.88307703
vt 0.97046518 0.87192571
vt 0.97046518 0.86079729
vt 0.97046518 0.84943342
vt 0.97046518 0.83807701
vt 0.97046518 0.82673562
vt 0.74794859 0.32689798
vt 0.75166214 0.33586335
vt 0.75355518 0.34538132
vt 0.75355518 0.35508567
vt 0.75166214 0.36460310
vt 0.74794859 0.37356889
vt 0.74255711 0.38163751
vt 0.73569500 0.38849956
vt 0.68095541 0.39389157
vt 0.72762620 0.39389098
vt 0.67288637 0.38850021
vt 0.71866107 0.39760441
vt 0.66602445 0.38163805
vt 0.70914298 0.39949763
vt 0.66063315 0.37356901
vt 0.68992120 0.39760482
vt 0.69943893 0.39949775
vt 0.65502608 0.35508579
vt 0.65691930 0.36460358
vt 0.74255711 0.31882918
vt 0.73569500 0.31196725
vt 0.72762620 0.30657554
vt 0.71866071 0.30286205
vt 0.70914274 0.30096889
vt 0.69943869 0.30096900
vt 0.68992096 0.30286205
vt 0.68095517 0.30657572
vt 0.67288625 0.31196725
vt 0.66602445 0.31882918
vt 0.66063315 0.32689816
vt 0.65691930 0.33586371
vt 0.65502608 0.34538144
vt 0.95319319 0.69593883
vt 0.95319343 0.68599474
vt 0.95319057 0.82521355
vt 0.95319092 0.81526965
vt 0.95319355 0.67605048
vt 0.95319110 0.80532539
vt 0.95319372 0.66610622
vt 0.95319128 0.79538089
vt 0.95319444 0.93460006
vt 0.95319444 0.61638540
vt 0.95319420 0.92465580
vt 0.95319384 0.65616220
vt 0.95319140 0.78543687
vt 0.95319384 0.91471183
vt 0.95319396 0.64621794
vt 0.95319176 0.77549279
vt 0.95319355 0.90476727
vt 0.95319420 0.63627368
vt 0.95319188 0.76554835
vt 0.95319331 0.89482296
vt 0.95319432 0.62632948
vt 0.95319211 0.75560427
vt 0.95319283 0.88487887
vt 0.95319235 0.74565989
vt 0.95319259 0.87493467
vt 0.95319259 0.73571563
vt 0.95319223 0.86499047
vt 0.95319271 0.72577155
vt 0.95319176 0.85504609
vt 0.95319283 0.71582735
vt 0.95319128 0.84510183
vt 0.95319283 0.70588315
vt 0.95319092 0.83515757
vt 0.94674838 0.69593883
vt 0.94674599 0.82521355
vt 0.94674975 0.93460029
vt 0.94674975 0.61638528
vt 0.94674850 0.68599463
vt 0.94674611 0.81526953
vt 0.94674885 0.67605036
vt 0.94674635 0.80532527
vt 0.94674897 0.66610599
vt 0.94674647 0.79538083
vt 0.94674927 0.92465603
vt 0.94674909 0.65616196
vt 0.94674659 0.78543687
vt 0.94674909 0.91471183
vt 0.94674927 0.64621770
vt 0.94674683 0.77549249
vt 0.94674885 0.90476739
vt 0.94674927 0.63627368
vt 0.94674718 0.76554829
vt 0.94674838 0.89482319
vt 0.94674939 0.62632936
vt 0.94674718 0.75560391
vt 0.94674814 0.88487911
vt 0.94674730 0.74565977
vt 0.94674766 0.87493479
vt 0.94674754 0.73571563
vt 0.94674730 0.86499059
vt 0.94674802 0.72577143
vt 0.94674695 0.85504633
vt 0.94674814 0.71582711
vt 0.94674659 0.84510219
vt 0.94674826 0.70588291
vt 0.94674635 0.83515781
vt 0.74437642 0.09625864
vt 0.72656041 0.10820639
vt 0.76417953 0.08800960
vt 0.78521323 0.08377552
vt 0.80667317 0.08372021
vt 0.82773876 0.08784777
vt 0.84760535 0.09600425
vt 0.86551428 0.10788560
vt 0.88077182 0.12305760
vt 0.89273131 0.14094555
vt 0.90095180 0.16080332
vt 0.90514016 0.18186688
vt 0.90514445 0.20333302
vt 0.90096831 0.22438252
vt 0.89277309 0.24421144
vt 0.88087380 0.26206142
vt 0.86572635 0.27725077
vt 0.84791064 0.28919846
vt 0.82810760 0.29744768
vt 0.80707383 0.30168170
vt 0.78561389 0.30173695
vt 0.76454836 0.29760951
vt 0.74468172 0.28945321
vt 0.72677279 0.27757156
vt 0.71151507 0.26239967
vt 0.69955570 0.24451160
vt 0.69133520 0.22465384
vt 0.68714678 0.20359027
vt 0.68714225 0.18212420
vt 0.69131839 0.16107434
vt 0.69951379 0.14124584
vt 0.71141303 0.12339574
vt 0.74890035 0.10468531
vt 0.73263931 0.11559033
vt 0.76697546 0.09715700
vt 0.78617382 0.09329385
vt 0.80576050 0.09324557
vt 0.82498670 0.09701645
vt 0.84311616 0.10446608
vt 0.85945261 0.11531609
vt 0.87335873 0.12916034
vt 0.88427490 0.14546704
vt 0.89178526 0.16358334
vt 0.89561391 0.18280649
vt 0.89562142 0.20239890
vt 0.89181185 0.22161198
vt 0.88433325 0.23971045
vt 0.87347317 0.25600314
vt 0.85964775 0.26986694
vt 0.84338647 0.28077197
vt 0.82531172 0.28830034
vt 0.80611336 0.29216307
vt 0.78652638 0.29221153
vt 0.76730013 0.28844076
vt 0.74917066 0.28099108
vt 0.73283446 0.27014118
vt 0.71892822 0.25629675
vt 0.70801228 0.23999035
vt 0.70050156 0.22187400
vt 0.69667315 0.20265079
vt 0.69666553 0.18305826
vt 0.70047522 0.16384548
vt 0.70795381 0.14574659
vt 0.71881402 0.12945402
vt 0.77545643 0.15435821
vt 0.76836789 0.15913200
vt 0.78334022 0.15105838
vt 0.79171598 0.14935946
vt 0.80026239 0.14932656
vt 0.80865085 0.15096152
vt 0.81655914 0.15420127
vt 0.82368314 0.15892196
vt 0.82974875 0.16494167
vt 0.83452332 0.17203069
vt 0.83782244 0.17991596
vt 0.83951867 0.18829370
vt 0.83954763 0.19684136
vt 0.83790863 0.20523012
vt 0.83466464 0.21313751
vt 0.82994115 0.22026038
vt 0.82391930 0.22632504
vt 0.81683040 0.23109889
vt 0.80894685 0.23439872
vt 0.80057108 0.23609775
vt 0.79202455 0.23613071
vt 0.78363597 0.23449576
vt 0.77572775 0.23125565
vt 0.76860380 0.22653496
vt 0.76253808 0.22051525
vt 0.75776368 0.21342635
vt 0.75446463 0.20554113
vt 0.75276840 0.19716346
vt 0.75273931 0.18861592
vt 0.75437844 0.18022716
vt 0.75762236 0.17231965
vt 0.76234597 0.16519684
vt 0.79614317 0.19272864
vt 0.48865491 0.36060631
vt 0.56534100 0.39237082
vt 0.50173587 0.42636871
vt 0.48393136 0.36767548
vt 0.56534100 0.38386893
vt 0.48067784 0.37553024
vt 0.56368244 0.37553024
vt 0.47901931 0.38386893
vt 0.56042886 0.36767548
vt 0.47901931 0.39237094
vt 0.55570537 0.36060631
vt 0.50959063 0.42962223
vt 0.48067784 0.40070939
vt 0.54969370 0.35459471
vt 0.51792920 0.43128091
vt 0.48393136 0.40856445
vt 0.54262459 0.34987104
vt 0.52643114 0.43128091
vt 0.48865509 0.41563344
vt 0.53476977 0.34661758
vt 0.53476977 0.42962223
vt 0.49466667 0.42164516
vt 0.52643114 0.34495902
vt 0.54262459 0.42636871
vt 0.51792920 0.34495902
vt 0.54969370 0.42164505
vt 0.50959051 0.34661758
vt 0.55570549 0.41563344
vt 0.50173575 0.34987104
vt 0.56042886 0.40856421
vt 0.49466667 0.35459471
vt 0.56368244 0.40070939
vt 0.48735818 0.35954249
vt 0.93355048 0.84323692
vt 0.48245198 0.36688483
vt 0.93355048 0.85206771
vt 0.56701052 0.39253521
vt 0.93355048 0.72843659
vt 0.56701052 0.38370454
vt 0.93355048 0.73726720
vt 0.47907269 0.37504345
vt 0.93355048 0.86089826
vt 0.56528759 0.37504345
vt 0.93355048 0.74609828
vt 0.47734997 0.38370454
vt 0.93355048 0.86972898
vt 0.56190836 0.36688483
vt 0.93355048 0.75492907
vt 0.47734997 0.39253533
vt 0.93355048 0.87856007
vt 0.55700213 0.35954237
vt 0.93355048 0.76375961
vt 0.50094515 0.42784810
vt 0.93355048 0.92271382
vt 0.93355048 0.64012837
vt 0.50910366 0.43122727
vt 0.93355048 0.64895916
vt 0.47907269 0.40119648
vt 0.93355048 0.88739055
vt 0.55075783 0.35329795
vt 0.93355048 0.77259040
vt 0.51776469 0.43295002
vt 0.93355048 0.65779006
vt 0.48245198 0.40935493
vt 0.93355048 0.89622134
vt 0.54341501 0.34839177
vt 0.93355048 0.78142130
vt 0.52659559 0.43295002
vt 0.93355048 0.66662097
vt 0.48735830 0.41669744
vt 0.93355048 0.90505224
vt 0.53525662 0.34501243
vt 0.93355048 0.79025209
vt 0.53525662 0.43122727
vt 0.93355048 0.67545152
vt 0.49360254 0.42294192
vt 0.93355048 0.91388297
vt 0.52659547 0.34328973
vt 0.93355048 0.79908288
vt 0.54341525 0.42784798
vt 0.93355048 0.68428230
vt 0.51776457 0.34328973
vt 0.93355048 0.80791366
vt 0.55075783 0.42294192
vt 0.93355048 0.69311333
vt 0.50910366 0.34501243
vt 0.93355048 0.81674445
vt 0.55700225 0.41669732
vt 0.93355048 0.70194405
vt 0.50094503 0.34839189
vt 0.93355048 0.82557499
vt 0.56190842 0.40935481
vt 0.93355048 0.71077490
vt 0.49360254 0.35329795
vt 0.93355048 0.83440614
vt 0.56528759 0.40119636
vt 0.93355048 0.71960580
vt 0.93220317 0.85206771
vt 0.93220305 0.73726720
vt 0.93220317 0.86089826
vt 0.93220305 0.74609828
vt 0.93220317 0.86972898
vt 0.93220305 0.75492907
vt 0.93220317 0.87856007
vt 0.93220305 0.76375961
vt 0.93220329 0.64895916
vt 0.93220329 0.88739055
vt 0.93220305 0.77259040
vt 0.93220329 0.65779006
vt 0.93220329 0.89622146
vt 0.93220305 0.78142130
vt 0.93220329 0.66662097
vt 0.93220329 0.90505224
vt 0.93220305 0.79025209
vt 0.93220317 0.67545152
vt 0.93220329 0.91388297
vt 0.93220305 0.79908288
vt 0.93220317 0.68428230
vt 0.93220305 0.80791366
vt 0.93220317 0.69311333
vt 0.93220317 0.81674445
vt 0.93220317 0.70194405
vt 0.93220317 0.82557499
vt 0.93220317 0.71077490
vt 0.93220317 0.83440614
vt 0.93220317 0.71960580
vt 0.93220317 0.84323692
vt 0.93220317 0.72843659
vt 0.93220329 0.92271382
vt 0.93220329 0.64012837
vt 0.52217990 0.38811982
vt 0.94289577 0.52283961
vt 0.94834483 0.53207260
vt 0.65945655 0.24858540
vt 0.66608924 0.25697076
vt 0.94267559 0.43959141
vt 0.93840086 0.44945097
vt 0.64960545 0.16530025
vt 0.64651608 0.17572403
vt 0.95494080 0.54043591
vt 0.67380762 0.26422501
vt 0.93533742 0.45978051
vt 0.64466965 0.18646264
vt 0.96264124 0.54762858
vt 0.93350893 0.47042108
vt 0.64406776 0.19735229
vt 0.68252325 0.12444431
vt 0.97132730 0.55339986
vt 0.93291217 0.48120368
vt 0.64470452 0.20823509
vt 0.67376959 0.13033932
vt 0.93356979 0.49198431
vt 0.64658338 0.21895671
vt 0.68253028 0.27007049
vt 0.97132134 0.40905118
vt 0.96254414 0.41487300
vt 0.66603714 0.13764548
vt 0.93548310 0.50261790
vt 0.64970183 0.22936034
vt 0.95479918 0.42210305
vt 0.65940022 0.14606500
vt 0.93862927 0.51294595
vt 0.65402132 0.23927772
vt 0.94813704 0.43038285
vt 0.65391040 0.15535247
vt 0.41488028 0.75512731
vt 0.41969466 0.73693943
vt 0.41753507 0.77331477
vt 0.43141812 0.73693943
vt 0.43457392 0.75512731
vt 0.43557888 0.77331477
vt 0.46358380 0.64529276
vt 0.45969495 0.64151365
vt 0.48258394 0.64151365
vt 0.48397619 0.64529276
vt 0.46179309 0.62332606
vt 0.45400086 0.62332606
vt 0.54929245 0.48146236
vt 0.52482051 0.48146236
vt 0.50034869 0.48146236
vt 0.47587663 0.48146236
vt 0.45140475 0.48146236
vt 0.42693284 0.48146236
vt 0.40246090 0.48146236
vt 0.37798890 0.48146236
vt 0.35351697 0.48146236
vt 0.32904500 0.48146236
vt 0.30457306 0.48146236
vt 0.28010118 0.48146236
vt 0.25562927 0.48146236
vt 0.23115733 0.48146236
vt 0.20668539 0.48146236
vt 0.18221340 0.48146236
vt 0.15774149 0.48146236
vt 0.13326949 0.48146236
vt 0.10879764 0.48146236
vt 0.08432567 0.48146236
vt 0.05985376 0.48146236
vt 0.03538179 0.48146236
vt 0.01090989 0.48146236
vt 0.79401195 0.48146236
vt 0.76953995 0.48146236
vt 0.74506807 0.48146236
vt 0.72059590 0.48146236
vt 0.69612402 0.48146236
vt 0.67165232 0.48146236
vt 0.64718020 0.48146236
vt 0.62270850 0.48146236
vt 0.57376432 0.48146236
vt 0.59823644 0.48146236
vt 0.75621974 0.51727116
vt 0.75761414 0.55364633
vt 0.74922657 0.53545856
vt 0.78247201 0.51727116
vt 0.77765393 0.53545856
vt 0.78116798 0.55364633
vt 0.87895602 0.07452071
vt 0.98849142 0.60235369
vt 0.98849142 0.32350552
vt 0.87725657 0.06597400
vt 0.98849142 0.33221924
vt 0.87725645 0.05725998
vt 0.98849142 0.34093332
vt 0.87895626 0.04871345
vt 0.98849142 0.34964728
vt 0.88229096 0.04066253
vt 0.98849142 0.35836095
vt 0.88713229 0.03341722
vt 0.98849142 0.36707497
vt 0.89329410 0.02725548
vt 0.98849142 0.37578869
vt 0.90053940 0.02241427
vt 0.98849142 0.38450271
vt 0.90858996 0.01907933
vt 0.98849195 0.39321673
vt 0.91713643 0.01737940
vt 0.98849195 0.40193069
vt 0.92585063 0.01737940
vt 0.98849195 0.41064447
vt 0.93439716 0.01907933
vt 0.98849195 0.41935849
vt 0.94244796 0.02241421
vt 0.98849195 0.42807251
vt 0.94969344 0.02725542
vt 0.98849195 0.43678641
vt 0.95585501 0.03341711
vt 0.98849195 0.44550031
vt 0.96069634 0.04066247
vt 0.98849195 0.45421433
vt 0.96403092 0.04871327
vt 0.98849195 0.46292853
vt 0.96573102 0.05725974
vt 0.98849195 0.47164243
vt 0.96573102 0.06597376
vt 0.98849195 0.48035657
vt 0.96403092 0.07452047
vt 0.98849195 0.48907048
vt 0.96069634 0.08257103
vt 0.98849195 0.49778438
vt 0.95585501 0.08981651
vt 0.98849195 0.50649869
vt 0.94969344 0.09597826
vt 0.98849195 0.51521254
vt 0.94244772 0.10081959
vt 0.98849195 0.52392679
vt 0.93439704 0.10415429
vt 0.98849195 0.53264070
vt 0.92585063 0.10585439
vt 0.98849195 0.54135495
vt 0.91713631 0.10585451
vt 0.98849195 0.55006903
vt 0.90858996 0.10415447
vt 0.98849142 0.55878305
vt 0.90053916 0.10081977
vt 0.98849142 0.56749719
vt 0.89329362 0.09597838
vt 0.98849142 0.57621145
vt 0.88713193 0.08981681
vt 0.98849142 0.58492535
vt 0.88229060 0.08257151
vt 0.98849142 0.59363973
vt 0.84493655 0.96022284
vt 0.84493655 0.64012945
vt 0.87266451 0.07642937
vt 0.84493643 0.95021963
vt 0.87071335 0.06661856
vt 0.84493643 0.94021702
vt 0.87071335 0.05661565
vt 0.84493643 0.93021381
vt 0.87266475 0.04680479
vt 0.84493643 0.92021084
vt 0.87649238 0.03756332
vt 0.84493643 0.91020805
vt 0.88204956 0.02924627
vt 0.84493643 0.90020514
vt 0.88912272 0.02217293
vt 0.84493643 0.89020211
vt 0.89743996 0.01661569
vt 0.84493643 0.88019925
vt 0.90668124 0.01278776
vt 0.84493643 0.87019646
vt 0.91649222 0.01083618
vt 0.84493643 0.86019343
vt 0.92649502 0.01083624
vt 0.84493643 0.85019064
vt 0.93630576 0.01278770
vt 0.84493631 0.84018779
vt 0.94554722 0.01661557
vt 0.84493631 0.83018476
vt 0.95386434 0.02217293
vt 0.84493631 0.82018197
vt 0.96093726 0.02924615
vt 0.84493631 0.81017894
vt 0.96649492 0.03756320
vt 0.84493631 0.80017591
vt 0.97032267 0.04680467
vt 0.84493631 0.79017317
vt 0.97227418 0.05661547
vt 0.84493631 0.78017020
vt 0.97227418 0.06661832
vt 0.84493631 0.77016735
vt 0.97032279 0.07642895
vt 0.84493631 0.76016432
vt 0.96649492 0.08567047
vt 0.84493631 0.75016141
vt 0.96093726 0.09398758
vt 0.84493643 0.74015856
vt 0.95386434 0.10106075
vt 0.84493643 0.73015565
vt 0.94554722 0.10661805
vt 0.84493643 0.72015262
vt 0.93630576 0.11044598
vt 0.84493643 0.71014988
vt 0.92649502 0.11239761
vt 0.84493643 0.70014691
vt 0.91649210 0.11239761
vt 0.84493643 0.69014400
vt 0.90668124 0.11044633
vt 0.84493655 0.68014121
vt 0.89743972 0.10661834
vt 0.84493655 0.67013824
vt 0.88912261 0.10106111
vt 0.84493655 0.66013539
vt 0.88204932 0.09398782
vt 0.84493655 0.65013230
vt 0.87649214 0.08567095
vt 0.36128873 0.30443752
vt 0.36692756 0.31013757
vt 0.37135375 0.31682479
vt 0.37439930 0.32424647
vt 0.37594819 0.33212256
vt 0.37593976 0.34015667
vt 0.37436935 0.34804660
vt 0.37128532 0.35549355
vt 0.36678299 0.36220074
vt 0.36101544 0.36785734
vt 0.35425967 0.37225497
vt 0.34679136 0.37524557
vt 0.33889502 0.37672740
vt 0.33086857 0.37664890
vt 0.32301432 0.37501597
vt 0.31562883 0.37189102
vt 0.30899125 0.36739343
vt 0.30335277 0.36169332
vt 0.29892665 0.35500634
vt 0.29588097 0.34758478
vt 0.29433212 0.33970869
vt 0.29434067 0.33167458
vt 0.29591101 0.32378459
vt 0.29899496 0.31633741
vt 0.30349723 0.30963063
vt 0.30926490 0.30397379
vt 0.31602031 0.29957652
vt 0.32348883 0.29658568
vt 0.33138520 0.29510379
vt 0.33941174 0.29518235
vt 0.34726602 0.29681516
vt 0.35465139 0.29993993
vt 0.36330676 0.30200833
vt 0.36937869 0.30814588
vt 0.37414545 0.31534588
vt 0.37742618 0.32333672
vt 0.37909621 0.33181643
vt 0.37909144 0.34046626
vt 0.37741005 0.34896326
vt 0.37410438 0.35699594
vt 0.36926341 0.36426157
vt 0.36300862 0.37035298
vt 0.35571855 0.37507558
vt 0.34767377 0.37828708
vt 0.33917171 0.37987804
vt 0.33052945 0.37979126
vt 0.32207242 0.37803173
vt 0.31412050 0.37466621
vt 0.30697352 0.36982286
vt 0.30090165 0.36368519
vt 0.29613501 0.35648513
vt 0.29285389 0.34849465
vt 0.29118407 0.34001470
vt 0.29118878 0.33136487
vt 0.29287025 0.32286799
vt 0.29617602 0.31483501
vt 0.30101681 0.30756956
vt 0.30727157 0.30147803
vt 0.31456155 0.29675579
vt 0.32260641 0.29354393
vt 0.33110875 0.29195321
vt 0.33975071 0.29203987
vt 0.34820774 0.29379940
vt 0.35615984 0.29716510
vt 0.37775263 0.31343472
vt 0.37254584 0.30557203
vt 0.34018981 0.28797954
vt 0.33075237 0.28788197
vt 0.30436569 0.37296188
vt 0.31217104 0.37825173
vt 0.38133702 0.32216066
vt 0.34942508 0.28990304
vt 0.29773453 0.36625910
vt 0.38316375 0.33141989
vt 0.35810918 0.29357940
vt 0.29252779 0.35839653
vt 0.38316375 0.34086442
vt 0.36591434 0.29886925
vt 0.28894314 0.34967083
vt 0.38133878 0.35014391
vt 0.28711656 0.34041131
vt 0.37775075 0.35893083
vt 0.28711644 0.33096671
vt 0.37247938 0.36693311
vt 0.28894150 0.32168698
vt 0.36557949 0.37358284
vt 0.29252958 0.31290025
vt 0.35759985 0.37872142
vt 0.29780102 0.30489802
vt 0.34881210 0.38221717
vt 0.30470067 0.29824841
vt 0.33952779 0.38394904
vt 0.31268042 0.29310977
vt 0.33009028 0.38385177
vt 0.32146806 0.28961426
vt 0.32085508 0.38192821
vt 0.33514014 0.33591568
vt 0.95775759 0.24208963
vt 0.98541307 0.33221924
vt 0.91665387 0.25026548
vt 0.98541331 0.56749719
vt 0.94921088 0.32886451
vt 0.98541379 0.45421433
vt 0.96580815 0.24542421
vt 0.98541307 0.34093332
vt 0.92389965 0.24542421
vt 0.98541331 0.57621145
vt 0.94049686 0.32886451
vt 0.98541379 0.46292853
vt 0.97305357 0.25026548
vt 0.98541331 0.34964728
vt 0.93195057 0.24208963
vt 0.98541331 0.58492535
vt 0.93195057 0.32716459
vt 0.98541379 0.47164243
vt 0.97921562 0.25642729
vt 0.98541331 0.35836095
vt 0.94049686 0.24038965
vt 0.98541307 0.59363973
vt 0.92389965 0.32382965
vt 0.98541379 0.48035657
vt 0.98405659 0.26367283
vt 0.98541331 0.36707497
vt 0.94921088 0.24038941
vt 0.98541307 0.60235369
vt 0.98541307 0.32350576
vt 0.91665387 0.31898856
vt 0.98541379 0.48907048
vt 0.98541331 0.37578869
vt 0.98739117 0.27172357
vt 0.91049242 0.31282681
vt 0.98541379 0.49778438
vt 0.98541331 0.38450271
vt 0.98909140 0.28026998
vt 0.90565121 0.30558145
vt 0.98541379 0.50649869
vt 0.98541331 0.39321673
vt 0.98909140 0.28898400
vt 0.90231639 0.29753065
vt 0.98541379 0.51521254
vt 0.98541331 0.40193069
vt 0.98739117 0.29753065
vt 0.90061653 0.28898400
vt 0.98541331 0.52392679
vt 0.98405659 0.30558133
vt 0.98541379 0.41064447
vt 0.90061653 0.28027022
vt 0.98541331 0.53264070
vt 0.97921562 0.31282681
vt 0.98541379 0.41935861
vt 0.90231639 0.27172357
vt 0.98541331 0.54135495
vt 0.97305357 0.31898832
vt 0.98541379 0.42807251
vt 0.90565121 0.26367283
vt 0.98541331 0.55006903
vt 0.96580815 0.32382965
vt 0.98541379 0.43678641
vt 0.91049242 0.25642729
vt 0.98541331 0.55878305
vt 0.95775759 0.32716459
vt 0.98541379 0.44550031
vt 0.84319711 0.96022284
vt 0.84319723 0.64012945
vt 0.84319711 0.95021963
vt 0.84319711 0.94021690
vt 0.84319711 0.93021393
vt 0.84319711 0.92021084
vt 0.84319711 0.91020805
vt 0.84319711 0.90020514
vt 0.84319687 0.89020211
vt 0.84319711 0.88019937
vt 0.84319711 0.87019646
vt 0.84319711 0.86019343
vt 0.84319711 0.85019064
vt 0.84319687 0.84018755
vt 0.84319687 0.83018476
vt 0.84319687 0.82018197
vt 0.84319687 0.81017894
vt 0.84319687 0.80017614
vt 0.84319687 0.79017317
vt 0.84319687 0.78017020
vt 0.84319687 0.77016735
vt 0.84319687 0.76016432
vt 0.84319687 0.75016141
vt 0.84319687 0.74015856
vt 0.84319711 0.73015565
vt 0.84319711 0.72015274
vt 0.84319711 0.71014977
vt 0.84319711 0.70014691
vt 0.84319723 0.69014400
vt 0.84319723 0.68014109
vt 0.84319723 0.67013824
vt 0.84319723 0.66013533
vt 0.84319723 0.65013230
vt 0.45108092 0.37797368
vt 0.91326582 0.97645259
vt 0.91326582 0.65793872
vt 0.91155070 0.97645259
vt 0.91155070 0.65793872
vt 0.91239917 0.97645259
vt 0.91239917 0.65793872
vt 0.80391192 0.96022284
vt 0.80391216 0.64012939
vt 0.90493476 0.97645259
vt 0.90493476 0.65793872
vt 0.90654635 0.97645259
vt 0.90654635 0.65793872
vt 0.90573132 0.97645259
vt 0.90573132 0.65793872
vt 0.45925596 0.37458766
vt 0.91326582 0.66789240
vt 0.91155070 0.66789240
vt 0.91239917 0.66789240
vt 0.90654635 0.66789240
vt 0.80391192 0.95021963
vt 0.90493476 0.66789240
vt 0.90573132 0.66789240
vt 0.46661296 0.36967170
vt 0.91326582 0.67784595
vt 0.91155070 0.67784595
vt 0.91239917 0.67784595
vt 0.90654635 0.67784595
vt 0.80391192 0.94021702
vt 0.90493476 0.67784595
vt 0.90573132 0.67784595
vt 0.47286984 0.36341506
vt 0.91326582 0.68779951
vt 0.91155070 0.68779951
vt 0.91239917 0.68779951
vt 0.90654635 0.68779951
vt 0.80391192 0.93021393
vt 0.90493476 0.68779951
vt 0.90573132 0.68779951
vt 0.47778586 0.35605758
vt 0.91326582 0.69775307
vt 0.91155070 0.69775307
vt 0.91239917 0.69775307
vt 0.90654635 0.69775307
vt 0.80391192 0.92021096
vt 0.90493476 0.69775307
vt 0.90573132 0.69775307
vt 0.48117194 0.34788281
vt 0.91326582 0.70770669
vt 0.91155070 0.70770669
vt 0.91239917 0.70770669
vt 0.90654635 0.70770669
vt 0.80391192 0.91020817
vt 0.90493476 0.70770669
vt 0.90573132 0.70770669
vt 0.48289803 0.33920449
vt 0.91326582 0.71766025
vt 0.91155070 0.71766025
vt 0.91239917 0.71766025
vt 0.90654635 0.71766025
vt 0.80391192 0.90020514
vt 0.90493476 0.71766025
vt 0.90573132 0.71766025
vt 0.48289803 0.33035600
vt 0.91326582 0.72761375
vt 0.91155070 0.72761375
vt 0.91239917 0.72761375
vt 0.90654635 0.72761375
vt 0.80391192 0.89020228
vt 0.90493476 0.72761375
vt 0.90573132 0.72761375
vt 0.48117194 0.32167763
vt 0.91326582 0.73756719
vt 0.91155070 0.73756719
vt 0.91239917 0.73756719
vt 0.90654635 0.73756719
vt 0.80391192 0.88019937
vt 0.90493476 0.73756719
vt 0.90573132 0.73756719
vt 0.47778574 0.31350261
vt 0.91326582 0.74752086
vt 0.91155070 0.74752086
vt 0.91239917 0.74752086
vt 0.90654635 0.74752086
vt 0.80391192 0.87019646
vt 0.90493476 0.74752086
vt 0.90573132 0.74752086
vt 0.47286972 0.30614555
vt 0.91326582 0.75747442
vt 0.91155070 0.75747442
vt 0.91239917 0.75747442
vt 0.90654635 0.75747442
vt 0.80391192 0.86019355
vt 0.90493476 0.75747442
vt 0.90573132 0.75747442
vt 0.46661285 0.29988879
vt 0.91326582 0.76742804
vt 0.91155070 0.76742804
vt 0.91239917 0.76742804
vt 0.90654635 0.76742804
vt 0.80391192 0.85019064
vt 0.90493476 0.76742804
vt 0.90573132 0.76742804
vt 0.45925584 0.29497308
vt 0.91326582 0.77738148
vt 0.91155070 0.77738148
vt 0.91239917 0.77738148
vt 0.90654635 0.77738148
vt 0.80391192 0.84018779
vt 0.90493476 0.77738148
vt 0.90573132 0.77738148
vt 0.45108074 0.29158676
vt 0.91326582 0.78733516
vt 0.91155070 0.78733516
vt 0.91239917 0.78733516
vt 0.90654635 0.78733516
vt 0.80391192 0.83018476
vt 0.90493476 0.78733516
vt 0.90573132 0.78733516
vt 0.44240233 0.28986055
vt 0.91326582 0.79728860
vt 0.91155070 0.79728860
vt 0.91239917 0.79728860
vt 0.90654635 0.79728860
vt 0.80391192 0.82018197
vt 0.90493476 0.79728860
vt 0.90573132 0.79728860
vt 0.43355381 0.28986055
vt 0.91326582 0.80724216
vt 0.91155070 0.80724216
vt 0.91239917 0.80724216
vt 0.90654635 0.80724216
vt 0.80391192 0.81017882
vt 0.90493476 0.80724216
vt 0.90573132 0.80724216
vt 0.42487568 0.29158688
vt 0.91326582 0.81719565
vt 0.91155070 0.81719565
vt 0.91239917 0.81719565
vt 0.90654635 0.81719565
vt 0.80391192 0.80017591
vt 0.90493476 0.81719565
vt 0.90573132 0.81719565
vt 0.41670066 0.29497308
vt 0.91326582 0.82714927
vt 0.91155070 0.82714927
vt 0.91239917 0.82714927
vt 0.90654635 0.82714927
vt 0.80391192 0.79017317
vt 0.90493476 0.82714927
vt 0.90573132 0.82714927
vt 0.40934360 0.29988903
vt 0.91326582 0.83710301
vt 0.91155070 0.83710301
vt 0.91239917 0.83710301
vt 0.90654635 0.83710301
vt 0.80391192 0.78017008
vt 0.90493476 0.83710301
vt 0.90573132 0.83710301
vt 0.40308678 0.30614567
vt 0.91326582 0.84705657
vt 0.91155070 0.84705657
vt 0.91239917 0.84705657
vt 0.90654635 0.84705657
vt 0.80391192 0.77016735
vt 0.90493476 0.84705657
vt 0.90573132 0.84705657
vt 0.39817080 0.31350297
vt 0.91326582 0.85701001
vt 0.91155070 0.85701001
vt 0.91239917 0.85701001
vt 0.90654635 0.85701001
vt 0.80391192 0.76016432
vt 0.90493476 0.85701001
vt 0.90573132 0.85701001
vt 0.39478469 0.32167786
vt 0.91326582 0.86696357
vt 0.91155070 0.86696357
vt 0.91239917 0.86696357
vt 0.90654635 0.86696357
vt 0.80391192 0.75016141
vt 0.90493476 0.86696357
vt 0.90573132 0.86696357
vt 0.39305848 0.33035612
vt 0.91326582 0.87691700
vt 0.91155070 0.87691700
vt 0.91239917 0.87691700
vt 0.90654635 0.87691700
vt 0.80391192 0.74015856
vt 0.90493476 0.87691700
vt 0.90573132 0.87691700
vt 0.39305848 0.33920473
vt 0.91326582 0.88687074
vt 0.91155070 0.88687074
vt 0.91239917 0.88687074
vt 0.90654635 0.88687074
vt 0.80391192 0.73015553
vt 0.90493476 0.88687074
vt 0.90573132 0.88687074
vt 0.39478478 0.34788305
vt 0.91326582 0.89682430
vt 0.91155070 0.89682430
vt 0.91239917 0.89682430
vt 0.90654635 0.89682430
vt 0.80391192 0.72015262
vt 0.90493476 0.89682430
vt 0.90573132 0.89682430
vt 0.39817092 0.35605776
vt 0.91326582 0.90677798
vt 0.91155070 0.90677798
vt 0.91239917 0.90677798
vt 0.90654635 0.90677798
vt 0.80391192 0.71014988
vt 0.90493476 0.90677798
vt 0.90573132 0.90677798
vt 0.40308690 0.36341518
vt 0.91326582 0.91673142
vt 0.91155070 0.91673142
vt 0.91239917 0.91673142
vt 0.90654635 0.91673142
vt 0.80391192 0.70014679
vt 0.90493476 0.91673142
vt 0.90573132 0.91673142
vt 0.40934372 0.36967182
vt 0.91326582 0.92668498
vt 0.91155070 0.92668498
vt 0.91239917 0.92668498
vt 0.90654635 0.92668498
vt 0.80391192 0.69014400
vt 0.90493476 0.92668498
vt 0.90573132 0.92668498
vt 0.41670090 0.37458777
vt 0.91326582 0.93663847
vt 0.91155070 0.93663847
vt 0.91239917 0.93663847
vt 0.90654635 0.93663847
vt 0.80391192 0.68014097
vt 0.90493476 0.93663847
vt 0.90573132 0.93663847
vt 0.42487580 0.37797391
vt 0.91326582 0.94659221
vt 0.91155070 0.94659221
vt 0.91239917 0.94659221
vt 0.90654635 0.94659221
vt 0.80391204 0.67013812
vt 0.90493476 0.94659221
vt 0.90573132 0.94659221
vt 0.43355417 0.37970006
vt 0.91326582 0.95654559
vt 0.91155070 0.95654559
vt 0.91239917 0.95654559
vt 0.90654635 0.95654559
vt 0.80391204 0.66013527
vt 0.90493476 0.95654559
vt 0.90573132 0.95654559
vt 0.44240257 0.37970006
vt 0.91326582 0.96649933
vt 0.91155070 0.96649933
vt 0.91239917 0.96649933
vt 0.90654635 0.96649933
vt 0.80391204 0.65013218
vt 0.90493476 0.96649933
vt 0.90573132 0.96649933
vt 0.43797821 0.33478069
vt 0.88137668 0.08306003
vt 0.87796438 0.07482159
vt 0.88633072 0.09047437
vt 0.89263624 0.09677976
vt 0.90005064 0.10173380
vt 0.90828907 0.10514617
vt 0.91703498 0.10688579
vt 0.92595214 0.10688567
vt 0.93469799 0.10514617
vt 0.94293642 0.10173357
vt 0.95035082 0.09677958
vt 0.95665634 0.09047401
vt 0.96161014 0.08305955
vt 0.96502256 0.07482141
vt 0.96676242 0.06607550
vt 0.96676242 0.05715823
vt 0.96502256 0.04841232
vt 0.96161014 0.04017395
vt 0.95665634 0.03275973
vt 0.95035082 0.02645409
vt 0.94293642 0.02150011
vt 0.93469799 0.01808757
vt 0.92595214 0.01634806
vt 0.91703498 0.01634806
vt 0.90828919 0.01808763
vt 0.90005064 0.02150011
vt 0.89263636 0.02645421
vt 0.88633096 0.03275973
vt 0.88137686 0.04017407
vt 0.87796450 0.04841244
vt 0.87622511 0.05715841
vt 0.87622511 0.06607556
vt 0.87756419 0.08509773
vt 0.88298917 0.09321672
vt 0.88989377 0.10012126
vt 0.89801264 0.10554624
vt 0.90703428 0.10928285
vt 0.91661108 0.11118770
vt 0.92637575 0.11118770
vt 0.93595278 0.10928261
vt 0.94497418 0.10554594
vt 0.95309317 0.10012102
vt 0.95999789 0.09321636
vt 0.96542281 0.08509731
vt 0.96915960 0.07607603
vt 0.97106427 0.06649917
vt 0.97106415 0.05673462
vt 0.96915925 0.04715759
vt 0.96542269 0.03813636
vt 0.95999789 0.03001726
vt 0.95309317 0.02311277
vt 0.94497418 0.01768780
vt 0.93595290 0.01395106
vt 0.92637575 0.01204598
vt 0.91661131 0.01204598
vt 0.90703428 0.01395106
vt 0.89801300 0.01768780
vt 0.88989401 0.02311277
vt 0.88298965 0.03001738
vt 0.87756467 0.03813642
vt 0.87382799 0.04715770
vt 0.87192303 0.05673486
vt 0.87382770 0.07607627
vt 0.87192315 0.06649935
vt 0.95571792 0.32044077
vt 0.91592371 0.26088488
vt 0.96249628 0.31763333
vt 0.91184765 0.26698470
vt 0.96859646 0.31355703
vt 0.90904021 0.27376294
vt 0.97378391 0.30836940
vt 0.90760875 0.28095865
vt 0.97786009 0.30226928
vt 0.90760875 0.28829557
vt 0.98066783 0.29549092
vt 0.90904021 0.29549092
vt 0.98209894 0.28829557
vt 0.91184765 0.30226928
vt 0.98209894 0.28095841
vt 0.91592371 0.30836940
vt 0.98066783 0.27376282
vt 0.92111176 0.31355703
vt 0.94852239 0.24738193
vt 0.97786009 0.26698470
vt 0.92721158 0.31763333
vt 0.94118547 0.24738181
vt 0.97378403 0.26088476
vt 0.93398988 0.32044077
vt 0.93398988 0.24881303
vt 0.96859646 0.25569665
vt 0.94118547 0.32187212
vt 0.92721158 0.25162089
vt 0.96249628 0.25162077
vt 0.94852239 0.32187212
vt 0.92111176 0.25569665
vt 0.95571792 0.24881303
vt 0.90590078 0.30544776
vt 0.91683388 0.25048435
vt 0.98880970 0.28029776
vt 0.91071141 0.25660706
vt 0.96567470 0.24567395
vt 0.95767540 0.24236053
vt 0.91071141 0.31264710
vt 0.96567470 0.32357973
vt 0.98712075 0.27180564
vt 0.90590078 0.26380634
vt 0.91683388 0.31876957
vt 0.97287428 0.31876957
vt 0.94918323 0.24067140
vt 0.90258729 0.27180576
vt 0.98380697 0.26380634
vt 0.97899652 0.31264710
vt 0.92403316 0.32357997
vt 0.90089822 0.28029788
vt 0.94052470 0.24067140
vt 0.98380697 0.30544776
vt 0.97899652 0.25660706
vt 0.97287428 0.25048435
vt 0.90089822 0.28895634
vt 0.90258729 0.29744828
vt 0.93203259 0.32689357
vt 0.94052470 0.32858270
vt 0.98712075 0.29744804
vt 0.98880970 0.28895634
vt 0.94918323 0.32858270
vt 0.95767540 0.32689357
vt 0.93203259 0.24236053
vt 0.92403316 0.24567395
f 515/515 362/362 389/389
f 515/515 389/389 516/516
f 514/514 335/335 362/362
f 514/514 362/362 515/515
f 513/513 308/308 335/335
f 513/513 335/335 514/514
f 512/512 281/281 308/308
f 512/512 308/308 513/513
f 511/511 254/254 281/281
f 511/511 281/281 512/512
f 510/510 227/227 254/254
f 510/510 254/254 511/511
f 509/509 200/200 227/227
f 509/509 227/227 510/510
f 508/508 173/173 200/200
f 508/508 200/200 509/509
f 507/507 146/146 173/173
f 507/507 173/173 508/508
f 506/506 119/119 146/146
f 506/506 146/146 507/507
f 505/505 92/92 119/119
f 505/505 119/119 506/506
f 711/711 17/17 35/35
f 711/711 35/35 713/713
f 625/625 14/14 32/32
f 625/625 32/32 626/626
f 603/603 11/11 29/29
f 603/603 29/29 604/604
f 581/581 8/8 26/26
f 581/581 26/26 582/582
f 559/559 5/5 23/23
f 559/559 23/23 560/560
f 537/537 2/2 20/20
f 537/537 20/20 538/538
f 712/712 487/487 17/17
f 712/712 17/17 711/711
f 627/627 490/490 14/14
f 627/627 14/14 625/625
f 605/605 493/493 11/11
f 605/605 11/11 603/603
f 583/583 496/496 8/8
f 583/583 8/8 581/581
f 561/561 499/499 5/5
f 561/561 5/5 559/559
f 539/539 502/502 2/2
f 539/539 2/2 537/537
f 713/713 35/35 53/53
f 713/713 53/53 714/714
f 626/626 32/32 50/50
f 626/626 50/50 628/628
f 604/604 29/29 47/47
f 604/604 47/47 606/606
f 582/582 26/26 44/44
f 582/582 44/44 584/584
f 560/560 23/23 41/41
f 560/560 41/41 562/562
f 538/538 20/20 38/38
f 538/538 38/38 540/540
f 714/714 53/53 71/71
f 714/714 71/71 715/715
f 628/628 50/50 68/68
f 628/628 68/68 629/629
f 606/606 47/47 65/65
f 606/606 65/65 607/607
f 584/584 44/44 62/62
f 584/584 62/62 585/585
f 562/562 41/41 59/59
f 562/562 59/59 563/563
f 540/540 38/38 56/56
f 540/540 56/56 541/541
f 715/715 71/71 89/89
f 715/715 89/89 716/716
f 629/629 68/68 86/86
f 629/629 86/86 630/630
f 607/607 65/65 83/83
f 607/607 83/83 608/608
f 585/585 62/62 80/80
f 585/585 80/80 586/586
f 563/563 59/59 77/77
f 563/563 77/77 564/564
f 541/541 56/56 74/74
f 541/541 74/74 542/542
f 679/679 116/116 143/143
f 679/679 143/143 680/680
f 652/652 113/113 140/140
f 652/652 140/140 653/653
f 631/631 110/110 137/137
f 631/631 137/137 632/632
f 609/609 107/107 134/134
f 609/609 134/134 610/610
f 587/587 104/104 131/131
f 587/587 131/131 588/588
f 565/565 101/101 128/128
f 565/565 128/128 566/566
f 543/543 98/98 125/125
f 543/543 125/125 544/544
f 522/522 95/95 122/122
f 522/522 122/122 523/523
f 680/680 143/143 170/170
f 680/680 170/170 681/681
f 653/653 140/140 167/167
f 653/653 167/167 654/654
f 632/632 137/137 164/164
f 632/632 164/164 633/633
f 610/610 134/134 161/161
f 610/610 161/161 611/611
f 588/588 131/131 158/158
f 588/588 158/158 589/589
f 566/566 128/128 155/155
f 566/566 155/155 567/567
f 544/544 125/125 152/152
f 544/544 152/152 545/545
f 523/523 122/122 149/149
f 523/523 149/149 524/524
f 681/681 170/170 197/197
f 681/681 197/197 682/682
f 654/654 167/167 194/194
f 654/654 194/194 655/655
f 633/633 164/164 191/191
f 633/633 191/191 634/634
f 611/611 161/161 188/188
f 611/611 188/188 612/612
f 589/589 158/158 185/185
f 589/589 185/185 590/590
f 567/567 155/155 182/182
f 567/567 182/182 568/568
f 545/545 152/152 179/179
f 545/545 179/179 546/546
f 524/524 149/149 176/176
f 524/524 176/176 525/525
f 682/682 197/197 224/224
f 682/682 224/224 683/683
f 655/655 194/194 221/221
f 655/655 221/221 656/656
f 634/634 191/191 218/218
f 634/634 218/218 635/635
f 612/612 188/188 215/215
f 612/612 215/215 613/613
f 590/590 185/185 212/212
f 590/590 212/212 591/591
f 568/568 182/182 209/209
f 568/568 209/209 569/569
f 546/546 179/179 206/206
f 546/546 206/206 547/547
f 525/525 176/176 203/203
f 525/525 203/203 526/526
f 683/683 224/224 251/251
f 683/683 251/251 684/684
f 656/656 221/221 248/248
f 656/656 248/248 657/657
f 635/635 218/218 245/245
f 635/635 245/245 636/636
f 613/613 215/215 242/242
f 613/613 242/242 614/614
f 591/591 212/212 239/239
f 591/591 239/239 592/592
f 569/569 209/209 236/236
f 569/569 236/236 570/570
f 547/547 206/206 233/233
f 547/547 233/233 548/548
f 526/526 203/203 230/230
f 526/526 230/230 527/527
f 684/684 251/251 278/278
f 684/684 278/278 685/685
f 657/657 248/248 275/275
f 657/657 275/275 658/658
f 636/636 245/245 272/272
f 636/636 272/272 637/637
f 614/614 242/242 269/269
f 614/614 269/269 615/615
f 592/592 239/239 266/266
f 592/592 266/266 593/593
f 570/570 236/236 263/263
f 570/570 263/263 571/571
f 548/548 233/233 260/260
f 548/548 260/260 549/549
f 527/527 230/230 257/257
f 527/527 257/257 528/528
f 685/685 278/278 305/305
f 685/685 305/305 686/686
f 658/658 275/275 302/302
f 658/658 302/302 659/659
f 637/637 272/272 299/299
f 637/637 299/299 638/638
f 615/615 269/269 296/296
f 615/615 296/296 616/616
f 593/593 266/266 293/293
f 593/593 293/293 594/594
f 571/571 263/263 290/290
f 571/571 290/290 572/572
f 549/549 260/260 287/287
f 549/549 287/287 550/550
f 528/528 257/257 284/284
f 528/528 284/284 529/529
f 686/686 305/305 332/332
f 686/686 332/332 687/687
f 659/659 302/302 329/329
f 659/659 329/329 660/660
f 638/638 299/299 326/326
f 638/638 326/326 639/639
f 616/616 296/296 323/323
f 616/616 323/323 617/617
f 594/594 293/293 320/320
f 594/594 320/320 595/595
f 572/572 290/290 317/317
f 572/572 317/317 573/573
f 550/550 287/287 314/314
f 550/550 314/314 551/551
f 529/529 284/284 311/311
f 529/529 311/311 530/530
f 687/687 332/332 359/359
f 687/687 359/359 688/688
f 660/660 329/329 356/356
f 660/660 356/356 661/661
f 639/639 326/326 353/353
f 639/639 353/353 640/640
f 617/617 323/323 350/350
f 617/617 350/350 618/618
f 595/595 320/320 347/347
f 595/595 347/347 596/596
f 573/573 317/317 344/344
f 573/573 344/344 574/574
f 551/551 314/314 341/341
f 551/551 341/341 552/552
f 530/530 311/311 338/338
f 530/530 338/338 531/531
f 688/688 359/359 386/386
f 688/688 386/386 689/689
f 661/661 356/356 383/383
f 661/661 383/383 662/662
f 640/640 353/353 380/380
f 640/640 380/380 641/641
f 618/618 350/350 377/377
f 618/618 377/377 619/619
f 596/596 347/347 374/374
f 596/596 374/374 597/597
f 574/574 344/344 371/371
f 574/574 371/371 575/575
f 552/552 341/341 368/368
f 552/552 368/368 553/553
f 531/531 338/338 365/365
f 531/531 365/365 532/532
f 689/689 386/386 413/413
f 689/689 413/413 690/690
f 662/662 383/383 410/410
f 662/662 410/410 663/663
f 641/641 380/380 407/407
f 641/641 407/407 642/642
f 619/619 377/377 404/404
f 619/619 404/404 620/620
f 597/597 374/374 401/401
f 597/597 401/401 598/598
f 575/575 371/371 398/398
f 575/575 398/398 576/576
f 553/553 368/368 395/395
f 553/553 395/395 554/554
f 532/532 365/365 392/392
f 532/532 392/392 533/533
f 717/717 431/431 449/449
f 717/717 449/449 718/718
f 643/643 428/428 446/446
f 643/643 446/446 644/644
f 621/621 425/425 443/443
f 621/621 443/443 622/622
f 599/599 422/422 440/440
f 599/599 440/440 600/600
f 577/577 419/419 437/437
f 577/577 437/437 578/578
f 555/555 416/416 434/434
f 555/555 434/434 556/556
f 718/718 449/449 467/467
f 718/718 467/467 719/719
f 644/644 446/446 464/464
f 644/644 464/464 645/645
f 622/622 443/443 461/461
f 622/622 461/461 623/623
f 600/600 440/440 458/458
f 600/600 458/458 601/601
f 578/578 437/437 455/455
f 578/578 455/455 579/579
f 556/556 434/434 452/452
f 556/556 452/452 557/557
f 719/719 467/467 485/485
f 719/719 485/485 720/720
f 645/645 464/464 482/482
f 645/645 482/482 646/646
f 623/623 461/461 479/479
f 623/623 479/479 624/624
f 601/601 458/458 476/476
f 601/601 476/476 602/602
f 579/579 455/455 473/473
f 579/579 473/473 580/580
f 557/557 452/452 470/470
f 557/557 470/470 558/558
f 720/720 485/485 487/487
f 720/720 487/487 712/712
f 646/646 482/482 490/490
f 646/646 490/490 627/627
f 624/624 479/479 493/493
f 624/624 493/493 605/605
f 602/602 476/476 496/496
f 602/602 496/496 583/583
f 580/580 473/473 499/499
f 580/580 499/499 561/561
f 558/558 470/470 502/502
f 558/558 502/502 539/539
f 488/488 16/16 18/18
f 488/488 18/18 489/489
f 489/489 18/18 17/17
f 489/489 17/17 487/487
f 491/491 13/13 15/15
f 491/491 15/15 492/492
f 492/492 15/15 14/14
f 492/492 14/14 490/490
f 494/494 10/10 12/12
f 494/494 12/12 495/495
f 495/495 12/12 11/11
f 495/495 11/11 493/493
f 497/497 7/7 9/9
f 497/497 9/9 498/498
f 498/498 9/9 8/8
f 498/498 8/8 496/496
f 500/500 4/4 6/6
f 500/500 6/6 501/501
f 501/501 6/6 5/5
f 501/501 5/5 499/499
f 503/503 1/1 3/3
f 503/503 3/3 504/504
f 504/504 3/3 2/2
f 504/504 2/2 502/502
f 16/16 34/34 36/36
f 16/16 36/36 18/18
f 18/18 36/36 35/35
f 18/18 35/35 17/17
f 13/13 31/31 33/33
f 13/13 33/33 15/15
f 15/15 33/33 32/32
f 15/15 32/32 14/14
f 10/10 28/28 30/30
f 10/10 30/30 12/12
f 12/12 30/30 29/29
f 12/12 29/29 11/11
f 7/7 25/25 27/27
f 7/7 27/27 9/9
f 9/9 27/27 26/26
f 9/9 26/26 8/8
f 4/4 22/22 24/24
f 4/4 24/24 6/6
f 6/6 24/24 23/23
f 6/6 23/23 5/5
f 1/1 19/19 21/21
f 1/1 21/21 3/3
f 3/3 21/21 20/20
f 3/3 20/20 2/2
f 34/34 52/52 54/54
f 34/34 54/54 36/36
f 36/36 54/54 53/53
f 36/36 53/53 35/35
f 31/31 49/49 51/51
f 31/31 51/51 33/33
f 33/33 51/51 50/50
f 33/33 50/50 32/32
f 28/28 46/46 48/48
f 28/28 48/48 30/30
f 30/30 48/48 47/47
f 30/30 47/47 29/29
f 25/25 43/43 45/45
f 25/25 45/45 27/27
f 27/27 45/45 44/44
f 27/27 44/44 26/26
f 22/22 40/40 42/42
f 22/22 42/42 24/24
f 24/24 42/42 41/41
f 24/24 41/41 23/23
f 19/19 37/37 39/39
f 19/19 39/39 21/21
f 21/21 39/39 38/38
f 21/21 38/38 20/20
f 52/52 70/70 72/72
f 52/52 72/72 54/54
f 54/54 72/72 71/71
f 54/54 71/71 53/53
f 49/49 67/67 69/69
f 49/49 69/69 51/51
f 51/51 69/69 68/68
f 51/51 68/68 50/50
f 46/46 64/64 66/66
f 46/46 66/66 48/48
f 48/48 66/66 65/65
f 48/48 65/65 47/47
f 43/43 61/61 63/63
f 43/43 63/63 45/45
f 45/45 63/63 62/62
f 45/45 62/62 44/44
f 40/40 58/58 60/60
f 40/40 60/60 42/42
f 42/42 60/60 59/59
f 42/42 59/59 41/41
f 37/37 55/55 57/57
f 37/37 57/57 39/39
f 39/39 57/57 56/56
f 39/39 56/56 38/38
f 70/70 88/88 90/90
f 70/70 90/90 72/72
f 72/72 90/90 89/89
f 72/72 89/89 71/71
f 67/67 85/85 87/87
f 67/67 87/87 69/69
f 69/69 87/87 86/86
f 69/69 86/86 68/68
f 64/64 82/82 84/84
f 64/64 84/84 66/66
f 66/66 84/84 83/83
f 66/66 83/83 65/65
f 61/61 79/79 81/81
f 61/61 81/81 63/63
f 63/63 81/81 80/80
f 63/63 80/80 62/62
f 58/58 76/76 78/78
f 58/58 78/78 60/60
f 60/60 78/78 77/77
f 60/60 77/77 59/59
f 55/55 73/73 75/75
f 55/55 75/75 57/57
f 57/57 75/75 74/74
f 57/57 74/74 56/56
f 115/115 142/142 144/144
f 115/115 144/144 117/117
f 117/117 144/144 143/143
f 117/117 143/143 116/116
f 112/112 139/139 141/141
f 112/112 141/141 114/114
f 114/114 141/141 140/140
f 114/114 140/140 113/113
f 109/109 136/136 138/138
f 109/109 138/138 111/111
f 111/111 138/138 137/137
f 111/111 137/137 110/110
f 106/106 133/133 135/135
f 106/106 135/135 108/108
f 108/108 135/135 134/134
f 108/108 134/134 107/107
f 103/103 130/130 132/132
f 103/103 132/132 105/105
f 105/105 132/132 131/131
f 105/105 131/131 104/104
f 100/100 127/127 129/129
f 100/100 129/129 102/102
f 102/102 129/129 128/128
f 102/102 128/128 101/101
f 97/97 124/124 126/126
f 97/97 126/126 99/99
f 99/99 126/126 125/125
f 99/99 125/125 98/98
f 94/94 121/121 123/123
f 94/94 123/123 96/96
f 96/96 123/123 122/122
f 96/96 122/122 95/95
f 91/91 118/118 120/120
f 91/91 120/120 93/93
f 93/93 120/120 119/119
f 93/93 119/119 92/92
f 142/142 169/169 171/171
f 142/142 171/171 144/144
f 144/144 171/171 170/170
f 144/144 170/170 143/143
f 139/139 166/166 168/168
f 139/139 168/168 141/141
f 141/141 168/168 167/167
f 141/141 167/167 140/140
f 136/136 163/163 165/165
f 136/136 165/165 138/138
f 138/138 165/165 164/164
f 138/138 164/164 137/137
f 133/133 160/160 162/162
f 133/133 162/162 135/135
f 135/135 162/162 161/161
f 135/135 161/161 134/134
f 130/130 157/157 159/159
f 130/130 159/159 132/132
f 132/132 159/159 158/158
f 132/132 158/158 131/131
f 127/127 154/154 156/156
f 127/127 156/156 129/129
f 129/129 156/156 155/155
f 129/129 155/155 128/128
f 124/124 151/151 153/153
f 124/124 153/153 126/126
f 126/126 153/153 152/152
f 126/126 152/152 125/125
f 121/121 148/148 150/150
f 121/121 150/150 123/123
f 123/123 150/150 149/149
f 123/123 149/149 122/122
f 118/118 145/145 147/147
f 118/118 147/147 120/120
f 120/120 147/147 146/146
f 120/120 146/146 119/119
f 169/169 196/196 198/198
f 169/169 198/198 171/171
f 171/171 198/198 197/197
f 171/171 197/197 170/170
f 166/166 193/193 195/195
f 166/166 195/195 168/168
f 168/168 195/195 194/194
f 168/168 194/194 167/167
f 163/163 190/190 192/192
f 163/163 192/192 165/165
f 165/165 192/192 191/191
f 165/165 191/191 164/164
f 160/160 187/187 189/189
f 160/160 189/189 162/162
f 162/162 189/189 188/188
f 162/162 188/188 161/161
f 157/157 184/184 186/186
f 157/157 186/186 159/159
f 159/159 186/186 185/185
f 159/159 185/185 158/158
f 154/154 181/181 183/183
f 154/154 183/183 156/156
f 156/156 183/183 182/182
f 156/156 182/182 155/155
f 151/151 178/178 180/180
f 151/151 180/180 153/153
f 153/153 180/180 179/179
f 153/153 179/179 152/152
f 148/148 175/175 177/177
f 148/148 177/177 150/150
f 150/150 177/177 176/176
f 150/150 176/176 149/149
f 145/145 172/172 174/174
f 145/145 174/174 147/147
f 147/147 174/174 173/173
f 147/147 173/173 146/146
f 196/196 223/223 225/225
f 196/196 225/225 198/198
f 198/198 225/225 224/224
f 198/198 224/224 197/197
f 193/193 220/220 222/222
f 193/193 222/222 195/195
f 195/195 222/222 221/221
f 195/195 221/221 194/194
f 190/190 217/217 219/219
f 190/190 219/219 192/192
f 192/192 219/219 218/218
f 192/192 218/218 191/191
f 187/187 214/214 216/216
f 187/187 216/216 189/189
f 189/189 216/216 215/215
f 189/189 215/215 188/188
f 184/184 211/211 213/213
f 184/184 213/213 186/186
f 186/186 213/213 212/212
f 186/186 212/212 185/185
f 181/181 208/208 210/210
f 181/181 210/210 183/183
f 183/183 210/210 209/209
f 183/183 209/209 182/182
f 178/178 205/205 207/207
f 178/178 207/207 180/180
f 180/180 207/207 206/206
f 180/180 206/206 179/179
f 175/175 202/202 204/204
f 175/175 204/204 177/177
f 177/177 204/204 203/203
f 177/177 203/203 176/176
f 172/172 199/199 201/201
f 172/172 201/201 174/174
f 174/174 201/201 200/200
f 174/174 200/200 173/173
f 223/223 250/250 252/252
f 223/223 252/252 225/225
f 225/225 252/252 251/251
f 225/225 251/251 224/224
f 220/220 247/247 249/249
f 220/220 249/249 222/222
f 222/222 249/249 248/248
f 222/222 248/248 221/221
f 217/217 244/244 246/246
f 217/217 246/246 219/219
f 219/219 246/246 245/245
f 219/219 245/245 218/218
f 214/214 241/241 243/243
f 214/214 243/243 216/216
f 216/216 243/243 242/242
f 216/216 242/242 215/215
f 211/211 238/238 240/240
f 211/211 240/240 213/213
f 213/213 240/240 239/239
f 213/213 239/239 212/212
f 208/208 235/235 237/237
f 208/208 237/237 210/210
f 210/210 237/237 236/236
f 210/210 236/236 209/209
f 205/205 232/232 234/234
f 205/205 234/234 207/207
f 207/207 234/234 233/233
f 207/207 233/233 206/206
f 202/202 229/229 231/231
f 202/202 231/231 204/204
f 204/204 231/231 230/230
f 204/204 230/230 203/203
f 199/199 226/226 228/228
f 199/199 228/228 201/201
f 201/201 228/228 227/227
f 201/201 227/227 200/200
f 250/250 277/277 279/279
f 250/250 279/279 252/252
f 252/252 279/279 278/278
f 252/252 278/278 251/251
f 247/247 274/274 276/276
f 247/247 276/276 249/249
f 249/249 276/276 275/275
f 249/249 275/275 248/248
f 244/244 271/271 273/273
f 244/244 273/273 246/246
f 246/246 273/273 272/272
f 246/246 272/272 245/245
f 241/241 268/268 270/270
f 241/241 270/270 243/243
f 243/243 270/270 269/269
f 243/243 269/269 242/242
f 238/238 265/265 267/267
f 238/238 267/267 240/240
f 240/240 267/267 266/266
f 240/240 266/266 239/239
f 235/235 262/262 264/264
f 235/235 264/264 237/237
f 237/237 264/264 263/263
f 237/237 263/263 236/236
f 232/232 259/259 261/261
f 232/232 261/261 234/234
f 234/234 261/261 260/260
f 234/234 260/260 233/233
f 229/229 256/256 258/258
f 229/229 258/258 231/231
f 231/231 258/258 257/257
f 231/231 257/257 230/230
f 226/226 253/253 255/255
f 226/226 255/255 228/228
f 228/228 255/255 254/254
f 228/228 254/254 227/227
f 277/277 304/304 306/306
f 277/277 306/306 279/279
f 279/279 306/306 305/305
f 279/279 305/305 278/278
f 274/274 301/301 303/303
f 274/274 303/303 276/276
f 276/276 303/303 302/302
f 276/276 302/302 275/275
f 271/271 298/298 300/300
f 271/271 300/300 273/273
f 273/273 300/300 299/299
f 273/273 299/299 272/272
f 268/268 295/295 297/297
f 268/268 297/297 270/270
f 270/270 297/297 296/296
f 270/270 296/296 269/269
f 265/265 292/292 294/294
f 265/265 294/294 267/267
f 267/267 294/294 293/293
f 267/267 293/293 266/266
f 262/262 289/289 291/291
f 262/262 291/291 264/264
f 264/264 291/291 290/290
f 264/264 290/290 263/263
f 259/259 286/286 288/288
f 259/259 288/288 261/261
f 261/261 288/288 287/287
f 261/261 287/287 260/260
f 256/256 283/283 285/285
f 256/256 285/285 258/258
f 258/258 285/285 284/284
f 258/258 284/284 257/257
f 253/253 280/280 282/282
f 253/253 282/282 255/255
f 255/255 282/282 281/281
f 255/255 281/281 254/254
f 304/304 331/331 333/333
f 304/304 333/333 306/306
f 306/306 333/333 332/332
f 306/306 332/332 305/305
f 301/301 328/328 330/330
f 301/301 330/330 303/303
f 303/303 330/330 329/329
f 303/303 329/329 302/302
f 298/298 325/325 327/327
f 298/298 327/327 300/300
f 300/300 327/327 326/326
f 300/300 326/326 299/299
f 295/295 322/322 324/324
f 295/295 324/324 297/297
f 297/297 324/324 323/323
f 297/297 323/323 296/296
f 292/292 319/319 321/321
f 292/292 321/321 294/294
f 294/294 321/321 320/320
f 294/294 320/320 293/293
f 289/289 316/316 318/318
f 289/289 318/318 291/291
f 291/291 318/318 317/317
f 291/291 317/317 290/290
f 286/286 313/313 315/315
f 286/286 315/315 288/288
f 288/288 315/315 314/314
f 288/288 314/314 287/287
f 283/283 310/310 312/312
f 283/283 312/312 285/285
f 285/285 312/312 311/311
f 285/285 311/311 284/284
f 280/280 307/307 309/309
f 280/280 309/309 282/282
f 282/282 309/309 308/308
f 282/282 308/308 281/281
f 331/331 358/358 360/360
f 331/331 360/360 333/333
f 333/333 360/360 359/359
f 333/333 359/359 332/332
f 328/328 355/355 357/357
f 328/328 357/357 330/330
f 330/330 357/357 356/356
f 330/330 356/356 329/329
f 325/325 352/352 354/354
f 325/325 354/354 327/327
f 327/327 354/354 353/353
f 327/327 353/353 326/326
f 322/322 349/349 351/351
f 322/322 351/351 324/324
f 324/324 351/351 350/350
f 324/324 350/350 323/323
f 319/319 346/346 348/348
f 319/319 348/348 321/321
f 321/321 348/348 347/347
f 321/321 347/347 320/320
f 316/316 343/343 345/345
f 316/316 345/345 318/318
f 318/318 345/345 344/344
f 318/318 344/344 317/317
f 313/313 340/340 342/342
f 313/313 342/342 315/315
f 315/315 342/342 341/341
f 315/315 341/341 314/314
f 310/310 337/337 339/339
f 310/310 339/339 312/312
f 312/312 339/339 338/338
f 312/312 338/338 311/311
f 307/307 334/334 336/336
f 307/307 336/336 309/309
f 309/309 336/336 335/335
f 309/309 335/335 308/308
f 358/358 385/385 387/387
f 358/358 387/387 360/360
f 360/360 387/387 386/386
f 360/360 386/386 359/359
f 355/355 382/382 384/384
f 355/355 384/384 357/357
f 357/357 384/384 383/383
f 357/357 383/383 356/356
f 352/352 379/379 381/381
f 352/352 381/381 354/354
f 354/354 381/381 380/380
f 354/354 380/380 353/353
f 349/349 376/376 378/378
f 349/349 378/378 351/351
f 351/351 378/378 377/377
f 351/351 377/377 350/350
f 346/346 373/373 375/375
f 346/346 375/375 348/348
f 348/348 375/375 374/374
f 348/348 374/374 347/347
f 343/343 370/370 372/372
f 343/343 372/372 345/345
f 345/345 372/372 371/371
f 345/345 371/371 344/344
f 340/340 367/367 369/369
f 340/340 369/369 342/342
f 342/342 369/369 368/368
f 342/342 368/368 341/341
f 337/337 364/364 366/366
f 337/337 366/366 339/339
f 339/339 366/366 365/365
f 339/339 365/365 338/338
f 334/334 361/361 363/363
f 334/334 363/363 336/336
f 336/336 363/363 362/362
f 336/336 362/362 335/335
f 385/385 412/412 414/414
f 385/385 414/414 387/387
f 387/387 414/414 413/413
f 387/387 413/413 386/386
f 382/382 409/409 411/411
f 382/382 411/411 384/384
f 384/384 411/411 410/410
f 384/384 410/410 383/383
f 379/379 406/406 408/408
f 379/379 408/408 381/381
f 381/381 408/408 407/407
f 381/381 407/407 380/380
f 376/376 403/403 405/405
f 376/376 405/405 378/378
f 378/378 405/405 404/404
f 378/378 404/404 377/377
f 373/373 400/400 402/402
f 373/373 402/402 375/375
f 375/375 402/402 401/401
f 375/375 401/401 374/374
f 370/370 397/397 399/399
f 370/370 399/399 372/372
f 372/372 399/399 398/398
f 372/372 398/398 371/371
f 367/367 394/394 396/396
f 367/367 396/396 369/369
f 369/369 396/396 395/395
f 369/369 395/395 368/368
f 364/364 391/391 393/393
f 364/364 393/393 366/366
f 366/366 393/393 392/392
f 366/366 392/392 365/365
f 361/361 388/388 390/390
f 361/361 390/390 363/363
f 363/363 390/390 389/389
f 363/363 389/389 362/362
f 430/430 448/448 450/450
f 430/430 450/450 432/432
f 432/432 450/450 449/449
f 432/432 449/449 431/431
f 427/427 445/445 447/447
f 427/427 447/447 429/429
f 429/429 447/447 446/446
f 429/429 446/446 428/428
f 424/424 442/442 444/444
f 424/424 444/444 426/426
f 426/426 444/444 443/443
f 426/426 443/443 425/425
f 421/421 439/439 441/441
f 421/421 441/441 423/423
f 423/423 441/441 440/440
f 423/423 440/440 422/422
f 418/418 436/436 438/438
f 418/418 438/438 420/420
f 420/420 438/438 437/437
f 420/420 437/437 419/419
f 415/415 433/433 435/435
f 415/415 435/435 417/417
f 417/417 435/435 434/434
f 417/417 434/434 416/416
f 448/448 466/466 468/468
f 448/448 468/468 450/450
f 450/450 468/468 467/467
f 450/450 467/467 449/449
f 445/445 463/463 465/465
f 445/445 465/465 447/447
f 447/447 465/465 464/464
f 447/447 464/464 446/446
f 442/442 460/460 462/462
f 442/442 462/462 444/444
f 444/444 462/462 461/461
f 444/444 461/461 443/443
f 439/439 457/457 459/459
f 439/439 459/459 441/441
f 441/441 459/459 458/458
f 441/441 458/458 440/440
f 436/436 454/454 456/456
f 436/436 456/456 438/438
f 438/438 456/456 455/455
f 438/438 455/455 437/437
f 433/433 451/451 453/453
f 433/433 453/453 435/435
f 435/435 453/453 452/452
f 435/435 452/452 434/434
f 466/466 484/484 486/486
f 466/466 486/486 468/468
f 468/468 486/486 485/485
f 468/468 485/485 467/467
f 463/463 481/481 483/483
f 463/463 483/483 465/465
f 465/465 483/483 482/482
f 465/465 482/482 464/464
f 460/460 478/478 480/480
f 460/460 480/480 462/462
f 462/462 480/480 479/479
f 462/462 479/479 461/461
f 457/457 475/475 477/477
f 457/457 477/477 459/459
f 459/459 477/477 476/476
f 459/459 476/476 458/458
f 454/454 472/472 474/474
f 454/454 474/474 456/456
f 456/456 474/474 473/473
f 456/456 473/473 455/455
f 451/451 469/469 471/471
f 451/451 471/471 453/453
f 453/453 471/471 470/470
f 453/453 470/470 452/452
f 484/484 488/488 489/489
f 484/484 489/489 486/486
f 486/486 489/489 487/487
f 486/486 487/487 485/485
f 481/481 491/491 492/492
f 481/481 492/492 483/483
f 483/483 492/492 490/490
f 483/483 490/490 482/482
f 478/478 494/494 495/495
f 478/478 495/495 480/480
f 480/480 495/495 493/493
f 480/480 493/493 479/479
f 475/475 497/497 498/498
f 475/475 498/498 477/477
f 477/477 498/498 496/496
f 477/477 496/496 476/476
f 472/472 500/500 501/501
f 472/472 501/501 474/474
f 474/474 501/501 499/499
f 474/474 499/499 473/473
f 469/469 503/503 504/504
f 469/469 504/504 471/471
f 471/471 504/504 502/502
f 471/471 502/502 470/470
f 94/94 505/505 506/506
f 94/94 506/506 121/121
f 121/121 506/506 507/507
f 121/121 507/507 148/148
f 148/148 507/507 508/508
f 148/148 508/508 175/175
f 175/175 508/508 509/509
f 175/175 509/509 202/202
f 202/202 509/509 510/510
f 202/202 510/510 229/229
f 229/229 510/510 511/511
f 229/229 511/511 256/256
f 256/256 511/511 512/512
f 256/256 512/512 283/283
f 283/283 512/512 513/513
f 283/283 513/513 310/310
f 310/310 513/513 514/514
f 310/310 514/514 337/337
f 337/337 514/514 515/515
f 337/337 515/515 364/364
f 364/364 515/515 516/516
f 364/364 516/516 391/391
f 728/728 536/536 519/519
f 728/728 519/519 730/730
f 727/727 535/535 536/536
f 727/727 536/536 728/728
f 726/726 534/534 535/535
f 726/726 535/535 727/727
f 715/715 716/716 769/769
f 716/716 766/766 769/769
f 367/367 532/532 533/533
f 367/367 533/533 394/394
f 340/340 531/531 532/532
f 340/340 532/532 367/367
f 313/313 530/530 531/531
f 313/313 531/531 340/340
f 286/286 529/529 530/530
f 286/286 530/530 313/313
f 259/259 528/528 529/529
f 259/259 529/529 286/286
f 232/232 527/527 528/528
f 232/232 528/528 259/259
f 205/205 526/526 527/527
f 205/205 527/527 232/232
f 178/178 525/525 526/526
f 178/178 526/526 205/205
f 151/151 524/524 525/525
f 151/151 525/525 178/178
f 124/124 523/523 524/524
f 124/124 524/524 151/151
f 97/97 522/522 523/523
f 97/97 523/523 124/124
f 726/726 761/761 534/534
f 722/722 520/520 521/521
f 722/722 521/521 723/723
f 721/721 518/518 520/520
f 721/721 520/520 722/722
f 730/730 519/519 517/517
f 730/730 517/517 729/729
f 729/729 517/517 518/518
f 729/729 518/518 721/721
f 472/472 558/558 539/539
f 472/472 539/539 500/500
f 454/454 557/557 558/558
f 454/454 558/558 472/472
f 436/436 556/556 557/557
f 436/436 557/557 454/454
f 418/418 555/555 556/556
f 418/418 556/556 436/436
f 370/370 553/553 554/554
f 370/370 554/554 397/397
f 343/343 552/552 553/553
f 343/343 553/553 370/370
f 316/316 551/551 552/552
f 316/316 552/552 343/343
f 289/289 550/550 551/551
f 289/289 551/551 316/316
f 262/262 549/549 550/550
f 262/262 550/550 289/289
f 235/235 548/548 549/549
f 235/235 549/549 262/262
f 208/208 547/547 548/548
f 208/208 548/548 235/235
f 181/181 546/546 547/547
f 181/181 547/547 208/208
f 154/154 545/545 546/546
f 154/154 546/546 181/181
f 127/127 544/544 545/545
f 127/127 545/545 154/154
f 100/100 543/543 544/544
f 100/100 544/544 127/127
f 58/58 541/541 542/542
f 58/58 542/542 76/76
f 40/40 540/540 541/541
f 40/40 541/541 58/58
f 22/22 538/538 540/540
f 22/22 540/540 40/40
f 500/500 539/539 537/537
f 500/500 537/537 4/4
f 4/4 537/537 538/538
f 4/4 538/538 22/22
f 475/475 580/580 561/561
f 475/475 561/561 497/497
f 457/457 579/579 580/580
f 457/457 580/580 475/475
f 439/439 578/578 579/579
f 439/439 579/579 457/457
f 421/421 577/577 578/578
f 421/421 578/578 439/439
f 373/373 575/575 576/576
f 373/373 576/576 400/400
f 346/346 574/574 575/575
f 346/346 575/575 373/373
f 319/319 573/573 574/574
f 319/319 574/574 346/346
f 292/292 572/572 573/573
f 292/292 573/573 319/319
f 265/265 571/571 572/572
f 265/265 572/572 292/292
f 238/238 570/570 571/571
f 238/238 571/571 265/265
f 211/211 569/569 570/570
f 211/211 570/570 238/238
f 184/184 568/568 569/569
f 184/184 569/569 211/211
f 157/157 567/567 568/568
f 157/157 568/568 184/184
f 130/130 566/566 567/567
f 130/130 567/567 157/157
f 103/103 565/565 566/566
f 103/103 566/566 130/130
f 61/61 563/563 564/564
f 61/61 564/564 79/79
f 43/43 562/562 563/563
f 43/43 563/563 61/61
f 25/25 560/560 562/562
f 25/25 562/562 43/43
f 497/497 561/561 559/559
f 497/497 559/559 7/7
f 7/7 559/559 560/560
f 7/7 560/560 25/25
f 478/478 602/602 583/583
f 478/478 583/583 494/494
f 460/460 601/601 602/602
f 460/460 602/602 478/478
f 442/442 600/600 601/601
f 442/442 601/601 460/460
f 424/424 599/599 600/600
f 424/424 600/600 442/442
f 376/376 597/597 598/598
f 376/376 598/598 403/403
f 349/349 596/596 597/597
f 349/349 597/597 376/376
f 322/322 595/595 596/596
f 322/322 596/596 349/349
f 295/295 594/594 595/595
f 295/295 595/595 322/322
f 268/268 593/593 594/594
f 268/268 594/594 295/295
f 241/241 592/592 593/593
f 241/241 593/593 268/268
f 214/214 591/591 592/592
f 214/214 592/592 241/241
f 187/187 590/590 591/591
f 187/187 591/591 214/214
f 160/160 589/589 590/590
f 160/160 590/590 187/187
f 133/133 588/588 589/589
f 133/133 589/589 160/160
f 106/106 587/587 588/588
f 106/106 588/588 133/133
f 64/64 585/585 586/586
f 64/64 586/586 82/82
f 46/46 584/584 585/585
f 46/46 585/585 64/64
f 28/28 582/582 584/584
f 28/28 584/584 46/46
f 494/494 583/583 581/581
f 494/494 581/581 10/10
f 10/10 581/581 582/582
f 10/10 582/582 28/28
f 481/481 624/624 605/605
f 481/481 605/605 491/491
f 463/463 623/623 624/624
f 463/463 624/624 481/481
f 445/445 622/622 623/623
f 445/445 623/623 463/463
f 427/427 621/621 622/622
f 427/427 622/622 445/445
f 379/379 619/619 620/620
f 379/379 620/620 406/406
f 352/352 618/618 619/619
f 352/352 619/619 379/379
f 325/325 617/617 618/618
f 325/325 618/618 352/352
f 298/298 616/616 617/617
f 298/298 617/617 325/325
f 271/271 615/615 616/616
f 271/271 616/616 298/298
f 244/244 614/614 615/615
f 244/244 615/615 271/271
f 217/217 613/613 614/614
f 217/217 614/614 244/244
f 190/190 612/612 613/613
f 190/190 613/613 217/217
f 163/163 611/611 612/612
f 163/163 612/612 190/190
f 136/136 610/610 611/611
f 136/136 611/611 163/163
f 109/109 609/609 610/610
f 109/109 610/610 136/136
f 67/67 607/607 608/608
f 67/67 608/608 85/85
f 49/49 606/606 607/607
f 49/49 607/607 67/67
f 31/31 604/604 606/606
f 31/31 606/606 49/49
f 491/491 605/605 603/603
f 491/491 603/603 13/13
f 13/13 603/603 604/604
f 13/13 604/604 31/31
f 484/484 646/646 627/627
f 484/484 627/627 488/488
f 466/466 645/645 646/646
f 466/466 646/646 484/484
f 448/448 644/644 645/645
f 448/448 645/645 466/466
f 430/430 643/643 644/644
f 430/430 644/644 448/448
f 382/382 641/641 642/642
f 382/382 642/642 409/409
f 355/355 640/640 641/641
f 355/355 641/641 382/382
f 328/328 639/639 640/640
f 328/328 640/640 355/355
f 301/301 638/638 639/639
f 301/301 639/639 328/328
f 274/274 637/637 638/638
f 274/274 638/638 301/301
f 247/247 636/636 637/637
f 247/247 637/637 274/274
f 220/220 635/635 636/636
f 220/220 636/636 247/247
f 193/193 634/634 635/635
f 193/193 635/635 220/220
f 166/166 633/633 634/634
f 166/166 634/634 193/193
f 139/139 632/632 633/633
f 139/139 633/633 166/166
f 112/112 631/631 632/632
f 112/112 632/632 139/139
f 70/70 629/629 630/630
f 70/70 630/630 88/88
f 52/52 628/628 629/629
f 52/52 629/629 70/70
f 34/34 626/626 628/628
f 34/34 628/628 52/52
f 488/488 627/627 625/625
f 488/488 625/625 16/16
f 16/16 625/625 626/626
f 16/16 626/626 34/34
f 385/385 662/662 663/663
f 385/385 663/663 412/412
f 358/358 661/661 662/662
f 358/358 662/662 385/385
f 331/331 660/660 661/661
f 331/331 661/661 358/358
f 304/304 659/659 660/660
f 304/304 660/660 331/331
f 277/277 658/658 659/659
f 277/277 659/659 304/304
f 250/250 657/657 658/658
f 250/250 658/658 277/277
f 223/223 656/656 657/657
f 223/223 657/657 250/250
f 196/196 655/655 656/656
f 196/196 656/656 223/223
f 169/169 654/654 655/655
f 169/169 655/655 196/196
f 142/142 653/653 654/654
f 142/142 654/654 169/169
f 115/115 652/652 653/653
f 115/115 653/653 142/142
f 361/361 677/677 678/678
f 361/361 678/678 388/388
f 334/334 676/676 677/677
f 334/334 677/677 361/361
f 307/307 675/675 676/676
f 307/307 676/676 334/334
f 280/280 674/674 675/675
f 280/280 675/675 307/307
f 253/253 673/673 674/674
f 253/253 674/674 280/280
f 226/226 672/672 673/673
f 226/226 673/673 253/253
f 199/199 671/671 672/672
f 199/199 672/672 226/226
f 172/172 670/670 671/671
f 172/172 671/671 199/199
f 145/145 669/669 670/670
f 145/145 670/670 172/172
f 118/118 668/668 669/669
f 118/118 669/669 145/145
f 91/91 667/667 668/668
f 91/91 668/668 118/118
f 744/744 689/689 690/690
f 744/744 690/690 743/743
f 745/745 688/688 689/689
f 745/745 689/689 744/744
f 746/746 687/687 688/688
f 746/746 688/688 745/745
f 747/747 686/686 687/687
f 747/747 687/687 746/746
f 748/748 685/685 686/686
f 748/748 686/686 747/747
f 749/749 684/684 685/685
f 749/749 685/685 748/748
f 750/750 683/683 684/684
f 750/750 684/684 749/749
f 751/751 682/682 683/683
f 751/751 683/683 750/750
f 752/752 681/681 682/682
f 752/752 682/682 751/751
f 753/753 680/680 681/681
f 753/753 681/681 752/752
f 754/754 679/679 680/680
f 754/754 680/680 753/753
f 732/732 702/702 699/699
f 732/732 699/699 733/733
f 733/733 699/699 698/698
f 733/733 698/698 734/734
f 734/734 698/698 697/697
f 734/734 697/697 735/735
f 735/735 697/697 696/696
f 735/735 696/696 736/736
f 736/736 696/696 695/695
f 736/736 695/695 737/737
f 737/737 695/695 694/694
f 737/737 694/694 738/738
f 738/738 694/694 693/693
f 738/738 693/693 739/739
f 739/739 693/693 692/692
f 739/739 692/692 740/740
f 740/740 692/692 691/691
f 740/740 691/691 741/741
f 732/732 781/781 702/702
f 666/666 720/720 712/712
f 666/666 712/712 649/649
f 665/665 719/719 720/720
f 665/665 720/720 666/666
f 664/664 718/718 719/719
f 664/664 719/719 665/665
f 741/741 691/691 776/776
f 718/718 774/774 717/717
f 774/774 771/771 717/717
f 650/650 714/714 715/715
f 650/650 715/715 651/651
f 648/648 713/713 714/714
f 648/648 714/714 650/650
f 649/649 712/712 711/711
f 649/649 711/711 647/647
f 647/647 711/711 713/713
f 647/647 713/713 648/648
f 1/1 729/729 721/721
f 1/1 721/721 19/19
f 503/503 730/730 729/729
f 503/503 729/729 1/1
f 19/19 721/721 722/722
f 19/19 722/722 37/37
f 37/37 722/722 723/723
f 37/37 723/723 55/55
f 55/55 723/723 724/724
f 55/55 724/724 73/73
f 415/415 725/725 726/726
f 415/415 726/726 433/433
f 433/433 726/726 727/727
f 433/433 727/727 451/451
f 451/451 727/727 728/728
f 451/451 728/728 469/469
f 469/469 728/728 730/730
f 469/469 730/730 503/503
f 677/677 741/741 742/742
f 677/677 742/742 678/678
f 676/676 740/740 741/741
f 676/676 741/741 677/677
f 675/675 739/739 740/740
f 675/675 740/740 676/676
f 674/674 738/738 739/739
f 674/674 739/739 675/675
f 673/673 737/737 738/738
f 673/673 738/738 674/674
f 672/672 736/736 737/737
f 672/672 737/737 673/673
f 671/671 735/735 736/736
f 671/671 736/736 672/672
f 670/670 734/734 735/735
f 670/670 735/735 671/671
f 669/669 733/733 734/734
f 669/669 734/734 670/670
f 668/668 732/732 733/733
f 668/668 733/733 669/669
f 667/667 731/731 732/732
f 667/667 732/732 668/668
f 710/710 791/791 753/753
f 710/710 753/753 752/752
f 710/710 752/752 709/709
f 709/709 752/752 751/751
f 709/709 751/751 708/708
f 708/708 751/751 750/750
f 708/708 750/750 707/707
f 707/707 750/750 749/749
f 707/707 749/749 706/706
f 706/706 749/749 748/748
f 706/706 748/748 705/705
f 705/705 748/748 747/747
f 705/705 747/747 704/704
f 704/704 747/747 746/746
f 704/704 746/746 703/703
f 703/703 746/746 745/745
f 703/703 745/745 701/701
f 701/701 745/745 744/744
f 701/701 744/744 700/700
f 753/753 790/790 754/754
f 723/723 521/521 756/756
f 742/742 741/741 775/775
f 741/741 776/776 779/779
f 741/741 778/778 777/777
f 778/778 741/741 779/779
f 775/775 741/741 777/777
f 731/731 780/780 732/732
f 780/780 782/782 732/732
f 782/782 783/783 732/732
f 784/784 781/781 732/732
f 783/783 784/784 732/732
f 718/718 773/773 774/774
f 772/772 773/773 718/718
f 770/770 772/772 718/718
f 664/664 770/770 718/718
f 715/715 769/769 768/768
f 715/715 768/768 767/767
f 651/651 715/715 765/765
f 765/765 715/715 767/767
f 723/723 756/756 759/759
f 723/723 759/759 758/758
f 723/723 758/758 757/757
f 724/724 723/723 757/757
f 724/724 757/757 755/755
f 744/744 743/743 785/785
f 753/753 792/792 790/790
f 753/753 793/793 792/792
f 794/794 793/793 753/753
f 791/791 794/794 753/753
f 700/700 744/744 786/786
f 744/744 785/785 787/787
f 744/744 787/787 788/788
f 744/744 788/788 789/789
f 786/786 744/744 789/789
f 726/726 764/764 761/761
f 726/726 763/763 764/764
f 726/726 762/762 763/763
f 725/725 760/760 762/762
f 725/725 762/762 726/726
f 2744/2744 2434/2434 2442/2442
f 2744/2744 2442/2442 2714/2714
f 2713/2713 2193/2193 2201/2201
f 2713/2713 2201/2201 2715/2715
f 2715/2715 2201/2201 2209/2209
f 2715/2715 2209/2209 2716/2716
f 2716/2716 2209/2209 2217/2217
f 2716/2716 2217/2217 2717/2717
f 2717/2717 2217/2217 2225/2225
f 2717/2717 2225/2225 2718/2718
f 2718/2718 2225/2225 2233/2233
f 2718/2718 2233/2233 2719/2719
f 2719/2719 2233/2233 2241/2241
f 2719/2719 2241/2241 2720/2720
f 2720/2720 2241/2241 2249/2249
f 2720/2720 2249/2249 2721/2721
f 2721/2721 2249/2249 2257/2257
f 2721/2721 2257/2257 2722/2722
f 2722/2722 2257/2257 2265/2265
f 2722/2722 2265/2265 2723/2723
f 2723/2723 2265/2265 2273/2273
f 2723/2723 2273/2273 2724/2724
f 2724/2724 2273/2273 2281/2281
f 2724/2724 2281/2281 2725/2725
f 2725/2725 2281/2281 2289/2289
f 2725/2725 2289/2289 2726/2726
f 2726/2726 2289/2289 2297/2297
f 2726/2726 2297/2297 2727/2727
f 2727/2727 2297/2297 2305/2305
f 2727/2727 2305/2305 2728/2728
f 2728/2728 2305/2305 2313/2313
f 2728/2728 2313/2313 2729/2729
f 2729/2729 2313/2313 2328/2328
f 2729/2729 2328/2328 2730/2730
f 2730/2730 2328/2328 2336/2336
f 2730/2730 2336/2336 2731/2731
f 2731/2731 2336/2336 2344/2344
f 2731/2731 2344/2344 2732/2732
f 2732/2732 2344/2344 2352/2352
f 2732/2732 2352/2352 2733/2733
f 2733/2733 2352/2352 2360/2360
f 2733/2733 2360/2360 2734/2734
f 2734/2734 2360/2360 2368/2368
f 2734/2734 2368/2368 2735/2735
f 2735/2735 2368/2368 2376/2376
f 2735/2735 2376/2376 2736/2736
f 2736/2736 2376/2376 2384/2384
f 2736/2736 2384/2384 2737/2737
f 2738/2738 2386/2386 2394/2394
f 2738/2738 2394/2394 2739/2739
f 2739/2739 2394/2394 2402/2402
f 2739/2739 2402/2402 2740/2740
f 2740/2740 2402/2402 2410/2410
f 2740/2740 2410/2410 2741/2741
f 2741/2741 2410/2410 2418/2418
f 2741/2741 2418/2418 2742/2742
f 2742/2742 2418/2418 2426/2426
f 2742/2742 2426/2426 2743/2743
f 2743/2743 2426/2426 2434/2434
f 2743/2743 2434/2434 2744/2744
f 2712/2712 2179/2179 2193/2193
f 2712/2712 2193/2193 2713/2713
f 2173/2173 827/827 795/795
f 2173/2173 795/795 1984/1984
f 1990/1990 796/796 797/797
f 1990/1990 797/797 1996/1996
f 2167/2167 826/826 827/827
f 2167/2167 827/827 2173/2173
f 2161/2161 825/825 826/826
f 2161/2161 826/826 2167/2167
f 2155/2155 824/824 825/825
f 2155/2155 825/825 2161/2161
f 2149/2149 823/823 824/824
f 2149/2149 824/824 2155/2155
f 2143/2143 822/822 823/823
f 2143/2143 823/823 2149/2149
f 2137/2137 821/821 822/822
f 2137/2137 822/822 2143/2143
f 2129/2129 820/820 821/821
f 2129/2129 821/821 2137/2137
f 2122/2122 818/818 819/819
f 2122/2122 819/819 2128/2128
f 2116/2116 817/817 818/818
f 2116/2116 818/818 2122/2122
f 2110/2110 816/816 817/817
f 2110/2110 817/817 2116/2116
f 2104/2104 815/815 816/816
f 2104/2104 816/816 2110/2110
f 2098/2098 814/814 815/815
f 2098/2098 815/815 2104/2104
f 2092/2092 813/813 814/814
f 2092/2092 814/814 2098/2098
f 2086/2086 812/812 813/813
f 2086/2086 813/813 2092/2092
f 2080/2080 811/811 812/812
f 2080/2080 812/812 2086/2086
f 2074/2074 810/810 811/811
f 2074/2074 811/811 2080/2080
f 2068/2068 809/809 810/810
f 2068/2068 810/810 2074/2074
f 2062/2062 808/808 809/809
f 2062/2062 809/809 2068/2068
f 2056/2056 807/807 808/808
f 2056/2056 808/808 2062/2062
f 2050/2050 806/806 807/807
f 2050/2050 807/807 2056/2056
f 2044/2044 805/805 806/806
f 2044/2044 806/806 2050/2050
f 2038/2038 804/804 805/805
f 2038/2038 805/805 2044/2044
f 2032/2032 803/803 804/804
f 2032/2032 804/804 2038/2038
f 2026/2026 802/802 803/803
f 2026/2026 803/803 2032/2032
f 2020/2020 801/801 802/802
f 2020/2020 802/802 2026/2026
f 2014/2014 800/800 801/801
f 2014/2014 801/801 2020/2020
f 2008/2008 799/799 800/800
f 2008/2008 800/800 2014/2014
f 2002/2002 798/798 799/799
f 2002/2002 799/799 2008/2008
f 1996/1996 797/797 798/798
f 1996/1996 798/798 2002/2002
f 2067/2067 2073/2073 3070/3070
f 1751/1751 1666/1666 1716/1716
f 1751/1751 1716/1716 1721/1721
f 1750/1750 1639/1639 1666/1666
f 1750/1750 1666/1666 1751/1751
f 1749/1749 1612/1612 1639/1639
f 1749/1749 1639/1639 1750/1750
f 1748/1748 1585/1585 1612/1612
f 1748/1748 1612/1612 1749/1749
f 1747/1747 1558/1558 1585/1585
f 1747/1747 1585/1585 1748/1748
f 1746/1746 1531/1531 1558/1558
f 1746/1746 1558/1558 1747/1747
f 1745/1745 1504/1504 1531/1531
f 1745/1745 1531/1531 1746/1746
f 1744/1744 1452/1452 1504/1504
f 1744/1744 1504/1504 1745/1745
f 1742/1742 1423/1423 1451/1451
f 1742/1742 1451/1451 1743/1743
f 1741/1741 1396/1396 1423/1423
f 1741/1741 1423/1423 1742/1742
f 1740/1740 1369/1369 1396/1396
f 1740/1740 1396/1396 1741/1741
f 1739/1739 1342/1342 1369/1369
f 1739/1739 1369/1369 1740/1740
f 1738/1738 1315/1315 1342/1342
f 1738/1738 1342/1342 1739/1739
f 1737/1737 1288/1288 1315/1315
f 1737/1737 1315/1315 1738/1738
f 1736/1736 1261/1261 1288/1288
f 1736/1736 1288/1288 1737/1737
f 1735/1735 1234/1234 1261/1261
f 1735/1735 1261/1261 1736/1736
f 1734/1734 1207/1207 1234/1234
f 1734/1734 1234/1234 1735/1735
f 1733/1733 1180/1180 1207/1207
f 1733/1733 1207/1207 1734/1734
f 1732/1732 1153/1153 1180/1180
f 1732/1732 1180/1180 1733/1733
f 1731/1731 1126/1126 1153/1153
f 1731/1731 1153/1153 1732/1732
f 1730/1730 1099/1099 1126/1126
f 1730/1730 1126/1126 1731/1731
f 1729/1729 1072/1072 1099/1099
f 1729/1729 1099/1099 1730/1730
f 1728/1728 1045/1045 1072/1072
f 1728/1728 1072/1072 1729/1729
f 1727/1727 1018/1018 1045/1045
f 1727/1727 1045/1045 1728/1728
f 1726/1726 991/991 1018/1018
f 1726/1726 1018/1018 1727/1727
f 1725/1725 964/964 991/991
f 1725/1725 991/991 1726/1726
f 1724/1724 937/937 964/964
f 1724/1724 964/964 1725/1725
f 1723/1723 910/910 937/937
f 1723/1723 937/937 1724/1724
f 1722/1722 883/883 910/910
f 1722/1722 910/910 1723/1723
f 1720/1720 856/856 883/883
f 1720/1720 883/883 1722/1722
f 1721/1721 1716/1716 829/829
f 1721/1721 829/829 1719/1719
f 1719/1719 829/829 856/856
f 1719/1719 856/856 1720/1720
f 2745/2745 853/853 880/880
f 2745/2745 880/880 2746/2746
f 1950/1950 850/850 877/877
f 1950/1950 877/877 1951/1951
f 1917/1917 847/847 874/874
f 1917/1917 874/874 1918/1918
f 1884/1884 844/844 871/871
f 1884/1884 871/871 1885/1885
f 1851/1851 841/841 868/868
f 1851/1851 868/868 1852/1852
f 1818/1818 838/838 865/865
f 1818/1818 865/865 1819/1819
f 1785/1785 835/835 862/862
f 1785/1785 862/862 1786/1786
f 1752/1752 832/832 859/859
f 1752/1752 859/859 1753/1753
f 2747/2747 1692/1692 853/853
f 2747/2747 853/853 2745/2745
f 1952/1952 1695/1695 850/850
f 1952/1952 850/850 1950/1950
f 1919/1919 1698/1698 847/847
f 1919/1919 847/847 1917/1917
f 1886/1886 1701/1701 844/844
f 1886/1886 844/844 1884/1884
f 1853/1853 1704/1704 841/841
f 1853/1853 841/841 1851/1851
f 1820/1820 1707/1707 838/838
f 1820/1820 838/838 1818/1818
f 1787/1787 1710/1710 835/835
f 1787/1787 835/835 1785/1785
f 1754/1754 1713/1713 832/832
f 1754/1754 832/832 1752/1752
f 2746/2746 880/880 907/907
f 2746/2746 907/907 2748/2748
f 1951/1951 877/877 904/904
f 1951/1951 904/904 1953/1953
f 1918/1918 874/874 901/901
f 1918/1918 901/901 1920/1920
f 1885/1885 871/871 898/898
f 1885/1885 898/898 1887/1887
f 1852/1852 868/868 895/895
f 1852/1852 895/895 1854/1854
f 1819/1819 865/865 892/892
f 1819/1819 892/892 1821/1821
f 1786/1786 862/862 889/889
f 1786/1786 889/889 1788/1788
f 1753/1753 859/859 886/886
f 1753/1753 886/886 1755/1755
f 2748/2748 907/907 934/934
f 2748/2748 934/934 2749/2749
f 1953/1953 904/904 931/931
f 1953/1953 931/931 1954/1954
f 1920/1920 901/901 928/928
f 1920/1920 928/928 1921/1921
f 1887/1887 898/898 925/925
f 1887/1887 925/925 1888/1888
f 1854/1854 895/895 922/922
f 1854/1854 922/922 1855/1855
f 1821/1821 892/892 919/919
f 1821/1821 919/919 1822/1822
f 1788/1788 889/889 916/916
f 1788/1788 916/916 1789/1789
f 1755/1755 886/886 913/913
f 1755/1755 913/913 1756/1756
f 2749/2749 934/934 961/961
f 2749/2749 961/961 2750/2750
f 1954/1954 931/931 958/958
f 1954/1954 958/958 1955/1955
f 1921/1921 928/928 955/955
f 1921/1921 955/955 1922/1922
f 1888/1888 925/925 3244/3244
f 1888/1888 3244/3244 1889/1889
f 1855/1855 922/922 949/949
f 1855/1855 949/949 1856/1856
f 1822/1822 919/919 946/946
f 1822/1822 946/946 1823/1823
f 1789/1789 916/916 943/943
f 1789/1789 943/943 1790/1790
f 1756/1756 913/913 940/940
f 1756/1756 940/940 1757/1757
f 2750/2750 961/961 988/988
f 2750/2750 988/988 2751/2751
f 1955/1955 958/958 985/985
f 1955/1955 985/985 1956/1956
f 1922/1922 955/955 982/982
f 1922/1922 982/982 1923/1923
f 981/981 3247/3247 1890/1890
f 1856/1856 949/949 976/976
f 1856/1856 976/976 1857/1857
f 1823/1823 946/946 973/973
f 1823/1823 973/973 1824/1824
f 1790/1790 943/943 970/970
f 1790/1790 970/970 1791/1791
f 1757/1757 940/940 967/967
f 1757/1757 967/967 1758/1758
f 2751/2751 988/988 1015/1015
f 2751/2751 1015/1015 2752/2752
f 1956/1956 985/985 1012/1012
f 1956/1956 1012/1012 1957/1957
f 1923/1923 982/982 1009/1009
f 1923/1923 1009/1009 1924/1924
f 1890/1890 979/979 1006/1006
f 1890/1890 1006/1006 1891/1891
f 1857/1857 976/976 1003/1003
f 1857/1857 1003/1003 1858/1858
f 1824/1824 973/973 1000/1000
f 1824/1824 1000/1000 1825/1825
f 1791/1791 970/970 3241/3241
f 1791/1791 3241/3241 3240/3240
f 1758/1758 967/967 994/994
f 1758/1758 994/994 1759/1759
f 2752/2752 1015/1015 1042/1042
f 2752/2752 1042/1042 2753/2753
f 1957/1957 1012/1012 1039/1039
f 1957/1957 1039/1039 1958/1958
f 1924/1924 1009/1009 1036/1036
f 1924/1924 1036/1036 1925/1925
f 1891/1891 1006/1006 1033/1033
f 1891/1891 1033/1033 1892/1892
f 1858/1858 1003/1003 1030/1030
f 1858/1858 1030/1030 1859/1859
f 1825/1825 1000/1000 1027/1027
f 1825/1825 1027/1027 1826/1826
f 1792/1792 997/997 3238/3238
f 1792/1792 3238/3238 3236/3236
f 1759/1759 994/994 1021/1021
f 1759/1759 1021/1021 1760/1760
f 2753/2753 1042/1042 1069/1069
f 2753/2753 1069/1069 2754/2754
f 1958/1958 1039/1039 1066/1066
f 1958/1958 1066/1066 1959/1959
f 1925/1925 1036/1036 1063/1063
f 1925/1925 1063/1063 1926/1926
f 1892/1892 1033/1033 1060/1060
f 1892/1892 1060/1060 1893/1893
f 1859/1859 1030/1030 1057/1057
f 1859/1859 1057/1057 1860/1860
f 1826/1826 1027/1027 1054/1054
f 1826/1826 1054/1054 1827/1827
f 1793/1793 1024/1024 1051/1051
f 1793/1793 1051/1051 1794/1794
f 1760/1760 1021/1021 1048/1048
f 1760/1760 1048/1048 1761/1761
f 2754/2754 1069/1069 1096/1096
f 2754/2754 1096/1096 2755/2755
f 1959/1959 1066/1066 1093/1093
f 1959/1959 1093/1093 1960/1960
f 1926/1926 1063/1063 1090/1090
f 1926/1926 1090/1090 1927/1927
f 1893/1893 1060/1060 1087/1087
f 1893/1893 1087/1087 1894/1894
f 1860/1860 1057/1057 1084/1084
f 1860/1860 1084/1084 1861/1861
f 1827/1827 1054/1054 1081/1081
f 1827/1827 1081/1081 1828/1828
f 1794/1794 1051/1051 1078/1078
f 1794/1794 1078/1078 1795/1795
f 1761/1761 1048/1048 1075/1075
f 1761/1761 1075/1075 1762/1762
f 2755/2755 1096/1096 1123/1123
f 2755/2755 1123/1123 2756/2756
f 1960/1960 1093/1093 1120/1120
f 1960/1960 1120/1120 1961/1961
f 1927/1927 1090/1090 1117/1117
f 1927/1927 1117/1117 1928/1928
f 1894/1894 1087/1087 1114/1114
f 1894/1894 1114/1114 1895/1895
f 1861/1861 1084/1084 1111/1111
f 1861/1861 1111/1111 1862/1862
f 1828/1828 1081/1081 1108/1108
f 1828/1828 1108/1108 1829/1829
f 1795/1795 1078/1078 1105/1105
f 1795/1795 1105/1105 1796/1796
f 1762/1762 1075/1075 1102/1102
f 1762/1762 1102/1102 1763/1763
f 2756/2756 1123/1123 1150/1150
f 2756/2756 1150/1150 2757/2757
f 1961/1961 1120/1120 1147/1147
f 1961/1961 1147/1147 1962/1962
f 1928/1928 1117/1117 1144/1144
f 1928/1928 1144/1144 1929/1929
f 1895/1895 1114/1114 1141/1141
f 1895/1895 1141/1141 1896/1896
f 1862/1862 1111/1111 1138/1138
f 1862/1862 1138/1138 1863/1863
f 1829/1829 1108/1108 1135/1135
f 1829/1829 1135/1135 1830/1830
f 1796/1796 1105/1105 1132/1132
f 1796/1796 1132/1132 1797/1797
f 1763/1763 1102/1102 1129/1129
f 1763/1763 1129/1129 1764/1764
f 2757/2757 1150/1150 1177/1177
f 2757/2757 1177/1177 2758/2758
f 1962/1962 1147/1147 1174/1174
f 1962/1962 1174/1174 1963/1963
f 1929/1929 1144/1144 1171/1171
f 1929/1929 1171/1171 1930/1930
f 1896/1896 1141/1141 1168/1168
f 1896/1896 1168/1168 1897/1897
f 1863/1863 1138/1138 1165/1165
f 1863/1863 1165/1165 1864/1864
f 1830/1830 1135/1135 1162/1162
f 1830/1830 1162/1162 1831/1831
f 1797/1797 1132/1132 1159/1159
f 1797/1797 1159/1159 1798/1798
f 1764/1764 1129/1129 1156/1156
f 1764/1764 1156/1156 1765/1765
f 2758/2758 1177/1177 1204/1204
f 2758/2758 1204/1204 2759/2759
f 1963/1963 1174/1174 1201/1201
f 1963/1963 1201/1201 1964/1964
f 1930/1930 1171/1171 1198/1198
f 1930/1930 1198/1198 1931/1931
f 1897/1897 1168/1168 1195/1195
f 1897/1897 1195/1195 1898/1898
f 1864/1864 1165/1165 1192/1192
f 1864/1864 1192/1192 1865/1865
f 1831/1831 1162/1162 1189/1189
f 1831/1831 1189/1189 1832/1832
f 1798/1798 1159/1159 1186/1186
f 1798/1798 1186/1186 1799/1799
f 1765/1765 1156/1156 1183/1183
f 1765/1765 1183/1183 1766/1766
f 2759/2759 1204/1204 1231/1231
f 2759/2759 1231/1231 2760/2760
f 1964/1964 1201/1201 1228/1228
f 1964/1964 1228/1228 1965/1965
f 1931/1931 1198/1198 1225/1225
f 1931/1931 1225/1225 1932/1932
f 1898/1898 1195/1195 1222/1222
f 1898/1898 1222/1222 1899/1899
f 1865/1865 1192/1192 1219/1219
f 1865/1865 1219/1219 1866/1866
f 1832/1832 1189/1189 1216/1216
f 1832/1832 1216/1216 1833/1833
f 1799/1799 1186/1186 1213/1213
f 1799/1799 1213/1213 1800/1800
f 1766/1766 1183/1183 1210/1210
f 1766/1766 1210/1210 1767/1767
f 2760/2760 1231/1231 1258/1258
f 2760/2760 1258/1258 2761/2761
f 1965/1965 1228/1228 1255/1255
f 1965/1965 1255/1255 1966/1966
f 1932/1932 1225/1225 1252/1252
f 1932/1932 1252/1252 1933/1933
f 1899/1899 1222/1222 1249/1249
f 1899/1899 1249/1249 1900/1900
f 1866/1866 1219/1219 1246/1246
f 1866/1866 1246/1246 1867/1867
f 1833/1833 1216/1216 1243/1243
f 1833/1833 1243/1243 1834/1834
f 1800/1800 1213/1213 1240/1240
f 1800/1800 1240/1240 1801/1801
f 1767/1767 1210/1210 1237/1237
f 1767/1767 1237/1237 1768/1768
f 2761/2761 1258/1258 1285/1285
f 2761/2761 1285/1285 2762/2762
f 1966/1966 1255/1255 1282/1282
f 1966/1966 1282/1282 1967/1967
f 1933/1933 1252/1252 1279/1279
f 1933/1933 1279/1279 1934/1934
f 1900/1900 1249/1249 1276/1276
f 1900/1900 1276/1276 1901/1901
f 1867/1867 1246/1246 1273/1273
f 1867/1867 1273/1273 1868/1868
f 1834/1834 1243/1243 1270/1270
f 1834/1834 1270/1270 1835/1835
f 1801/1801 1240/1240 1267/1267
f 1801/1801 1267/1267 1802/1802
f 1768/1768 1237/1237 1264/1264
f 1768/1768 1264/1264 1769/1769
f 2762/2762 1285/1285 1312/1312
f 2762/2762 1312/1312 2763/2763
f 1967/1967 1282/1282 1309/1309
f 1967/1967 1309/1309 1968/1968
f 1934/1934 1279/1279 1306/1306
f 1934/1934 1306/1306 1935/1935
f 1901/1901 1276/1276 1303/1303
f 1901/1901 1303/1303 1902/1902
f 1868/1868 1273/1273 1300/1300
f 1868/1868 1300/1300 1869/1869
f 1835/1835 1270/1270 1297/1297
f 1835/1835 1297/1297 1836/1836
f 1802/1802 1267/1267 1294/1294
f 1802/1802 1294/1294 1803/1803
f 1769/1769 1264/1264 1291/1291
f 1769/1769 1291/1291 1770/1770
f 2763/2763 1312/1312 1339/1339
f 2763/2763 1339/1339 2764/2764
f 1968/1968 1309/1309 1336/1336
f 1968/1968 1336/1336 1969/1969
f 1935/1935 1306/1306 1333/1333
f 1935/1935 1333/1333 1936/1936
f 1902/1902 1303/1303 1330/1330
f 1902/1902 1330/1330 1903/1903
f 1869/1869 1300/1300 1327/1327
f 1869/1869 1327/1327 1870/1870
f 1836/1836 1297/1297 1324/1324
f 1836/1836 1324/1324 1837/1837
f 1803/1803 1294/1294 1321/1321
f 1803/1803 1321/1321 1804/1804
f 1770/1770 1291/1291 1318/1318
f 1770/1770 1318/1318 1771/1771
f 2764/2764 1339/1339 1366/1366
f 2764/2764 1366/1366 2765/2765
f 1969/1969 1336/1336 1363/1363
f 1969/1969 1363/1363 1970/1970
f 1936/1936 1333/1333 1360/1360
f 1936/1936 1360/1360 1937/1937
f 1903/1903 1330/1330 1357/1357
f 1903/1903 1357/1357 1904/1904
f 1870/1870 1327/1327 1354/1354
f 1870/1870 1354/1354 1871/1871
f 1837/1837 1324/1324 1351/1351
f 1837/1837 1351/1351 1838/1838
f 1804/1804 1321/1321 1348/1348
f 1804/1804 1348/1348 1805/1805
f 1771/1771 1318/1318 1345/1345
f 1771/1771 1345/1345 1772/1772
f 2765/2765 1366/1366 1393/1393
f 2765/2765 1393/1393 2766/2766
f 1970/1970 1363/1363 1390/1390
f 1970/1970 1390/1390 1971/1971
f 1937/1937 1360/1360 1387/1387
f 1937/1937 1387/1387 1938/1938
f 1904/1904 1357/1357 1384/1384
f 1904/1904 1384/1384 1905/1905
f 1871/1871 1354/1354 1381/1381
f 1871/1871 1381/1381 1872/1872
f 1838/1838 1351/1351 1378/1378
f 1838/1838 1378/1378 1839/1839
f 1805/1805 1348/1348 1375/1375
f 1805/1805 1375/1375 1806/1806
f 1772/1772 1345/1345 1372/1372
f 1772/1772 1372/1372 1773/1773
f 2766/2766 1393/1393 1420/1420
f 2766/2766 1420/1420 2767/2767
f 1971/1971 1390/1390 1417/1417
f 1971/1971 1417/1417 1972/1972
f 1938/1938 1387/1387 1414/1414
f 1938/1938 1414/1414 1939/1939
f 1905/1905 1384/1384 1411/1411
f 1905/1905 1411/1411 1906/1906
f 1872/1872 1381/1381 1408/1408
f 1872/1872 1408/1408 1873/1873
f 1839/1839 1378/1378 1405/1405
f 1839/1839 1405/1405 1840/1840
f 1806/1806 1375/1375 1402/1402
f 1806/1806 1402/1402 1807/1807
f 1773/1773 1372/1372 1399/1399
f 1773/1773 1399/1399 1774/1774
f 2767/2767 1420/1420 1447/1447
f 2767/2767 1447/1447 2768/2768
f 1972/1972 1417/1417 1444/1444
f 1972/1972 1444/1444 1973/1973
f 1939/1939 1414/1414 1441/1441
f 1939/1939 1441/1441 1940/1940
f 1906/1906 1411/1411 1438/1438
f 1906/1906 1438/1438 1907/1907
f 1873/1873 1408/1408 1435/1435
f 1873/1873 1435/1435 1874/1874
f 1840/1840 1405/1405 1432/1432
f 1840/1840 1432/1432 1841/1841
f 1807/1807 1402/1402 1429/1429
f 1807/1807 1429/1429 1808/1808
f 1774/1774 1399/1399 1426/1426
f 1774/1774 1426/1426 1775/1775
f 2768/2768 1447/1447 1499/1499
f 2768/2768 1499/1499 2769/2769
f 1973/1973 1444/1444 1493/1493
f 1973/1973 1493/1493 1974/1974
f 1940/1940 1441/1441 1487/1487
f 1940/1940 1487/1487 1941/1941
f 1907/1907 1438/1438 1481/1481
f 1907/1907 1481/1481 1908/1908
f 1874/1874 1435/1435 1475/1475
f 1874/1874 1475/1475 1875/1875
f 1841/1841 1432/1432 1469/1469
f 1841/1841 1469/1469 1842/1842
f 1808/1808 1429/1429 1463/1463
f 1808/1808 1463/1463 1809/1809
f 1775/1775 1426/1426 1457/1457
f 1775/1775 1457/1457 1776/1776
f 2770/2770 1500/1500 1528/1528
f 2770/2770 1528/1528 2771/2771
f 1975/1975 1494/1494 3286/3286
f 1975/1975 3286/3286 3285/3285
f 1942/1942 1488/1488 1522/1522
f 1942/1942 1522/1522 1943/1943
f 1909/1909 1482/1482 1519/1519
f 1909/1909 1519/1519 1910/1910
f 1876/1876 1476/1476 1516/1516
f 1876/1876 1516/1516 1877/1877
f 1843/1843 1470/1470 1513/1513
f 1843/1843 1513/1513 1844/1844
f 1810/1810 1464/1464 1510/1510
f 1810/1810 1510/1510 1811/1811
f 1777/1777 1458/1458 1507/1507
f 1777/1777 1507/1507 1778/1778
f 2771/2771 1528/1528 1555/1555
f 2771/2771 1555/1555 2772/2772
f 1976/1976 1525/1525 3282/3282
f 1976/1976 3282/3282 3283/3283
f 1943/1943 1522/1522 1549/1549
f 1943/1943 1549/1549 1944/1944
f 1910/1910 1519/1519 1546/1546
f 1910/1910 1546/1546 1911/1911
f 1877/1877 1516/1516 1543/1543
f 1877/1877 1543/1543 1878/1878
f 1844/1844 1513/1513 1540/1540
f 1844/1844 1540/1540 1845/1845
f 1811/1811 1510/1510 1537/1537
f 1811/1811 1537/1537 1812/1812
f 1778/1778 1507/1507 1534/1534
f 1778/1778 1534/1534 1779/1779
f 2772/2772 1555/1555 1582/1582
f 2772/2772 1582/1582 2773/2773
f 1977/1977 1552/1552 1579/1579
f 1977/1977 1579/1579 1978/1978
f 1944/1944 1549/1549 1576/1576
f 1944/1944 1576/1576 1945/1945
f 1911/1911 1546/1546 1573/1573
f 1911/1911 1573/1573 1912/1912
f 1878/1878 1543/1543 1570/1570
f 1878/1878 1570/1570 1879/1879
f 1845/1845 1540/1540 1567/1567
f 1845/1845 1567/1567 1846/1846
f 1812/1812 1537/1537 1564/1564
f 1812/1812 1564/1564 1813/1813
f 1779/1779 1534/1534 1561/1561
f 1779/1779 1561/1561 1780/1780
f 2773/2773 1582/1582 1609/1609
f 2773/2773 1609/1609 2774/2774
f 1978/1978 1579/1579 1606/1606
f 1978/1978 1606/1606 1979/1979
f 1945/1945 1576/1576 1603/1603
f 1945/1945 1603/1603 1946/1946
f 1912/1912 1573/1573 1600/1600
f 1912/1912 1600/1600 1913/1913
f 1879/1879 1570/1570 1597/1597
f 1879/1879 1597/1597 1880/1880
f 1846/1846 1567/1567 1594/1594
f 1846/1846 1594/1594 1847/1847
f 1813/1813 1564/1564 1591/1591
f 1813/1813 1591/1591 1814/1814
f 1780/1780 1561/1561 1588/1588
f 1780/1780 1588/1588 1781/1781
f 2774/2774 1609/1609 1636/1636
f 2774/2774 1636/1636 2775/2775
f 1979/1979 1606/1606 1633/1633
f 1979/1979 1633/1633 1980/1980
f 1946/1946 1603/1603 1630/1630
f 1946/1946 1630/1630 1947/1947
f 1913/1913 1600/1600 1627/1627
f 1913/1913 1627/1627 1914/1914
f 1880/1880 1597/1597 1624/1624
f 1880/1880 1624/1624 1881/1881
f 1847/1847 1594/1594 1621/1621
f 1847/1847 1621/1621 1848/1848
f 1814/1814 1591/1591 1618/1618
f 1814/1814 1618/1618 1815/1815
f 1781/1781 1588/1588 1615/1615
f 1781/1781 1615/1615 1782/1782
f 2775/2775 1636/1636 1663/1663
f 2775/2775 1663/1663 2776/2776
f 1980/1980 1633/1633 1660/1660
f 1980/1980 1660/1660 1981/1981
f 1947/1947 1630/1630 1657/1657
f 1947/1947 1657/1657 1948/1948
f 1914/1914 1627/1627 1654/1654
f 1914/1914 1654/1654 1915/1915
f 1881/1881 1624/1624 1651/1651
f 1881/1881 1651/1651 1882/1882
f 1848/1848 1621/1621 1648/1648
f 1848/1848 1648/1648 1849/1849
f 1815/1815 1618/1618 1645/1645
f 1815/1815 1645/1645 1816/1816
f 1782/1782 1615/1615 1642/1642
f 1782/1782 1642/1642 1783/1783
f 2776/2776 1663/1663 1690/1690
f 2776/2776 1690/1690 2777/2777
f 1981/1981 1660/1660 1687/1687
f 1981/1981 1687/1687 1982/1982
f 1948/1948 1657/1657 1684/1684
f 1948/1948 1684/1684 1949/1949
f 1915/1915 1654/1654 1681/1681
f 1915/1915 1681/1681 1916/1916
f 1882/1882 1651/1651 1678/1678
f 1882/1882 1678/1678 1883/1883
f 1849/1849 1648/1648 1675/1675
f 1849/1849 1675/1675 1850/1850
f 1816/1816 1645/1645 1672/1672
f 1816/1816 1672/1672 1817/1817
f 1783/1783 1642/1642 1669/1669
f 1783/1783 1669/1669 1784/1784
f 2777/2777 1690/1690 1692/1692
f 2777/2777 1692/1692 2747/2747
f 1982/1982 1687/1687 1695/1695
f 1982/1982 1695/1695 1952/1952
f 1949/1949 1684/1684 1698/1698
f 1949/1949 1698/1698 1919/1919
f 1916/1916 1681/1681 1701/1701
f 1916/1916 1701/1701 1886/1886
f 1883/1883 1678/1678 1704/1704
f 1883/1883 1704/1704 1853/1853
f 1850/1850 1675/1675 1707/1707
f 1850/1850 1707/1707 1820/1820
f 1817/1817 1672/1672 1710/1710
f 1817/1817 1710/1710 1787/1787
f 1784/1784 1669/1669 1713/1713
f 1784/1784 1713/1713 1754/1754
f 1693/1693 852/852 854/854
f 1693/1693 854/854 1694/1694
f 1694/1694 854/854 853/853
f 1694/1694 853/853 1692/1692
f 1696/1696 849/849 851/851
f 1696/1696 851/851 1697/1697
f 1697/1697 851/851 850/850
f 1697/1697 850/850 1695/1695
f 1699/1699 846/846 848/848
f 1699/1699 848/848 1700/1700
f 1700/1700 848/848 847/847
f 1700/1700 847/847 1698/1698
f 1702/1702 843/843 845/845
f 1702/1702 845/845 1703/1703
f 1703/1703 845/845 844/844
f 1703/1703 844/844 1701/1701
f 1705/1705 840/840 842/842
f 1705/1705 842/842 1706/1706
f 1706/1706 842/842 841/841
f 1706/1706 841/841 1704/1704
f 1708/1708 837/837 839/839
f 1708/1708 839/839 1709/1709
f 1709/1709 839/839 838/838
f 1709/1709 838/838 1707/1707
f 1711/1711 834/834 836/836
f 1711/1711 836/836 1712/1712
f 1712/1712 836/836 835/835
f 1712/1712 835/835 1710/1710
f 1714/1714 831/831 833/833
f 1714/1714 833/833 1715/1715
f 1715/1715 833/833 832/832
f 1715/1715 832/832 1713/1713
f 1717/1717 828/828 830/830
f 1717/1717 830/830 1718/1718
f 1718/1718 830/830 829/829
f 1718/1718 829/829 1716/1716
f 852/852 879/879 881/881
f 852/852 881/881 854/854
f 854/854 881/881 880/880
f 854/854 880/880 853/853
f 849/849 876/876 878/878
f 849/849 878/878 851/851
f 851/851 878/878 877/877
f 851/851 877/877 850/850
f 846/846 873/873 875/875
f 846/846 875/875 848/848
f 848/848 875/875 874/874
f 848/848 874/874 847/847
f 843/843 870/870 872/872
f 843/843 872/872 845/845
f 845/845 872/872 871/871
f 845/845 871/871 844/844
f 840/840 867/867 869/869
f 840/840 869/869 842/842
f 842/842 869/869 868/868
f 842/842 868/868 841/841
f 837/837 864/864 866/866
f 837/837 866/866 839/839
f 839/839 866/866 865/865
f 839/839 865/865 838/838
f 834/834 861/861 863/863
f 834/834 863/863 836/836
f 836/836 863/863 862/862
f 836/836 862/862 835/835
f 831/831 858/858 860/860
f 831/831 860/860 833/833
f 833/833 860/860 859/859
f 833/833 859/859 832/832
f 828/828 855/855 857/857
f 828/828 857/857 830/830
f 830/830 857/857 856/856
f 830/830 856/856 829/829
f 879/879 906/906 908/908
f 879/879 908/908 881/881
f 881/881 908/908 907/907
f 881/881 907/907 880/880
f 876/876 903/903 905/905
f 876/876 905/905 878/878
f 878/878 905/905 904/904
f 878/878 904/904 877/877
f 873/873 900/900 902/902
f 873/873 902/902 875/875
f 875/875 902/902 901/901
f 875/875 901/901 874/874
f 870/870 897/897 899/899
f 870/870 899/899 872/872
f 872/872 899/899 898/898
f 872/872 898/898 871/871
f 867/867 894/894 896/896
f 867/867 896/896 869/869
f 869/869 896/896 895/895
f 869/869 895/895 868/868
f 864/864 891/891 893/893
f 864/864 893/893 866/866
f 866/866 893/893 892/892
f 866/866 892/892 865/865
f 861/861 888/888 890/890
f 861/861 890/890 863/863
f 863/863 890/890 889/889
f 863/863 889/889 862/862
f 858/858 885/885 887/887
f 858/858 887/887 860/860
f 860/860 887/887 886/886
f 860/860 886/886 859/859
f 855/855 882/882 884/884
f 855/855 884/884 857/857
f 857/857 884/884 883/883
f 857/857 883/883 856/856
f 906/906 933/933 935/935
f 906/906 935/935 908/908
f 908/908 935/935 934/934
f 908/908 934/934 907/907
f 903/903 930/930 932/932
f 903/903 932/932 905/905
f 905/905 932/932 931/931
f 905/905 931/931 904/904
f 900/900 927/927 929/929
f 900/900 929/929 902/902
f 902/902 929/929 928/928
f 902/902 928/928 901/901
f 897/897 924/924 926/926
f 897/897 926/926 899/899
f 899/899 926/926 925/925
f 899/899 925/925 898/898
f 894/894 921/921 923/923
f 894/894 923/923 896/896
f 896/896 923/923 922/922
f 896/896 922/922 895/895
f 891/891 918/918 920/920
f 891/891 920/920 893/893
f 893/893 920/920 919/919
f 893/893 919/919 892/892
f 888/888 915/915 917/917
f 888/888 917/917 890/890
f 890/890 917/917 916/916
f 890/890 916/916 889/889
f 885/885 912/912 914/914
f 885/885 914/914 887/887
f 887/887 914/914 913/913
f 887/887 913/913 886/886
f 882/882 909/909 911/911
f 882/882 911/911 884/884
f 884/884 911/911 910/910
f 884/884 910/910 883/883
f 933/933 960/960 962/962
f 933/933 962/962 935/935
f 935/935 962/962 961/961
f 935/935 961/961 934/934
f 930/930 957/957 959/959
f 930/930 959/959 932/932
f 932/932 959/959 958/958
f 932/932 958/958 931/931
f 927/927 954/954 956/956
f 927/927 956/956 929/929
f 929/929 956/956 955/955
f 929/929 955/955 928/928
f 924/924 951/951 3245/3245
f 924/924 3245/3245 926/926
f 926/926 3245/3245 3244/3244
f 926/926 3244/3244 925/925
f 921/921 948/948 950/950
f 921/921 950/950 923/923
f 923/923 950/950 949/949
f 923/923 949/949 922/922
f 918/918 945/945 947/947
f 918/918 947/947 920/920
f 920/920 947/947 946/946
f 920/920 946/946 919/919
f 915/915 942/942 944/944
f 915/915 944/944 917/917
f 917/917 944/944 943/943
f 917/917 943/943 916/916
f 912/912 939/939 941/941
f 912/912 941/941 914/914
f 914/914 941/941 940/940
f 914/914 940/940 913/913
f 909/909 936/936 938/938
f 909/909 938/938 911/911
f 911/911 938/938 937/937
f 911/911 937/937 910/910
f 960/960 987/987 989/989
f 960/960 989/989 962/962
f 962/962 989/989 988/988
f 962/962 988/988 961/961
f 957/957 984/984 986/986
f 957/957 986/986 959/959
f 959/959 986/986 985/985
f 959/959 985/985 958/958
f 954/954 981/981 983/983
f 954/954 983/983 956/956
f 956/956 983/983 982/982
f 956/956 982/982 955/955
f 951/951 978/978 980/980
f 951/951 980/980 3242/3242
f 953/953 3242/3242 3243/3243
f 953/953 3243/3243 952/952
f 948/948 975/975 977/977
f 948/948 977/977 950/950
f 950/950 977/977 976/976
f 950/950 976/976 949/949
f 945/945 972/972 974/974
f 945/945 974/974 947/947
f 947/947 974/974 973/973
f 947/947 973/973 946/946
f 942/942 969/969 971/971
f 942/942 971/971 944/944
f 944/944 971/971 970/970
f 944/944 970/970 943/943
f 939/939 966/966 968/968
f 939/939 968/968 941/941
f 941/941 968/968 967/967
f 941/941 967/967 940/940
f 936/936 963/963 965/965
f 936/936 965/965 938/938
f 938/938 965/965 964/964
f 938/938 964/964 937/937
f 987/987 1014/1014 1016/1016
f 987/987 1016/1016 989/989
f 989/989 1016/1016 1015/1015
f 989/989 1015/1015 988/988
f 984/984 1011/1011 1013/1013
f 984/984 1013/1013 986/986
f 986/986 1013/1013 1012/1012
f 986/986 1012/1012 985/985
f 981/981 1008/1008 1010/1010
f 981/981 1010/1010 983/983
f 983/983 1010/1010 1009/1009
f 983/983 1009/1009 982/982
f 978/978 1005/1005 1007/1007
f 978/978 1007/1007 980/980
f 980/980 1007/1007 1006/1006
f 980/980 1006/1006 979/979
f 975/975 1002/1002 1004/1004
f 975/975 1004/1004 977/977
f 977/977 1004/1004 1003/1003
f 977/977 1003/1003 976/976
f 972/972 3239/3239 1001/1001
f 972/972 1001/1001 974/974
f 974/974 1001/1001 1000/1000
f 974/974 1000/1000 973/973
f 969/969 996/996 998/998
f 969/969 998/998 971/971
f 971/971 998/998 3241/3241
f 971/971 3241/3241 970/970
f 966/966 993/993 995/995
f 966/966 995/995 968/968
f 968/968 995/995 994/994
f 968/968 994/994 967/967
f 963/963 990/990 992/992
f 963/963 992/992 965/965
f 965/965 992/992 991/991
f 965/965 991/991 964/964
f 1014/1014 1041/1041 1043/1043
f 1014/1014 1043/1043 1016/1016
f 1016/1016 1043/1043 1042/1042
f 1016/1016 1042/1042 1015/1015
f 1011/1011 1038/1038 1040/1040
f 1011/1011 1040/1040 1013/1013
f 1013/1013 1040/1040 1039/1039
f 1013/1013 1039/1039 1012/1012
f 1008/1008 1035/1035 1037/1037
f 1008/1008 1037/1037 1010/1010
f 1010/1010 1037/1037 1036/1036
f 1010/1010 1036/1036 1009/1009
f 1005/1005 1032/1032 1034/1034
f 1005/1005 1034/1034 1007/1007
f 1007/1007 1034/1034 1033/1033
f 1007/1007 1033/1033 1006/1006
f 1002/1002 1029/1029 1031/1031
f 1002/1002 1031/1031 1004/1004
f 1004/1004 1031/1031 1030/1030
f 1004/1004 1030/1030 1003/1003
f 999/999 3237/3237 1001/1001
f 1001/1001 1028/1028 1027/1027
f 1001/1001 1027/1027 1000/1000
f 996/996 1023/1023 1025/1025
f 996/996 1025/1025 998/998
f 998/998 1025/1025 1024/1024
f 998/998 1024/1024 3238/3238
f 993/993 1020/1020 1022/1022
f 993/993 1022/1022 995/995
f 995/995 1022/1022 1021/1021
f 995/995 1021/1021 994/994
f 990/990 1017/1017 1019/1019
f 990/990 1019/1019 992/992
f 992/992 1019/1019 1018/1018
f 992/992 1018/1018 991/991
f 1041/1041 1068/1068 1070/1070
f 1041/1041 1070/1070 1043/1043
f 1043/1043 1070/1070 1069/1069
f 1043/1043 1069/1069 1042/1042
f 1038/1038 1065/1065 1067/1067
f 1038/1038 1067/1067 1040/1040
f 1040/1040 1067/1067 1066/1066
f 1040/1040 1066/1066 1039/1039
f 1035/1035 1062/1062 1064/1064
f 1035/1035 1064/1064 1037/1037
f 1037/1037 1064/1064 1063/1063
f 1037/1037 1063/1063 1036/1036
f 1032/1032 1059/1059 1061/1061
f 1032/1032 1061/1061 1034/1034
f 1034/1034 1061/1061 1060/1060
f 1034/1034 1060/1060 1033/1033
f 1029/1029 1056/1056 1058/1058
f 1029/1029 1058/1058 1031/1031
f 1031/1031 1058/1058 1057/1057
f 1031/1031 1057/1057 1030/1030
f 1026/1026 1053/1053 1055/1055
f 1026/1026 1055/1055 1028/1028
f 1028/1028 1055/1055 1054/1054
f 1028/1028 1054/1054 1027/1027
f 1023/1023 1050/1050 1052/1052
f 1023/1023 1052/1052 1025/1025
f 1025/1025 1052/1052 1051/1051
f 1025/1025 1051/1051 1024/1024
f 1020/1020 1047/1047 1049/1049
f 1020/1020 1049/1049 1022/1022
f 1022/1022 1049/1049 1048/1048
f 1022/1022 1048/1048 1021/1021
f 1017/1017 1044/1044 1046/1046
f 1017/1017 1046/1046 1019/1019
f 1019/1019 1046/1046 1045/1045
f 1019/1019 1045/1045 1018/1018
f 1068/1068 1095/1095 1097/1097
f 1068/1068 1097/1097 1070/1070
f 1070/1070 1097/1097 1096/1096
f 1070/1070 1096/1096 1069/1069
f 1065/1065 1092/1092 1094/1094
f 1065/1065 1094/1094 1067/1067
f 1067/1067 1094/1094 1093/1093
f 1067/1067 1093/1093 1066/1066
f 1062/1062 1089/1089 1091/1091
f 1062/1062 1091/1091 1064/1064
f 1064/1064 1091/1091 1090/1090
f 1064/1064 1090/1090 1063/1063
f 1059/1059 1086/1086 1088/1088
f 1059/1059 1088/1088 1061/1061
f 1061/1061 1088/1088 1087/1087
f 1061/1061 1087/1087 1060/1060
f 1056/1056 1083/1083 1085/1085
f 1056/1056 1085/1085 1058/1058
f 1058/1058 1085/1085 1084/1084
f 1058/1058 1084/1084 1057/1057
f 1053/1053 1080/1080 1082/1082
f 1053/1053 1082/1082 1055/1055
f 1055/1055 1082/1082 1081/1081
f 1055/1055 1081/1081 1054/1054
f 1050/1050 1077/1077 1079/1079
f 1050/1050 1079/1079 1052/1052
f 1052/1052 1079/1079 1078/1078
f 1052/1052 1078/1078 1051/1051
f 1047/1047 1074/1074 1076/1076
f 1047/1047 1076/1076 1049/1049
f 1049/1049 1076/1076 1075/1075
f 1049/1049 1075/1075 1048/1048
f 1044/1044 1071/1071 1073/1073
f 1044/1044 1073/1073 1046/1046
f 1046/1046 1073/1073 1072/1072
f 1046/1046 1072/1072 1045/1045
f 1095/1095 1122/1122 1124/1124
f 1095/1095 1124/1124 1097/1097
f 1097/1097 1124/1124 1123/1123
f 1097/1097 1123/1123 1096/1096
f 1092/1092 1119/1119 1121/1121
f 1092/1092 1121/1121 1094/1094
f 1094/1094 1121/1121 1120/1120
f 1094/1094 1120/1120 1093/1093
f 1089/1089 1116/1116 1118/1118
f 1089/1089 1118/1118 1091/1091
f 1091/1091 1118/1118 1117/1117
f 1091/1091 1117/1117 1090/1090
f 1086/1086 1113/1113 1115/1115
f 1086/1086 1115/1115 1088/1088
f 1088/1088 1115/1115 1114/1114
f 1088/1088 1114/1114 1087/1087
f 1083/1083 1110/1110 1112/1112
f 1083/1083 1112/1112 1085/1085
f 1085/1085 1112/1112 1111/1111
f 1085/1085 1111/1111 1084/1084
f 1080/1080 1107/1107 1109/1109
f 1080/1080 1109/1109 1082/1082
f 1082/1082 1109/1109 1108/1108
f 1082/1082 1108/1108 1081/1081
f 1077/1077 1104/1104 1106/1106
f 1077/1077 1106/1106 1079/1079
f 1079/1079 1106/1106 1105/1105
f 1079/1079 1105/1105 1078/1078
f 1074/1074 1101/1101 1103/1103
f 1074/1074 1103/1103 1076/1076
f 1076/1076 1103/1103 1102/1102
f 1076/1076 1102/1102 1075/1075
f 1071/1071 1098/1098 1100/1100
f 1071/1071 1100/1100 1073/1073
f 1073/1073 1100/1100 1099/1099
f 1073/1073 1099/1099 1072/1072
f 1122/1122 1149/1149 1151/1151
f 1122/1122 1151/1151 1124/1124
f 1124/1124 1151/1151 1150/1150
f 1124/1124 1150/1150 1123/1123
f 1119/1119 1146/1146 1148/1148
f 1119/1119 1148/1148 1121/1121
f 1121/1121 1148/1148 1147/1147
f 1121/1121 1147/1147 1120/1120
f 1116/1116 1143/1143 1145/1145
f 1116/1116 1145/1145 1118/1118
f 1118/1118 1145/1145 1144/1144
f 1118/1118 1144/1144 1117/1117
f 1113/1113 1140/1140 1142/1142
f 1113/1113 1142/1142 1115/1115
f 1115/1115 1142/1142 1141/1141
f 1115/1115 1141/1141 1114/1114
f 1110/1110 1137/1137 1139/1139
f 1110/1110 1139/1139 1112/1112
f 1112/1112 1139/1139 1138/1138
f 1112/1112 1138/1138 1111/1111
f 1107/1107 1134/1134 1136/1136
f 1107/1107 1136/1136 1109/1109
f 1109/1109 1136/1136 1135/1135
f 1109/1109 1135/1135 1108/1108
f 1104/1104 1131/1131 1133/1133
f 1104/1104 1133/1133 1106/1106
f 1106/1106 1133/1133 1132/1132
f 1106/1106 1132/1132 1105/1105
f 1101/1101 1128/1128 1130/1130
f 1101/1101 1130/1130 1103/1103
f 1103/1103 1130/1130 1129/1129
f 1103/1103 1129/1129 1102/1102
f 1098/1098 1125/1125 1127/1127
f 1098/1098 1127/1127 1100/1100
f 1100/1100 1127/1127 1126/1126
f 1100/1100 1126/1126 1099/1099
f 1149/1149 1176/1176 1178/1178
f 1149/1149 1178/1178 1151/1151
f 1151/1151 1178/1178 1177/1177
f 1151/1151 1177/1177 1150/1150
f 1146/1146 1173/1173 1175/1175
f 1146/1146 1175/1175 1148/1148
f 1148/1148 1175/1175 1174/1174
f 1148/1148 1174/1174 1147/1147
f 1143/1143 1170/1170 1172/1172
f 1143/1143 1172/1172 1145/1145
f 1145/1145 1172/1172 1171/1171
f 1145/1145 1171/1171 1144/1144
f 1140/1140 1167/1167 1169/1169
f 1140/1140 1169/1169 1142/1142
f 1142/1142 1169/1169 1168/1168
f 1142/1142 1168/1168 1141/1141
f 1137/1137 1164/1164 1166/1166
f 1137/1137 1166/1166 1139/1139
f 1139/1139 1166/1166 1165/1165
f 1139/1139 1165/1165 1138/1138
f 1134/1134 1161/1161 1163/1163
f 1134/1134 1163/1163 1136/1136
f 1136/1136 1163/1163 1162/1162
f 1136/1136 1162/1162 1135/1135
f 1131/1131 1158/1158 1160/1160
f 1131/1131 1160/1160 1133/1133
f 1133/1133 1160/1160 1159/1159
f 1133/1133 1159/1159 1132/1132
f 1128/1128 1155/1155 1157/1157
f 1128/1128 1157/1157 1130/1130
f 1130/1130 1157/1157 1156/1156
f 1130/1130 1156/1156 1129/1129
f 1125/1125 1152/1152 1154/1154
f 1125/1125 1154/1154 1127/1127
f 1127/1127 1154/1154 1153/1153
f 1127/1127 1153/1153 1126/1126
f 1176/1176 1203/1203 1205/1205
f 1176/1176 1205/1205 1178/1178
f 1178/1178 1205/1205 1204/1204
f 1178/1178 1204/1204 1177/1177
f 1173/1173 1200/1200 1202/1202
f 1173/1173 1202/1202 1175/1175
f 1175/1175 1202/1202 1201/1201
f 1175/1175 1201/1201 1174/1174
f 1170/1170 1197/1197 1199/1199
f 1170/1170 1199/1199 1172/1172
f 1172/1172 1199/1199 1198/1198
f 1172/1172 1198/1198 1171/1171
f 1167/1167 1194/1194 1196/1196
f 1167/1167 1196/1196 1169/1169
f 1169/1169 1196/1196 1195/1195
f 1169/1169 1195/1195 1168/1168
f 1164/1164 1191/1191 1193/1193
f 1164/1164 1193/1193 1166/1166
f 1166/1166 1193/1193 1192/1192
f 1166/1166 1192/1192 1165/1165
f 1161/1161 1188/1188 1190/1190
f 1161/1161 1190/1190 1163/1163
f 1163/1163 1190/1190 1189/1189
f 1163/1163 1189/1189 1162/1162
f 1158/1158 1185/1185 1187/1187
f 1158/1158 1187/1187 1160/1160
f 1160/1160 1187/1187 1186/1186
f 1160/1160 1186/1186 1159/1159
f 1155/1155 1182/1182 1184/1184
f 1155/1155 1184/1184 1157/1157
f 1157/1157 1184/1184 1183/1183
f 1157/1157 1183/1183 1156/1156
f 1152/1152 1179/1179 1181/1181
f 1152/1152 1181/1181 1154/1154
f 1154/1154 1181/1181 1180/1180
f 1154/1154 1180/1180 1153/1153
f 1203/1203 1230/1230 1232/1232
f 1203/1203 1232/1232 1205/1205
f 1205/1205 1232/1232 1231/1231
f 1205/1205 1231/1231 1204/1204
f 1200/1200 1227/1227 1229/1229
f 1200/1200 1229/1229 1202/1202
f 1202/1202 1229/1229 1228/1228
f 1202/1202 1228/1228 1201/1201
f 1197/1197 1224/1224 1226/1226
f 1197/1197 1226/1226 1199/1199
f 1199/1199 1226/1226 1225/1225
f 1199/1199 1225/1225 1198/1198
f 1194/1194 1221/1221 1223/1223
f 1194/1194 1223/1223 1196/1196
f 1196/1196 1223/1223 1222/1222
f 1196/1196 1222/1222 1195/1195
f 1191/1191 1218/1218 1220/1220
f 1191/1191 1220/1220 1193/1193
f 1193/1193 1220/1220 1219/1219
f 1193/1193 1219/1219 1192/1192
f 1188/1188 1215/1215 1217/1217
f 1188/1188 1217/1217 1190/1190
f 1190/1190 1217/1217 1216/1216
f 1190/1190 1216/1216 1189/1189
f 1185/1185 1212/1212 1214/1214
f 1185/1185 1214/1214 1187/1187
f 1187/1187 1214/1214 1213/1213
f 1187/1187 1213/1213 1186/1186
f 1182/1182 1209/1209 1211/1211
f 1182/1182 1211/1211 1184/1184
f 1184/1184 1211/1211 1210/1210
f 1184/1184 1210/1210 1183/1183
f 1179/1179 1206/1206 1208/1208
f 1179/1179 1208/1208 1181/1181
f 1181/1181 1208/1208 1207/1207
f 1181/1181 1207/1207 1180/1180
f 1230/1230 1257/1257 1259/1259
f 1230/1230 1259/1259 1232/1232
f 1232/1232 1259/1259 1258/1258
f 1232/1232 1258/1258 1231/1231
f 1227/1227 1254/1254 1256/1256
f 1227/1227 1256/1256 1229/1229
f 1229/1229 1256/1256 1255/1255
f 1229/1229 1255/1255 1228/1228
f 1224/1224 1251/1251 1253/1253
f 1224/1224 1253/1253 1226/1226
f 1226/1226 1253/1253 1252/1252
f 1226/1226 1252/1252 1225/1225
f 1221/1221 1248/1248 1250/1250
f 1221/1221 1250/1250 1223/1223
f 1223/1223 1250/1250 1249/1249
f 1223/1223 1249/1249 1222/1222
f 1218/1218 1245/1245 1247/1247
f 1218/1218 1247/1247 1220/1220
f 1220/1220 1247/1247 1246/1246
f 1220/1220 1246/1246 1219/1219
f 1215/1215 1242/1242 1244/1244
f 1215/1215 1244/1244 1217/1217
f 1217/1217 1244/1244 1243/1243
f 1217/1217 1243/1243 1216/1216
f 1212/1212 1239/1239 1241/1241
f 1212/1212 1241/1241 1214/1214
f 1214/1214 1241/1241 1240/1240
f 1214/1214 1240/1240 1213/1213
f 1209/1209 1236/1236 1238/1238
f 1209/1209 1238/1238 1211/1211
f 1211/1211 1238/1238 1237/1237
f 1211/1211 1237/1237 1210/1210
f 1206/1206 1233/1233 1235/1235
f 1206/1206 1235/1235 1208/1208
f 1208/1208 1235/1235 1234/1234
f 1208/1208 1234/1234 1207/1207
f 1257/1257 1284/1284 1286/1286
f 1257/1257 1286/1286 1259/1259
f 1259/1259 1286/1286 1285/1285
f 1259/1259 1285/1285 1258/1258
f 1254/1254 1281/1281 1283/1283
f 1254/1254 1283/1283 1256/1256
f 1256/1256 1283/1283 1282/1282
f 1256/1256 1282/1282 1255/1255
f 1251/1251 1278/1278 1280/1280
f 1251/1251 1280/1280 1253/1253
f 1253/1253 1280/1280 1279/1279
f 1253/1253 1279/1279 1252/1252
f 1248/1248 1275/1275 1277/1277
f 1248/1248 1277/1277 1250/1250
f 1250/1250 1277/1277 1276/1276
f 1250/1250 1276/1276 1249/1249
f 1245/1245 1272/1272 1274/1274
f 1245/1245 1274/1274 1247/1247
f 1247/1247 1274/1274 1273/1273
f 1247/1247 1273/1273 1246/1246
f 1242/1242 1269/1269 1271/1271
f 1242/1242 1271/1271 1244/1244
f 1244/1244 1271/1271 1270/1270
f 1244/1244 1270/1270 1243/1243
f 1239/1239 1266/1266 1268/1268
f 1239/1239 1268/1268 1241/1241
f 1241/1241 1268/1268 1267/1267
f 1241/1241 1267/1267 1240/1240
f 1236/1236 1263/1263 1265/1265
f 1236/1236 1265/1265 1238/1238
f 1238/1238 1265/1265 1264/1264
f 1238/1238 1264/1264 1237/1237
f 1233/1233 1260/1260 1262/1262
f 1233/1233 1262/1262 1235/1235
f 1235/1235 1262/1262 1261/1261
f 1235/1235 1261/1261 1234/1234
f 1284/1284 1311/1311 1313/1313
f 1284/1284 1313/1313 1286/1286
f 1286/1286 1313/1313 1312/1312
f 1286/1286 1312/1312 1285/1285
f 1281/1281 1308/1308 1310/1310
f 1281/1281 1310/1310 1283/1283
f 1283/1283 1310/1310 1309/1309
f 1283/1283 1309/1309 1282/1282
f 1278/1278 1305/1305 1307/1307
f 1278/1278 1307/1307 1280/1280
f 1280/1280 1307/1307 1306/1306
f 1280/1280 1306/1306 1279/1279
f 1275/1275 1302/1302 1304/1304
f 1275/1275 1304/1304 1277/1277
f 1277/1277 1304/1304 1303/1303
f 1277/1277 1303/1303 1276/1276
f 1272/1272 1299/1299 1301/1301
f 1272/1272 1301/1301 1274/1274
f 1274/1274 1301/1301 1300/1300
f 1274/1274 1300/1300 1273/1273
f 1269/1269 1296/1296 1298/1298
f 1269/1269 1298/1298 1271/1271
f 1271/1271 1298/1298 1297/1297
f 1271/1271 1297/1297 1270/1270
f 1266/1266 1293/1293 1295/1295
f 1266/1266 1295/1295 1268/1268
f 1268/1268 1295/1295 1294/1294
f 1268/1268 1294/1294 1267/1267
f 1263/1263 1290/1290 1292/1292
f 1263/1263 1292/1292 1265/1265
f 1265/1265 1292/1292 1291/1291
f 1265/1265 1291/1291 1264/1264
f 1260/1260 1287/1287 1289/1289
f 1260/1260 1289/1289 1262/1262
f 1262/1262 1289/1289 1288/1288
f 1262/1262 1288/1288 1261/1261
f 1311/1311 1338/1338 1340/1340
f 1311/1311 1340/1340 1313/1313
f 1313/1313 1340/1340 1339/1339
f 1313/1313 1339/1339 1312/1312
f 1308/1308 1335/1335 1337/1337
f 1308/1308 1337/1337 1310/1310
f 1310/1310 1337/1337 1336/1336
f 1310/1310 1336/1336 1309/1309
f 1305/1305 1332/1332 1334/1334
f 1305/1305 1334/1334 1307/1307
f 1307/1307 1334/1334 1333/1333
f 1307/1307 1333/1333 1306/1306
f 1302/1302 1329/1329 1331/1331
f 1302/1302 1331/1331 1304/1304
f 1304/1304 1331/1331 1330/1330
f 1304/1304 1330/1330 1303/1303
f 1299/1299 1326/1326 1328/1328
f 1299/1299 1328/1328 1301/1301
f 1301/1301 1328/1328 1327/1327
f 1301/1301 1327/1327 1300/1300
f 1296/1296 1323/1323 1325/1325
f 1296/1296 1325/1325 1298/1298
f 1298/1298 1325/1325 1324/1324
f 1298/1298 1324/1324 1297/1297
f 1293/1293 1320/1320 1322/1322
f 1293/1293 1322/1322 1295/1295
f 1295/1295 1322/1322 1321/1321
f 1295/1295 1321/1321 1294/1294
f 1290/1290 1317/1317 1319/1319
f 1290/1290 1319/1319 1292/1292
f 1292/1292 1319/1319 1318/1318
f 1292/1292 1318/1318 1291/1291
f 1287/1287 1314/1314 1316/1316
f 1287/1287 1316/1316 1289/1289
f 1289/1289 1316/1316 1315/1315
f 1289/1289 1315/1315 1288/1288
f 1338/1338 1365/1365 1367/1367
f 1338/1338 1367/1367 1340/1340
f 1340/1340 1367/1367 1366/1366
f 1340/1340 1366/1366 1339/1339
f 1335/1335 1362/1362 1364/1364
f 1335/1335 1364/1364 1337/1337
f 1337/1337 1364/1364 1363/1363
f 1337/1337 1363/1363 1336/1336
f 1332/1332 1359/1359 1361/1361
f 1332/1332 1361/1361 1334/1334
f 1334/1334 1361/1361 1360/1360
f 1334/1334 1360/1360 1333/1333
f 1329/1329 1356/1356 1358/1358
f 1329/1329 1358/1358 1331/1331
f 1331/1331 1358/1358 1357/1357
f 1331/1331 1357/1357 1330/1330
f 1326/1326 1353/1353 1355/1355
f 1326/1326 1355/1355 1328/1328
f 1328/1328 1355/1355 1354/1354
f 1328/1328 1354/1354 1327/1327
f 1323/1323 1350/1350 1352/1352
f 1323/1323 1352/1352 1325/1325
f 1325/1325 1352/1352 1351/1351
f 1325/1325 1351/1351 1324/1324
f 1320/1320 1347/1347 1349/1349
f 1320/1320 1349/1349 1322/1322
f 1322/1322 1349/1349 1348/1348
f 1322/1322 1348/1348 1321/1321
f 1317/1317 1344/1344 1346/1346
f 1317/1317 1346/1346 1319/1319
f 1319/1319 1346/1346 1345/1345
f 1319/1319 1345/1345 1318/1318
f 1314/1314 1341/1341 1343/1343
f 1314/1314 1343/1343 1316/1316
f 1316/1316 1343/1343 1342/1342
f 1316/1316 1342/1342 1315/1315
f 1365/1365 1392/1392 1394/1394
f 1365/1365 1394/1394 1367/1367
f 1367/1367 1394/1394 1393/1393
f 1367/1367 1393/1393 1366/1366
f 1362/1362 1389/1389 1391/1391
f 1362/1362 1391/1391 1364/1364
f 1364/1364 1391/1391 1390/1390
f 1364/1364 1390/1390 1363/1363
f 1359/1359 1386/1386 1388/1388
f 1359/1359 1388/1388 1361/1361
f 1361/1361 1388/1388 1387/1387
f 1361/1361 1387/1387 1360/1360
f 1356/1356 1383/1383 1385/1385
f 1356/1356 1385/1385 1358/1358
f 1358/1358 1385/1385 1384/1384
f 1358/1358 1384/1384 1357/1357
f 1353/1353 1380/1380 1382/1382
f 1353/1353 1382/1382 1355/1355
f 1355/1355 1382/1382 1381/1381
f 1355/1355 1381/1381 1354/1354
f 1350/1350 1377/1377 1379/1379
f 1350/1350 1379/1379 1352/1352
f 1352/1352 1379/1379 1378/1378
f 1352/1352 1378/1378 1351/1351
f 1347/1347 1374/1374 1376/1376
f 1347/1347 1376/1376 1349/1349
f 1349/1349 1376/1376 1375/1375
f 1349/1349 1375/1375 1348/1348
f 1344/1344 1371/1371 1373/1373
f 1344/1344 1373/1373 1346/1346
f 1346/1346 1373/1373 1372/1372
f 1346/1346 1372/1372 1345/1345
f 1341/1341 1368/1368 1370/1370
f 1341/1341 1370/1370 1343/1343
f 1343/1343 1370/1370 1369/1369
f 1343/1343 1369/1369 1342/1342
f 1392/1392 1419/1419 1421/1421
f 1392/1392 1421/1421 1394/1394
f 1394/1394 1421/1421 1420/1420
f 1394/1394 1420/1420 1393/1393
f 1389/1389 1416/1416 1418/1418
f 1389/1389 1418/1418 1391/1391
f 1391/1391 1418/1418 1417/1417
f 1391/1391 1417/1417 1390/1390
f 1386/1386 1413/1413 1415/1415
f 1386/1386 1415/1415 1388/1388
f 1388/1388 1415/1415 1414/1414
f 1388/1388 1414/1414 1387/1387
f 1383/1383 1410/1410 1412/1412
f 1383/1383 1412/1412 1385/1385
f 1385/1385 1412/1412 1411/1411
f 1385/1385 1411/1411 1384/1384
f 1380/1380 1407/1407 1409/1409
f 1380/1380 1409/1409 1382/1382
f 1382/1382 1409/1409 1408/1408
f 1382/1382 1408/1408 1381/1381
f 1377/1377 1404/1404 1406/1406
f 1377/1377 1406/1406 1379/1379
f 1379/1379 1406/1406 1405/1405
f 1379/1379 1405/1405 1378/1378
f 1374/1374 1401/1401 1403/1403
f 1374/1374 1403/1403 1376/1376
f 1376/1376 1403/1403 1402/1402
f 1376/1376 1402/1402 1375/1375
f 1371/1371 1398/1398 1400/1400
f 1371/1371 1400/1400 1373/1373
f 1373/1373 1400/1400 1399/1399
f 1373/1373 1399/1399 1372/1372
f 1368/1368 1395/1395 1397/1397
f 1368/1368 1397/1397 1370/1370
f 1370/1370 1397/1397 1396/1396
f 1370/1370 1396/1396 1369/1369
f 1419/1419 1446/1446 1448/1448
f 1419/1419 1448/1448 1421/1421
f 1421/1421 1448/1448 1447/1447
f 1421/1421 1447/1447 1420/1420
f 1416/1416 1443/1443 1445/1445
f 1416/1416 1445/1445 1418/1418
f 1418/1418 1445/1445 1444/1444
f 1418/1418 1444/1444 1417/1417
f 1413/1413 1440/1440 1442/1442
f 1413/1413 1442/1442 1415/1415
f 1415/1415 1442/1442 1441/1441
f 1415/1415 1441/1441 1414/1414
f 1410/1410 1437/1437 1439/1439
f 1410/1410 1439/1439 1412/1412
f 1412/1412 1439/1439 1438/1438
f 1412/1412 1438/1438 1411/1411
f 1407/1407 1434/1434 1436/1436
f 1407/1407 1436/1436 1409/1409
f 1409/1409 1436/1436 1435/1435
f 1409/1409 1435/1435 1408/1408
f 1404/1404 1431/1431 1433/1433
f 1404/1404 1433/1433 1406/1406
f 1406/1406 1433/1433 1432/1432
f 1406/1406 1432/1432 1405/1405
f 1401/1401 1428/1428 1430/1430
f 1401/1401 1430/1430 1403/1403
f 1403/1403 1430/1430 1429/1429
f 1403/1403 1429/1429 1402/1402
f 1398/1398 1425/1425 1427/1427
f 1398/1398 1427/1427 1400/1400
f 1400/1400 1427/1427 1426/1426
f 1400/1400 1426/1426 1399/1399
f 1395/1395 1422/1422 1424/1424
f 1395/1395 1424/1424 1397/1397
f 1397/1397 1424/1424 1423/1423
f 1397/1397 1423/1423 1396/1396
f 1446/1446 1497/1497 1501/1501
f 1446/1446 1501/1501 1448/1448
f 1448/1448 1501/1501 1499/1499
f 1448/1448 1499/1499 1447/1447
f 1443/1443 1491/1491 1495/1495
f 1443/1443 1495/1495 1445/1445
f 1445/1445 1495/1495 1493/1493
f 1445/1445 1493/1493 1444/1444
f 1440/1440 1485/1485 1489/1489
f 1440/1440 1489/1489 1442/1442
f 1442/1442 1489/1489 1487/1487
f 1442/1442 1487/1487 1441/1441
f 1437/1437 1479/1479 1483/1483
f 1437/1437 1483/1483 1439/1439
f 1439/1439 1483/1483 1481/1481
f 1439/1439 1481/1481 1438/1438
f 1434/1434 1473/1473 1477/1477
f 1434/1434 1477/1477 1436/1436
f 1436/1436 1477/1477 1475/1475
f 1436/1436 1475/1475 1435/1435
f 1431/1431 1467/1467 1471/1471
f 1431/1431 1471/1471 1433/1433
f 1433/1433 1471/1471 1469/1469
f 1433/1433 1469/1469 1432/1432
f 1428/1428 1461/1461 1465/1465
f 1428/1428 1465/1465 1430/1430
f 1430/1430 1465/1465 1463/1463
f 1430/1430 1463/1463 1429/1429
f 1425/1425 1455/1455 1459/1459
f 1425/1425 1459/1459 1427/1427
f 1427/1427 1459/1459 1457/1457
f 1427/1427 1457/1457 1426/1426
f 1422/1422 1449/1449 1453/1453
f 1422/1422 1453/1453 1424/1424
f 1424/1424 1453/1453 1451/1451
f 1424/1424 1451/1451 1423/1423
f 1498/1498 3284/3284 1529/1529
f 1498/1498 1529/1529 1502/1502
f 1502/1502 1529/1529 1528/1528
f 1502/1502 1528/1528 1500/1500
f 1492/1492 1524/1524 1526/1526
f 1492/1492 1526/1526 1496/1496
f 1496/1496 1526/1526 3286/3286
f 1496/1496 3286/3286 1494/1494
f 1486/1486 1521/1521 1523/1523
f 1486/1486 1523/1523 1490/1490
f 1490/1490 1523/1523 1522/1522
f 1490/1490 1522/1522 1488/1488
f 1480/1480 1518/1518 1520/1520
f 1480/1480 1520/1520 1484/1484
f 1484/1484 1520/1520 1519/1519
f 1484/1484 1519/1519 1482/1482
f 1474/1474 1515/1515 1517/1517
f 1474/1474 1517/1517 1478/1478
f 1478/1478 1517/1517 1516/1516
f 1478/1478 1516/1516 1476/1476
f 1468/1468 1512/1512 1514/1514
f 1468/1468 1514/1514 1472/1472
f 1472/1472 1514/1514 1513/1513
f 1472/1472 1513/1513 1470/1470
f 1462/1462 1509/1509 1511/1511
f 1462/1462 1511/1511 1466/1466
f 1466/1466 1511/1511 1510/1510
f 1466/1466 1510/1510 1464/1464
f 1456/1456 1506/1506 1508/1508
f 1456/1456 1508/1508 1460/1460
f 1460/1460 1508/1508 1507/1507
f 1460/1460 1507/1507 1458/1458
f 1450/1450 1503/1503 1505/1505
f 1450/1450 1505/1505 1454/1454
f 1454/1454 1505/1505 1504/1504
f 1454/1454 1504/1504 1452/1452
f 1527/1527 3281/3281 1529/1529
f 1529/1529 1556/1556 1555/1555
f 1529/1529 1555/1555 1528/1528
f 1524/1524 1551/1551 1553/1553
f 1524/1524 1553/1553 1526/1526
f 1526/1526 1553/1553 1552/1552
f 1526/1526 1552/1552 3282/3282
f 1521/1521 1548/1548 1550/1550
f 1521/1521 1550/1550 1523/1523
f 1523/1523 1550/1550 1549/1549
f 1523/1523 1549/1549 1522/1522
f 1518/1518 1545/1545 1547/1547
f 1518/1518 1547/1547 1520/1520
f 1520/1520 1547/1547 1546/1546
f 1520/1520 1546/1546 1519/1519
f 1515/1515 1542/1542 1544/1544
f 1515/1515 1544/1544 1517/1517
f 1517/1517 1544/1544 1543/1543
f 1517/1517 1543/1543 1516/1516
f 1512/1512 1539/1539 1541/1541
f 1512/1512 1541/1541 1514/1514
f 1514/1514 1541/1541 1540/1540
f 1514/1514 1540/1540 1513/1513
f 1509/1509 1536/1536 1538/1538
f 1509/1509 1538/1538 1511/1511
f 1511/1511 1538/1538 1537/1537
f 1511/1511 1537/1537 1510/1510
f 1506/1506 1533/1533 1535/1535
f 1506/1506 1535/1535 1508/1508
f 1508/1508 1535/1535 1534/1534
f 1508/1508 1534/1534 1507/1507
f 1503/1503 1530/1530 1532/1532
f 1503/1503 1532/1532 1505/1505
f 1505/1505 1532/1532 1531/1531
f 1505/1505 1531/1531 1504/1504
f 1554/1554 1581/1581 1583/1583
f 1554/1554 1583/1583 1556/1556
f 1556/1556 1583/1583 1582/1582
f 1556/1556 1582/1582 1555/1555
f 1551/1551 1578/1578 1580/1580
f 1551/1551 1580/1580 1553/1553
f 1553/1553 1580/1580 1579/1579
f 1553/1553 1579/1579 1552/1552
f 1548/1548 1575/1575 1577/1577
f 1548/1548 1577/1577 1550/1550
f 1550/1550 1577/1577 1576/1576
f 1550/1550 1576/1576 1549/1549
f 1545/1545 1572/1572 1574/1574
f 1545/1545 1574/1574 1547/1547
f 1547/1547 1574/1574 1573/1573
f 1547/1547 1573/1573 1546/1546
f 1542/1542 1569/1569 1571/1571
f 1542/1542 1571/1571 1544/1544
f 1544/1544 1571/1571 1570/1570
f 1544/1544 1570/1570 1543/1543
f 1539/1539 1566/1566 1568/1568
f 1539/1539 1568/1568 1541/1541
f 1541/1541 1568/1568 1567/1567
f 1541/1541 1567/1567 1540/1540
f 1536/1536 1563/1563 1565/1565
f 1536/1536 1565/1565 1538/1538
f 1538/1538 1565/1565 1564/1564
f 1538/1538 1564/1564 1537/1537
f 1533/1533 1560/1560 1562/1562
f 1533/1533 1562/1562 1535/1535
f 1535/1535 1562/1562 1561/1561
f 1535/1535 1561/1561 1534/1534
f 1530/1530 1557/1557 1559/1559
f 1530/1530 1559/1559 1532/1532
f 1532/1532 1559/1559 1558/1558
f 1532/1532 1558/1558 1531/1531
f 1581/1581 1608/1608 1610/1610
f 1581/1581 1610/1610 1583/1583
f 1583/1583 1610/1610 1609/1609
f 1583/1583 1609/1609 1582/1582
f 1578/1578 1605/1605 1607/1607
f 1578/1578 1607/1607 1580/1580
f 1580/1580 1607/1607 1606/1606
f 1580/1580 1606/1606 1579/1579
f 1575/1575 1602/1602 1604/1604
f 1575/1575 1604/1604 1577/1577
f 1577/1577 1604/1604 1603/1603
f 1577/1577 1603/1603 1576/1576
f 1572/1572 1599/1599 1601/1601
f 1572/1572 1601/1601 1574/1574
f 1574/1574 1601/1601 1600/1600
f 1574/1574 1600/1600 1573/1573
f 1569/1569 1596/1596 1598/1598
f 1569/1569 1598/1598 1571/1571
f 1571/1571 1598/1598 1597/1597
f 1571/1571 1597/1597 1570/1570
f 1566/1566 1593/1593 1595/1595
f 1566/1566 1595/1595 1568/1568
f 1568/1568 1595/1595 1594/1594
f 1568/1568 1594/1594 1567/1567
f 1563/1563 1590/1590 1592/1592
f 1563/1563 1592/1592 1565/1565
f 1565/1565 1592/1592 1591/1591
f 1565/1565 1591/1591 1564/1564
f 1560/1560 1587/1587 1589/1589
f 1560/1560 1589/1589 1562/1562
f 1562/1562 1589/1589 1588/1588
f 1562/1562 1588/1588 1561/1561
f 1557/1557 1584/1584 1586/1586
f 1557/1557 1586/1586 1559/1559
f 1559/1559 1586/1586 1585/1585
f 1559/1559 1585/1585 1558/1558
f 1608/1608 1635/1635 1637/1637
f 1608/1608 1637/1637 1610/1610
f 1610/1610 1637/1637 1636/1636
f 1610/1610 1636/1636 1609/1609
f 1605/1605 1632/1632 1634/1634
f 1605/1605 1634/1634 1607/1607
f 1607/1607 1634/1634 1633/1633
f 1607/1607 1633/1633 1606/1606
f 1602/1602 1629/1629 1631/1631
f 1602/1602 1631/1631 1604/1604
f 1604/1604 1631/1631 1630/1630
f 1604/1604 1630/1630 1603/1603
f 1599/1599 1626/1626 1628/1628
f 1599/1599 1628/1628 1601/1601
f 1601/1601 1628/1628 1627/1627
f 1601/1601 1627/1627 1600/1600
f 1596/1596 1623/1623 1625/1625
f 1596/1596 1625/1625 1598/1598
f 1598/1598 1625/1625 1624/1624
f 1598/1598 1624/1624 1597/1597
f 1593/1593 1620/1620 1622/1622
f 1593/1593 1622/1622 1595/1595
f 1595/1595 1622/1622 1621/1621
f 1595/1595 1621/1621 1594/1594
f 1590/1590 1617/1617 1619/1619
f 1590/1590 1619/1619 1592/1592
f 1592/1592 1619/1619 1618/1618
f 1592/1592 1618/1618 1591/1591
f 1587/1587 1614/1614 1616/1616
f 1587/1587 1616/1616 1589/1589
f 1589/1589 1616/1616 1615/1615
f 1589/1589 1615/1615 1588/1588
f 1584/1584 1611/1611 1613/1613
f 1584/1584 1613/1613 1586/1586
f 1586/1586 1613/1613 1612/1612
f 1586/1586 1612/1612 1585/1585
f 1635/1635 1662/1662 1664/1664
f 1635/1635 1664/1664 1637/1637
f 1637/1637 1664/1664 1663/1663
f 1637/1637 1663/1663 1636/1636
f 1632/1632 1659/1659 1661/1661
f 1632/1632 1661/1661 1634/1634
f 1634/1634 1661/1661 1660/1660
f 1634/1634 1660/1660 1633/1633
f 1629/1629 1656/1656 1658/1658
f 1629/1629 1658/1658 1631/1631
f 1631/1631 1658/1658 1657/1657
f 1631/1631 1657/1657 1630/1630
f 1626/1626 1653/1653 1655/1655
f 1626/1626 1655/1655 1628/1628
f 1628/1628 1655/1655 1654/1654
f 1628/1628 1654/1654 1627/1627
f 1623/1623 1650/1650 1652/1652
f 1623/1623 1652/1652 1625/1625
f 1625/1625 1652/1652 1651/1651
f 1625/1625 1651/1651 1624/1624
f 1620/1620 1647/1647 1649/1649
f 1620/1620 1649/1649 1622/1622
f 1622/1622 1649/1649 1648/1648
f 1622/1622 1648/1648 1621/1621
f 1617/1617 1644/1644 1646/1646
f 1617/1617 1646/1646 1619/1619
f 1619/1619 1646/1646 1645/1645
f 1619/1619 1645/1645 1618/1618
f 1614/1614 1641/1641 1643/1643
f 1614/1614 1643/1643 1616/1616
f 1616/1616 1643/1643 1642/1642
f 1616/1616 1642/1642 1615/1615
f 1611/1611 1638/1638 1640/1640
f 1611/1611 1640/1640 1613/1613
f 1613/1613 1640/1640 1639/1639
f 1613/1613 1639/1639 1612/1612
f 1662/1662 1689/1689 1691/1691
f 1662/1662 1691/1691 1664/1664
f 1664/1664 1691/1691 1690/1690
f 1664/1664 1690/1690 1663/1663
f 1659/1659 1686/1686 1688/1688
f 1659/1659 1688/1688 1661/1661
f 1661/1661 1688/1688 1687/1687
f 1661/1661 1687/1687 1660/1660
f 1656/1656 1683/1683 1685/1685
f 1656/1656 1685/1685 1658/1658
f 1658/1658 1685/1685 1684/1684
f 1658/1658 1684/1684 1657/1657
f 1653/1653 1680/1680 1682/1682
f 1653/1653 1682/1682 1655/1655
f 1655/1655 1682/1682 1681/1681
f 1655/1655 1681/1681 1654/1654
f 1650/1650 1677/1677 1679/1679
f 1650/1650 1679/1679 1652/1652
f 1652/1652 1679/1679 1678/1678
f 1652/1652 1678/1678 1651/1651
f 1647/1647 1674/1674 1676/1676
f 1647/1647 1676/1676 1649/1649
f 1649/1649 1676/1676 1675/1675
f 1649/1649 1675/1675 1648/1648
f 1644/1644 1671/1671 1673/1673
f 1644/1644 1673/1673 1646/1646
f 1646/1646 1673/1673 1672/1672
f 1646/1646 1672/1672 1645/1645
f 1641/1641 1668/1668 1670/1670
f 1641/1641 1670/1670 1643/1643
f 1643/1643 1670/1670 1669/1669
f 1643/1643 1669/1669 1642/1642
f 1638/1638 1665/1665 1667/1667
f 1638/1638 1667/1667 1640/1640
f 1640/1640 1667/1667 1666/1666
f 1640/1640 1666/1666 1639/1639
f 1689/1689 1693/1693 1694/1694
f 1689/1689 1694/1694 1691/1691
f 1691/1691 1694/1694 1692/1692
f 1691/1691 1692/1692 1690/1690
f 1686/1686 1696/1696 1697/1697
f 1686/1686 1697/1697 1688/1688
f 1688/1688 1697/1697 1695/1695
f 1688/1688 1695/1695 1687/1687
f 1683/1683 1699/1699 1700/1700
f 1683/1683 1700/1700 1685/1685
f 1685/1685 1700/1700 1698/1698
f 1685/1685 1698/1698 1684/1684
f 1680/1680 1702/1702 1703/1703
f 1680/1680 1703/1703 1682/1682
f 1682/1682 1703/1703 1701/1701
f 1682/1682 1701/1701 1681/1681
f 1677/1677 1705/1705 1706/1706
f 1677/1677 1706/1706 1679/1679
f 1679/1679 1706/1706 1704/1704
f 1679/1679 1704/1704 1678/1678
f 1674/1674 1708/1708 1709/1709
f 1674/1674 1709/1709 1676/1676
f 1676/1676 1709/1709 1707/1707
f 1676/1676 1707/1707 1675/1675
f 1671/1671 1711/1711 1712/1712
f 1671/1671 1712/1712 1673/1673
f 1673/1673 1712/1712 1710/1710
f 1673/1673 1710/1710 1672/1672
f 1668/1668 1714/1714 1715/1715
f 1668/1668 1715/1715 1670/1670
f 1670/1670 1715/1715 1713/1713
f 1670/1670 1713/1713 1669/1669
f 1665/1665 1717/1717 1718/1718
f 1665/1665 1718/1718 1667/1667
f 1667/1667 1718/1718 1716/1716
f 1667/1667 1716/1716 1666/1666
f 831/831 1719/1719 1720/1720
f 831/831 1720/1720 858/858
f 1714/1714 1721/1721 1719/1719
f 1714/1714 1719/1719 831/831
f 858/858 1720/1720 1722/1722
f 858/858 1722/1722 885/885
f 885/885 1722/1722 1723/1723
f 885/885 1723/1723 912/912
f 912/912 1723/1723 1724/1724
f 912/912 1724/1724 939/939
f 939/939 1724/1724 1725/1725
f 939/939 1725/1725 966/966
f 966/966 1725/1725 1726/1726
f 966/966 1726/1726 993/993
f 993/993 1726/1726 1727/1727
f 993/993 1727/1727 1020/1020
f 1020/1020 1727/1727 1728/1728
f 1020/1020 1728/1728 1047/1047
f 1047/1047 1728/1728 1729/1729
f 1047/1047 1729/1729 1074/1074
f 1074/1074 1729/1729 1730/1730
f 1074/1074 1730/1730 1101/1101
f 1101/1101 1730/1730 1731/1731
f 1101/1101 1731/1731 1128/1128
f 1128/1128 1731/1731 1732/1732
f 1128/1128 1732/1732 1155/1155
f 1155/1155 1732/1732 1733/1733
f 1155/1155 1733/1733 1182/1182
f 1182/1182 1733/1733 1734/1734
f 1182/1182 1734/1734 1209/1209
f 1209/1209 1734/1734 1735/1735
f 1209/1209 1735/1735 1236/1236
f 1236/1236 1735/1735 1736/1736
f 1236/1236 1736/1736 1263/1263
f 1263/1263 1736/1736 1737/1737
f 1263/1263 1737/1737 1290/1290
f 1290/1290 1737/1737 1738/1738
f 1290/1290 1738/1738 1317/1317
f 1317/1317 1738/1738 1739/1739
f 1317/1317 1739/1739 1344/1344
f 1344/1344 1739/1739 1740/1740
f 1344/1344 1740/1740 1371/1371
f 1371/1371 1740/1740 1741/1741
f 1371/1371 1741/1741 1398/1398
f 1398/1398 1741/1741 1742/1742
f 1398/1398 1742/1742 1425/1425
f 1425/1425 1742/1742 1743/1743
f 1425/1425 1743/1743 1455/1455
f 1456/1456 1744/1744 1745/1745
f 1456/1456 1745/1745 1506/1506
f 1506/1506 1745/1745 1746/1746
f 1506/1506 1746/1746 1533/1533
f 1533/1533 1746/1746 1747/1747
f 1533/1533 1747/1747 1560/1560
f 1560/1560 1747/1747 1748/1748
f 1560/1560 1748/1748 1587/1587
f 1587/1587 1748/1748 1749/1749
f 1587/1587 1749/1749 1614/1614
f 1614/1614 1749/1749 1750/1750
f 1614/1614 1750/1750 1641/1641
f 1641/1641 1750/1750 1751/1751
f 1641/1641 1751/1751 1668/1668
f 1668/1668 1751/1751 1721/1721
f 1668/1668 1721/1721 1714/1714
f 1671/1671 1784/1784 1754/1754
f 1671/1671 1754/1754 1711/1711
f 1644/1644 1783/1783 1784/1784
f 1644/1644 1784/1784 1671/1671
f 1617/1617 1782/1782 1783/1783
f 1617/1617 1783/1783 1644/1644
f 1590/1590 1781/1781 1782/1782
f 1590/1590 1782/1782 1617/1617
f 1563/1563 1780/1780 1781/1781
f 1563/1563 1781/1781 1590/1590
f 1536/1536 1779/1779 1780/1780
f 1536/1536 1780/1780 1563/1563
f 1509/1509 1778/1778 1779/1779
f 1509/1509 1779/1779 1536/1536
f 1462/1462 1777/1777 1778/1778
f 1462/1462 1778/1778 1509/1509
f 1428/1428 1775/1775 1776/1776
f 1428/1428 1776/1776 1461/1461
f 1401/1401 1774/1774 1775/1775
f 1401/1401 1775/1775 1428/1428
f 1374/1374 1773/1773 1774/1774
f 1374/1374 1774/1774 1401/1401
f 1347/1347 1772/1772 1773/1773
f 1347/1347 1773/1773 1374/1374
f 1320/1320 1771/1771 1772/1772
f 1320/1320 1772/1772 1347/1347
f 1293/1293 1770/1770 1771/1771
f 1293/1293 1771/1771 1320/1320
f 1266/1266 1769/1769 1770/1770
f 1266/1266 1770/1770 1293/1293
f 1239/1239 1768/1768 1769/1769
f 1239/1239 1769/1769 1266/1266
f 1212/1212 1767/1767 1768/1768
f 1212/1212 1768/1768 1239/1239
f 1185/1185 1766/1766 1767/1767
f 1185/1185 1767/1767 1212/1212
f 1158/1158 1765/1765 1766/1766
f 1158/1158 1766/1766 1185/1185
f 1131/1131 1764/1764 1765/1765
f 1131/1131 1765/1765 1158/1158
f 1104/1104 1763/1763 1764/1764
f 1104/1104 1764/1764 1131/1131
f 1077/1077 1762/1762 1763/1763
f 1077/1077 1763/1763 1104/1104
f 1050/1050 1761/1761 1762/1762
f 1050/1050 1762/1762 1077/1077
f 1023/1023 1760/1760 1761/1761
f 1023/1023 1761/1761 1050/1050
f 996/996 1759/1759 1760/1760
f 996/996 1760/1760 1023/1023
f 969/969 1758/1758 1759/1759
f 969/969 1759/1759 996/996
f 942/942 1757/1757 1758/1758
f 942/942 1758/1758 969/969
f 915/915 1756/1756 1757/1757
f 915/915 1757/1757 942/942
f 888/888 1755/1755 1756/1756
f 888/888 1756/1756 915/915
f 861/861 1753/1753 1755/1755
f 861/861 1755/1755 888/888
f 1711/1711 1754/1754 1752/1752
f 1711/1711 1752/1752 834/834
f 834/834 1752/1752 1753/1753
f 834/834 1753/1753 861/861
f 1674/1674 1817/1817 1787/1787
f 1674/1674 1787/1787 1708/1708
f 1647/1647 1816/1816 1817/1817
f 1647/1647 1817/1817 1674/1674
f 1620/1620 1815/1815 1816/1816
f 1620/1620 1816/1816 1647/1647
f 1593/1593 1814/1814 1815/1815
f 1593/1593 1815/1815 1620/1620
f 1566/1566 1813/1813 1814/1814
f 1566/1566 1814/1814 1593/1593
f 1539/1539 1812/1812 1813/1813
f 1539/1539 1813/1813 1566/1566
f 1512/1512 1811/1811 1812/1812
f 1512/1512 1812/1812 1539/1539
f 1468/1468 1810/1810 1811/1811
f 1468/1468 1811/1811 1512/1512
f 1431/1431 1808/1808 1809/1809
f 1431/1431 1809/1809 1467/1467
f 1404/1404 1807/1807 1808/1808
f 1404/1404 1808/1808 1431/1431
f 1377/1377 1806/1806 1807/1807
f 1377/1377 1807/1807 1404/1404
f 1350/1350 1805/1805 1806/1806
f 1350/1350 1806/1806 1377/1377
f 1323/1323 1804/1804 1805/1805
f 1323/1323 1805/1805 1350/1350
f 1296/1296 1803/1803 1804/1804
f 1296/1296 1804/1804 1323/1323
f 1269/1269 1802/1802 1803/1803
f 1269/1269 1803/1803 1296/1296
f 1242/1242 1801/1801 1802/1802
f 1242/1242 1802/1802 1269/1269
f 1215/1215 1800/1800 1801/1801
f 1215/1215 1801/1801 1242/1242
f 1188/1188 1799/1799 1800/1800
f 1188/1188 1800/1800 1215/1215
f 1161/1161 1798/1798 1799/1799
f 1161/1161 1799/1799 1188/1188
f 1134/1134 1797/1797 1798/1798
f 1134/1134 1798/1798 1161/1161
f 1107/1107 1796/1796 1797/1797
f 1107/1107 1797/1797 1134/1134
f 1080/1080 1795/1795 1796/1796
f 1080/1080 1796/1796 1107/1107
f 1053/1053 1794/1794 1795/1795
f 1053/1053 1795/1795 1080/1080
f 1026/1026 1793/1793 1794/1794
f 1026/1026 1794/1794 1053/1053
f 999/999 1792/1792 3236/3236
f 999/999 3236/3236 3237/3237
f 972/972 1791/1791 3240/3240
f 972/972 3240/3240 3239/3239
f 945/945 1790/1790 1791/1791
f 945/945 1791/1791 972/972
f 918/918 1789/1789 1790/1790
f 918/918 1790/1790 945/945
f 891/891 1788/1788 1789/1789
f 891/891 1789/1789 918/918
f 864/864 1786/1786 1788/1788
f 864/864 1788/1788 891/891
f 1708/1708 1787/1787 1785/1785
f 1708/1708 1785/1785 837/837
f 837/837 1785/1785 1786/1786
f 837/837 1786/1786 864/864
f 1677/1677 1850/1850 1820/1820
f 1677/1677 1820/1820 1705/1705
f 1650/1650 1849/1849 1850/1850
f 1650/1650 1850/1850 1677/1677
f 1623/1623 1848/1848 1849/1849
f 1623/1623 1849/1849 1650/1650
f 1596/1596 1847/1847 1848/1848
f 1596/1596 1848/1848 1623/1623
f 1569/1569 1846/1846 1847/1847
f 1569/1569 1847/1847 1596/1596
f 1542/1542 1845/1845 1846/1846
f 1542/1542 1846/1846 1569/1569
f 1515/1515 1844/1844 1845/1845
f 1515/1515 1845/1845 1542/1542
f 1474/1474 1843/1843 1844/1844
f 1474/1474 1844/1844 1515/1515
f 1434/1434 1841/1841 1842/1842
f 1434/1434 1842/1842 1473/1473
f 1407/1407 1840/1840 1841/1841
f 1407/1407 1841/1841 1434/1434
f 1380/1380 1839/1839 1840/1840
f 1380/1380 1840/1840 1407/1407
f 1353/1353 1838/1838 1839/1839
f 1353/1353 1839/1839 1380/1380
f 1326/1326 1837/1837 1838/1838
f 1326/1326 1838/1838 1353/1353
f 1299/1299 1836/1836 1837/1837
f 1299/1299 1837/1837 1326/1326
f 1272/1272 1835/1835 1836/1836
f 1272/1272 1836/1836 1299/1299
f 1245/1245 1834/1834 1835/1835
f 1245/1245 1835/1835 1272/1272
f 1218/1218 1833/1833 1834/1834
f 1218/1218 1834/1834 1245/1245
f 1191/1191 1832/1832 1833/1833
f 1191/1191 1833/1833 1218/1218
f 1164/1164 1831/1831 1832/1832
f 1164/1164 1832/1832 1191/1191
f 1137/1137 1830/1830 1831/1831
f 1137/1137 1831/1831 1164/1164
f 1110/1110 1829/1829 1830/1830
f 1110/1110 1830/1830 1137/1137
f 1083/1083 1828/1828 1829/1829
f 1083/1083 1829/1829 1110/1110
f 1056/1056 1827/1827 1828/1828
f 1056/1056 1828/1828 1083/1083
f 1029/1029 1826/1826 1827/1827
f 1029/1029 1827/1827 1056/1056
f 1002/1002 1825/1825 1826/1826
f 1002/1002 1826/1826 1029/1029
f 975/975 1824/1824 1825/1825
f 975/975 1825/1825 1002/1002
f 948/948 1823/1823 1824/1824
f 948/948 1824/1824 975/975
f 921/921 1822/1822 1823/1823
f 921/921 1823/1823 948/948
f 894/894 1821/1821 1822/1822
f 894/894 1822/1822 921/921
f 867/867 1819/1819 1821/1821
f 867/867 1821/1821 894/894
f 1705/1705 1820/1820 1818/1818
f 1705/1705 1818/1818 840/840
f 840/840 1818/1818 1819/1819
f 840/840 1819/1819 867/867
f 1680/1680 1883/1883 1853/1853
f 1680/1680 1853/1853 1702/1702
f 1653/1653 1882/1882 1883/1883
f 1653/1653 1883/1883 1680/1680
f 1626/1626 1881/1881 1882/1882
f 1626/1626 1882/1882 1653/1653
f 1599/1599 1880/1880 1881/1881
f 1599/1599 1881/1881 1626/1626
f 1572/1572 1879/1879 1880/1880
f 1572/1572 1880/1880 1599/1599
f 1545/1545 1878/1878 1879/1879
f 1545/1545 1879/1879 1572/1572
f 1518/1518 1877/1877 1878/1878
f 1518/1518 1878/1878 1545/1545
f 1480/1480 1876/1876 1877/1877
f 1480/1480 1877/1877 1518/1518
f 1437/1437 1874/1874 1875/1875
f 1437/1437 1875/1875 1479/1479
f 1410/1410 1873/1873 1874/1874
f 1410/1410 1874/1874 1437/1437
f 1383/1383 1872/1872 1873/1873
f 1383/1383 1873/1873 1410/1410
f 1356/1356 1871/1871 1872/1872
f 1356/1356 1872/1872 1383/1383
f 1329/1329 1870/1870 1871/1871
f 1329/1329 1871/1871 1356/1356
f 1302/1302 1869/1869 1870/1870
f 1302/1302 1870/1870 1329/1329
f 1275/1275 1868/1868 1869/1869
f 1275/1275 1869/1869 1302/1302
f 1248/1248 1867/1867 1868/1868
f 1248/1248 1868/1868 1275/1275
f 1221/1221 1866/1866 1867/1867
f 1221/1221 1867/1867 1248/1248
f 1194/1194 1865/1865 1866/1866
f 1194/1194 1866/1866 1221/1221
f 1167/1167 1864/1864 1865/1865
f 1167/1167 1865/1865 1194/1194
f 1140/1140 1863/1863 1864/1864
f 1140/1140 1864/1864 1167/1167
f 1113/1113 1862/1862 1863/1863
f 1113/1113 1863/1863 1140/1140
f 1086/1086 1861/1861 1862/1862
f 1086/1086 1862/1862 1113/1113
f 1059/1059 1860/1860 1861/1861
f 1059/1059 1861/1861 1086/1086
f 1032/1032 1859/1859 1860/1860
f 1032/1032 1860/1860 1059/1059
f 1005/1005 1858/1858 1859/1859
f 1005/1005 1859/1859 1032/1032
f 978/978 1857/1857 1858/1858
f 978/978 1858/1858 1005/1005
f 951/951 1856/1856 1857/1857
f 951/951 1857/1857 978/978
f 924/924 1855/1855 1856/1856
f 924/924 1856/1856 951/951
f 897/897 1854/1854 1855/1855
f 897/897 1855/1855 924/924
f 870/870 1852/1852 1854/1854
f 870/870 1854/1854 897/897
f 1702/1702 1853/1853 1851/1851
f 1702/1702 1851/1851 843/843
f 843/843 1851/1851 1852/1852
f 843/843 1852/1852 870/870
f 1683/1683 1916/1916 1886/1886
f 1683/1683 1886/1886 1699/1699
f 1656/1656 1915/1915 1916/1916
f 1656/1656 1916/1916 1683/1683
f 1629/1629 1914/1914 1915/1915
f 1629/1629 1915/1915 1656/1656
f 1602/1602 1913/1913 1914/1914
f 1602/1602 1914/1914 1629/1629
f 1575/1575 1912/1912 1913/1913
f 1575/1575 1913/1913 1602/1602
f 1548/1548 1911/1911 1912/1912
f 1548/1548 1912/1912 1575/1575
f 1521/1521 1910/1910 1911/1911
f 1521/1521 1911/1911 1548/1548
f 1486/1486 1909/1909 1910/1910
f 1486/1486 1910/1910 1521/1521
f 1440/1440 1907/1907 1908/1908
f 1440/1440 1908/1908 1485/1485
f 1413/1413 1906/1906 1907/1907
f 1413/1413 1907/1907 1440/1440
f 1386/1386 1905/1905 1906/1906
f 1386/1386 1906/1906 1413/1413
f 1359/1359 1904/1904 1905/1905
f 1359/1359 1905/1905 1386/1386
f 1332/1332 1903/1903 1904/1904
f 1332/1332 1904/1904 1359/1359
f 1305/1305 1902/1902 1903/1903
f 1305/1305 1903/1903 1332/1332
f 1278/1278 1901/1901 1902/1902
f 1278/1278 1902/1902 1305/1305
f 1251/1251 1900/1900 1901/1901
f 1251/1251 1901/1901 1278/1278
f 1224/1224 1899/1899 1900/1900
f 1224/1224 1900/1900 1251/1251
f 1197/1197 1898/1898 1899/1899
f 1197/1197 1899/1899 1224/1224
f 1170/1170 1897/1897 1898/1898
f 1170/1170 1898/1898 1197/1197
f 1143/1143 1896/1896 1897/1897
f 1143/1143 1897/1897 1170/1170
f 1116/1116 1895/1895 1896/1896
f 1116/1116 1896/1896 1143/1143
f 1089/1089 1894/1894 1895/1895
f 1089/1089 1895/1895 1116/1116
f 1062/1062 1893/1893 1894/1894
f 1062/1062 1894/1894 1089/1089
f 1035/1035 1892/1892 1893/1893
f 1035/1035 1893/1893 1062/1062
f 1008/1008 1891/1891 1892/1892
f 1008/1008 1892/1892 1035/1035
f 981/981 1890/1890 1891/1891
f 981/981 1891/1891 1008/1008
f 954/954 1889/1889 981/981
f 927/927 1888/1888 1889/1889
f 927/927 1889/1889 954/954
f 900/900 1887/1887 1888/1888
f 900/900 1888/1888 927/927
f 873/873 1885/1885 1887/1887
f 873/873 1887/1887 900/900
f 1699/1699 1886/1886 1884/1884
f 1699/1699 1884/1884 846/846
f 846/846 1884/1884 1885/1885
f 846/846 1885/1885 873/873
f 1686/1686 1949/1949 1919/1919
f 1686/1686 1919/1919 1696/1696
f 1659/1659 1948/1948 1949/1949
f 1659/1659 1949/1949 1686/1686
f 1632/1632 1947/1947 1948/1948
f 1632/1632 1948/1948 1659/1659
f 1605/1605 1946/1946 1947/1947
f 1605/1605 1947/1947 1632/1632
f 1578/1578 1945/1945 1946/1946
f 1578/1578 1946/1946 1605/1605
f 1551/1551 1944/1944 1945/1945
f 1551/1551 1945/1945 1578/1578
f 1524/1524 1943/1943 1944/1944
f 1524/1524 1944/1944 1551/1551
f 1492/1492 1942/1942 1943/1943
f 1492/1492 1943/1943 1524/1524
f 1443/1443 1940/1940 1941/1941
f 1443/1443 1941/1941 1491/1491
f 1416/1416 1939/1939 1940/1940
f 1416/1416 1940/1940 1443/1443
f 1389/1389 1938/1938 1939/1939
f 1389/1389 1939/1939 1416/1416
f 1362/1362 1937/1937 1938/1938
f 1362/1362 1938/1938 1389/1389
f 1335/1335 1936/1936 1937/1937
f 1335/1335 1937/1937 1362/1362
f 1308/1308 1935/1935 1936/1936
f 1308/1308 1936/1936 1335/1335
f 1281/1281 1934/1934 1935/1935
f 1281/1281 1935/1935 1308/1308
f 1254/1254 1933/1933 1934/1934
f 1254/1254 1934/1934 1281/1281
f 1227/1227 1932/1932 1933/1933
f 1227/1227 1933/1933 1254/1254
f 1200/1200 1931/1931 1932/1932
f 1200/1200 1932/1932 1227/1227
f 1173/1173 1930/1930 1931/1931
f 1173/1173 1931/1931 1200/1200
f 1146/1146 1929/1929 1930/1930
f 1146/1146 1930/1930 1173/1173
f 1119/1119 1928/1928 1929/1929
f 1119/1119 1929/1929 1146/1146
f 1092/1092 1927/1927 1928/1928
f 1092/1092 1928/1928 1119/1119
f 1065/1065 1926/1926 1927/1927
f 1065/1065 1927/1927 1092/1092
f 1038/1038 1925/1925 1926/1926
f 1038/1038 1926/1926 1065/1065
f 1011/1011 1924/1924 1925/1925
f 1011/1011 1925/1925 1038/1038
f 984/984 1923/1923 1924/1924
f 984/984 1924/1924 1011/1011
f 957/957 1922/1922 1923/1923
f 957/957 1923/1923 984/984
f 930/930 1921/1921 1922/1922
f 930/930 1922/1922 957/957
f 903/903 1920/1920 1921/1921
f 903/903 1921/1921 930/930
f 876/876 1918/1918 1920/1920
f 876/876 1920/1920 903/903
f 1696/1696 1919/1919 1917/1917
f 1696/1696 1917/1917 849/849
f 849/849 1917/1917 1918/1918
f 849/849 1918/1918 876/876
f 1689/1689 1982/1982 1952/1952
f 1689/1689 1952/1952 1693/1693
f 1662/1662 1981/1981 1982/1982
f 1662/1662 1982/1982 1689/1689
f 1635/1635 1980/1980 1981/1981
f 1635/1635 1981/1981 1662/1662
f 1608/1608 1979/1979 1980/1980
f 1608/1608 1980/1980 1635/1635
f 1581/1581 1978/1978 1979/1979
f 1581/1581 1979/1979 1608/1608
f 1554/1554 1977/1977 1978/1978
f 1554/1554 1978/1978 1581/1581
f 1527/1527 1976/1976 3283/3283
f 1527/1527 3283/3283 3281/3281
f 1498/1498 1975/1975 3285/3285
f 1498/1498 3285/3285 3284/3284
f 1446/1446 1973/1973 1974/1974
f 1446/1446 1974/1974 1497/1497
f 1419/1419 1972/1972 1973/1973
f 1419/1419 1973/1973 1446/1446
f 1392/1392 1971/1971 1972/1972
f 1392/1392 1972/1972 1419/1419
f 1365/1365 1970/1970 1971/1971
f 1365/1365 1971/1971 1392/1392
f 1338/1338 1969/1969 1970/1970
f 1338/1338 1970/1970 1365/1365
f 1311/1311 1968/1968 1969/1969
f 1311/1311 1969/1969 1338/1338
f 1284/1284 1967/1967 1968/1968
f 1284/1284 1968/1968 1311/1311
f 1257/1257 1966/1966 1967/1967
f 1257/1257 1967/1967 1284/1284
f 1230/1230 1965/1965 1966/1966
f 1230/1230 1966/1966 1257/1257
f 1203/1203 1964/1964 1965/1965
f 1203/1203 1965/1965 1230/1230
f 1176/1176 1963/1963 1964/1964
f 1176/1176 1964/1964 1203/1203
f 1149/1149 1962/1962 1963/1963
f 1149/1149 1963/1963 1176/1176
f 1122/1122 1961/1961 1962/1962
f 1122/1122 1962/1962 1149/1149
f 1095/1095 1960/1960 1961/1961
f 1095/1095 1961/1961 1122/1122
f 1068/1068 1959/1959 1960/1960
f 1068/1068 1960/1960 1095/1095
f 1041/1041 1958/1958 1959/1959
f 1041/1041 1959/1959 1068/1068
f 1014/1014 1957/1957 1958/1958
f 1014/1014 1958/1958 1041/1041
f 987/987 1956/1956 1957/1957
f 987/987 1957/1957 1014/1014
f 960/960 1955/1955 1956/1956
f 960/960 1956/1956 987/987
f 933/933 1954/1954 1955/1955
f 933/933 1955/1955 960/960
f 906/906 1953/1953 1954/1954
f 906/906 1954/1954 933/933
f 879/879 1951/1951 1953/1953
f 879/879 1953/1953 906/906
f 1693/1693 1952/1952 1950/1950
f 1693/1693 1950/1950 852/852
f 852/852 1950/1950 1951/1951
f 852/852 1951/1951 879/879
f 1984/1984 1990/1990 1994/1994
f 1984/1984 1994/1994 1988/1988
f 1988/1988 1994/1994 1992/1992
f 1988/1988 1992/1992 1986/1986
f 1987/1987 1993/1993 1991/1991
f 1987/1987 1991/1991 1985/1985
f 1985/1985 1991/1991 2974/2974
f 1985/1985 2974/2974 2975/2975
f 1990/1990 1996/1996 2000/2000
f 1990/1990 2000/2000 1994/1994
f 1994/1994 2000/2000 1998/1998
f 1994/1994 1998/1998 1992/1992
f 1993/1993 1999/1999 1997/1997
f 1993/1993 1997/1997 1991/1991
f 1991/1991 1997/1997 2976/2976
f 1991/1991 2976/2976 2974/2974
f 1996/1996 2002/2002 2006/2006
f 1996/1996 2006/2006 2000/2000
f 2000/2000 2006/2006 2004/2004
f 2000/2000 2004/2004 1998/1998
f 1999/1999 2005/2005 2003/2003
f 1999/1999 2003/2003 1997/1997
f 1997/1997 2003/2003 2977/2977
f 1997/1997 2977/2977 2976/2976
f 2002/2002 2008/2008 2012/2012
f 2002/2002 2012/2012 2006/2006
f 2006/2006 2012/2012 2010/2010
f 2006/2006 2010/2010 2004/2004
f 2005/2005 2011/2011 2009/2009
f 2005/2005 2009/2009 2003/2003
f 2003/2003 2009/2009 2978/2978
f 2003/2003 2978/2978 2977/2977
f 2008/2008 2014/2014 2018/2018
f 2008/2008 2018/2018 2012/2012
f 2012/2012 2018/2018 2016/2016
f 2012/2012 2016/2016 2010/2010
f 2011/2011 2017/2017 2015/2015
f 2011/2011 2015/2015 2009/2009
f 2009/2009 2015/2015 2979/2979
f 2009/2009 2979/2979 2978/2978
f 2014/2014 2020/2020 2024/2024
f 2014/2014 2024/2024 2018/2018
f 2018/2018 2024/2024 2022/2022
f 2018/2018 2022/2022 2016/2016
f 2017/2017 2023/2023 2021/2021
f 2017/2017 2021/2021 2015/2015
f 2015/2015 2021/2021 2980/2980
f 2015/2015 2980/2980 2979/2979
f 2020/2020 2026/2026 2030/2030
f 2020/2020 2030/2030 2024/2024
f 2024/2024 2030/2030 2028/2028
f 2024/2024 2028/2028 2022/2022
f 2023/2023 2029/2029 2027/2027
f 2023/2023 2027/2027 2021/2021
f 2021/2021 2027/2027 2981/2981
f 2021/2021 2981/2981 2980/2980
f 2026/2026 2032/2032 2036/2036
f 2026/2026 2036/2036 2030/2030
f 2030/2030 2036/2036 2034/2034
f 2030/2030 2034/2034 2028/2028
f 2029/2029 2035/2035 2033/2033
f 2029/2029 2033/2033 2027/2027
f 2027/2027 2033/2033 2982/2982
f 2027/2027 2982/2982 2981/2981
f 2032/2032 2038/2038 2042/2042
f 2032/2032 2042/2042 2036/2036
f 2036/2036 2042/2042 2040/2040
f 2036/2036 2040/2040 2034/2034
f 2035/2035 2041/2041 2039/2039
f 2035/2035 2039/2039 2033/2033
f 2033/2033 2039/2039 2983/2983
f 2033/2033 2983/2983 2982/2982
f 2038/2038 2044/2044 2048/2048
f 2038/2038 2048/2048 2042/2042
f 2042/2042 2048/2048 2046/2046
f 2042/2042 2046/2046 2040/2040
f 2041/2041 2047/2047 2045/2045
f 2041/2041 2045/2045 2039/2039
f 2039/2039 2045/2045 2984/2984
f 2039/2039 2984/2984 2983/2983
f 2044/2044 2050/2050 2054/2054
f 2044/2044 2054/2054 2048/2048
f 2048/2048 2054/2054 2052/2052
f 2048/2048 2052/2052 2046/2046
f 2047/2047 2053/2053 2051/2051
f 2047/2047 2051/2051 2045/2045
f 2045/2045 2051/2051 2985/2985
f 2045/2045 2985/2985 2984/2984
f 2050/2050 2056/2056 2060/2060
f 2050/2050 2060/2060 2054/2054
f 2054/2054 2060/2060 2058/2058
f 2054/2054 2058/2058 2052/2052
f 2053/2053 2059/2059 2057/2057
f 2053/2053 2057/2057 2051/2051
f 2051/2051 2057/2057 2986/2986
f 2051/2051 2986/2986 2985/2985
f 2056/2056 2062/2062 2066/2066
f 2056/2056 2066/2066 2060/2060
f 2060/2060 2066/2066 2064/2064
f 2060/2060 2064/2064 2058/2058
f 2059/2059 2065/2065 2063/2063
f 2059/2059 2063/2063 2057/2057
f 2057/2057 2063/2063 2987/2987
f 2057/2057 2987/2987 2986/2986
f 2062/2062 2068/2068 2072/2072
f 2062/2062 2072/2072 2066/2066
f 2066/2066 2072/2072 2070/2070
f 2066/2066 2070/2070 2064/2064
f 2065/2065 2071/2071 2069/2069
f 2065/2065 2069/2069 2063/2063
f 2063/2063 2069/2069 2988/2988
f 2063/2063 2988/2988 2987/2987
f 2068/2068 2074/2074 2078/2078
f 2068/2068 2078/2078 2072/2072
f 2072/2072 2078/2078 2076/2076
f 2072/2072 2076/2076 2070/2070
f 2071/2071 2077/2077 2075/2075
f 2071/2071 2075/2075 2069/2069
f 2069/2069 2075/2075 2989/2989
f 2069/2069 2989/2989 2988/2988
f 2074/2074 2080/2080 2084/2084
f 2074/2074 2084/2084 2078/2078
f 2078/2078 2084/2084 2082/2082
f 2078/2078 2082/2082 2076/2076
f 2077/2077 2083/2083 2081/2081
f 2077/2077 2081/2081 2075/2075
f 2075/2075 2081/2081 2990/2990
f 2075/2075 2990/2990 2989/2989
f 2080/2080 2086/2086 2090/2090
f 2080/2080 2090/2090 2084/2084
f 2084/2084 2090/2090 2088/2088
f 2084/2084 2088/2088 2082/2082
f 2083/2083 2089/2089 2087/2087
f 2083/2083 2087/2087 2081/2081
f 2081/2081 2087/2087 2991/2991
f 2081/2081 2991/2991 2990/2990
f 2086/2086 2092/2092 2096/2096
f 2086/2086 2096/2096 2090/2090
f 2090/2090 2096/2096 2094/2094
f 2090/2090 2094/2094 2088/2088
f 2089/2089 2095/2095 2093/2093
f 2089/2089 2093/2093 2087/2087
f 2087/2087 2093/2093 2992/2992
f 2087/2087 2992/2992 2991/2991
f 2092/2092 2098/2098 2102/2102
f 2092/2092 2102/2102 2096/2096
f 2096/2096 2102/2102 2100/2100
f 2096/2096 2100/2100 2094/2094
f 2095/2095 2101/2101 2099/2099
f 2095/2095 2099/2099 2093/2093
f 2093/2093 2099/2099 2993/2993
f 2093/2093 2993/2993 2992/2992
f 2098/2098 2104/2104 2108/2108
f 2098/2098 2108/2108 2102/2102
f 2102/2102 2108/2108 2106/2106
f 2102/2102 2106/2106 2100/2100
f 2101/2101 2107/2107 2105/2105
f 2101/2101 2105/2105 2099/2099
f 2099/2099 2105/2105 2994/2994
f 2099/2099 2994/2994 2993/2993
f 2104/2104 2110/2110 2114/2114
f 2104/2104 2114/2114 2108/2108
f 2108/2108 2114/2114 2112/2112
f 2108/2108 2112/2112 2106/2106
f 2107/2107 2113/2113 2111/2111
f 2107/2107 2111/2111 2105/2105
f 2105/2105 2111/2111 2995/2995
f 2105/2105 2995/2995 2994/2994
f 2110/2110 2116/2116 2120/2120
f 2110/2110 2120/2120 2114/2114
f 2114/2114 2120/2120 2118/2118
f 2114/2114 2118/2118 2112/2112
f 2113/2113 2119/2119 2117/2117
f 2113/2113 2117/2117 2111/2111
f 2111/2111 2117/2117 2996/2996
f 2111/2111 2996/2996 2995/2995
f 2116/2116 2122/2122 2126/2126
f 2116/2116 2126/2126 2120/2120
f 2120/2120 2126/2126 2124/2124
f 2120/2120 2124/2124 2118/2118
f 2119/2119 2125/2125 2123/2123
f 2119/2119 2123/2123 2117/2117
f 2117/2117 2123/2123 2997/2997
f 2117/2117 2997/2997 2996/2996
f 2122/2122 2128/2128 2134/2134
f 2122/2122 2134/2134 2126/2126
f 2126/2126 2134/2134 2131/2131
f 2126/2126 2131/2131 2124/2124
f 2125/2125 2132/2132 2130/2130
f 2125/2125 2130/2130 2123/2123
f 2123/2123 2130/2130 2998/2998
f 2123/2123 2998/2998 2997/2997
f 2129/2129 2137/2137 2141/2141
f 2129/2129 2141/2141 2135/2135
f 2135/2135 2141/2141 2140/2140
f 2135/2135 2140/2140 2133/2133
f 2132/2132 2139/2139 2138/2138
f 2132/2132 2138/2138 2130/2130
f 2130/2130 2138/2138 2999/2999
f 2130/2130 2999/2999 2998/2998
f 2137/2137 2143/2143 2147/2147
f 2137/2137 2147/2147 2141/2141
f 2141/2141 2147/2147 2146/2146
f 2141/2141 2146/2146 2140/2140
f 2139/2139 2145/2145 2144/2144
f 2139/2139 2144/2144 2138/2138
f 2138/2138 2144/2144 3000/3000
f 2138/2138 3000/3000 2999/2999
f 2143/2143 2149/2149 2153/2153
f 2143/2143 2153/2153 2147/2147
f 2147/2147 2153/2153 2152/2152
f 2147/2147 2152/2152 2146/2146
f 2145/2145 2151/2151 2150/2150
f 2145/2145 2150/2150 2144/2144
f 2144/2144 2150/2150 3001/3001
f 2144/2144 3001/3001 3000/3000
f 2149/2149 2155/2155 2159/2159
f 2149/2149 2159/2159 2153/2153
f 2153/2153 2159/2159 2158/2158
f 2153/2153 2158/2158 2152/2152
f 2151/2151 2157/2157 2156/2156
f 2151/2151 2156/2156 2150/2150
f 2150/2150 2156/2156 3002/3002
f 2150/2150 3002/3002 3001/3001
f 2155/2155 2161/2161 2165/2165
f 2155/2155 2165/2165 2159/2159
f 2159/2159 2165/2165 2163/2163
f 2159/2159 2163/2163 2158/2158
f 2157/2157 2164/2164 2162/2162
f 2157/2157 2162/2162 2156/2156
f 2156/2156 2162/2162 3003/3003
f 2156/2156 3003/3003 3002/3002
f 2161/2161 2167/2167 2171/2171
f 2161/2161 2171/2171 2165/2165
f 2165/2165 2171/2171 2169/2169
f 2165/2165 2169/2169 2163/2163
f 2164/2164 2170/2170 2168/2168
f 2164/2164 2168/2168 2162/2162
f 2162/2162 2168/2168 3004/3004
f 2162/2162 3004/3004 3003/3003
f 2167/2167 2173/2173 2177/2177
f 2167/2167 2177/2177 2171/2171
f 2171/2171 2177/2177 2175/2175
f 2171/2171 2175/2175 2169/2169
f 2170/2170 2176/2176 2174/2174
f 2170/2170 2174/2174 2168/2168
f 2168/2168 2174/2174 3005/3005
f 2168/2168 3005/3005 3004/3004
f 2173/2173 1984/1984 1988/1988
f 2173/2173 1988/1988 2177/2177
f 2177/2177 1988/1988 1986/1986
f 2177/2177 1986/1986 2175/2175
f 2176/2176 1987/1987 1985/1985
f 2176/2176 1985/1985 2174/2174
f 2174/2174 1985/1985 2975/2975
f 2174/2174 2975/2975 3005/3005
f 1984/1984 795/795 796/796
f 1984/1984 796/796 1990/1990
f 2194/2194 2180/2180 2192/2192
f 2194/2194 2192/2192 2200/2200
f 2200/2200 2192/2192 2190/2190
f 2200/2200 2190/2190 2199/2199
f 2199/2199 2190/2190 2188/2188
f 2199/2199 2188/2188 2198/2198
f 2198/2198 2188/2188 2186/2186
f 2198/2198 2186/2186 2197/2197
f 2197/2197 2186/2186 2184/2184
f 2197/2197 2184/2184 2196/2196
f 2196/2196 2184/2184 2182/2182
f 2196/2196 2182/2182 2195/2195
f 3226/3226 2453/2453 2455/2455
f 3226/3226 2455/2455 3230/3230
f 2202/2202 2194/2194 2200/2200
f 2202/2202 2200/2200 2208/2208
f 2208/2208 2200/2200 2199/2199
f 2208/2208 2199/2199 2207/2207
f 2207/2207 2199/2199 2198/2198
f 2207/2207 2198/2198 2206/2206
f 2206/2206 2198/2198 2197/2197
f 2206/2206 2197/2197 2205/2205
f 2205/2205 2197/2197 2196/2196
f 2205/2205 2196/2196 2204/2204
f 2204/2204 2196/2196 2195/2195
f 2204/2204 2195/2195 2203/2203
f 3230/3230 2455/2455 2457/2457
f 3230/3230 2457/2457 3234/3234
f 2210/2210 2202/2202 2208/2208
f 2210/2210 2208/2208 2216/2216
f 2216/2216 2208/2208 2207/2207
f 2216/2216 2207/2207 2215/2215
f 2215/2215 2207/2207 2206/2206
f 2215/2215 2206/2206 2214/2214
f 2214/2214 2206/2206 2205/2205
f 2214/2214 2205/2205 2213/2213
f 2213/2213 2205/2205 2204/2204
f 2213/2213 2204/2204 2212/2212
f 2212/2212 2204/2204 2203/2203
f 2212/2212 2203/2203 2211/2211
f 3234/3234 2457/2457 2459/2459
f 3234/3234 2459/2459 3206/3206
f 2218/2218 2210/2210 2216/2216
f 2218/2218 2216/2216 2224/2224
f 2224/2224 2216/2216 2215/2215
f 2224/2224 2215/2215 2223/2223
f 2223/2223 2215/2215 2214/2214
f 2223/2223 2214/2214 2222/2222
f 2222/2222 2214/2214 2213/2213
f 2222/2222 2213/2213 2221/2221
f 2221/2221 2213/2213 2212/2212
f 2221/2221 2212/2212 2220/2220
f 2220/2220 2212/2212 2211/2211
f 2220/2220 2211/2211 2219/2219
f 3206/3206 2459/2459 2461/2461
f 3206/3206 2461/2461 3207/3207
f 2226/2226 2218/2218 2224/2224
f 2226/2226 2224/2224 2232/2232
f 2232/2232 2224/2224 2223/2223
f 2232/2232 2223/2223 2231/2231
f 2231/2231 2223/2223 2222/2222
f 2231/2231 2222/2222 2230/2230
f 2230/2230 2222/2222 2221/2221
f 2230/2230 2221/2221 2229/2229
f 2229/2229 2221/2221 2220/2220
f 2229/2229 2220/2220 2228/2228
f 2228/2228 2220/2220 2219/2219
f 2228/2228 2219/2219 2227/2227
f 3207/3207 2461/2461 2463/2463
f 3207/3207 2463/2463 3212/3212
f 2234/2234 2226/2226 2232/2232
f 2234/2234 2232/2232 2240/2240
f 2240/2240 2232/2232 2231/2231
f 2240/2240 2231/2231 2239/2239
f 2239/2239 2231/2231 2230/2230
f 2239/2239 2230/2230 2238/2238
f 2238/2238 2230/2230 2229/2229
f 2238/2238 2229/2229 2237/2237
f 2237/2237 2229/2229 2228/2228
f 2237/2237 2228/2228 2236/2236
f 2236/2236 2228/2228 2227/2227
f 2236/2236 2227/2227 2235/2235
f 3212/3212 2463/2463 2465/2465
f 3212/3212 2465/2465 3215/3215
f 2242/2242 2234/2234 2240/2240
f 2242/2242 2240/2240 2248/2248
f 2248/2248 2240/2240 2239/2239
f 2248/2248 2239/2239 2247/2247
f 2247/2247 2239/2239 2238/2238
f 2247/2247 2238/2238 2246/2246
f 2246/2246 2238/2238 2237/2237
f 2246/2246 2237/2237 2245/2245
f 2245/2245 2237/2237 2236/2236
f 2245/2245 2236/2236 2244/2244
f 2244/2244 2236/2236 2235/2235
f 2244/2244 2235/2235 2243/2243
f 3215/3215 2465/2465 2467/2467
f 3215/3215 2467/2467 3219/3219
f 2250/2250 2242/2242 2248/2248
f 2250/2250 2248/2248 2256/2256
f 2256/2256 2248/2248 2247/2247
f 2256/2256 2247/2247 2255/2255
f 2255/2255 2247/2247 2246/2246
f 2255/2255 2246/2246 2254/2254
f 2254/2254 2246/2246 2245/2245
f 2254/2254 2245/2245 2253/2253
f 2253/2253 2245/2245 2244/2244
f 2253/2253 2244/2244 2252/2252
f 2252/2252 2244/2244 2243/2243
f 2252/2252 2243/2243 2251/2251
f 3219/3219 2467/2467 2469/2469
f 3219/3219 2469/2469 3222/3222
f 2258/2258 2250/2250 2256/2256
f 2258/2258 2256/2256 2264/2264
f 2264/2264 2256/2256 2255/2255
f 2264/2264 2255/2255 2263/2263
f 2263/2263 2255/2255 2254/2254
f 2263/2263 2254/2254 2262/2262
f 2262/2262 2254/2254 2253/2253
f 2262/2262 2253/2253 2261/2261
f 2261/2261 2253/2253 2252/2252
f 2261/2261 2252/2252 2260/2260
f 2260/2260 2252/2252 2251/2251
f 2260/2260 2251/2251 2259/2259
f 3222/3222 2469/2469 2471/2471
f 3222/3222 2471/2471 3228/3228
f 2266/2266 2258/2258 2264/2264
f 2266/2266 2264/2264 2272/2272
f 2272/2272 2264/2264 2263/2263
f 2272/2272 2263/2263 2271/2271
f 2271/2271 2263/2263 2262/2262
f 2271/2271 2262/2262 2270/2270
f 2270/2270 2262/2262 2261/2261
f 2270/2270 2261/2261 2269/2269
f 2269/2269 2261/2261 2260/2260
f 2269/2269 2260/2260 2268/2268
f 2268/2268 2260/2260 2259/2259
f 2268/2268 2259/2259 2267/2267
f 3228/3228 2471/2471 2473/2473
f 3228/3228 2473/2473 3232/3232
f 2274/2274 2266/2266 2272/2272
f 2274/2274 2272/2272 2280/2280
f 2280/2280 2272/2272 2271/2271
f 2280/2280 2271/2271 2279/2279
f 2279/2279 2271/2271 2270/2270
f 2279/2279 2270/2270 2278/2278
f 2278/2278 2270/2270 2269/2269
f 2278/2278 2269/2269 2277/2277
f 2277/2277 2269/2269 2268/2268
f 2277/2277 2268/2268 2276/2276
f 2276/2276 2268/2268 2267/2267
f 2276/2276 2267/2267 2275/2275
f 3232/3232 2473/2473 2475/2475
f 3232/3232 2475/2475 3202/3202
f 2282/2282 2274/2274 2280/2280
f 2282/2282 2280/2280 2288/2288
f 2288/2288 2280/2280 2279/2279
f 2288/2288 2279/2279 2287/2287
f 2287/2287 2279/2279 2278/2278
f 2287/2287 2278/2278 2286/2286
f 2286/2286 2278/2278 2277/2277
f 2286/2286 2277/2277 2285/2285
f 2285/2285 2277/2277 2276/2276
f 2285/2285 2276/2276 2284/2284
f 2284/2284 2276/2276 2275/2275
f 2284/2284 2275/2275 2283/2283
f 3202/3202 2475/2475 2477/2477
f 3202/3202 2477/2477 3203/3203
f 2290/2290 2282/2282 2288/2288
f 2290/2290 2288/2288 2296/2296
f 2296/2296 2288/2288 2287/2287
f 2296/2296 2287/2287 2295/2295
f 2295/2295 2287/2287 2286/2286
f 2295/2295 2286/2286 2294/2294
f 2294/2294 2286/2286 2285/2285
f 2294/2294 2285/2285 2293/2293
f 2293/2293 2285/2285 2284/2284
f 2293/2293 2284/2284 2292/2292
f 2292/2292 2284/2284 2283/2283
f 2292/2292 2283/2283 2291/2291
f 3203/3203 2477/2477 2479/2479
f 3203/3203 2479/2479 3210/3210
f 2298/2298 2290/2290 2296/2296
f 2298/2298 2296/2296 2304/2304
f 2304/2304 2296/2296 2295/2295
f 2304/2304 2295/2295 2303/2303
f 2303/2303 2295/2295 2294/2294
f 2303/2303 2294/2294 2302/2302
f 2302/2302 2294/2294 2293/2293
f 2302/2302 2293/2293 2301/2301
f 2301/2301 2293/2293 2292/2292
f 2301/2301 2292/2292 2300/2300
f 2300/2300 2292/2292 2291/2291
f 2300/2300 2291/2291 2299/2299
f 3210/3210 2479/2479 2481/2481
f 3210/3210 2481/2481 3214/3214
f 2306/2306 2298/2298 2304/2304
f 2306/2306 2304/2304 2312/2312
f 2312/2312 2304/2304 2303/2303
f 2312/2312 2303/2303 2311/2311
f 2311/2311 2303/2303 2302/2302
f 2311/2311 2302/2302 2310/2310
f 2310/2310 2302/2302 2301/2301
f 2310/2310 2301/2301 2309/2309
f 2309/2309 2301/2301 2300/2300
f 2309/2309 2300/2300 2308/2308
f 2308/2308 2300/2300 2299/2299
f 2308/2308 2299/2299 2307/2307
f 3214/3214 2481/2481 2484/2484
f 3214/3214 2484/2484 3218/3218
f 2315/2315 2306/2306 2312/2312
f 2315/2315 2312/2312 2327/2327
f 2327/2327 2312/2312 2311/2311
f 2327/2327 2311/2311 2325/2325
f 2325/2325 2311/2311 2310/2310
f 2325/2325 2310/2310 2323/2323
f 2323/2323 2310/2310 2309/2309
f 2323/2323 2309/2309 2321/2321
f 2321/2321 2309/2309 2308/2308
f 2321/2321 2308/2308 2319/2319
f 2319/2319 2308/2308 2307/2307
f 2319/2319 2307/2307 2317/2317
f 3217/3217 2483/2483 2486/2486
f 3217/3217 2486/2486 3221/3221
f 2329/2329 2314/2314 2326/2326
f 2329/2329 2326/2326 2335/2335
f 2335/2335 2326/2326 2324/2324
f 2335/2335 2324/2324 2334/2334
f 2334/2334 2324/2324 2322/2322
f 2334/2334 2322/2322 2333/2333
f 2333/2333 2322/2322 2320/2320
f 2333/2333 2320/2320 2332/2332
f 2332/2332 2320/2320 2318/2318
f 2332/2332 2318/2318 2331/2331
f 2331/2331 2318/2318 2316/2316
f 2331/2331 2316/2316 2330/2330
f 3221/3221 2486/2486 2488/2488
f 3221/3221 2488/2488 3227/3227
f 2337/2337 2329/2329 2335/2335
f 2337/2337 2335/2335 2343/2343
f 2343/2343 2335/2335 2334/2334
f 2343/2343 2334/2334 2342/2342
f 2342/2342 2334/2334 2333/2333
f 2342/2342 2333/2333 2341/2341
f 2341/2341 2333/2333 2332/2332
f 2341/2341 2332/2332 2340/2340
f 2340/2340 2332/2332 2331/2331
f 2340/2340 2331/2331 2339/2339
f 2339/2339 2331/2331 2330/2330
f 2339/2339 2330/2330 2338/2338
f 3227/3227 2488/2488 2490/2490
f 3227/3227 2490/2490 3231/3231
f 2345/2345 2337/2337 2343/2343
f 2345/2345 2343/2343 2351/2351
f 2351/2351 2343/2343 2342/2342
f 2351/2351 2342/2342 2350/2350
f 2350/2350 2342/2342 2341/2341
f 2350/2350 2341/2341 2349/2349
f 2349/2349 2341/2341 2340/2340
f 2349/2349 2340/2340 2348/2348
f 2348/2348 2340/2340 2339/2339
f 2348/2348 2339/2339 2347/2347
f 2347/2347 2339/2339 2338/2338
f 2347/2347 2338/2338 2346/2346
f 3231/3231 2490/2490 2492/2492
f 3231/3231 2492/2492 3235/3235
f 2353/2353 2345/2345 2351/2351
f 2353/2353 2351/2351 2359/2359
f 2359/2359 2351/2351 2350/2350
f 2359/2359 2350/2350 2358/2358
f 2358/2358 2350/2350 2349/2349
f 2358/2358 2349/2349 2357/2357
f 2357/2357 2349/2349 2348/2348
f 2357/2357 2348/2348 2356/2356
f 2356/2356 2348/2348 2347/2347
f 2356/2356 2347/2347 2355/2355
f 2355/2355 2347/2347 2346/2346
f 2355/2355 2346/2346 2354/2354
f 3235/3235 2492/2492 2494/2494
f 3235/3235 2494/2494 3208/3208
f 2361/2361 2353/2353 2359/2359
f 2361/2361 2359/2359 2367/2367
f 2367/2367 2359/2359 2358/2358
f 2367/2367 2358/2358 2366/2366
f 2366/2366 2358/2358 2357/2357
f 2366/2366 2357/2357 2365/2365
f 2365/2365 2357/2357 2356/2356
f 2365/2365 2356/2356 2364/2364
f 2364/2364 2356/2356 2355/2355
f 2364/2364 2355/2355 2363/2363
f 2363/2363 2355/2355 2354/2354
f 2363/2363 2354/2354 2362/2362
f 3208/3208 2494/2494 2496/2496
f 3208/3208 2496/2496 3209/3209
f 2369/2369 2361/2361 2367/2367
f 2369/2369 2367/2367 2375/2375
f 2375/2375 2367/2367 2366/2366
f 2375/2375 2366/2366 2374/2374
f 2374/2374 2366/2366 2365/2365
f 2374/2374 2365/2365 2373/2373
f 2373/2373 2365/2365 2364/2364
f 2373/2373 2364/2364 2372/2372
f 2372/2372 2364/2364 2363/2363
f 2372/2372 2363/2363 2371/2371
f 2371/2371 2363/2363 2362/2362
f 2371/2371 2362/2362 2370/2370
f 3209/3209 2496/2496 2498/2498
f 3209/3209 2498/2498 3213/3213
f 2377/2377 2369/2369 2375/2375
f 2377/2377 2375/2375 2383/2383
f 2383/2383 2375/2375 2374/2374
f 2383/2383 2374/2374 2382/2382
f 2382/2382 2374/2374 2373/2373
f 2382/2382 2373/2373 2381/2381
f 2381/2381 2373/2373 2372/2372
f 2381/2381 2372/2372 2380/2380
f 2380/2380 2372/2372 2371/2371
f 2380/2380 2371/2371 2379/2379
f 2379/2379 2371/2371 2370/2370
f 2379/2379 2370/2370 2378/2378
f 3213/3213 2498/2498 2500/2500
f 3213/3213 2500/2500 3216/3216
f 2385/2385 2377/2377 2383/2383
f 2385/2385 2383/2383 2392/2392
f 2392/2392 2383/2383 2382/2382
f 2392/2392 2382/2382 2391/2391
f 2391/2391 2382/2382 2381/2381
f 2391/2391 2381/2381 2390/2390
f 2390/2390 2381/2381 2380/2380
f 2390/2390 2380/2380 2389/2389
f 2389/2389 2380/2380 2379/2379
f 2389/2389 2379/2379 2388/2388
f 2388/2388 2379/2379 2378/2378
f 2388/2388 2378/2378 2387/2387
f 3216/3216 2500/2500 2502/2502
f 3216/3216 2502/2502 3220/3220
f 2393/2393 2385/2385 2392/2392
f 2393/2393 2392/2392 2400/2400
f 2400/2400 2392/2392 2391/2391
f 2400/2400 2391/2391 2399/2399
f 2399/2399 2391/2391 2390/2390
f 2399/2399 2390/2390 2398/2398
f 2398/2398 2390/2390 2389/2389
f 2398/2398 2389/2389 2397/2397
f 2397/2397 2389/2389 2388/2388
f 2397/2397 2388/2388 2396/2396
f 2396/2396 2388/2388 2387/2387
f 2396/2396 2387/2387 2395/2395
f 3220/3220 2502/2502 2504/2504
f 3220/3220 2504/2504 3223/3223
f 2401/2401 2393/2393 2400/2400
f 2401/2401 2400/2400 2408/2408
f 2408/2408 2400/2400 2399/2399
f 2408/2408 2399/2399 2407/2407
f 2407/2407 2399/2399 2398/2398
f 2407/2407 2398/2398 2406/2406
f 2406/2406 2398/2398 2397/2397
f 2406/2406 2397/2397 2405/2405
f 2405/2405 2397/2397 2396/2396
f 2405/2405 2396/2396 2404/2404
f 2404/2404 2396/2396 2395/2395
f 2404/2404 2395/2395 2403/2403
f 3223/3223 2504/2504 2506/2506
f 3223/3223 2506/2506 3229/3229
f 2409/2409 2401/2401 2408/2408
f 2409/2409 2408/2408 2416/2416
f 2416/2416 2408/2408 2407/2407
f 2416/2416 2407/2407 2415/2415
f 2415/2415 2407/2407 2406/2406
f 2415/2415 2406/2406 2414/2414
f 2414/2414 2406/2406 2405/2405
f 2414/2414 2405/2405 2413/2413
f 2413/2413 2405/2405 2404/2404
f 2413/2413 2404/2404 2412/2412
f 2412/2412 2404/2404 2403/2403
f 2412/2412 2403/2403 2411/2411
f 3229/3229 2506/2506 2508/2508
f 3229/3229 2508/2508 3233/3233
f 2417/2417 2409/2409 2416/2416
f 2417/2417 2416/2416 2424/2424
f 2424/2424 2416/2416 2415/2415
f 2424/2424 2415/2415 2423/2423
f 2423/2423 2415/2415 2414/2414
f 2423/2423 2414/2414 2422/2422
f 2422/2422 2414/2414 2413/2413
f 2422/2422 2413/2413 2421/2421
f 2421/2421 2413/2413 2412/2412
f 2421/2421 2412/2412 2420/2420
f 2420/2420 2412/2412 2411/2411
f 2420/2420 2411/2411 2419/2419
f 3233/3233 2508/2508 2510/2510
f 3233/3233 2510/2510 3204/3204
f 2425/2425 2417/2417 2424/2424
f 2425/2425 2424/2424 2432/2432
f 2432/2432 2424/2424 2423/2423
f 2432/2432 2423/2423 2431/2431
f 2431/2431 2423/2423 2422/2422
f 2431/2431 2422/2422 2430/2430
f 2430/2430 2422/2422 2421/2421
f 2430/2430 2421/2421 2429/2429
f 2429/2429 2421/2421 2420/2420
f 2429/2429 2420/2420 2428/2428
f 2428/2428 2420/2420 2419/2419
f 2428/2428 2419/2419 2427/2427
f 3204/3204 2510/2510 2512/2512
f 3204/3204 2512/2512 3205/3205
f 2433/2433 2425/2425 2432/2432
f 2433/2433 2432/2432 2440/2440
f 2440/2440 2432/2432 2431/2431
f 2440/2440 2431/2431 2439/2439
f 2439/2439 2431/2431 2430/2430
f 2439/2439 2430/2430 2438/2438
f 2438/2438 2430/2430 2429/2429
f 2438/2438 2429/2429 2437/2437
f 2437/2437 2429/2429 2428/2428
f 2437/2437 2428/2428 2436/2436
f 2436/2436 2428/2428 2427/2427
f 2436/2436 2427/2427 2435/2435
f 3205/3205 2512/2512 2514/2514
f 3205/3205 2514/2514 3211/3211
f 2441/2441 2433/2433 2440/2440
f 2441/2441 2440/2440 2448/2448
f 2448/2448 2440/2440 2439/2439
f 2448/2448 2439/2439 2447/2447
f 2447/2447 2439/2439 2438/2438
f 2447/2447 2438/2438 2446/2446
f 2446/2446 2438/2438 2437/2437
f 2446/2446 2437/2437 2445/2445
f 2445/2445 2437/2437 2436/2436
f 2445/2445 2436/2436 2444/2444
f 2444/2444 2436/2436 2435/2435
f 2444/2444 2435/2435 2443/2443
f 3211/3211 2514/2514 2449/2449
f 3211/3211 2449/2449 3224/3224
f 2178/2178 2441/2441 2448/2448
f 2178/2178 2448/2448 2191/2191
f 2191/2191 2448/2448 2447/2447
f 2191/2191 2447/2447 2189/2189
f 2189/2189 2447/2447 2446/2446
f 2189/2189 2446/2446 2187/2187
f 2187/2187 2446/2446 2445/2445
f 2187/2187 2445/2445 2185/2185
f 2185/2185 2445/2445 2444/2444
f 2185/2185 2444/2444 2183/2183
f 2183/2183 2444/2444 2443/2443
f 2183/2183 2443/2443 2181/2181
f 2714/2714 2442/2442 2179/2179
f 2714/2714 2179/2179 2712/2712
f 2856/2856 2843/2843 2632/2632
f 2856/2856 2632/2632 2634/2634
f 2876/2876 2895/2895 2674/2674
f 2876/2876 2674/2674 2672/2672
f 2843/2843 2844/2844 2630/2630
f 2843/2843 2630/2630 2632/2632
f 2877/2877 2876/2876 2672/2672
f 2877/2877 2672/2672 2670/2670
f 2844/2844 2845/2845 2628/2628
f 2844/2844 2628/2628 2630/2630
f 2878/2878 2877/2877 2670/2670
f 2878/2878 2670/2670 2668/2668
f 2845/2845 2846/2846 2626/2626
f 2845/2845 2626/2626 2628/2628
f 2879/2879 2878/2878 2668/2668
f 2879/2879 2668/2668 2666/2666
f 2846/2846 2847/2847 2624/2624
f 2846/2846 2624/2624 2626/2626
f 2880/2880 2879/2879 2666/2666
f 2880/2880 2666/2666 2664/2664
f 2847/2847 2848/2848 2622/2622
f 2847/2847 2622/2622 2624/2624
f 2881/2881 2880/2880 2664/2664
f 2881/2881 2664/2664 2662/2662
f 2848/2848 2849/2849 2620/2620
f 2848/2848 2620/2620 2622/2622
f 2882/2882 2881/2881 2662/2662
f 2882/2882 2662/2662 2660/2660
f 2849/2849 2850/2850 2618/2618
f 2849/2849 2618/2618 2620/2620
f 2883/2883 2882/2882 2660/2660
f 2883/2883 2660/2660 2658/2658
f 2884/2884 2891/2891 2647/2647
f 2884/2884 2647/2647 2710/2710
f 2850/2850 2851/2851 2616/2616
f 2850/2850 2616/2616 2618/2618
f 2885/2885 2883/2883 2658/2658
f 2885/2885 2658/2658 2656/2656
f 2886/2886 2884/2884 2710/2710
f 2886/2886 2710/2710 2708/2708
f 2851/2851 2852/2852 2614/2614
f 2851/2851 2614/2614 2616/2616
f 2887/2887 2885/2885 2656/2656
f 2887/2887 2656/2656 2654/2654
f 2888/2888 2886/2886 2708/2708
f 2888/2888 2708/2708 2706/2706
f 2852/2852 2853/2853 2612/2612
f 2852/2852 2612/2612 2614/2614
f 2889/2889 2887/2887 2654/2654
f 2889/2889 2654/2654 2652/2652
f 2890/2890 2888/2888 2706/2706
f 2890/2890 2706/2706 2704/2704
f 2853/2853 2854/2854 2610/2610
f 2853/2853 2610/2610 2612/2612
f 2892/2892 2889/2889 2652/2652
f 2892/2892 2652/2652 2650/2650
f 2894/2894 2890/2890 2704/2704
f 2894/2894 2704/2704 2702/2702
f 2854/2854 2855/2855 2608/2608
f 2854/2854 2608/2608 2610/2610
f 2891/2891 2892/2892 2650/2650
f 2891/2891 2650/2650 2647/2647
f 2893/2893 2894/2894 2702/2702
f 2893/2893 2702/2702 2700/2700
f 2945/2945 2941/2941 2697/2697
f 2945/2945 2697/2697 2699/2699
f 2946/2946 2942/2942 2671/2671
f 2946/2946 2671/2671 2673/2673
f 2947/2947 2945/2945 2699/2699
f 2947/2947 2699/2699 2701/2701
f 2948/2948 2946/2946 2673/2673
f 2948/2948 2673/2673 2675/2675
f 2949/2949 2947/2947 2701/2701
f 2949/2949 2701/2701 2703/2703
f 2950/2950 2948/2948 2675/2675
f 2950/2950 2675/2675 2677/2677
f 2951/2951 2943/2943 2648/2648
f 2951/2951 2648/2648 2651/2651
f 2952/2952 2949/2949 2703/2703
f 2952/2952 2703/2703 2705/2705
f 2953/2953 2950/2950 2677/2677
f 2953/2953 2677/2677 2679/2679
f 2954/2954 2951/2951 2651/2651
f 2954/2954 2651/2651 2653/2653
f 2955/2955 2952/2952 2705/2705
f 2955/2955 2705/2705 2707/2707
f 2956/2956 2953/2953 2679/2679
f 2956/2956 2679/2679 2681/2681
f 2957/2957 2954/2954 2653/2653
f 2957/2957 2653/2653 2655/2655
f 2958/2958 2955/2955 2707/2707
f 2958/2958 2707/2707 2709/2709
f 2959/2959 2956/2956 2681/2681
f 2959/2959 2681/2681 2683/2683
f 2960/2960 2957/2957 2655/2655
f 2960/2960 2655/2655 2657/2657
f 2961/2961 2958/2958 2709/2709
f 2961/2961 2709/2709 2711/2711
f 2962/2962 2959/2959 2683/2683
f 2962/2962 2683/2683 2685/2685
f 2963/2963 2960/2960 2657/2657
f 2963/2963 2657/2657 2659/2659
f 2944/2944 2961/2961 2711/2711
f 2944/2944 2711/2711 2649/2649
f 2964/2964 2962/2962 2685/2685
f 2964/2964 2685/2685 2687/2687
f 2965/2965 2963/2963 2659/2659
f 2965/2965 2659/2659 2661/2661
f 2966/2966 2964/2964 2687/2687
f 2966/2966 2687/2687 2689/2689
f 2967/2967 2965/2965 2661/2661
f 2967/2967 2661/2661 2663/2663
f 2968/2968 2966/2966 2689/2689
f 2968/2968 2689/2689 2691/2691
f 2969/2969 2967/2967 2663/2663
f 2969/2969 2663/2663 2665/2665
f 2970/2970 2968/2968 2691/2691
f 2970/2970 2691/2691 2693/2693
f 2971/2971 2969/2969 2665/2665
f 2971/2971 2665/2665 2667/2667
f 2972/2972 2970/2970 2693/2693
f 2972/2972 2693/2693 2695/2695
f 2973/2973 2971/2971 2667/2667
f 2973/2973 2667/2667 2669/2669
f 2941/2941 2972/2972 2695/2695
f 2941/2941 2695/2695 2697/2697
f 2942/2942 2973/2973 2669/2669
f 2942/2942 2669/2669 2671/2671
f 2895/2895 2896/2896 2676/2676
f 2895/2895 2676/2676 2674/2674
f 2857/2857 2856/2856 2634/2634
f 2857/2857 2634/2634 2636/2636
f 2896/2896 2897/2897 2678/2678
f 2896/2896 2678/2678 2676/2676
f 2858/2858 2857/2857 2636/2636
f 2858/2858 2636/2636 2638/2638
f 2861/2861 2859/2859 2583/2583
f 2861/2861 2583/2583 2586/2586
f 2897/2897 2898/2898 2680/2680
f 2897/2897 2680/2680 2678/2678
f 2862/2862 2858/2858 2638/2638
f 2862/2862 2638/2638 2640/2640
f 2863/2863 2861/2861 2586/2586
f 2863/2863 2586/2586 2588/2588
f 2898/2898 2899/2899 2682/2682
f 2898/2898 2682/2682 2680/2680
f 2864/2864 2862/2862 2640/2640
f 2864/2864 2640/2640 2642/2642
f 2865/2865 2863/2863 2588/2588
f 2865/2865 2588/2588 2590/2590
f 2899/2899 2900/2900 2684/2684
f 2899/2899 2684/2684 2682/2682
f 2866/2866 2864/2864 2642/2642
f 2866/2866 2642/2642 2644/2644
f 2867/2867 2865/2865 2590/2590
f 2867/2867 2590/2590 2592/2592
f 2900/2900 2901/2901 2686/2686
f 2900/2900 2686/2686 2684/2684
f 2868/2868 2866/2866 2644/2644
f 2868/2868 2644/2644 2646/2646
f 2869/2869 2867/2867 2592/2592
f 2869/2869 2592/2592 2594/2594
f 2901/2901 2902/2902 2688/2688
f 2901/2901 2688/2688 2686/2686
f 2860/2860 2868/2868 2646/2646
f 2860/2860 2646/2646 2584/2584
f 2870/2870 2869/2869 2594/2594
f 2870/2870 2594/2594 2596/2596
f 2902/2902 2903/2903 2690/2690
f 2902/2902 2690/2690 2688/2688
f 2871/2871 2870/2870 2596/2596
f 2871/2871 2596/2596 2598/2598
f 2903/2903 2904/2904 2692/2692
f 2903/2903 2692/2692 2690/2690
f 2872/2872 2871/2871 2598/2598
f 2872/2872 2598/2598 2600/2600
f 2904/2904 2905/2905 2694/2694
f 2904/2904 2694/2694 2692/2692
f 2873/2873 2872/2872 2600/2600
f 2873/2873 2600/2600 2602/2602
f 2905/2905 2906/2906 2696/2696
f 2905/2905 2696/2696 2694/2694
f 2874/2874 2873/2873 2602/2602
f 2874/2874 2602/2602 2604/2604
f 2906/2906 2907/2907 2698/2698
f 2906/2906 2698/2698 2696/2696
f 2875/2875 2874/2874 2604/2604
f 2875/2875 2604/2604 2606/2606
f 2907/2907 2893/2893 2700/2700
f 2907/2907 2700/2700 2698/2698
f 2855/2855 2875/2875 2606/2606
f 2855/2855 2606/2606 2608/2608
f 3225/3225 2450/2450 2453/2453
f 3225/3225 2453/2453 3226/3226
f 1665/1665 2714/2714 2712/2712
f 1665/1665 2712/2712 1717/1717
f 1717/1717 2712/2712 2713/2713
f 1717/1717 2713/2713 828/828
f 1611/1611 2743/2743 2744/2744
f 1611/1611 2744/2744 1638/1638
f 1584/1584 2742/2742 2743/2743
f 1584/1584 2743/2743 1611/1611
f 1557/1557 2741/2741 2742/2742
f 1557/1557 2742/2742 1584/1584
f 1530/1530 2740/2740 2741/2741
f 1530/1530 2741/2741 1557/1557
f 1503/1503 2739/2739 2740/2740
f 1503/1503 2740/2740 1530/1530
f 1450/1450 2738/2738 2739/2739
f 1450/1450 2739/2739 1503/1503
f 1422/1422 2736/2736 2737/2737
f 1422/1422 2737/2737 1449/1449
f 1395/1395 2735/2735 2736/2736
f 1395/1395 2736/2736 1422/1422
f 1368/1368 2734/2734 2735/2735
f 1368/1368 2735/2735 1395/1395
f 1341/1341 2733/2733 2734/2734
f 1341/1341 2734/2734 1368/1368
f 1314/1314 2732/2732 2733/2733
f 1314/1314 2733/2733 1341/1341
f 1287/1287 2731/2731 2732/2732
f 1287/1287 2732/2732 1314/1314
f 1260/1260 2730/2730 2731/2731
f 1260/1260 2731/2731 1287/1287
f 1233/1233 2729/2729 2730/2730
f 1233/1233 2730/2730 1260/1260
f 1206/1206 2728/2728 2729/2729
f 1206/1206 2729/2729 1233/1233
f 1179/1179 2727/2727 2728/2728
f 1179/1179 2728/2728 1206/1206
f 1152/1152 2726/2726 2727/2727
f 1152/1152 2727/2727 1179/1179
f 1125/1125 2725/2725 2726/2726
f 1125/1125 2726/2726 1152/1152
f 1098/1098 2724/2724 2725/2725
f 1098/1098 2725/2725 1125/1125
f 1071/1071 2723/2723 2724/2724
f 1071/1071 2724/2724 1098/1098
f 1044/1044 2722/2722 2723/2723
f 1044/1044 2723/2723 1071/1071
f 1017/1017 2721/2721 2722/2722
f 1017/1017 2722/2722 1044/1044
f 990/990 2720/2720 2721/2721
f 990/990 2721/2721 1017/1017
f 963/963 2719/2719 2720/2720
f 963/963 2720/2720 990/990
f 936/936 2718/2718 2719/2719
f 936/936 2719/2719 963/963
f 909/909 2717/2717 2718/2718
f 909/909 2718/2718 936/936
f 882/882 2716/2716 2717/2717
f 882/882 2717/2717 909/909
f 855/855 2715/2715 2716/2716
f 855/855 2716/2716 882/882
f 828/828 2713/2713 2715/2715
f 828/828 2715/2715 855/855
f 1638/1638 2744/2744 2714/2714
f 1638/1638 2714/2714 1665/1665
f 3278/3278 2777/2777 2747/2747
f 3278/3278 2747/2747 3280/3280
f 3277/3277 2776/2776 2777/2777
f 3277/3277 2777/2777 3278/3278
f 3276/3276 2775/2775 2776/2776
f 3276/3276 2776/2776 3277/3277
f 3275/3275 2774/2774 2775/2775
f 3275/3275 2775/2775 3276/3276
f 3274/3274 2773/2773 2774/2774
f 3274/3274 2774/2774 3275/3275
f 3273/3273 2772/2772 2773/2773
f 3273/3273 2773/2773 3274/3274
f 3272/3272 2771/2771 2772/2772
f 3272/3272 2772/2772 3273/3273
f 3271/3271 2770/2770 2771/2771
f 3271/3271 2771/2771 3272/3272
f 3269/3269 2768/2768 2769/2769
f 3269/3269 2769/2769 3270/3270
f 3268/3268 2767/2767 2768/2768
f 3268/3268 2768/2768 3269/3269
f 3267/3267 2766/2766 2767/2767
f 3267/3267 2767/2767 3268/3268
f 3266/3266 2765/2765 2766/2766
f 3266/3266 2766/2766 3267/3267
f 3265/3265 2764/2764 2765/2765
f 3265/3265 2765/2765 3266/3266
f 3264/3264 2763/2763 2764/2764
f 3264/3264 2764/2764 3265/3265
f 3263/3263 2762/2762 2763/2763
f 3263/3263 2763/2763 3264/3264
f 3262/3262 2761/2761 2762/2762
f 3262/3262 2762/2762 3263/3263
f 3261/3261 2760/2760 2761/2761
f 3261/3261 2761/2761 3262/3262
f 3260/3260 2759/2759 2760/2760
f 3260/3260 2760/2760 3261/3261
f 3259/3259 2758/2758 2759/2759
f 3259/3259 2759/2759 3260/3260
f 3258/3258 2757/2757 2758/2758
f 3258/3258 2758/2758 3259/3259
f 3257/3257 2756/2756 2757/2757
f 3257/3257 2757/2757 3258/3258
f 3256/3256 2755/2755 2756/2756
f 3256/3256 2756/2756 3257/3257
f 3255/3255 2754/2754 2755/2755
f 3255/3255 2755/2755 3256/3256
f 801/801 3252/3252 3253/3253
f 801/801 3253/3253 802/802
f 3249/3249 2748/2748 2749/2749
f 3249/3249 2749/2749 3250/3250
f 3248/3248 2746/2746 2748/2748
f 3248/3248 2748/2748 3249/3249
f 3254/3254 2753/2753 2754/2754
f 3254/3254 2754/2754 3255/3255
f 3253/3253 2752/2752 2753/2753
f 3253/3253 2753/2753 3254/3254
f 3252/3252 2751/2751 2752/2752
f 3252/3252 2752/2752 3253/3253
f 3251/3251 2750/2750 2751/2751
f 3251/3251 2751/2751 3252/3252
f 3280/3280 2747/2747 2745/2745
f 3280/3280 2745/2745 3279/3279
f 3279/3279 2745/2745 2746/2746
f 3279/3279 2746/2746 3248/3248
f 2516/2516 2519/2519 2779/2779
f 2516/2516 2779/2779 2778/2778
f 2519/2519 2521/2521 2780/2780
f 2519/2519 2780/2780 2779/2779
f 2521/2521 2523/2523 2781/2781
f 2521/2521 2781/2781 2780/2780
f 2523/2523 2525/2525 2782/2782
f 2523/2523 2782/2782 2781/2781
f 2525/2525 2527/2527 2783/2783
f 2525/2525 2783/2783 2782/2782
f 2527/2527 2529/2529 2784/2784
f 2527/2527 2784/2784 2783/2783
f 2529/2529 2531/2531 2785/2785
f 2529/2529 2785/2785 2784/2784
f 2531/2531 2533/2533 2786/2786
f 2531/2531 2786/2786 2785/2785
f 2533/2533 2535/2535 2787/2787
f 2533/2533 2787/2787 2786/2786
f 2535/2535 2537/2537 2788/2788
f 2535/2535 2788/2788 2787/2787
f 2537/2537 2539/2539 2789/2789
f 2537/2537 2789/2789 2788/2788
f 2539/2539 2541/2541 2790/2790
f 2539/2539 2790/2790 2789/2789
f 2541/2541 2543/2543 2791/2791
f 2541/2541 2791/2791 2790/2790
f 2543/2543 2545/2545 2792/2792
f 2543/2543 2792/2792 2791/2791
f 2545/2545 2547/2547 2793/2793
f 2545/2545 2793/2793 2792/2792
f 2547/2547 2549/2549 2794/2794
f 2547/2547 2794/2794 2793/2793
f 2549/2549 2551/2551 2795/2795
f 2549/2549 2795/2795 2794/2794
f 2551/2551 2553/2553 2796/2796
f 2551/2551 2796/2796 2795/2795
f 2553/2553 2555/2555 2797/2797
f 2553/2553 2797/2797 2796/2796
f 2555/2555 2557/2557 2798/2798
f 2555/2555 2798/2798 2797/2797
f 2557/2557 2559/2559 2799/2799
f 2557/2557 2799/2799 2798/2798
f 2559/2559 2561/2561 2800/2800
f 2559/2559 2800/2800 2799/2799
f 2561/2561 2563/2563 2801/2801
f 2561/2561 2801/2801 2800/2800
f 2563/2563 2565/2565 2802/2802
f 2563/2563 2802/2802 2801/2801
f 2565/2565 2567/2567 2803/2803
f 2565/2565 2803/2803 2802/2802
f 2567/2567 2569/2569 2804/2804
f 2567/2567 2804/2804 2803/2803
f 2569/2569 2571/2571 2805/2805
f 2569/2569 2805/2805 2804/2804
f 2571/2571 2573/2573 2806/2806
f 2571/2571 2806/2806 2805/2805
f 2573/2573 2575/2575 2807/2807
f 2573/2573 2807/2807 2806/2806
f 2575/2575 2577/2577 2808/2808
f 2575/2575 2808/2808 2807/2807
f 2577/2577 2579/2579 2809/2809
f 2577/2577 2809/2809 2808/2808
f 2579/2579 2516/2516 2778/2778
f 2579/2579 2778/2778 2809/2809
f 2566/2566 2564/2564 2839/2839
f 2566/2566 2839/2839 2810/2810
f 2540/2540 2538/2538 2840/2840
f 2540/2540 2840/2840 2811/2811
f 2568/2568 2566/2566 2810/2810
f 2568/2568 2810/2810 2812/2812
f 2542/2542 2540/2540 2811/2811
f 2542/2542 2811/2811 2813/2813
f 2570/2570 2568/2568 2812/2812
f 2570/2570 2812/2812 2814/2814
f 2544/2544 2542/2542 2813/2813
f 2544/2544 2813/2813 2815/2815
f 2572/2572 2570/2570 2814/2814
f 2572/2572 2814/2814 2816/2816
f 2546/2546 2544/2544 2815/2815
f 2546/2546 2815/2815 2817/2817
f 2520/2520 2517/2517 2841/2841
f 2520/2520 2841/2841 2818/2818
f 2574/2574 2572/2572 2816/2816
f 2574/2574 2816/2816 2819/2819
f 2548/2548 2546/2546 2817/2817
f 2548/2548 2817/2817 2820/2820
f 2522/2522 2520/2520 2818/2818
f 2522/2522 2818/2818 2821/2821
f 2576/2576 2574/2574 2819/2819
f 2576/2576 2819/2819 2822/2822
f 2550/2550 2548/2548 2820/2820
f 2550/2550 2820/2820 2823/2823
f 2524/2524 2522/2522 2821/2821
f 2524/2524 2821/2821 2824/2824
f 2578/2578 2576/2576 2822/2822
f 2578/2578 2822/2822 2825/2825
f 2552/2552 2550/2550 2823/2823
f 2552/2552 2823/2823 2826/2826
f 2526/2526 2524/2524 2824/2824
f 2526/2526 2824/2824 2827/2827
f 2580/2580 2578/2578 2825/2825
f 2580/2580 2825/2825 2828/2828
f 2554/2554 2552/2552 2826/2826
f 2554/2554 2826/2826 2829/2829
f 2528/2528 2526/2526 2827/2827
f 2528/2528 2827/2827 2830/2830
f 2518/2518 2580/2580 2828/2828
f 2518/2518 2828/2828 2842/2842
f 2556/2556 2554/2554 2829/2829
f 2556/2556 2829/2829 2831/2831
f 2530/2530 2528/2528 2830/2830
f 2530/2530 2830/2830 2832/2832
f 2558/2558 2556/2556 2831/2831
f 2558/2558 2831/2831 2833/2833
f 2532/2532 2530/2530 2832/2832
f 2532/2532 2832/2832 2834/2834
f 2560/2560 2558/2558 2833/2833
f 2560/2560 2833/2833 2835/2835
f 2534/2534 2532/2532 2834/2834
f 2534/2534 2834/2834 2836/2836
f 2562/2562 2560/2560 2835/2835
f 2562/2562 2835/2835 2837/2837
f 2536/2536 2534/2534 2836/2836
f 2536/2536 2836/2836 2838/2838
f 2564/2564 2562/2562 2837/2837
f 2564/2564 2837/2837 2839/2839
f 2538/2538 2536/2536 2838/2838
f 2538/2538 2838/2838 2840/2840
f 2476/2476 2474/2474 2875/2875
f 2476/2476 2875/2875 2855/2855
f 2474/2474 2472/2472 2874/2874
f 2474/2474 2874/2874 2875/2875
f 2472/2472 2470/2470 2873/2873
f 2472/2472 2873/2873 2874/2874
f 2470/2470 2468/2468 2872/2872
f 2470/2470 2872/2872 2873/2873
f 2468/2468 2466/2466 2871/2871
f 2468/2468 2871/2871 2872/2872
f 2466/2466 2464/2464 2870/2870
f 2466/2466 2870/2870 2871/2871
f 2464/2464 2462/2462 2869/2869
f 2464/2464 2869/2869 2870/2870
f 2452/2452 2515/2515 2868/2868
f 2452/2452 2868/2868 2860/2860
f 2462/2462 2460/2460 2867/2867
f 2462/2462 2867/2867 2869/2869
f 2515/2515 2513/2513 2866/2866
f 2515/2515 2866/2866 2868/2868
f 2460/2460 2458/2458 2865/2865
f 2460/2460 2865/2865 2867/2867
f 2513/2513 2511/2511 2864/2864
f 2513/2513 2864/2864 2866/2866
f 2458/2458 2456/2456 2863/2863
f 2458/2458 2863/2863 2865/2865
f 2511/2511 2509/2509 2862/2862
f 2511/2511 2862/2862 2864/2864
f 2456/2456 2454/2454 2861/2861
f 2456/2456 2861/2861 2863/2863
f 2509/2509 2507/2507 2858/2858
f 2509/2509 2858/2858 2862/2862
f 2454/2454 2451/2451 2859/2859
f 2454/2454 2859/2859 2861/2861
f 2507/2507 2505/2505 2857/2857
f 2507/2507 2857/2857 2858/2858
f 2505/2505 2503/2503 2856/2856
f 2505/2505 2856/2856 2857/2857
f 2478/2478 2476/2476 2855/2855
f 2478/2478 2855/2855 2854/2854
f 2480/2480 2478/2478 2854/2854
f 2480/2480 2854/2854 2853/2853
f 2482/2482 2480/2480 2853/2853
f 2482/2482 2853/2853 2852/2852
f 2485/2485 2482/2482 2852/2852
f 2485/2485 2852/2852 2851/2851
f 2487/2487 2485/2485 2851/2851
f 2487/2487 2851/2851 2850/2850
f 2489/2489 2487/2487 2850/2850
f 2489/2489 2850/2850 2849/2849
f 2491/2491 2489/2489 2849/2849
f 2491/2491 2849/2849 2848/2848
f 2493/2493 2491/2491 2848/2848
f 2493/2493 2848/2848 2847/2847
f 2495/2495 2493/2493 2847/2847
f 2495/2495 2847/2847 2846/2846
f 2497/2497 2495/2495 2846/2846
f 2497/2497 2846/2846 2845/2845
f 2499/2499 2497/2497 2845/2845
f 2499/2499 2845/2845 2844/2844
f 2501/2501 2499/2499 2844/2844
f 2501/2501 2844/2844 2843/2843
f 2803/2803 2804/2804 2893/2893
f 2803/2803 2893/2893 2907/2907
f 2802/2802 2803/2803 2907/2907
f 2802/2802 2907/2907 2906/2906
f 2801/2801 2802/2802 2906/2906
f 2801/2801 2906/2906 2905/2905
f 2800/2800 2801/2801 2905/2905
f 2800/2800 2905/2905 2904/2904
f 2799/2799 2800/2800 2904/2904
f 2799/2799 2904/2904 2903/2903
f 2798/2798 2799/2799 2903/2903
f 2798/2798 2903/2903 2902/2902
f 2797/2797 2798/2798 2902/2902
f 2797/2797 2902/2902 2901/2901
f 2796/2796 2797/2797 2901/2901
f 2796/2796 2901/2901 2900/2900
f 2795/2795 2796/2796 2900/2900
f 2795/2795 2900/2900 2899/2899
f 2794/2794 2795/2795 2899/2899
f 2794/2794 2899/2899 2898/2898
f 2793/2793 2794/2794 2898/2898
f 2793/2793 2898/2898 2897/2897
f 2792/2792 2793/2793 2897/2897
f 2792/2792 2897/2897 2896/2896
f 2791/2791 2792/2792 2896/2896
f 2791/2791 2896/2896 2895/2895
f 2804/2804 2805/2805 2894/2894
f 2804/2804 2894/2894 2893/2893
f 2778/2778 2779/2779 2892/2892
f 2778/2778 2892/2892 2891/2891
f 2805/2805 2806/2806 2890/2890
f 2805/2805 2890/2890 2894/2894
f 2779/2779 2780/2780 2889/2889
f 2779/2779 2889/2889 2892/2892
f 2806/2806 2807/2807 2888/2888
f 2806/2806 2888/2888 2890/2890
f 2780/2780 2781/2781 2887/2887
f 2780/2780 2887/2887 2889/2889
f 2807/2807 2808/2808 2886/2886
f 2807/2807 2886/2886 2888/2888
f 2781/2781 2782/2782 2885/2885
f 2781/2781 2885/2885 2887/2887
f 2808/2808 2809/2809 2884/2884
f 2808/2808 2884/2884 2886/2886
f 2782/2782 2783/2783 2883/2883
f 2782/2782 2883/2883 2885/2885
f 2809/2809 2778/2778 2891/2891
f 2809/2809 2891/2891 2884/2884
f 2783/2783 2784/2784 2882/2882
f 2783/2783 2882/2882 2883/2883
f 2784/2784 2785/2785 2881/2881
f 2784/2784 2881/2881 2882/2882
f 2785/2785 2786/2786 2880/2880
f 2785/2785 2880/2880 2881/2881
f 2786/2786 2787/2787 2879/2879
f 2786/2786 2879/2879 2880/2880
f 2787/2787 2788/2788 2878/2878
f 2787/2787 2878/2878 2879/2879
f 2788/2788 2789/2789 2877/2877
f 2788/2788 2877/2877 2878/2878
f 2789/2789 2790/2790 2876/2876
f 2789/2789 2876/2876 2877/2877
f 2790/2790 2791/2791 2895/2895
f 2790/2790 2895/2895 2876/2876
f 2605/2605 2603/2603 2940/2940
f 2605/2605 2940/2940 2910/2910
f 2631/2631 2629/2629 2939/2939
f 2631/2631 2939/2939 2908/2908
f 2603/2603 2601/2601 2938/2938
f 2603/2603 2938/2938 2940/2940
f 2629/2629 2627/2627 2937/2937
f 2629/2629 2937/2937 2939/2939
f 2601/2601 2599/2599 2936/2936
f 2601/2601 2936/2936 2938/2938
f 2627/2627 2625/2625 2935/2935
f 2627/2627 2935/2935 2937/2937
f 2599/2599 2597/2597 2934/2934
f 2599/2599 2934/2934 2936/2936
f 2625/2625 2623/2623 2933/2933
f 2625/2625 2933/2933 2935/2935
f 2597/2597 2595/2595 2932/2932
f 2597/2597 2932/2932 2934/2934
f 2623/2623 2621/2621 2931/2931
f 2623/2623 2931/2931 2933/2933
f 2595/2595 2593/2593 2930/2930
f 2595/2595 2930/2930 2932/2932
f 2621/2621 2619/2619 2929/2929
f 2621/2621 2929/2929 2931/2931
f 2582/2582 2645/2645 2928/2928
f 2582/2582 2928/2928 2917/2917
f 2593/2593 2591/2591 2927/2927
f 2593/2593 2927/2927 2930/2930
f 2619/2619 2617/2617 2926/2926
f 2619/2619 2926/2926 2929/2929
f 2645/2645 2643/2643 2925/2925
f 2645/2645 2925/2925 2928/2928
f 2591/2591 2589/2589 2924/2924
f 2591/2591 2924/2924 2927/2927
f 2617/2617 2615/2615 2923/2923
f 2617/2617 2923/2923 2926/2926
f 2643/2643 2641/2641 2922/2922
f 2643/2643 2922/2922 2925/2925
f 2589/2589 2587/2587 2921/2921
f 2589/2589 2921/2921 2924/2924
f 2615/2615 2613/2613 2920/2920
f 2615/2615 2920/2920 2923/2923
f 2641/2641 2639/2639 2919/2919
f 2641/2641 2919/2919 2922/2922
f 2587/2587 2585/2585 2918/2918
f 2587/2587 2918/2918 2921/2921
f 2613/2613 2611/2611 2915/2915
f 2613/2613 2915/2915 2920/2920
f 2639/2639 2637/2637 2914/2914
f 2639/2639 2914/2914 2919/2919
f 2585/2585 2581/2581 2916/2916
f 2585/2585 2916/2916 2918/2918
f 2611/2611 2609/2609 2913/2913
f 2611/2611 2913/2913 2915/2915
f 2637/2637 2635/2635 2912/2912
f 2637/2637 2912/2912 2914/2914
f 2609/2609 2607/2607 2911/2911
f 2609/2609 2911/2911 2913/2913
f 2635/2635 2633/2633 2909/2909
f 2635/2635 2909/2909 2912/2912
f 2607/2607 2605/2605 2910/2910
f 2607/2607 2910/2910 2911/2911
f 2633/2633 2631/2631 2908/2908
f 2633/2633 2908/2908 2909/2909
f 2910/2910 2940/2940 2973/2973
f 2910/2910 2973/2973 2942/2942
f 2908/2908 2939/2939 2972/2972
f 2908/2908 2972/2972 2941/2941
f 2940/2940 2938/2938 2971/2971
f 2940/2940 2971/2971 2973/2973
f 2939/2939 2937/2937 2970/2970
f 2939/2939 2970/2970 2972/2972
f 2938/2938 2936/2936 2969/2969
f 2938/2938 2969/2969 2971/2971
f 2937/2937 2935/2935 2968/2968
f 2937/2937 2968/2968 2970/2970
f 2936/2936 2934/2934 2967/2967
f 2936/2936 2967/2967 2969/2969
f 2935/2935 2933/2933 2966/2966
f 2935/2935 2966/2966 2968/2968
f 2934/2934 2932/2932 2965/2965
f 2934/2934 2965/2965 2967/2967
f 2933/2933 2931/2931 2964/2964
f 2933/2933 2964/2964 2966/2966
f 2932/2932 2930/2930 2963/2963
f 2932/2932 2963/2963 2965/2965
f 2931/2931 2929/2929 2962/2962
f 2931/2931 2962/2962 2964/2964
f 2917/2917 2928/2928 2961/2961
f 2917/2917 2961/2961 2944/2944
f 2930/2930 2927/2927 2960/2960
f 2930/2930 2960/2960 2963/2963
f 2929/2929 2926/2926 2959/2959
f 2929/2929 2959/2959 2962/2962
f 2928/2928 2925/2925 2958/2958
f 2928/2928 2958/2958 2961/2961
f 2927/2927 2924/2924 2957/2957
f 2927/2927 2957/2957 2960/2960
f 2926/2926 2923/2923 2956/2956
f 2926/2926 2956/2956 2959/2959
f 2925/2925 2922/2922 2955/2955
f 2925/2925 2955/2955 2958/2958
f 2924/2924 2921/2921 2954/2954
f 2924/2924 2954/2954 2957/2957
f 2923/2923 2920/2920 2953/2953
f 2923/2923 2953/2953 2956/2956
f 2922/2922 2919/2919 2952/2952
f 2922/2922 2952/2952 2955/2955
f 2921/2921 2918/2918 2951/2951
f 2921/2921 2951/2951 2954/2954
f 2920/2920 2915/2915 2950/2950
f 2920/2920 2950/2950 2953/2953
f 2919/2919 2914/2914 2949/2949
f 2919/2919 2949/2949 2952/2952
f 2918/2918 2916/2916 2943/2943
f 2918/2918 2943/2943 2951/2951
f 2915/2915 2913/2913 2948/2948
f 2915/2915 2948/2948 2950/2950
f 2914/2914 2912/2912 2947/2947
f 2914/2914 2947/2947 2949/2949
f 2913/2913 2911/2911 2946/2946
f 2913/2913 2946/2946 2948/2948
f 2912/2912 2909/2909 2945/2945
f 2912/2912 2945/2945 2947/2947
f 2911/2911 2910/2910 2942/2942
f 2911/2911 2942/2942 2946/2946
f 2909/2909 2908/2908 2941/2941
f 2909/2909 2941/2941 2945/2945
f 3085/3085 3082/3082 3201/3201
f 3006/3006 3007/3007 2975/2975
f 3006/3006 2975/2975 2974/2974
f 3008/3008 3006/3006 2974/2974
f 3008/3008 2974/2974 2976/2976
f 3009/3009 3008/3008 2976/2976
f 3009/3009 2976/2976 2977/2977
f 3010/3010 3009/3009 2977/2977
f 3010/3010 2977/2977 2978/2978
f 3011/3011 3010/3010 2978/2978
f 3011/3011 2978/2978 2979/2979
f 3012/3012 3011/3011 2979/2979
f 3012/3012 2979/2979 2980/2980
f 3013/3013 3012/3012 2980/2980
f 3013/3013 2980/2980 2981/2981
f 3014/3014 3013/3013 2981/2981
f 3014/3014 2981/2981 2982/2982
f 3015/3015 3014/3014 2982/2982
f 3015/3015 2982/2982 2983/2983
f 3016/3016 3015/3015 2983/2983
f 3016/3016 2983/2983 2984/2984
f 3017/3017 3016/3016 2984/2984
f 3017/3017 2984/2984 2985/2985
f 3018/3018 3017/3017 2985/2985
f 3018/3018 2985/2985 2986/2986
f 3019/3019 3018/3018 2986/2986
f 3019/3019 2986/2986 2987/2987
f 3020/3020 3019/3019 2987/2987
f 3020/3020 2987/2987 2988/2988
f 3021/3021 3020/3020 2988/2988
f 3021/3021 2988/2988 2989/2989
f 3022/3022 3021/3021 2989/2989
f 3022/3022 2989/2989 2990/2990
f 3023/3023 3022/3022 2990/2990
f 3023/3023 2990/2990 2991/2991
f 3024/3024 3023/3023 2991/2991
f 3024/3024 2991/2991 2992/2992
f 3025/3025 3024/3024 2992/2992
f 3025/3025 2992/2992 2993/2993
f 3026/3026 3025/3025 2993/2993
f 3026/3026 2993/2993 2994/2994
f 3027/3027 3026/3026 2994/2994
f 3027/3027 2994/2994 2995/2995
f 3028/3028 3027/3027 2995/2995
f 3028/3028 2995/2995 2996/2996
f 3029/3029 3028/3028 2996/2996
f 3029/3029 2996/2996 2997/2997
f 3030/3030 3029/3029 2997/2997
f 3030/3030 2997/2997 2998/2998
f 3031/3031 3030/3030 2998/2998
f 3031/3031 2998/2998 2999/2999
f 3032/3032 3031/3031 2999/2999
f 3032/3032 2999/2999 3000/3000
f 3033/3033 3032/3032 3000/3000
f 3033/3033 3000/3000 3001/3001
f 3034/3034 3033/3033 3001/3001
f 3034/3034 3001/3001 3002/3002
f 3035/3035 3034/3034 3002/3002
f 3035/3035 3002/3002 3003/3003
f 3036/3036 3035/3035 3003/3003
f 3036/3036 3003/3003 3004/3004
f 3037/3037 3036/3036 3004/3004
f 3037/3037 3004/3004 3005/3005
f 3007/3007 3037/3037 3005/3005
f 3007/3007 3005/3005 2975/2975
f 3038/3038 3039/3039 3007/3007
f 3038/3038 3007/3007 3006/3006
f 3040/3040 3038/3038 3006/3006
f 3040/3040 3006/3006 3008/3008
f 3041/3041 3040/3040 3008/3008
f 3041/3041 3008/3008 3009/3009
f 3042/3042 3041/3041 3009/3009
f 3042/3042 3009/3009 3010/3010
f 3043/3043 3042/3042 3010/3010
f 3043/3043 3010/3010 3011/3011
f 3044/3044 3043/3043 3011/3011
f 3044/3044 3011/3011 3012/3012
f 3045/3045 3044/3044 3012/3012
f 3045/3045 3012/3012 3013/3013
f 3046/3046 3045/3045 3013/3013
f 3046/3046 3013/3013 3014/3014
f 3047/3047 3046/3046 3014/3014
f 3047/3047 3014/3014 3015/3015
f 3048/3048 3047/3047 3015/3015
f 3048/3048 3015/3015 3016/3016
f 3049/3049 3048/3048 3016/3016
f 3049/3049 3016/3016 3017/3017
f 3050/3050 3049/3049 3017/3017
f 3050/3050 3017/3017 3018/3018
f 3051/3051 3050/3050 3018/3018
f 3051/3051 3018/3018 3019/3019
f 3052/3052 3051/3051 3019/3019
f 3052/3052 3019/3019 3020/3020
f 3053/3053 3052/3052 3020/3020
f 3053/3053 3020/3020 3021/3021
f 3054/3054 3053/3053 3021/3021
f 3054/3054 3021/3021 3022/3022
f 3055/3055 3054/3054 3022/3022
f 3055/3055 3022/3022 3023/3023
f 3056/3056 3055/3055 3023/3023
f 3056/3056 3023/3023 3024/3024
f 3057/3057 3056/3056 3024/3024
f 3057/3057 3024/3024 3025/3025
f 3058/3058 3057/3057 3025/3025
f 3058/3058 3025/3025 3026/3026
f 3059/3059 3058/3058 3026/3026
f 3059/3059 3026/3026 3027/3027
f 3060/3060 3059/3059 3027/3027
f 3060/3060 3027/3027 3028/3028
f 3061/3061 3060/3060 3028/3028
f 3061/3061 3028/3028 3029/3029
f 3062/3062 3061/3061 3029/3029
f 3062/3062 3029/3029 3030/3030
f 3063/3063 3062/3062 3030/3030
f 3063/3063 3030/3030 3031/3031
f 3064/3064 3063/3063 3031/3031
f 3064/3064 3031/3031 3032/3032
f 3065/3065 3064/3064 3032/3032
f 3065/3065 3032/3032 3033/3033
f 3066/3066 3065/3065 3033/3033
f 3066/3066 3033/3033 3034/3034
f 3067/3067 3066/3066 3034/3034
f 3067/3067 3034/3034 3035/3035
f 3068/3068 3067/3067 3035/3035
f 3068/3068 3035/3035 3036/3036
f 3069/3069 3068/3068 3036/3036
f 3069/3069 3036/3036 3037/3037
f 3039/3039 3069/3069 3037/3037
f 3039/3039 3037/3037 3007/3007
f 1989/1989 1983/1983 3039/3039
f 1989/1989 3039/3039 3038/3038
f 1995/1995 1989/1989 3038/3038
f 1995/1995 3038/3038 3040/3040
f 2001/2001 1995/1995 3040/3040
f 2001/2001 3040/3040 3041/3041
f 2007/2007 2001/2001 3041/3041
f 2007/2007 3041/3041 3042/3042
f 2013/2013 2007/2007 3042/3042
f 2013/2013 3042/3042 3043/3043
f 2019/2019 2013/2013 3043/3043
f 2019/2019 3043/3043 3044/3044
f 2025/2025 2019/2019 3044/3044
f 2025/2025 3044/3044 3045/3045
f 2031/2031 2025/2025 3045/3045
f 2031/2031 3045/3045 3046/3046
f 2037/2037 2031/2031 3046/3046
f 2037/2037 3046/3046 3047/3047
f 2043/2043 2037/2037 3047/3047
f 2043/2043 3047/3047 3048/3048
f 2049/2049 2043/2043 3048/3048
f 2049/2049 3048/3048 3049/3049
f 2055/2055 2049/2049 3049/3049
f 2055/2055 3049/3049 3050/3050
f 2061/2061 2055/2055 3050/3050
f 2061/2061 3050/3050 3051/3051
f 2067/2067 2061/2061 3051/3051
f 2067/2067 3051/3051 3052/3052
f 2073/2073 2067/2067 3052/3052
f 2073/2073 3052/3052 3053/3053
f 2079/2079 2073/2073 3053/3053
f 2079/2079 3053/3053 3054/3054
f 2085/2085 2079/2079 3054/3054
f 2085/2085 3054/3054 3055/3055
f 2091/2091 2085/2085 3055/3055
f 2091/2091 3055/3055 3056/3056
f 2097/2097 2091/2091 3056/3056
f 2097/2097 3056/3056 3057/3057
f 2103/2103 2097/2097 3057/3057
f 2103/2103 3057/3057 3058/3058
f 2109/2109 2103/2103 3058/3058
f 2109/2109 3058/3058 3059/3059
f 2115/2115 2109/2109 3059/3059
f 2115/2115 3059/3059 3060/3060
f 2121/2121 2115/2115 3060/3060
f 2121/2121 3060/3060 3061/3061
f 2127/2127 2121/2121 3061/3061
f 2127/2127 3061/3061 3062/3062
f 2136/2136 2127/2127 3062/3062
f 2136/2136 3062/3062 3063/3063
f 2142/2142 2136/2136 3063/3063
f 2142/2142 3063/3063 3064/3064
f 2148/2148 2142/2142 3064/3064
f 2148/2148 3064/3064 3065/3065
f 2154/2154 2148/2148 3065/3065
f 2154/2154 3065/3065 3066/3066
f 2160/2160 2154/2154 3066/3066
f 2160/2160 3066/3066 3067/3067
f 2166/2166 2160/2160 3067/3067
f 2166/2166 3067/3067 3068/3068
f 2172/2172 2166/2166 3068/3068
f 2172/2172 3068/3068 3069/3069
f 1983/1983 2172/2172 3069/3069
f 1983/1983 3069/3069 3039/3039
f 2025/2025 2031/2031 3070/3070
f 2115/2115 2121/2121 3070/3070
f 2154/2154 2160/2160 3070/3070
f 2079/2079 3070/3070 2073/2073
f 3070/3070 2031/2031 2037/2037
f 2043/2043 3070/3070 2037/2037
f 2043/2043 2049/2049 3070/3070
f 2049/2049 2055/2055 3070/3070
f 2055/2055 2061/2061 3070/3070
f 2061/2061 2067/2067 3070/3070
f 3070/3070 1983/1983 1989/1989
f 1989/1989 1995/1995 3070/3070
f 1995/1995 2001/2001 3070/3070
f 2001/2001 2007/2007 3070/3070
f 2007/2007 2013/2013 3070/3070
f 2013/2013 2019/2019 3070/3070
f 2019/2019 2025/2025 3070/3070
f 2121/2121 2127/2127 3070/3070
f 3070/3070 2079/2079 2085/2085
f 2085/2085 2091/2091 3070/3070
f 2091/2091 2097/2097 3070/3070
f 2097/2097 2103/2103 3070/3070
f 2103/2103 2109/2109 3070/3070
f 2109/2109 2115/2115 3070/3070
f 2166/2166 2172/2172 3070/3070
f 2172/2172 1983/1983 3070/3070
f 3070/3070 2127/2127 2136/2136
f 2166/2166 3070/3070 2160/2160
f 2136/2136 2142/2142 3070/3070
f 2142/2142 2148/2148 3070/3070
f 2148/2148 2154/2154 3070/3070
f 3168/3168 3197/3197 3104/3104
f 3168/3168 3104/3104 3106/3106
f 3169/3169 3198/3198 3108/3108
f 3169/3169 3108/3108 3110/3110
f 3170/3170 3168/3168 3106/3106
f 3170/3170 3106/3106 3112/3112
f 3171/3171 3169/3169 3110/3110
f 3171/3171 3110/3110 3114/3114
f 3172/3172 3170/3170 3112/3112
f 3172/3172 3112/3112 3116/3116
f 3173/3173 3171/3171 3114/3114
f 3173/3173 3114/3114 3118/3118
f 3174/3174 3172/3172 3116/3116
f 3174/3174 3116/3116 3120/3120
f 3175/3175 3173/3173 3118/3118
f 3175/3175 3118/3118 3122/3122
f 3176/3176 3200/3200 3125/3125
f 3176/3176 3125/3125 3127/3127
f 3177/3177 3174/3174 3120/3120
f 3177/3177 3120/3120 3129/3129
f 3178/3178 3175/3175 3122/3122
f 3178/3178 3122/3122 3131/3131
f 3179/3179 3176/3176 3127/3127
f 3179/3179 3127/3127 3133/3133
f 3180/3180 3177/3177 3129/3129
f 3180/3180 3129/3129 3135/3135
f 3181/3181 3178/3178 3131/3131
f 3181/3181 3131/3131 3137/3137
f 3182/3182 3179/3179 3133/3133
f 3182/3182 3133/3133 3139/3139
f 3183/3183 3180/3180 3135/3135
f 3183/3183 3135/3135 3141/3141
f 3184/3184 3181/3181 3137/3137
f 3184/3184 3137/3137 3143/3143
f 3185/3185 3182/3182 3139/3139
f 3185/3185 3139/3139 3145/3145
f 3186/3186 3183/3183 3141/3141
f 3186/3186 3141/3141 3147/3147
f 3187/3187 3184/3184 3143/3143
f 3187/3187 3143/3143 3149/3149
f 3188/3188 3185/3185 3145/3145
f 3188/3188 3145/3145 3151/3151
f 3199/3199 3186/3186 3147/3147
f 3199/3199 3147/3147 3124/3124
f 3189/3189 3187/3187 3149/3149
f 3189/3189 3149/3149 3153/3153
f 3190/3190 3188/3188 3151/3151
f 3190/3190 3151/3151 3155/3155
f 3191/3191 3189/3189 3153/3153
f 3191/3191 3153/3153 3157/3157
f 3192/3192 3190/3190 3155/3155
f 3192/3192 3155/3155 3159/3159
f 3193/3193 3191/3191 3157/3157
f 3193/3193 3157/3157 3161/3161
f 3194/3194 3192/3192 3159/3159
f 3194/3194 3159/3159 3163/3163
f 3195/3195 3193/3193 3161/3161
f 3195/3195 3161/3161 3165/3165
f 3196/3196 3194/3194 3163/3163
f 3196/3196 3163/3163 3167/3167
f 3197/3197 3195/3195 3165/3165
f 3197/3197 3165/3165 3104/3104
f 3198/3198 3196/3196 3167/3167
f 3198/3198 3167/3167 3108/3108
f 3071/3071 3074/3074 3105/3105
f 3071/3071 3105/3105 3103/3103
f 3072/3072 3075/3075 3109/3109
f 3072/3072 3109/3109 3107/3107
f 3074/3074 3076/3076 3111/3111
f 3074/3074 3111/3111 3105/3105
f 3075/3075 3077/3077 3113/3113
f 3075/3075 3113/3113 3109/3109
f 3076/3076 3078/3078 3115/3115
f 3076/3076 3115/3115 3111/3111
f 3077/3077 3079/3079 3117/3117
f 3077/3077 3117/3117 3113/3113
f 3078/3078 3080/3080 3119/3119
f 3078/3078 3119/3119 3115/3115
f 3079/3079 3081/3081 3121/3121
f 3079/3079 3121/3121 3117/3117
f 3073/3073 3082/3082 3126/3126
f 3073/3073 3126/3126 3123/3123
f 3080/3080 3083/3083 3128/3128
f 3080/3080 3128/3128 3119/3119
f 3081/3081 3084/3084 3130/3130
f 3081/3081 3130/3130 3121/3121
f 3082/3082 3085/3085 3132/3132
f 3082/3082 3132/3132 3126/3126
f 3083/3083 3086/3086 3134/3134
f 3083/3083 3134/3134 3128/3128
f 3084/3084 3087/3087 3136/3136
f 3084/3084 3136/3136 3130/3130
f 3085/3085 3088/3088 3138/3138
f 3085/3085 3138/3138 3132/3132
f 3086/3086 3089/3089 3140/3140
f 3086/3086 3140/3140 3134/3134
f 3087/3087 3090/3090 3142/3142
f 3087/3087 3142/3142 3136/3136
f 3088/3088 3091/3091 3144/3144
f 3088/3088 3144/3144 3138/3138
f 3089/3089 3092/3092 3146/3146
f 3089/3089 3146/3146 3140/3140
f 3090/3090 3093/3093 3148/3148
f 3090/3090 3148/3148 3142/3142
f 3091/3091 3094/3094 3150/3150
f 3091/3091 3150/3150 3144/3144
f 3092/3092 3073/3073 3123/3123
f 3092/3092 3123/3123 3146/3146
f 3093/3093 3095/3095 3152/3152
f 3093/3093 3152/3152 3148/3148
f 3094/3094 3096/3096 3154/3154
f 3094/3094 3154/3154 3150/3150
f 3095/3095 3097/3097 3156/3156
f 3095/3095 3156/3156 3152/3152
f 3096/3096 3098/3098 3158/3158
f 3096/3096 3158/3158 3154/3154
f 3097/3097 3099/3099 3160/3160
f 3097/3097 3160/3160 3156/3156
f 3098/3098 3100/3100 3162/3162
f 3098/3098 3162/3162 3158/3158
f 3099/3099 3101/3101 3164/3164
f 3099/3099 3164/3164 3160/3160
f 3100/3100 3102/3102 3166/3166
f 3100/3100 3166/3166 3162/3162
f 3101/3101 3071/3071 3103/3103
f 3101/3101 3103/3103 3164/3164
f 3102/3102 3072/3072 3107/3107
f 3102/3102 3107/3107 3166/3166
f 2840/2840 2838/2838 3196/3196
f 2840/2840 3196/3196 3198/3198
f 2839/2839 2837/2837 3195/3195
f 2839/2839 3195/3195 3197/3197
f 2838/2838 2836/2836 3194/3194
f 2838/2838 3194/3194 3196/3196
f 2837/2837 2835/2835 3193/3193
f 2837/2837 3193/3193 3195/3195
f 2836/2836 2834/2834 3192/3192
f 2836/2836 3192/3192 3194/3194
f 2835/2835 2833/2833 3191/3191
f 2835/2835 3191/3191 3193/3193
f 2834/2834 2832/2832 3190/3190
f 2834/2834 3190/3190 3192/3192
f 2833/2833 2831/2831 3189/3189
f 2833/2833 3189/3189 3191/3191
f 2832/2832 2830/2830 3188/3188
f 2832/2832 3188/3188 3190/3190
f 2831/2831 2829/2829 3187/3187
f 2831/2831 3187/3187 3189/3189
f 2842/2842 2828/2828 3186/3186
f 2842/2842 3186/3186 3199/3199
f 2830/2830 2827/2827 3185/3185
f 2830/2830 3185/3185 3188/3188
f 2829/2829 2826/2826 3184/3184
f 2829/2829 3184/3184 3187/3187
f 2828/2828 2825/2825 3183/3183
f 2828/2828 3183/3183 3186/3186
f 2827/2827 2824/2824 3182/3182
f 2827/2827 3182/3182 3185/3185
f 2826/2826 2823/2823 3181/3181
f 2826/2826 3181/3181 3184/3184
f 2825/2825 2822/2822 3180/3180
f 2825/2825 3180/3180 3183/3183
f 2824/2824 2821/2821 3179/3179
f 2824/2824 3179/3179 3182/3182
f 2823/2823 2820/2820 3178/3178
f 2823/2823 3178/3178 3181/3181
f 2822/2822 2819/2819 3177/3177
f 2822/2822 3177/3177 3180/3180
f 2821/2821 2818/2818 3176/3176
f 2821/2821 3176/3176 3179/3179
f 2820/2820 2817/2817 3175/3175
f 2820/2820 3175/3175 3178/3178
f 2819/2819 2816/2816 3174/3174
f 2819/2819 3174/3174 3177/3177
f 2818/2818 2841/2841 3200/3200
f 2818/2818 3200/3200 3176/3176
f 2817/2817 2815/2815 3173/3173
f 2817/2817 3173/3173 3175/3175
f 2816/2816 2814/2814 3172/3172
f 2816/2816 3172/3172 3174/3174
f 2815/2815 2813/2813 3171/3171
f 2815/2815 3171/3171 3173/3173
f 2814/2814 2812/2812 3170/3170
f 2814/2814 3170/3170 3172/3172
f 2813/2813 2811/2811 3169/3169
f 2813/2813 3169/3169 3171/3171
f 2812/2812 2810/2810 3168/3168
f 2812/2812 3168/3168 3170/3170
f 2811/2811 2840/2840 3198/3198
f 2811/2811 3198/3198 3169/3169
f 2810/2810 2839/2839 3197/3197
f 2810/2810 3197/3197 3168/3168
f 3072/3072 3102/3102 3201/3201
f 3090/3090 3087/3087 3201/3201
f 3078/3078 3076/3076 3201/3201
f 3073/3073 3201/3201 3082/3082
f 3201/3201 3100/3100 3098/3098
f 3096/3096 3201/3201 3098/3098
f 3096/3096 3094/3094 3201/3201
f 3094/3094 3091/3091 3201/3201
f 3091/3091 3088/3088 3201/3201
f 3088/3088 3085/3085 3201/3201
f 3100/3100 3201/3201 3102/3102
f 3201/3201 3087/3087 3084/3084
f 3081/3081 3201/3201 3084/3084
f 3081/3081 3079/3079 3201/3201
f 3079/3079 3077/3077 3201/3201
f 3077/3077 3075/3075 3201/3201
f 3075/3075 3072/3072 3201/3201
f 3074/3074 3071/3071 3201/3201
f 3071/3071 3101/3101 3201/3201
f 3101/3101 3099/3099 3201/3201
f 3099/3099 3097/3097 3201/3201
f 3097/3097 3095/3095 3201/3201
f 3095/3095 3093/3093 3201/3201
f 3093/3093 3090/3090 3201/3201
f 3076/3076 3074/3074 3201/3201
f 3201/3201 3073/3073 3092/3092
f 3092/3092 3089/3089 3201/3201
f 3089/3089 3086/3086 3201/3201
f 3086/3086 3083/3083 3201/3201
f 3083/3083 3080/3080 3201/3201
f 3080/3080 3078/3078 3201/3201
f 2182/2182 3225/3225 3226/3226
f 2182/2182 3226/3226 2195/2195
f 2443/2443 3211/3211 3224/3224
f 2443/2443 3224/3224 2181/2181
f 2435/2435 3205/3205 3211/3211
f 2435/2435 3211/3211 2443/2443
f 2427/2427 3204/3204 3205/3205
f 2427/2427 3205/3205 2435/2435
f 2419/2419 3233/3233 3204/3204
f 2419/2419 3204/3204 2427/2427
f 2411/2411 3229/3229 3233/3233
f 2411/2411 3233/3233 2419/2419
f 2403/2403 3223/3223 3229/3229
f 2403/2403 3229/3229 2411/2411
f 2395/2395 3220/3220 3223/3223
f 2395/2395 3223/3223 2403/2403
f 2387/2387 3216/3216 3220/3220
f 2387/2387 3220/3220 2395/2395
f 2378/2378 3213/3213 3216/3216
f 2378/2378 3216/3216 2387/2387
f 2370/2370 3209/3209 3213/3213
f 2370/2370 3213/3213 2378/2378
f 2362/2362 3208/3208 3209/3209
f 2362/2362 3209/3209 2370/2370
f 2354/2354 3235/3235 3208/3208
f 2354/2354 3208/3208 2362/2362
f 2346/2346 3231/3231 3235/3235
f 2346/2346 3235/3235 2354/2354
f 2338/2338 3227/3227 3231/3231
f 2338/2338 3231/3231 2346/2346
f 2330/2330 3221/3221 3227/3227
f 2330/2330 3227/3227 2338/2338
f 2316/2316 3217/3217 3221/3221
f 2316/2316 3221/3221 2330/2330
f 2307/2307 3214/3214 3218/3218
f 2307/2307 3218/3218 2317/2317
f 2299/2299 3210/3210 3214/3214
f 2299/2299 3214/3214 2307/2307
f 2291/2291 3203/3203 3210/3210
f 2291/2291 3210/3210 2299/2299
f 2283/2283 3202/3202 3203/3203
f 2283/2283 3203/3203 2291/2291
f 2275/2275 3232/3232 3202/3202
f 2275/2275 3202/3202 2283/2283
f 2267/2267 3228/3228 3232/3232
f 2267/2267 3232/3232 2275/2275
f 2259/2259 3222/3222 3228/3228
f 2259/2259 3228/3228 2267/2267
f 2251/2251 3219/3219 3222/3222
f 2251/2251 3222/3222 2259/2259
f 2243/2243 3215/3215 3219/3219
f 2243/2243 3219/3219 2251/2251
f 2235/2235 3212/3212 3215/3215
f 2235/2235 3215/3215 2243/2243
f 2227/2227 3207/3207 3212/3212
f 2227/2227 3212/3212 2235/2235
f 2219/2219 3206/3206 3207/3207
f 2219/2219 3207/3207 2227/2227
f 2211/2211 3234/3234 3206/3206
f 2211/2211 3206/3206 2219/2219
f 2203/2203 3230/3230 3234/3234
f 2203/2203 3234/3234 2211/2211
f 2195/2195 3226/3226 3230/3230
f 2195/2195 3230/3230 2203/2203
f 2503/2503 2501/2501 2843/2843
f 2503/2503 2843/2843 2856/2856
f 3238/3238 997/997 998/998
f 3236/3236 3238/3238 1024/1024
f 3236/3236 1024/1024 1793/1793
f 1001/1001 3237/3237 1026/1026
f 1001/1001 1026/1026 1028/1028
f 3237/3237 3236/3236 1793/1793
f 3237/3237 1793/1793 1026/1026
f 1001/1001 3239/3239 999/999
f 3240/3240 3241/3241 997/997
f 3240/3240 997/997 1792/1792
f 3241/3241 998/998 997/997
f 3239/3239 3240/3240 1792/1792
f 3239/3239 1792/1792 999/999
f 952/952 3246/3246 1889/1889
f 952/952 1889/1889 3244/3244
f 3242/3242 953/953 951/951
f 3243/3243 3242/3242 980/980
f 3243/3243 980/980 979/979
f 3245/3245 951/951 953/953
f 3247/3247 3243/3243 979/979
f 3247/3247 979/979 1890/1890
f 3244/3244 3245/3245 953/953
f 3244/3244 953/953 952/952
f 981/981 1889/1889 3246/3246
f 3246/3246 3247/3247 981/981
f 3246/3246 952/952 3243/3243
f 3246/3246 3243/3243 3247/3247
f 796/796 3279/3279 3248/3248
f 796/796 3248/3248 797/797
f 795/795 3280/3280 3279/3279
f 795/795 3279/3279 796/796
f 802/802 3253/3253 3254/3254
f 802/802 3254/3254 803/803
f 803/803 3254/3254 3255/3255
f 803/803 3255/3255 804/804
f 3248/3248 3249/3249 798/798
f 3248/3248 798/798 797/797
f 798/798 3249/3249 3250/3250
f 798/798 3250/3250 799/799
f 799/799 3250/3250 3251/3251
f 799/799 3251/3251 800/800
f 800/800 3251/3251 3252/3252
f 800/800 3252/3252 801/801
f 804/804 3255/3255 3256/3256
f 804/804 3256/3256 805/805
f 805/805 3256/3256 3257/3257
f 805/805 3257/3257 806/806
f 806/806 3257/3257 3258/3258
f 806/806 3258/3258 807/807
f 807/807 3258/3258 3259/3259
f 807/807 3259/3259 808/808
f 808/808 3259/3259 3260/3260
f 808/808 3260/3260 809/809
f 809/809 3260/3260 3261/3261
f 809/809 3261/3261 810/810
f 810/810 3261/3261 3262/3262
f 810/810 3262/3262 811/811
f 811/811 3262/3262 3263/3263
f 811/811 3263/3263 812/812
f 812/812 3263/3263 3264/3264
f 812/812 3264/3264 813/813
f 813/813 3264/3264 3265/3265
f 813/813 3265/3265 814/814
f 814/814 3265/3265 3266/3266
f 814/814 3266/3266 815/815
f 815/815 3266/3266 3267/3267
f 815/815 3267/3267 816/816
f 816/816 3267/3267 3268/3268
f 816/816 3268/3268 817/817
f 817/817 3268/3268 3269/3269
f 817/817 3269/3269 818/818
f 818/818 3269/3269 3270/3270
f 818/818 3270/3270 819/819
f 820/820 3271/3271 3272/3272
f 820/820 3272/3272 821/821
f 821/821 3272/3272 3273/3273
f 821/821 3273/3273 822/822
f 822/822 3273/3273 3274/3274
f 822/822 3274/3274 823/823
f 823/823 3274/3274 3275/3275
f 823/823 3275/3275 824/824
f 824/824 3275/3275 3276/3276
f 824/824 3276/3276 825/825
f 825/825 3276/3276 3277/3277
f 825/825 3277/3277 826/826
f 826/826 3277/3277 3278/3278
f 826/826 3278/3278 827/827
f 827/827 3278/3278 3280/3280
f 827/827 3280/3280 795/795
f 3250/3250 2749/2749 2750/2750
f 3250/3250 2750/2750 3251/3251
f 3281/3281 3283/3283 1977/1977
f 3281/3281 1977/1977 1554/1554
f 3282/3282 1525/1525 1526/1526
f 1529/1529 3281/3281 1554/1554
f 1529/1529 1554/1554 1556/1556
f 3283/3283 3282/3282 1552/1552
f 3283/3283 1552/1552 1977/1977
f 3285/3285 3286/3286 1525/1525
f 3285/3285 1525/1525 1976/1976
f 3286/3286 1526/1526 1525/1525
f 1529/1529 3284/3284 1527/1527
f 3284/3284 3285/3285 1976/1976
f 3284/3284 1976/1976 1527/1527
f 3639/3639 3631/3631 3629/3629
f 3639/3639 3629/3629 3637/3637
f 3655/3655 3647/3647 3645/3645
f 3655/3655 3645/3645 3653/3653
f 3663/3663 3655/3655 3653/3653
f 3663/3663 3653/3653 3661/3661
f 3671/3671 3663/3663 3661/3661
f 3671/3671 3661/3661 3669/3669
f 3679/3679 3671/3671 3669/3669
f 3679/3679 3669/3669 3677/3677
f 3687/3687 3679/3679 3677/3677
f 3687/3687 3677/3677 3685/3685
f 3695/3695 3687/3687 3685/3685
f 3695/3695 3685/3685 3693/3693
f 3703/3703 3695/3695 3693/3693
f 3703/3703 3693/3693 3701/3701
f 3711/3711 3703/3703 3701/3701
f 3711/3711 3701/3701 3709/3709
f 3719/3719 3711/3711 3709/3709
f 3719/3719 3709/3709 3717/3717
f 3727/3727 3719/3719 3717/3717
f 3727/3727 3717/3717 3725/3725
f 3735/3735 3727/3727 3725/3725
f 3735/3735 3725/3725 3733/3733
f 3743/3743 3735/3735 3733/3733
f 3743/3743 3733/3733 3741/3741
f 3751/3751 3743/3743 3741/3741
f 3751/3751 3741/3741 3749/3749
f 3759/3759 3751/3751 3749/3749
f 3759/3759 3749/3749 3757/3757
f 3767/3767 3759/3759 3757/3757
f 3767/3767 3757/3757 3765/3765
f 3775/3775 3767/3767 3765/3765
f 3775/3775 3765/3765 3773/3773
f 3783/3783 3775/3775 3773/3773
f 3783/3783 3773/3773 3781/3781
f 3791/3791 3783/3783 3781/3781
f 3791/3791 3781/3781 3789/3789
f 3799/3799 3791/3791 3789/3789
f 3799/3799 3789/3789 3797/3797
f 3807/3807 3799/3799 3797/3797
f 3807/3807 3797/3797 3805/3805
f 3815/3815 3807/3807 3805/3805
f 3815/3815 3805/3805 3813/3813
f 3823/3823 3815/3815 3813/3813
f 3823/3823 3813/3813 3821/3821
f 3831/3831 3823/3823 3821/3821
f 3831/3831 3821/3821 3829/3829
f 3839/3839 3831/3831 3829/3829
f 3839/3839 3829/3829 3837/3837
f 3847/3847 3839/3839 3837/3837
f 3847/3847 3837/3837 3845/3845
f 3855/3855 3847/3847 3845/3845
f 3855/3855 3845/3845 3853/3853
f 3863/3863 3855/3855 3853/3853
f 3863/3863 3853/3853 3861/3861
f 3871/3871 3863/3863 3861/3861
f 3871/3871 3861/3861 3869/3869
f 3611/3611 3872/3872 3620/3620
f 3611/3611 3620/3620 3580/3580
f 3647/3647 3639/3639 3637/3637
f 3647/3647 3637/3637 3645/3645
f 3482/3482 3481/3481 3451/3451
f 3482/3482 3451/3451 3450/3450
f 3877/3877 3938/3938 3939/3939
f 3877/3877 3939/3939 3907/3907
f 3907/3907 3939/3939 3937/3937
f 3907/3907 3937/3937 3906/3906
f 3905/3905 3936/3936 3935/3935
f 3905/3905 3935/3935 3904/3904
f 3903/3903 3934/3934 3933/3933
f 3903/3903 3933/3933 3902/3902
f 3901/3901 3932/3932 3931/3931
f 3901/3901 3931/3931 3900/3900
f 3899/3899 3930/3930 3929/3929
f 3899/3899 3929/3929 3898/3898
f 3897/3897 3928/3928 3927/3927
f 3897/3897 3927/3927 3896/3896
f 3895/3895 3926/3926 3925/3925
f 3895/3895 3925/3925 3894/3894
f 3893/3893 3924/3924 3923/3923
f 3893/3893 3923/3923 3892/3892
f 3891/3891 3922/3922 3921/3921
f 3891/3891 3921/3921 3890/3890
f 3889/3889 3920/3920 3919/3919
f 3889/3889 3919/3919 3888/3888
f 3887/3887 3918/3918 3917/3917
f 3887/3887 3917/3917 3886/3886
f 3885/3885 3916/3916 3915/3915
f 3885/3885 3915/3915 3884/3884
f 3883/3883 3914/3914 3913/3913
f 3883/3883 3913/3913 3882/3882
f 3881/3881 3912/3912 3911/3911
f 3881/3881 3911/3911 3880/3880
f 3879/3879 3910/3910 3909/3909
f 3879/3879 3909/3909 3878/3878
f 3876/3876 3908/3908 3938/3938
f 3876/3876 3938/3938 3877/3877
f 3296/3296 3904/3904 3903/3903
f 3296/3296 3903/3903 3298/3298
f 3304/3304 3900/3900 3899/3899
f 3304/3304 3899/3899 3306/3306
f 3312/3312 3896/3896 3895/3895
f 3312/3312 3895/3895 3314/3314
f 3320/3320 3892/3892 3891/3891
f 3320/3320 3891/3891 3322/3322
f 3328/3328 3888/3888 3887/3887
f 3328/3328 3887/3887 3330/3330
f 3336/3336 3884/3884 3883/3883
f 3336/3336 3883/3883 3338/3338
f 3344/3344 3880/3880 3879/3879
f 3344/3344 3879/3879 3346/3346
f 3350/3350 3876/3876 3877/3877
f 3350/3350 3877/3877 3287/3287
f 3342/3342 3881/3881 3880/3880
f 3342/3342 3880/3880 3344/3344
f 3334/3334 3885/3885 3884/3884
f 3334/3334 3884/3884 3336/3336
f 3326/3326 3889/3889 3888/3888
f 3326/3326 3888/3888 3328/3328
f 3318/3318 3893/3893 3892/3892
f 3318/3318 3892/3892 3320/3320
f 3310/3310 3897/3897 3896/3896
f 3310/3310 3896/3896 3312/3312
f 3302/3302 3901/3901 3900/3900
f 3302/3302 3900/3900 3304/3304
f 3294/3294 3905/3905 3904/3904
f 3294/3294 3904/3904 3296/3296
f 3431/3431 3432/3432 3513/3513
f 3484/3484 3483/3483 3478/3478
f 3484/3484 3478/3478 3477/3477
f 3486/3486 3485/3485 3465/3465
f 3486/3486 3465/3465 3464/3464
f 3481/3481 3487/3487 3452/3452
f 3481/3481 3452/3452 3451/3451
f 3483/3483 3488/3488 3479/3479
f 3483/3483 3479/3479 3478/3478
f 3485/3485 3489/3489 3466/3466
f 3485/3485 3466/3466 3465/3465
f 3487/3487 3490/3490 3453/3453
f 3487/3487 3453/3453 3452/3452
f 3488/3488 3491/3491 3480/3480
f 3488/3488 3480/3480 3479/3479
f 3489/3489 3492/3492 3467/3467
f 3489/3489 3467/3467 3466/3466
f 3490/3490 3493/3493 3454/3454
f 3490/3490 3454/3454 3453/3453
f 3491/3491 3494/3494 3449/3449
f 3491/3491 3449/3449 3480/3480
f 3492/3492 3495/3495 3468/3468
f 3492/3492 3468/3468 3467/3467
f 3493/3493 3496/3496 3455/3455
f 3493/3493 3455/3455 3454/3454
f 3495/3495 3497/3497 3469/3469
f 3495/3495 3469/3469 3468/3468
f 3496/3496 3498/3498 3456/3456
f 3496/3496 3456/3456 3455/3455
f 3497/3497 3499/3499 3470/3470
f 3497/3497 3470/3470 3469/3469
f 3498/3498 3500/3500 3457/3457
f 3498/3498 3457/3457 3456/3456
f 3499/3499 3501/3501 3471/3471
f 3499/3499 3471/3471 3470/3470
f 3500/3500 3502/3502 3458/3458
f 3500/3500 3458/3458 3457/3457
f 3501/3501 3503/3503 3472/3472
f 3501/3501 3472/3472 3471/3471
f 3502/3502 3504/3504 3459/3459
f 3502/3502 3459/3459 3458/3458
f 3503/3503 3505/3505 3473/3473
f 3503/3503 3473/3473 3472/3472
f 3504/3504 3506/3506 3460/3460
f 3504/3504 3460/3460 3459/3459
f 3505/3505 3507/3507 3474/3474
f 3505/3505 3474/3474 3473/3473
f 3506/3506 3508/3508 3461/3461
f 3506/3506 3461/3461 3460/3460
f 3507/3507 3509/3509 3475/3475
f 3507/3507 3475/3475 3474/3474
f 3508/3508 3510/3510 3462/3462
f 3508/3508 3462/3462 3461/3461
f 3509/3509 3511/3511 3476/3476
f 3509/3509 3476/3476 3475/3475
f 3510/3510 3512/3512 3463/3463
f 3510/3510 3463/3463 3462/3462
f 3494/3494 3482/3482 3450/3450
f 3494/3494 3450/3450 3449/3449
f 3511/3511 3484/3484 3477/3477
f 3511/3511 3477/3477 3476/3476
f 3512/3512 3486/3486 3464/3464
f 3512/3512 3464/3464 3463/3463
f 3418/3418 3417/3417 3449/3449
f 3418/3418 3449/3449 3450/3450
f 3419/3419 3418/3418 3450/3450
f 3419/3419 3450/3450 3451/3451
f 3420/3420 3419/3419 3451/3451
f 3420/3420 3451/3451 3452/3452
f 3421/3421 3420/3420 3452/3452
f 3421/3421 3452/3452 3453/3453
f 3422/3422 3421/3421 3453/3453
f 3422/3422 3453/3453 3454/3454
f 3423/3423 3422/3422 3454/3454
f 3423/3423 3454/3454 3455/3455
f 3424/3424 3423/3423 3455/3455
f 3424/3424 3455/3455 3456/3456
f 3425/3425 3424/3424 3456/3456
f 3425/3425 3456/3456 3457/3457
f 3426/3426 3425/3425 3457/3457
f 3426/3426 3457/3457 3458/3458
f 3427/3427 3426/3426 3458/3458
f 3427/3427 3458/3458 3459/3459
f 3428/3428 3427/3427 3459/3459
f 3428/3428 3459/3459 3460/3460
f 3429/3429 3428/3428 3460/3460
f 3429/3429 3460/3460 3461/3461
f 3430/3430 3429/3429 3461/3461
f 3430/3430 3461/3461 3462/3462
f 3431/3431 3430/3430 3462/3462
f 3431/3431 3462/3462 3463/3463
f 3432/3432 3431/3431 3463/3463
f 3432/3432 3463/3463 3464/3464
f 3433/3433 3432/3432 3464/3464
f 3433/3433 3464/3464 3465/3465
f 3434/3434 3433/3433 3465/3465
f 3434/3434 3465/3465 3466/3466
f 3435/3435 3434/3434 3466/3466
f 3435/3435 3466/3466 3467/3467
f 3436/3436 3435/3435 3467/3467
f 3436/3436 3467/3467 3468/3468
f 3437/3437 3436/3436 3468/3468
f 3437/3437 3468/3468 3469/3469
f 3438/3438 3437/3437 3469/3469
f 3438/3438 3469/3469 3470/3470
f 3439/3439 3438/3438 3470/3470
f 3439/3439 3470/3470 3471/3471
f 3440/3440 3439/3439 3471/3471
f 3440/3440 3471/3471 3472/3472
f 3441/3441 3440/3440 3472/3472
f 3441/3441 3472/3472 3473/3473
f 3442/3442 3441/3441 3473/3473
f 3442/3442 3473/3473 3474/3474
f 3443/3443 3442/3442 3474/3474
f 3443/3443 3474/3474 3475/3475
f 3444/3444 3443/3443 3475/3475
f 3444/3444 3475/3475 3476/3476
f 3445/3445 3444/3444 3476/3476
f 3445/3445 3476/3476 3477/3477
f 3446/3446 3445/3445 3477/3477
f 3446/3446 3477/3477 3478/3478
f 3447/3447 3446/3446 3478/3478
f 3447/3447 3478/3478 3479/3479
f 3448/3448 3447/3447 3479/3479
f 3448/3448 3479/3479 3480/3480
f 3417/3417 3448/3448 3480/3480
f 3417/3417 3480/3480 3449/3449
f 3551/3551 3555/3555 3995/3995
f 3551/3551 3995/3995 3972/3972
f 3575/3575 3516/3516 3973/3973
f 3575/3575 3973/3973 3975/3975
f 3520/3520 3526/3526 3993/3993
f 3520/3520 3993/3993 3976/3976
f 3550/3550 3554/3554 3999/3999
f 3550/3550 3999/3999 3974/3974
f 3540/3540 3514/3514 3977/3977
f 3540/3540 3977/3977 3984/3984
f 3518/3518 3524/3524 3997/3997
f 3518/3518 3997/3997 4000/4000
f 3547/3547 3551/3551 3972/3972
f 3547/3547 3972/3972 3978/3978
f 3573/3573 3577/3577 4001/4001
f 3573/3573 4001/4001 3979/3979
f 3516/3516 3522/3522 4003/4003
f 3516/3516 4003/4003 3973/3973
f 3546/3546 3550/3550 3974/3974
f 3546/3546 3974/3974 3980/3980
f 3571/3571 3575/3575 3975/3975
f 3571/3571 3975/3975 3981/3981
f 3514/3514 3520/3520 3976/3976
f 3514/3514 3976/3976 3977/3977
f 3543/3543 3547/3547 3978/3978
f 3543/3543 3978/3978 3982/3982
f 3569/3569 3573/3573 3979/3979
f 3569/3569 3979/3979 3983/3983
f 3538/3538 3546/3546 3980/3980
f 3538/3538 3980/3980 3986/3986
f 3567/3567 3571/3571 3981/3981
f 3567/3567 3981/3981 3985/3985
f 3536/3536 3543/3543 3982/3982
f 3536/3536 3982/3982 3988/3988
f 3565/3565 3569/3569 3983/3983
f 3565/3565 3983/3983 3987/3987
f 3534/3534 3540/3540 3984/3984
f 3534/3534 3984/3984 3990/3990
f 3563/3563 3567/3567 3985/3985
f 3563/3563 3985/3985 3989/3989
f 3532/3532 3538/3538 3986/3986
f 3532/3532 3986/3986 3992/3992
f 3561/3561 3565/3565 3987/3987
f 3561/3561 3987/3987 3991/3991
f 3530/3530 3536/3536 3988/3988
f 3530/3530 3988/3988 3996/3996
f 3559/3559 3563/3563 3989/3989
f 3559/3559 3989/3989 3994/3994
f 3528/3528 3534/3534 3990/3990
f 3528/3528 3990/3990 4002/4002
f 3558/3558 3561/3561 3991/3991
f 3558/3558 3991/3991 3998/3998
f 3526/3526 3532/3532 3992/3992
f 3526/3526 3992/3992 3993/3993
f 3555/3555 3559/3559 3994/3994
f 3555/3555 3994/3994 3995/3995
f 3524/3524 3530/3530 3996/3996
f 3524/3524 3996/3996 3997/3997
f 3554/3554 3558/3558 3998/3998
f 3554/3554 3998/3998 3999/3999
f 3577/3577 3518/3518 4000/4000
f 3577/3577 4000/4000 4001/4001
f 3522/3522 3528/3528 4002/4002
f 3522/3522 4002/4002 4003/4003
f 3424/3424 3425/3425 3513/3513
f 3439/3439 3440/3440 3513/3513
f 3445/3445 3446/3446 3513/3513
f 3433/3433 3513/3513 3432/3432
f 3513/3513 3425/3425 3426/3426
f 3427/3427 3513/3513 3426/3426
f 3427/3427 3428/3428 3513/3513
f 3428/3428 3429/3429 3513/3513
f 3429/3429 3430/3430 3513/3513
f 3430/3430 3431/3431 3513/3513
f 3513/3513 3417/3417 3418/3418
f 3418/3418 3419/3419 3513/3513
f 3419/3419 3420/3420 3513/3513
f 3420/3420 3421/3421 3513/3513
f 3421/3421 3422/3422 3513/3513
f 3422/3422 3423/3423 3513/3513
f 3423/3423 3424/3424 3513/3513
f 3440/3440 3441/3441 3513/3513
f 3513/3513 3433/3433 3434/3434
f 3434/3434 3435/3435 3513/3513
f 3435/3435 3436/3436 3513/3513
f 3436/3436 3437/3437 3513/3513
f 3437/3437 3438/3438 3513/3513
f 3438/3438 3439/3439 3513/3513
f 3447/3447 3448/3448 3513/3513
f 3448/3448 3417/3417 3513/3513
f 3513/3513 3441/3441 3442/3442
f 3447/3447 3513/3513 3446/3446
f 3442/3442 3443/3443 3513/3513
f 3443/3443 3444/3444 3513/3513
f 3444/3444 3445/3445 3513/3513
f 3291/3291 3293/3293 3521/3521
f 3291/3291 3521/3521 3515/3515
f 3345/3345 3347/3347 3523/3523
f 3345/3345 3523/3523 3517/3517
f 3319/3319 3321/3321 3525/3525
f 3319/3319 3525/3525 3519/3519
f 3293/3293 3295/3295 3527/3527
f 3293/3293 3527/3527 3521/3521
f 3347/3347 3349/3349 3529/3529
f 3347/3347 3529/3529 3523/3523
f 3321/3321 3323/3323 3531/3531
f 3321/3321 3531/3531 3525/3525
f 3295/3295 3297/3297 3533/3533
f 3295/3295 3533/3533 3527/3527
f 3349/3349 3351/3351 3535/3535
f 3349/3349 3535/3535 3529/3529
f 3323/3323 3325/3325 3537/3537
f 3323/3323 3537/3537 3531/3531
f 3297/3297 3299/3299 3539/3539
f 3297/3297 3539/3539 3533/3533
f 3351/3351 3288/3288 3541/3541
f 3351/3351 3541/3541 3535/3535
f 3325/3325 3327/3327 3544/3544
f 3325/3325 3544/3544 3537/3537
f 3299/3299 3301/3301 3545/3545
f 3299/3299 3545/3545 3539/3539
f 3327/3327 3329/3329 3548/3548
f 3327/3327 3548/3548 3544/3544
f 3301/3301 3303/3303 3549/3549
f 3301/3301 3549/3549 3545/3545
f 3329/3329 3331/3331 3552/3552
f 3329/3329 3552/3552 3548/3548
f 3303/3303 3305/3305 3553/3553
f 3303/3303 3553/3553 3549/3549
f 3331/3331 3333/3333 3556/3556
f 3331/3331 3556/3556 3552/3552
f 3305/3305 3307/3307 3557/3557
f 3305/3305 3557/3557 3553/3553
f 3333/3333 3335/3335 3560/3560
f 3333/3333 3560/3560 3556/3556
f 3307/3307 3309/3309 3562/3562
f 3307/3307 3562/3562 3557/3557
f 3335/3335 3337/3337 3564/3564
f 3335/3335 3564/3564 3560/3560
f 3309/3309 3311/3311 3566/3566
f 3309/3309 3566/3566 3562/3562
f 3337/3337 3339/3339 3568/3568
f 3337/3337 3568/3568 3564/3564
f 3311/3311 3313/3313 3570/3570
f 3311/3311 3570/3570 3566/3566
f 3339/3339 3341/3341 3572/3572
f 3339/3339 3572/3572 3568/3568
f 3313/3313 3315/3315 3574/3574
f 3313/3313 3574/3574 3570/3570
f 3341/3341 3343/3343 3576/3576
f 3341/3341 3576/3576 3572/3572
f 3315/3315 3317/3317 3578/3578
f 3315/3315 3578/3578 3574/3574
f 3289/3289 3291/3291 3515/3515
f 3289/3289 3515/3515 3542/3542
f 3343/3343 3345/3345 3517/3517
f 3343/3343 3517/3517 3576/3576
f 3317/3317 3319/3319 3519/3519
f 3317/3317 3519/3519 3578/3578
f 3415/3415 3611/3611 3580/3580
f 3415/3415 3580/3580 3353/3353
f 3413/3413 3610/3610 3611/3611
f 3413/3413 3611/3611 3415/3415
f 3411/3411 3609/3609 3610/3610
f 3411/3411 3610/3610 3413/3413
f 3409/3409 3608/3608 3609/3609
f 3409/3409 3609/3609 3411/3411
f 3407/3407 3607/3607 3608/3608
f 3407/3407 3608/3608 3409/3409
f 3405/3405 3606/3606 3607/3607
f 3405/3405 3607/3607 3407/3407
f 3403/3403 3605/3605 3606/3606
f 3403/3403 3606/3606 3405/3405
f 3401/3401 3604/3604 3605/3605
f 3401/3401 3605/3605 3403/3403
f 3399/3399 3603/3603 3604/3604
f 3399/3399 3604/3604 3401/3401
f 3397/3397 3602/3602 3603/3603
f 3397/3397 3603/3603 3399/3399
f 3395/3395 3601/3601 3602/3602
f 3395/3395 3602/3602 3397/3397
f 3393/3393 3600/3600 3601/3601
f 3393/3393 3601/3601 3395/3395
f 3391/3391 3599/3599 3600/3600
f 3391/3391 3600/3600 3393/3393
f 3389/3389 3598/3598 3599/3599
f 3389/3389 3599/3599 3391/3391
f 3387/3387 3597/3597 3598/3598
f 3387/3387 3598/3598 3389/3389
f 3385/3385 3596/3596 3597/3597
f 3385/3385 3597/3597 3387/3387
f 3383/3383 3595/3595 3596/3596
f 3383/3383 3596/3596 3385/3385
f 3381/3381 3594/3594 3595/3595
f 3381/3381 3595/3595 3383/3383
f 3379/3379 3593/3593 3594/3594
f 3379/3379 3594/3594 3381/3381
f 3377/3377 3592/3592 3593/3593
f 3377/3377 3593/3593 3379/3379
f 3375/3375 3591/3591 3592/3592
f 3375/3375 3592/3592 3377/3377
f 3373/3373 3590/3590 3591/3591
f 3373/3373 3591/3591 3375/3375
f 3371/3371 3589/3589 3590/3590
f 3371/3371 3590/3590 3373/3373
f 3369/3369 3588/3588 3589/3589
f 3369/3369 3589/3589 3371/3371
f 3367/3367 3587/3587 3588/3588
f 3367/3367 3588/3588 3369/3369
f 3365/3365 3586/3586 3587/3587
f 3365/3365 3587/3587 3367/3367
f 3363/3363 3585/3585 3586/3586
f 3363/3363 3586/3586 3365/3365
f 3361/3361 3584/3584 3585/3585
f 3361/3361 3585/3585 3363/3363
f 3359/3359 3583/3583 3584/3584
f 3359/3359 3584/3584 3361/3361
f 3357/3357 3582/3582 3583/3583
f 3357/3357 3583/3583 3359/3359
f 3355/3355 3581/3581 3582/3582
f 3355/3355 3582/3582 3357/3357
f 3352/3352 3579/3579 3581/3581
f 3352/3352 3581/3581 3355/3355
f 3763/3763 3755/3755 3875/3875
f 3581/3581 3632/3632 3640/3640
f 3581/3581 3640/3640 3582/3582
f 3582/3582 3640/3640 3648/3648
f 3582/3582 3648/3648 3583/3583
f 3583/3583 3648/3648 3656/3656
f 3583/3583 3656/3656 3584/3584
f 3584/3584 3656/3656 3664/3664
f 3584/3584 3664/3664 3585/3585
f 3585/3585 3664/3664 3672/3672
f 3585/3585 3672/3672 3586/3586
f 3586/3586 3672/3672 3680/3680
f 3586/3586 3680/3680 3587/3587
f 3587/3587 3680/3680 3688/3688
f 3587/3587 3688/3688 3588/3588
f 3588/3588 3688/3688 3696/3696
f 3588/3588 3696/3696 3589/3589
f 3589/3589 3696/3696 3704/3704
f 3589/3589 3704/3704 3590/3590
f 3590/3590 3704/3704 3712/3712
f 3590/3590 3712/3712 3591/3591
f 3591/3591 3712/3712 3720/3720
f 3591/3591 3720/3720 3592/3592
f 3592/3592 3720/3720 3728/3728
f 3592/3592 3728/3728 3593/3593
f 3593/3593 3728/3728 3736/3736
f 3593/3593 3736/3736 3594/3594
f 3594/3594 3736/3736 3744/3744
f 3594/3594 3744/3744 3595/3595
f 3595/3595 3744/3744 3752/3752
f 3595/3595 3752/3752 3596/3596
f 3596/3596 3752/3752 3760/3760
f 3596/3596 3760/3760 3597/3597
f 3597/3597 3760/3760 3768/3768
f 3597/3597 3768/3768 3598/3598
f 3598/3598 3768/3768 3776/3776
f 3598/3598 3776/3776 3599/3599
f 3599/3599 3776/3776 3784/3784
f 3599/3599 3784/3784 3600/3600
f 3600/3600 3784/3784 3792/3792
f 3600/3600 3792/3792 3601/3601
f 3601/3601 3792/3792 3800/3800
f 3601/3601 3800/3800 3602/3602
f 3602/3602 3800/3800 3808/3808
f 3602/3602 3808/3808 3603/3603
f 3603/3603 3808/3808 3816/3816
f 3603/3603 3816/3816 3604/3604
f 3604/3604 3816/3816 3824/3824
f 3604/3604 3824/3824 3605/3605
f 3605/3605 3824/3824 3832/3832
f 3605/3605 3832/3832 3606/3606
f 3606/3606 3832/3832 3840/3840
f 3606/3606 3840/3840 3607/3607
f 3607/3607 3840/3840 3848/3848
f 3607/3607 3848/3848 3608/3608
f 3608/3608 3848/3848 3856/3856
f 3608/3608 3856/3856 3609/3609
f 3609/3609 3856/3856 3864/3864
f 3609/3609 3864/3864 3610/3610
f 3610/3610 3864/3864 3872/3872
f 3610/3610 3872/3872 3611/3611
f 3631/3631 3624/3624 3616/3616
f 3631/3631 3616/3616 3629/3629
f 3579/3579 3619/3619 3632/3632
f 3579/3579 3632/3632 3581/3581
f 3633/3633 3622/3622 3626/3626
f 3633/3633 3626/3626 3634/3634
f 3634/3634 3626/3626 3624/3624
f 3634/3634 3624/3624 3631/3631
f 3614/3614 3628/3628 3630/3630
f 3614/3614 3630/3630 3618/3618
f 3618/3618 3630/3630 3629/3629
f 3618/3618 3629/3629 3616/3616
f 3641/3641 3633/3633 3634/3634
f 3641/3641 3634/3634 3642/3642
f 3642/3642 3634/3634 3631/3631
f 3642/3642 3631/3631 3639/3639
f 3628/3628 3636/3636 3638/3638
f 3628/3628 3638/3638 3630/3630
f 3630/3630 3638/3638 3637/3637
f 3630/3630 3637/3637 3629/3629
f 3649/3649 3641/3641 3642/3642
f 3649/3649 3642/3642 3650/3650
f 3650/3650 3642/3642 3639/3639
f 3650/3650 3639/3639 3647/3647
f 3636/3636 3644/3644 3646/3646
f 3636/3636 3646/3646 3638/3638
f 3638/3638 3646/3646 3645/3645
f 3638/3638 3645/3645 3637/3637
f 3657/3657 3649/3649 3650/3650
f 3657/3657 3650/3650 3658/3658
f 3658/3658 3650/3650 3647/3647
f 3658/3658 3647/3647 3655/3655
f 3644/3644 3652/3652 3654/3654
f 3644/3644 3654/3654 3646/3646
f 3646/3646 3654/3654 3653/3653
f 3646/3646 3653/3653 3645/3645
f 3665/3665 3657/3657 3658/3658
f 3665/3665 3658/3658 3666/3666
f 3666/3666 3658/3658 3655/3655
f 3666/3666 3655/3655 3663/3663
f 3652/3652 3660/3660 3662/3662
f 3652/3652 3662/3662 3654/3654
f 3654/3654 3662/3662 3661/3661
f 3654/3654 3661/3661 3653/3653
f 3673/3673 3665/3665 3666/3666
f 3673/3673 3666/3666 3674/3674
f 3674/3674 3666/3666 3663/3663
f 3674/3674 3663/3663 3671/3671
f 3660/3660 3668/3668 3670/3670
f 3660/3660 3670/3670 3662/3662
f 3662/3662 3670/3670 3669/3669
f 3662/3662 3669/3669 3661/3661
f 3681/3681 3673/3673 3674/3674
f 3681/3681 3674/3674 3682/3682
f 3682/3682 3674/3674 3671/3671
f 3682/3682 3671/3671 3679/3679
f 3668/3668 3676/3676 3678/3678
f 3668/3668 3678/3678 3670/3670
f 3670/3670 3678/3678 3677/3677
f 3670/3670 3677/3677 3669/3669
f 3689/3689 3681/3681 3682/3682
f 3689/3689 3682/3682 3690/3690
f 3690/3690 3682/3682 3679/3679
f 3690/3690 3679/3679 3687/3687
f 3676/3676 3684/3684 3686/3686
f 3676/3676 3686/3686 3678/3678
f 3678/3678 3686/3686 3685/3685
f 3678/3678 3685/3685 3677/3677
f 3697/3697 3689/3689 3690/3690
f 3697/3697 3690/3690 3698/3698
f 3698/3698 3690/3690 3687/3687
f 3698/3698 3687/3687 3695/3695
f 3684/3684 3692/3692 3694/3694
f 3684/3684 3694/3694 3686/3686
f 3686/3686 3694/3694 3693/3693
f 3686/3686 3693/3693 3685/3685
f 3705/3705 3697/3697 3698/3698
f 3705/3705 3698/3698 3706/3706
f 3706/3706 3698/3698 3695/3695
f 3706/3706 3695/3695 3703/3703
f 3692/3692 3700/3700 3702/3702
f 3692/3692 3702/3702 3694/3694
f 3694/3694 3702/3702 3701/3701
f 3694/3694 3701/3701 3693/3693
f 3713/3713 3705/3705 3706/3706
f 3713/3713 3706/3706 3714/3714
f 3714/3714 3706/3706 3703/3703
f 3714/3714 3703/3703 3711/3711
f 3700/3700 3708/3708 3710/3710
f 3700/3700 3710/3710 3702/3702
f 3702/3702 3710/3710 3709/3709
f 3702/3702 3709/3709 3701/3701
f 3721/3721 3713/3713 3714/3714
f 3721/3721 3714/3714 3722/3722
f 3722/3722 3714/3714 3711/3711
f 3722/3722 3711/3711 3719/3719
f 3708/3708 3716/3716 3718/3718
f 3708/3708 3718/3718 3710/3710
f 3710/3710 3718/3718 3717/3717
f 3710/3710 3717/3717 3709/3709
f 3729/3729 3721/3721 3722/3722
f 3729/3729 3722/3722 3730/3730
f 3730/3730 3722/3722 3719/3719
f 3730/3730 3719/3719 3727/3727
f 3716/3716 3724/3724 3726/3726
f 3716/3716 3726/3726 3718/3718
f 3718/3718 3726/3726 3725/3725
f 3718/3718 3725/3725 3717/3717
f 3737/3737 3729/3729 3730/3730
f 3737/3737 3730/3730 3738/3738
f 3738/3738 3730/3730 3727/3727
f 3738/3738 3727/3727 3735/3735
f 3724/3724 3732/3732 3734/3734
f 3724/3724 3734/3734 3726/3726
f 3726/3726 3734/3734 3733/3733
f 3726/3726 3733/3733 3725/3725
f 3745/3745 3737/3737 3738/3738
f 3745/3745 3738/3738 3746/3746
f 3746/3746 3738/3738 3735/3735
f 3746/3746 3735/3735 3743/3743
f 3732/3732 3740/3740 3742/3742
f 3732/3732 3742/3742 3734/3734
f 3734/3734 3742/3742 3741/3741
f 3734/3734 3741/3741 3733/3733
f 3753/3753 3745/3745 3746/3746
f 3753/3753 3746/3746 3754/3754
f 3754/3754 3746/3746 3743/3743
f 3754/3754 3743/3743 3751/3751
f 3740/3740 3748/3748 3750/3750
f 3740/3740 3750/3750 3742/3742
f 3742/3742 3750/3750 3749/3749
f 3742/3742 3749/3749 3741/3741
f 3761/3761 3753/3753 3754/3754
f 3761/3761 3754/3754 3762/3762
f 3762/3762 3754/3754 3751/3751
f 3762/3762 3751/3751 3759/3759
f 3748/3748 3756/3756 3758/3758
f 3748/3748 3758/3758 3750/3750
f 3750/3750 3758/3758 3757/3757
f 3750/3750 3757/3757 3749/3749
f 3769/3769 3761/3761 3762/3762
f 3769/3769 3762/3762 3770/3770
f 3770/3770 3762/3762 3759/3759
f 3770/3770 3759/3759 3767/3767
f 3756/3756 3764/3764 3766/3766
f 3756/3756 3766/3766 3758/3758
f 3758/3758 3766/3766 3765/3765
f 3758/3758 3765/3765 3757/3757
f 3777/3777 3769/3769 3770/3770
f 3777/3777 3770/3770 3778/3778
f 3778/3778 3770/3770 3767/3767
f 3778/3778 3767/3767 3775/3775
f 3764/3764 3772/3772 3774/3774
f 3764/3764 3774/3774 3766/3766
f 3766/3766 3774/3774 3773/3773
f 3766/3766 3773/3773 3765/3765
f 3785/3785 3777/3777 3778/3778
f 3785/3785 3778/3778 3786/3786
f 3786/3786 3778/3778 3775/3775
f 3786/3786 3775/3775 3783/3783
f 3772/3772 3780/3780 3782/3782
f 3772/3772 3782/3782 3774/3774
f 3774/3774 3782/3782 3781/3781
f 3774/3774 3781/3781 3773/3773
f 3793/3793 3785/3785 3786/3786
f 3793/3793 3786/3786 3794/3794
f 3794/3794 3786/3786 3783/3783
f 3794/3794 3783/3783 3791/3791
f 3780/3780 3788/3788 3790/3790
f 3780/3780 3790/3790 3782/3782
f 3782/3782 3790/3790 3789/3789
f 3782/3782 3789/3789 3781/3781
f 3801/3801 3793/3793 3794/3794
f 3801/3801 3794/3794 3802/3802
f 3802/3802 3794/3794 3791/3791
f 3802/3802 3791/3791 3799/3799
f 3788/3788 3796/3796 3798/3798
f 3788/3788 3798/3798 3790/3790
f 3790/3790 3798/3798 3797/3797
f 3790/3790 3797/3797 3789/3789
f 3809/3809 3801/3801 3802/3802
f 3809/3809 3802/3802 3810/3810
f 3810/3810 3802/3802 3799/3799
f 3810/3810 3799/3799 3807/3807
f 3796/3796 3804/3804 3806/3806
f 3796/3796 3806/3806 3798/3798
f 3798/3798 3806/3806 3805/3805
f 3798/3798 3805/3805 3797/3797
f 3817/3817 3809/3809 3810/3810
f 3817/3817 3810/3810 3818/3818
f 3818/3818 3810/3810 3807/3807
f 3818/3818 3807/3807 3815/3815
f 3804/3804 3812/3812 3814/3814
f 3804/3804 3814/3814 3806/3806
f 3806/3806 3814/3814 3813/3813
f 3806/3806 3813/3813 3805/3805
f 3825/3825 3817/3817 3818/3818
f 3825/3825 3818/3818 3826/3826
f 3826/3826 3818/3818 3815/3815
f 3826/3826 3815/3815 3823/3823
f 3812/3812 3820/3820 3822/3822
f 3812/3812 3822/3822 3814/3814
f 3814/3814 3822/3822 3821/3821
f 3814/3814 3821/3821 3813/3813
f 3833/3833 3825/3825 3826/3826
f 3833/3833 3826/3826 3834/3834
f 3834/3834 3826/3826 3823/3823
f 3834/3834 3823/3823 3831/3831
f 3820/3820 3828/3828 3830/3830
f 3820/3820 3830/3830 3822/3822
f 3822/3822 3830/3830 3829/3829
f 3822/3822 3829/3829 3821/3821
f 3841/3841 3833/3833 3834/3834
f 3841/3841 3834/3834 3842/3842
f 3842/3842 3834/3834 3831/3831
f 3842/3842 3831/3831 3839/3839
f 3828/3828 3836/3836 3838/3838
f 3828/3828 3838/3838 3830/3830
f 3830/3830 3838/3838 3837/3837
f 3830/3830 3837/3837 3829/3829
f 3849/3849 3841/3841 3842/3842
f 3849/3849 3842/3842 3850/3850
f 3850/3850 3842/3842 3839/3839
f 3850/3850 3839/3839 3847/3847
f 3836/3836 3844/3844 3846/3846
f 3836/3836 3846/3846 3838/3838
f 3838/3838 3846/3846 3845/3845
f 3838/3838 3845/3845 3837/3837
f 3857/3857 3849/3849 3850/3850
f 3857/3857 3850/3850 3858/3858
f 3858/3858 3850/3850 3847/3847
f 3858/3858 3847/3847 3855/3855
f 3844/3844 3852/3852 3854/3854
f 3844/3844 3854/3854 3846/3846
f 3846/3846 3854/3854 3853/3853
f 3846/3846 3853/3853 3845/3845
f 3865/3865 3857/3857 3858/3858
f 3865/3865 3858/3858 3866/3866
f 3866/3866 3858/3858 3855/3855
f 3866/3866 3855/3855 3863/3863
f 3852/3852 3860/3860 3862/3862
f 3852/3852 3862/3862 3854/3854
f 3854/3854 3862/3862 3861/3861
f 3854/3854 3861/3861 3853/3853
f 3873/3873 3865/3865 3866/3866
f 3873/3873 3866/3866 3874/3874
f 3874/3874 3866/3866 3863/3863
f 3874/3874 3863/3863 3871/3871
f 3860/3860 3868/3868 3870/3870
f 3860/3860 3870/3870 3862/3862
f 3862/3862 3870/3870 3869/3869
f 3862/3862 3869/3869 3861/3861
f 3621/3621 3873/3873 3874/3874
f 3621/3621 3874/3874 3625/3625
f 3625/3625 3874/3874 3871/3871
f 3625/3625 3871/3871 3623/3623
f 3868/3868 3613/3613 3617/3617
f 3868/3868 3617/3617 3870/3870
f 3870/3870 3617/3617 3615/3615
f 3870/3870 3615/3615 3869/3869
f 3623/3623 3871/3871 3869/3869
f 3623/3623 3869/3869 3615/3615
f 3819/3819 3811/3811 3875/3875
f 3699/3699 3691/3691 3875/3875
f 3651/3651 3643/3643 3875/3875
f 3747/3747 3875/3875 3755/3755
f 3875/3875 3811/3811 3803/3803
f 3795/3795 3875/3875 3803/3803
f 3795/3795 3787/3787 3875/3875
f 3787/3787 3779/3779 3875/3875
f 3779/3779 3771/3771 3875/3875
f 3771/3771 3763/3763 3875/3875
f 3875/3875 3612/3612 3867/3867
f 3867/3867 3859/3859 3875/3875
f 3859/3859 3851/3851 3875/3875
f 3851/3851 3843/3843 3875/3875
f 3843/3843 3835/3835 3875/3875
f 3835/3835 3827/3827 3875/3875
f 3827/3827 3819/3819 3875/3875
f 3691/3691 3683/3683 3875/3875
f 3875/3875 3747/3747 3739/3739
f 3739/3739 3731/3731 3875/3875
f 3731/3731 3723/3723 3875/3875
f 3723/3723 3715/3715 3875/3875
f 3715/3715 3707/3707 3875/3875
f 3707/3707 3699/3699 3875/3875
f 3635/3635 3627/3627 3875/3875
f 3627/3627 3612/3612 3875/3875
f 3875/3875 3683/3683 3675/3675
f 3635/3635 3875/3875 3643/3643
f 3675/3675 3667/3667 3875/3875
f 3667/3667 3659/3659 3875/3875
f 3659/3659 3651/3651 3875/3875
f 3908/3908 3416/3416 3354/3354
f 3908/3908 3354/3354 3938/3938
f 3909/3909 3414/3414 3416/3416
f 3909/3909 3416/3416 3908/3908
f 3290/3290 3907/3907 3906/3906
f 3290/3290 3906/3906 3292/3292
f 3910/3910 3412/3412 3414/3414
f 3910/3910 3414/3414 3909/3909
f 3298/3298 3903/3903 3902/3902
f 3298/3298 3902/3902 3300/3300
f 3911/3911 3410/3410 3412/3412
f 3911/3911 3412/3412 3910/3910
f 3306/3306 3899/3899 3898/3898
f 3306/3306 3898/3898 3308/3308
f 3912/3912 3408/3408 3410/3410
f 3912/3912 3410/3410 3911/3911
f 3314/3314 3895/3895 3894/3894
f 3314/3314 3894/3894 3316/3316
f 3913/3913 3406/3406 3408/3408
f 3913/3913 3408/3408 3912/3912
f 3322/3322 3891/3891 3890/3890
f 3322/3322 3890/3890 3324/3324
f 3914/3914 3404/3404 3406/3406
f 3914/3914 3406/3406 3913/3913
f 3330/3330 3887/3887 3886/3886
f 3330/3330 3886/3886 3332/3332
f 3915/3915 3402/3402 3404/3404
f 3915/3915 3404/3404 3914/3914
f 3338/3338 3883/3883 3882/3882
f 3338/3338 3882/3882 3340/3340
f 3916/3916 3400/3400 3402/3402
f 3916/3916 3402/3402 3915/3915
f 3346/3346 3879/3879 3878/3878
f 3346/3346 3878/3878 3348/3348
f 3917/3917 3398/3398 3400/3400
f 3917/3917 3400/3400 3916/3916
f 3348/3348 3878/3878 3876/3876
f 3348/3348 3876/3876 3350/3350
f 3918/3918 3396/3396 3398/3398
f 3918/3918 3398/3398 3917/3917
f 3340/3340 3882/3882 3881/3881
f 3340/3340 3881/3881 3342/3342
f 3919/3919 3394/3394 3396/3396
f 3919/3919 3396/3396 3918/3918
f 3332/3332 3886/3886 3885/3885
f 3332/3332 3885/3885 3334/3334
f 3920/3920 3392/3392 3394/3394
f 3920/3920 3394/3394 3919/3919
f 3324/3324 3890/3890 3889/3889
f 3324/3324 3889/3889 3326/3326
f 3921/3921 3390/3390 3392/3392
f 3921/3921 3392/3392 3920/3920
f 3316/3316 3894/3894 3893/3893
f 3316/3316 3893/3893 3318/3318
f 3922/3922 3388/3388 3390/3390
f 3922/3922 3390/3390 3921/3921
f 3308/3308 3898/3898 3897/3897
f 3308/3308 3897/3897 3310/3310
f 3923/3923 3386/3386 3388/3388
f 3923/3923 3388/3388 3922/3922
f 3300/3300 3902/3902 3901/3901
f 3300/3300 3901/3901 3302/3302
f 3924/3924 3384/3384 3386/3386
f 3924/3924 3386/3386 3923/3923
f 3292/3292 3906/3906 3905/3905
f 3292/3292 3905/3905 3294/3294
f 3925/3925 3382/3382 3384/3384
f 3925/3925 3384/3384 3924/3924
f 3878/3878 3909/3909 3908/3908
f 3878/3878 3908/3908 3876/3876
f 3926/3926 3380/3380 3382/3382
f 3926/3926 3382/3382 3925/3925
f 3880/3880 3911/3911 3910/3910
f 3880/3880 3910/3910 3879/3879
f 3927/3927 3378/3378 3380/3380
f 3927/3927 3380/3380 3926/3926
f 3882/3882 3913/3913 3912/3912
f 3882/3882 3912/3912 3881/3881
f 3928/3928 3376/3376 3378/3378
f 3928/3928 3378/3378 3927/3927
f 3884/3884 3915/3915 3914/3914
f 3884/3884 3914/3914 3883/3883
f 3929/3929 3374/3374 3376/3376
f 3929/3929 3376/3376 3928/3928
f 3886/3886 3917/3917 3916/3916
f 3886/3886 3916/3916 3885/3885
f 3930/3930 3372/3372 3374/3374
f 3930/3930 3374/3374 3929/3929
f 3888/3888 3919/3919 3918/3918
f 3888/3888 3918/3918 3887/3887
f 3931/3931 3370/3370 3372/3372
f 3931/3931 3372/3372 3930/3930
f 3890/3890 3921/3921 3920/3920
f 3890/3890 3920/3920 3889/3889
f 3932/3932 3368/3368 3370/3370
f 3932/3932 3370/3370 3931/3931
f 3892/3892 3923/3923 3922/3922
f 3892/3892 3922/3922 3891/3891
f 3933/3933 3366/3366 3368/3368
f 3933/3933 3368/3368 3932/3932
f 3894/3894 3925/3925 3924/3924
f 3894/3894 3924/3924 3893/3893
f 3934/3934 3364/3364 3366/3366
f 3934/3934 3366/3366 3933/3933
f 3896/3896 3927/3927 3926/3926
f 3896/3896 3926/3926 3895/3895
f 3935/3935 3362/3362 3364/3364
f 3935/3935 3364/3364 3934/3934
f 3898/3898 3929/3929 3928/3928
f 3898/3898 3928/3928 3897/3897
f 3936/3936 3360/3360 3362/3362
f 3936/3936 3362/3362 3935/3935
f 3900/3900 3931/3931 3930/3930
f 3900/3900 3930/3930 3899/3899
f 3937/3937 3358/3358 3360/3360
f 3937/3937 3360/3360 3936/3936
f 3902/3902 3933/3933 3932/3932
f 3902/3902 3932/3932 3901/3901
f 3939/3939 3356/3356 3358/3358
f 3939/3939 3358/3358 3937/3937
f 3904/3904 3935/3935 3934/3934
f 3904/3904 3934/3934 3903/3903
f 3938/3938 3354/3354 3356/3356
f 3938/3938 3356/3356 3939/3939
f 3906/3906 3937/3937 3936/3936
f 3906/3906 3936/3936 3905/3905
f 3287/3287 3877/3877 3907/3907
f 3287/3287 3907/3907 3290/3290
f 3972/3972 3995/3995 3951/3951
f 3972/3972 3951/3951 3953/3953
f 3975/3975 3973/3973 3970/3970
f 3975/3975 3970/3970 3941/3941
f 3976/3976 3993/3993 3965/3965
f 3976/3976 3965/3965 3968/3968
f 3974/3974 3999/3999 3952/3952
f 3974/3974 3952/3952 3954/3954
f 3984/3984 3977/3977 3971/3971
f 3984/3984 3971/3971 3958/3958
f 4000/4000 3997/3997 3966/3966
f 4000/4000 3966/3966 3969/3969
f 3978/3978 3972/3972 3953/3953
f 3978/3978 3953/3953 3955/3955
f 3979/3979 4001/4001 3940/3940
f 3979/3979 3940/3940 3942/3942
f 3973/3973 4003/4003 3967/3967
f 3973/3973 3967/3967 3970/3970
f 3980/3980 3974/3974 3954/3954
f 3980/3980 3954/3954 3956/3956
f 3981/3981 3975/3975 3941/3941
f 3981/3981 3941/3941 3943/3943
f 3977/3977 3976/3976 3968/3968
f 3977/3977 3968/3968 3971/3971
f 3982/3982 3978/3978 3955/3955
f 3982/3982 3955/3955 3957/3957
f 3983/3983 3979/3979 3942/3942
f 3983/3983 3942/3942 3944/3944
f 3986/3986 3980/3980 3956/3956
f 3986/3986 3956/3956 3959/3959
f 3985/3985 3981/3981 3943/3943
f 3985/3985 3943/3943 3945/3945
f 3988/3988 3982/3982 3957/3957
f 3988/3988 3957/3957 3960/3960
f 3987/3987 3983/3983 3944/3944
f 3987/3987 3944/3944 3946/3946
f 3990/3990 3984/3984 3958/3958
f 3990/3990 3958/3958 3961/3961
f 3989/3989 3985/3985 3945/3945
f 3989/3989 3945/3945 3947/3947
f 3992/3992 3986/3986 3959/3959
f 3992/3992 3959/3959 3962/3962
f 3991/3991 3987/3987 3946/3946
f 3991/3991 3946/3946 3948/3948
f 3996/3996 3988/3988 3960/3960
f 3996/3996 3960/3960 3963/3963
f 3994/3994 3989/3989 3947/3947
f 3994/3994 3947/3947 3949/3949
f 4002/4002 3990/3990 3961/3961
f 4002/4002 3961/3961 3964/3964
f 3998/3998 3991/3991 3948/3948
f 3998/3998 3948/3948 3950/3950
f 3993/3993 3992/3992 3962/3962
f 3993/3993 3962/3962 3965/3965
f 3995/3995 3994/3994 3949/3949
f 3995/3995 3949/3949 3951/3951
f 3997/3997 3996/3996 3963/3963
f 3997/3997 3963/3963 3966/3966
f 3999/3999 3998/3998 3950/3950
f 3999/3999 3950/3950 3952/3952
f 4001/4001 4000/4000 3969/3969
f 4001/4001 3969/3969 3940/3940
f 4003/4003 4002/4002 3964/3964
f 4003/4003 3964/3964 3967/3967

