# HWR household_v1 locked asset
mtllib dining_plate.mtl

o Circle.002
usemtl carved_wooden_plate
v 0.00079239 -0.04025722 0.00761603
v 0.00093739 -0.03240673 0.00534880
v -0.00608165 -0.03138568 0.00560990
v -0.00761872 -0.03894364 0.00768734
v -0.01286328 -0.02953841 0.00593761
v -0.01522999 -0.03653026 0.00775662
v -0.00522924 -0.02426284 0.00431321
v -0.01132000 -0.02314156 0.00474916
v 0.00124117 -0.02499273 0.00388148
v -0.01465560 0.03767671 0.00649474
v -0.01250570 0.03114203 0.00485814
v -0.00604580 0.03221672 0.00472355
v -0.00713943 0.03940976 0.00639601
v 0.00079507 0.03251717 0.00442296
v 0.00092530 0.03981760 0.00651602
v -0.00530770 0.02569202 0.00385952
v 0.00082197 0.02569758 0.00337298
v -0.01127823 0.02511378 0.00384457
v 0.00758547 0.03187286 0.00470022
v 0.00843544 0.03903558 0.00688555
v 0.01402203 0.03010559 0.00492656
v 0.01604952 0.03674563 0.00715536
v 0.00703459 0.02516708 0.00363229
v 0.01293812 0.02413794 0.00380251
v 0.01632408 -0.03849504 0.00699656
v 0.01451881 -0.03128465 0.00534524
v 0.00792009 -0.03237041 0.00529300
v 0.00849224 -0.04014680 0.00760253
v 0.00753076 -0.02501884 0.00414605
v 0.01350956 -0.02453207 0.00434629
v -0.02819649 0.03045625 0.00585158
v -0.02360590 0.02596013 0.00440833
v -0.01864758 0.02902662 0.00463615
v -0.02181490 0.03472134 0.00601318
v -0.01674084 0.02408970 0.00392085
v -0.02074742 0.02311701 0.00383459
v 0.02947835 -0.03075452 0.00670311
v 0.02541820 -0.02591660 0.00539624
v 0.02047887 -0.02921242 0.00544374
v 0.02340648 -0.03531648 0.00698199
v 0.01885904 -0.02361626 0.00450195
v 0.02271514 -0.02269657 0.00475102
v -0.03722896 0.01728794 0.00572082
v -0.02989946 0.01521730 0.00394610
v -0.02729940 0.02118422 0.00418201
v -0.03350882 0.02428517 0.00559683
v -0.02185578 0.01935902 0.00363894
v -0.02321913 0.01396891 0.00319143
v 0.03829975 -0.01714556 0.00668204
v 0.03150496 -0.01461508 0.00494578
v 0.02899034 -0.02094172 0.00523858
v 0.03459164 -0.02458104 0.00665864
v 0.02390141 -0.01862828 0.00444833
v 0.02521040 -0.01294692 0.00401715
v -0.04004310 0.00139267 0.00654269
v -0.04004310 0.00139267 0.00654269
v -0.03186730 0.00154636 0.00452611
v -0.03186730 0.00154636 0.00452611
v -0.03146985 0.00855533 0.00391979
v -0.03942833 0.00970473 0.00587713
v -0.02408891 0.00795152 0.00325432
v -0.02436776 0.00161337 0.00347546
v -0.02436776 0.00161337 0.00347546
v 0.04096658 0.00008627 0.00665529
v 0.04096658 0.00008627 0.00665529
v 0.03326376 0.00022939 0.00473774
v 0.03326376 0.00022939 0.00473774
v 0.03295880 -0.00746628 0.00489199
v 0.04037939 -0.00882024 0.00664469
v 0.02604409 -0.00644255 0.00398919
v 0.02625587 0.00035291 0.00366507
v 0.02625587 0.00035291 0.00366507
v -0.03667989 -0.01451548 0.00730587
v -0.02949980 -0.01244237 0.00523402
v -0.03116887 -0.00571048 0.00494275
v -0.03899844 -0.00687617 0.00682248
v -0.02390856 -0.00492911 0.00378715
v -0.02297051 -0.01118276 0.00420997
v 0.03723776 0.01628093 0.00752621
v 0.03060610 0.01406596 0.00530312
v 0.03243860 0.00746595 0.00496061
v 0.03960676 0.00861534 0.00707599
v 0.02572483 0.00682228 0.00392056
v 0.02461956 0.01279597 0.00411409
v -0.02808369 -0.02808881 0.00769858
v -0.02363524 -0.02348465 0.00624877
v -0.02704054 -0.01861177 0.00591745
v -0.03298623 -0.02200084 0.00774517
v -0.02168968 -0.01660996 0.00499634
v -0.02064597 -0.02054494 0.00548424
v 0.02870701 0.02833199 0.00759531
v 0.02450175 0.02418576 0.00543926
v 0.02801932 0.01963979 0.00513749
v 0.03346329 0.02274875 0.00710857
v 0.02313146 0.01796204 0.00431354
v 0.02185048 0.02164541 0.00462900
v -0.01885989 -0.02697656 0.00616498
v -0.02238903 -0.03273991 0.00792420
v -0.01673013 -0.02170034 0.00512902
v 0.01979167 0.02759258 0.00529821
v 0.02275116 0.03314380 0.00756208
v 0.01821708 0.02270849 0.00426450
v 0.02015302 0.04801740 0.01525987
v 0.01843351 0.04352622 0.01108833
v 0.02646774 0.03895903 0.01146230
v 0.02882779 0.04282977 0.01556076
v 0.03349378 0.03339722 0.01183780
v 0.03621121 0.03638626 0.01578122
v -0.02019122 -0.04843899 0.01536730
v -0.01810922 -0.04389372 0.01113113
v -0.02691449 -0.03905242 0.01128111
v -0.02964963 -0.04302433 0.01559974
v -0.03366683 -0.03372570 0.01099646
v -0.03737270 -0.03698037 0.01533957
v 0.03955696 0.02670268 0.01156669
v 0.04288960 0.02931186 0.01540278
v 0.04413678 0.01857648 0.01132439
v 0.04805384 0.02069691 0.01524463
v -0.03963140 -0.02598164 0.01120803
v -0.04392004 -0.02856328 0.01549605
v -0.04422004 -0.01778298 0.01103136
v -0.04856431 -0.01946032 0.01523315
v 0.04722282 0.01018255 0.01099866
v 0.05179416 0.01093131 0.01474335
v 0.04899271 0.00036880 0.01057261
v 0.04899271 0.00036880 0.01057261
v 0.05343257 0.00014716 0.01445888
v 0.05343257 0.00014716 0.01445888
v -0.04703597 -0.00833950 0.01065630
v -0.05208753 -0.00911668 0.01467271
v -0.04842672 0.00202616 0.01019973
v -0.04842672 0.00202616 0.01019973
v -0.05332203 0.00203834 0.01435116
v -0.05332203 0.00203834 0.01435116
v 0.04820376 -0.01031411 0.01001467
v 0.05278204 -0.01130366 0.01387966
v 0.04546915 -0.02039908 0.00965698
v 0.04993586 -0.02247140 0.01334872
v -0.04755230 0.01165161 0.00982967
v -0.05240072 0.01279638 0.01392298
v -0.04479899 0.02055244 0.00944184
v -0.04922165 0.02287279 0.01344312
v 0.04059488 -0.02926351 0.00990269
v 0.04431917 -0.03197131 0.01339083
v 0.03403206 -0.03662058 0.00965436
v 0.03741010 -0.04033372 0.01307104
v -0.04001852 0.02906632 0.00939134
v -0.04406521 0.03161476 0.01341517
v -0.03375951 0.03600970 0.00957578
v -0.03754121 0.03920584 0.01340583
v 0.02670668 -0.04210741 0.00969374
v 0.02926866 -0.04627300 0.01335675
v 0.01868696 -0.04607517 0.01036121
v 0.02019851 -0.05037496 0.01421961
v -0.02635852 0.04139287 0.00950091
v -0.02890320 0.04521222 0.01360546
v -0.01725613 0.04503687 0.01027300
v -0.01926508 0.04922957 0.01424736
v 0.00946505 -0.04771036 0.01137843
v 0.01026946 -0.05244884 0.01482820
v 0.00057764 -0.04826621 0.01111530
v 0.00028113 -0.05305115 0.01471507
v 0.00046966 0.05202702 0.01490650
v 0.00035909 0.04749355 0.01087982
v 0.00993272 0.04640813 0.01096317
v 0.01055119 0.05101733 0.01513603
v -0.00845939 0.04713697 0.01063370
v -0.00952918 0.05154448 0.01463463
v -0.00916463 -0.04677916 0.01136890
v -0.01028615 -0.05150299 0.01516438
v 0.01813573 0.01784735 0.00368488
v 0.01881265 0.01247842 0.00328213
v 0.01280100 0.01846744 0.00304766
v 0.01309580 0.01273317 0.00295219
v 0.01945429 0.00666395 0.00311405
v 0.01977299 0.00046189 0.00301620
v 0.01977299 0.00046189 0.00301620
v 0.01343278 0.00682081 0.00279397
v 0.01360103 0.00064909 0.00270371
v 0.01360103 0.00064909 0.00270371
v 0.01965288 -0.00590486 0.00350395
v 0.01927076 -0.01215534 0.00347251
v 0.01356925 -0.00564768 0.00290628
v 0.01338784 -0.01195713 0.00311759
v 0.01871359 -0.01808423 0.00380958
v 0.01323510 -0.01818256 0.00354992
v 0.00699195 0.01908270 0.00293868
v 0.00716974 0.01311326 0.00252054
v 0.00099401 0.01946477 0.00301870
v 0.00119632 0.01341288 0.00277393
v 0.00741474 0.00705943 0.00237427
v 0.00755439 0.00088171 0.00232218
v 0.00755439 0.00088171 0.00232218
v 0.00133423 0.00731524 0.00248940
v 0.00140262 0.00111635 0.00240865
v 0.00140262 0.00111635 0.00240865
v 0.00751866 -0.00543113 0.00260677
v 0.00745262 -0.01180012 0.00282137
v 0.00141669 -0.00518883 0.00246453
v 0.00139420 -0.01161724 0.00266943
v 0.00739903 -0.01826361 0.00336877
v 0.00137705 -0.01812284 0.00306823
v -0.00497308 0.01955929 0.00326653
v -0.00485124 0.01357637 0.00281346
v -0.01083414 0.01937921 0.00324967
v -0.01088143 0.01361312 0.00298303
v -0.00479379 0.00751286 0.00265212
v -0.00477487 0.00131736 0.00262861
v -0.00477487 0.00131736 0.00262861
v -0.01100042 0.00763467 0.00280007
v -0.01105039 0.00147349 0.00282049
v -0.01105039 0.00147349 0.00282049
v -0.00475209 -0.00496396 0.00265633
v -0.00474991 -0.01129504 0.00291808
v -0.01096922 -0.00478417 0.00278915
v -0.01082598 -0.01093970 0.00335385
v -0.00483355 -0.01765432 0.00342637
v -0.01077881 -0.01696660 0.00393286
v -0.01644615 0.01906419 0.00324531
v -0.01690662 0.01364865 0.00308695
v -0.01733900 0.00776478 0.00277358
v -0.01750605 0.00155160 0.00291384
v -0.01750605 0.00155160 0.00291384
v -0.01729509 -0.00476598 0.00307023
v -0.01682536 -0.01073872 0.00369103
v -0.01637208 -0.01637217 0.00445483
v 0.00097018 0.06590082 0.01886779
v 0.00051851 0.06991143 0.01940498
v -0.01345582 0.06852789 0.01796743
v -0.01196784 0.06519143 0.01887674
v -0.02590763 0.06648636 0.01816603
v -0.02446023 0.06246710 0.01798018
v -0.01372888 0.07252040 0.01923081
v -0.02757852 0.06990074 0.01812400
v 0.00000934 0.07403938 0.01901332
v 0.02547953 0.06046992 0.01914673
v 0.02693732 0.06407074 0.01961493
v 0.01387499 0.06835635 0.01947352
v 0.01327215 0.06445801 0.01898789
v 0.01448732 0.07107791 0.01992939
v 0.02818810 0.06754148 0.01980658
v 0.00031606 -0.06575455 0.01834165
v 0.00056693 -0.06994419 0.01933774
v 0.01388212 -0.06990555 0.01838373
v 0.01327765 -0.06564569 0.01831734
v 0.02628462 -0.06657839 0.01720265
v 0.02535290 -0.06301164 0.01730612
v 0.01497762 -0.07253677 0.01855778
v 0.02793503 -0.06885725 0.01758371
v 0.00096247 -0.07389630 0.01902507
v -0.03934702 0.06031408 0.01738590
v -0.03681132 0.05714885 0.01735352
v -0.04963182 0.05207616 0.01766854
v -0.04636306 0.04951793 0.01676583
v -0.04081487 0.06318066 0.01826115
v -0.05282646 0.05463781 0.01732669
v 0.03785394 -0.06015896 0.01662991
v 0.03684372 -0.05741154 0.01664277
v 0.04957549 -0.05244145 0.01661799
v 0.04597652 -0.04930559 0.01662611
v 0.04080504 -0.06346817 0.01746484
v 0.05109894 -0.05490969 0.01655277
v -0.05893454 0.04202745 0.01718513
v -0.05516991 0.03936841 0.01734540
v -0.06551069 0.03013773 0.01693427
v -0.06178117 0.02798942 0.01676204
v -0.06178229 0.04304823 0.01729337
v -0.06930041 0.03084346 0.01705137
v 0.05797972 -0.04142263 0.01655359
v 0.05445332 -0.03974120 0.01670554
v 0.06428360 -0.02860333 0.01647728
v 0.06166919 -0.02751807 0.01650862
v 0.06099721 -0.04405212 0.01734853
v 0.06753598 -0.03059354 0.01677552
v -0.06960886 0.01663262 0.01778318
v -0.06566500 0.01542967 0.01742952
v -0.07040503 0.00301000 0.01847661
v -0.07040503 0.00301000 0.01847661
v -0.06698815 0.00224082 0.01809334
v -0.06698815 0.00224082 0.01809334
v -0.07231816 0.01734330 0.01786178
v -0.07448746 0.00237187 0.01887459
v -0.07448746 0.00237187 0.01887459
v 0.06920670 -0.01448552 0.01749217
v 0.06539000 -0.01378732 0.01691449
v 0.06958202 -0.00041936 0.01693233
v 0.06958202 -0.00041936 0.01693233
v 0.06627755 0.00028284 0.01767708
v 0.06627755 0.00028284 0.01767708
v 0.07216951 -0.01593516 0.01771752
v 0.07355738 0.00009966 0.01810594
v 0.07355738 0.00009966 0.01810594
v -0.06859962 -0.01168649 0.01926136
v -0.06478948 -0.01047253 0.01895806
v -0.06499991 -0.02570827 0.01995874
v -0.06089698 -0.02419403 0.01947776
v -0.07269781 -0.01182699 0.01986515
v -0.06718415 -0.02584594 0.01987083
v 0.06874576 0.01434417 0.01766722
v 0.06422637 0.01369962 0.01846996
v 0.06423175 0.02798030 0.01881187
v 0.06047097 0.02639334 0.01837148
v 0.07180364 0.01542808 0.01891618
v 0.06642897 0.02832057 0.01892736
v -0.05759710 -0.03787654 0.02079002
v -0.05501258 -0.03550642 0.01952947
v -0.04871999 -0.04810225 0.02132356
v -0.04549873 -0.04490032 0.01987248
v -0.06057271 -0.03898043 0.02108888
v -0.05170073 -0.05096232 0.02130449
v 0.05678968 0.03848565 0.01925612
v 0.05365735 0.03707286 0.01925906
v 0.04880442 0.04815902 0.01938173
v 0.04600618 0.04618968 0.01956316
v 0.05983993 0.04119887 0.02015059
v 0.05092436 0.05118646 0.02055089
v -0.03923480 -0.05678768 0.02045649
v -0.03642590 -0.05371716 0.02022294
v -0.02668284 -0.06391020 0.02038577
v -0.02527282 -0.06029778 0.01951085
v -0.04025116 -0.05952748 0.02133904
v -0.02863938 -0.06704327 0.02061088
v 0.03805739 0.05727057 0.01993478
v 0.03669401 0.05385206 0.01917260
v 0.04075877 0.06045579 0.02019040
v -0.01319749 -0.06826488 0.01960579
v -0.01223842 -0.06455298 0.01909141
v -0.01404914 -0.07119011 0.02037044
v -0.02124431 -0.05080643 0.01906654
v -0.02124431 -0.05080643 0.01906654
v -0.01055723 -0.05446777 0.01868819
v -0.01055723 -0.05446777 0.01868819
v 0.00045188 -0.05633187 0.01818555
v 0.00045188 -0.05633187 0.01818555
v -0.01096045 -0.05714493 0.01945054
v 0.00062058 -0.05901304 0.01891698
v -0.02217277 -0.05326114 0.01960805
v 0.03849531 0.03857220 0.01901571
v 0.03849531 0.03857220 0.01901571
v 0.03039594 0.04532705 0.01922107
v 0.03039594 0.04532705 0.01922107
v 0.02129867 0.05084040 0.01929261
v 0.02129867 0.05084040 0.01929261
v 0.03236499 0.04803170 0.01908584
v 0.02261478 0.05372383 0.01936663
v 0.04099507 0.04104201 0.01931127
v -0.03942977 -0.03867407 0.01933188
v -0.03942977 -0.03867407 0.01933188
v -0.03092625 -0.04542132 0.01934486
v -0.03092625 -0.04542132 0.01934486
v -0.03220852 -0.04758932 0.02000827
v -0.04093441 -0.04026405 0.02029280
v 0.05085964 0.02189955 0.01869589
v 0.05085964 0.02189955 0.01869589
v 0.04557762 0.03097531 0.01883012
v 0.04557762 0.03097531 0.01883012
v 0.04813395 0.03289015 0.01921748
v 0.05345897 0.02317508 0.01848394
v -0.05134956 -0.02011134 0.01888489
v -0.05134956 -0.02011134 0.01888489
v -0.04618957 -0.03001015 0.01919933
v -0.04618957 -0.03001015 0.01919933
v -0.04819749 -0.03138627 0.02007584
v -0.05365939 -0.02095219 0.01929965
v 0.05658138 0.00006608 0.01774124
v 0.05658138 0.00006608 0.01774124
v 0.05658138 0.00006608 0.01774124
v 0.05658138 0.00006608 0.01774124
v 0.05479191 0.01152739 0.01825288
v 0.05479191 0.01152739 0.01825288
v 0.05751754 0.01217400 0.01827540
v 0.05924197 0.00012091 0.01816221
v 0.05924197 0.00012091 0.01816221
v -0.05639621 0.00229050 0.01786688
v -0.05639621 0.00229050 0.01786688
v -0.05639621 0.00229050 0.01786688
v -0.05639621 0.00229050 0.01786688
v -0.05496596 -0.00915474 0.01839256
v -0.05496596 -0.00915474 0.01839256
v -0.05742261 -0.00948179 0.01919394
v -0.05894661 0.00244833 0.01859845
v -0.05894661 0.00244833 0.01859845
v 0.05264190 -0.02348097 0.01676631
v 0.05264190 -0.02348097 0.01676631
v 0.05572573 -0.01187057 0.01732713
v 0.05572573 -0.01187057 0.01732713
v 0.05827852 -0.01234004 0.01791650
v 0.05474759 -0.02441487 0.01746678
v -0.05203258 0.02380564 0.01706543
v -0.05203258 0.02380564 0.01706543
v -0.05531880 0.01336845 0.01749570
v -0.05531880 0.01336845 0.01749570
v -0.05801044 0.01407503 0.01793686
v -0.05461451 0.02513008 0.01731521
v 0.03970105 -0.04229129 0.01656866
v 0.03970105 -0.04229129 0.01656866
v 0.04722117 -0.03378073 0.01652240
v 0.04722117 -0.03378073 0.01652240
v 0.04896026 -0.03508831 0.01737972
v 0.04151930 -0.04413755 0.01723934
v -0.03939666 0.04166698 0.01709760
v -0.03939666 0.04166698 0.01709760
v -0.04669558 0.03343598 0.01696075
v -0.04669558 0.03343598 0.01696075
v -0.04893439 0.03515782 0.01731591
v -0.04139938 0.04384690 0.01760227
v 0.02125017 -0.05318712 0.01771279
v 0.02125017 -0.05318712 0.01771279
v 0.03097310 -0.04873927 0.01693874
v 0.03097310 -0.04873927 0.01693874
v 0.03252642 -0.05106059 0.01721242
v 0.02254074 -0.05603236 0.01773089
v -0.02029526 0.05235981 0.01786890
v -0.02029526 0.05235981 0.01786890
v -0.03050928 0.04817206 0.01726777
v -0.03050928 0.04817206 0.01726777
v -0.03195492 0.05065148 0.01794781
v -0.02136412 0.05532407 0.01813472
v 0.01118562 -0.05575996 0.01799066
v 0.01118562 -0.05575996 0.01799066
v 0.01189874 -0.05860211 0.01836098
v 0.01122988 0.05391728 0.01892965
v 0.01122988 0.05391728 0.01892965
v 0.00013769 0.05557840 0.01903063
v 0.00013769 0.05557840 0.01903063
v 0.01197267 0.05722454 0.01935718
v 0.00083430 0.05873086 0.01910317
v -0.00995106 0.05494901 0.01850433
v -0.00995106 0.05494901 0.01850433
v -0.01041714 0.05800662 0.01866243
v -0.02853461 0.07149574 0.01924299
v -0.04192282 0.06518985 0.01871637
v -0.05376687 0.05625456 0.01835011
v -0.04275902 0.06652253 0.01869315
v -0.05483906 0.05741975 0.01830785
v -0.02913557 0.07300035 0.01918625
v 0.02874518 -0.07169636 0.01858100
v 0.04186661 -0.06544383 0.01791229
v 0.05368855 -0.05664792 0.01736651
v 0.04271334 -0.06663857 0.01796930
v 0.05468864 -0.05770490 0.01747481
v 0.02927596 -0.07300424 0.01859851
v -0.06347787 0.04501589 0.01796173
v -0.07069183 0.03198532 0.01794139
v -0.06468819 0.04588493 0.01806432
v -0.07200494 0.03262277 0.01787332
v 0.06325394 -0.04551191 0.01752122
v 0.07039899 -0.03204788 0.01781249
v 0.06445489 -0.04641762 0.01758412
v 0.07170475 -0.03261921 0.01793366
v -0.07512882 0.01783578 0.01868053
v -0.07657210 0.00289923 0.01940975
v -0.07657210 0.00289923 0.01940975
v -0.07654282 0.01822226 0.01853500
v -0.07791982 0.00298499 0.01939812
v -0.07791982 0.00298499 0.01939812
v 0.07522865 -0.01645401 0.01792185
v 0.07643378 0.00021624 0.01839179
v 0.07643378 0.00021624 0.01839179
v 0.07621326 -0.01647950 0.01811203
v 0.07755604 0.00034511 0.01855739
v 0.07755604 0.00034511 0.01855739
v -0.07479906 -0.01241947 0.02045281
v -0.07014299 -0.02725337 0.02122367
v -0.07612901 -0.01258878 0.02049304
v -0.07136855 -0.02766289 0.02140228
v 0.07413959 0.01589319 0.01939486
v 0.06912441 0.02992112 0.02026386
v 0.07546376 0.01615983 0.01947782
v 0.07047272 0.03047750 0.02037276
v -0.06267355 -0.04050656 0.02210384
v -0.05316793 -0.05201975 0.02231238
v -0.06399114 -0.04130158 0.02216708
v -0.05436477 -0.05308117 0.02243190
v 0.06190436 0.04223525 0.02101286
v 0.05260935 0.05283817 0.02118014
v 0.06325656 0.04313175 0.02095317
v 0.05389832 0.05419169 0.02132964
v -0.04195849 -0.06152813 0.02217153
v -0.02905332 -0.06879250 0.02168523
v -0.04287753 -0.06274439 0.02234629
v -0.02964925 -0.07008154 0.02180012
v 0.04156792 0.06202756 0.02127143
v 0.02888821 0.06915064 0.02101006
v 0.04250130 0.06342602 0.02144660
v 0.02944871 0.07057363 0.02110441
v -0.01459206 -0.07357157 0.02101466
v 0.00039252 -0.07573750 0.02012172
v -0.01486326 -0.07499221 0.02107002
v 0.00039497 -0.07722737 0.02008738
v 0.00040771 0.07580014 0.02026937
v -0.01425609 0.07502691 0.01978412
v -0.01457817 0.07661943 0.01967832
v 0.00036968 0.07738499 0.02026418
v 0.01498124 0.07379929 0.02066043
v 0.01528829 0.07536052 0.02060425
v 0.01488333 -0.07520246 0.01928356
v 0.01515862 -0.07654720 0.01932211
v 0.07251172 -0.03297911 0.01774495
v 0.07251172 -0.03297911 0.01774495
v 0.07694890 -0.01663524 0.01799458
v 0.07694890 -0.01663524 0.01799458
v 0.07816895 0.00032642 0.01849109
v 0.07816895 0.00032642 0.01849109
v 0.07816895 0.00032642 0.01849109
v 0.07816895 0.00032642 0.01849109
v 0.07944589 0.00000934 0.01614907
v 0.07944589 0.00000934 0.01614907
v 0.07719822 0.00037378 0.01599698
v 0.07719822 0.00037378 0.01599698
v 0.07512618 0.01619935 0.01703957
v 0.07666672 0.01664310 0.01757799
v 0.06613861 -0.04747230 0.01659100
v 0.06643868 -0.04759632 0.01570813
v 0.07400483 -0.03355523 0.01621618
v 0.07347691 -0.03340917 0.01710052
v -0.07861867 0.00303269 0.01925389
v -0.07861867 0.00303269 0.01925389
v -0.07861867 0.00303269 0.01925389
v -0.07861867 0.00303269 0.01925389
v -0.07674436 -0.01260950 0.02040401
v -0.07674436 -0.01260950 0.02040401
v -0.07243680 -0.02811438 0.02103391
v -0.07243680 -0.02811438 0.02103391
v -0.07309156 -0.02838122 0.02034783
v -0.07341084 -0.02853279 0.01953356
v -0.06582987 -0.04237281 0.02033874
v -0.06567347 -0.04233361 0.02106378
v -0.07809296 0.01872033 0.01719622
v -0.07834859 0.01880848 0.01650459
v -0.08000000 0.00300115 0.01741766
v -0.08000000 0.00300115 0.01741766
v -0.07985420 0.00299070 0.01826330
v -0.07985420 0.00299070 0.01826330
v 0.07618597 0.01628123 0.01928287
v 0.07618597 0.01628123 0.01928287
v 0.07123354 0.03074734 0.02009723
v 0.07123354 0.03074734 0.02009723
v 0.07173339 0.03096056 0.01970696
v 0.07189022 0.03104441 0.01945754
v 0.06446440 0.04384198 0.01992624
v 0.06431089 0.04377468 0.02013984
v 0.07819001 -0.01691327 0.01723160
v 0.07879071 -0.01707566 0.01624178
v 0.08000000 -0.00001402 0.01678311
v 0.08000000 -0.00001402 0.01678311
v 0.07936231 0.00011832 0.01780555
v 0.07936231 0.00011832 0.01780555
v -0.06500267 -0.04199437 0.02173458
v -0.06500267 -0.04199437 0.02173458
v -0.05519025 -0.05389730 0.02219531
v -0.05519025 -0.05389730 0.02219531
v -0.05579975 -0.05458964 0.02111505
v -0.05581081 -0.05464150 0.02042085
v -0.04400323 -0.06420906 0.02040417
v -0.04398133 -0.06417734 0.02098350
v 0.07684413 0.01655890 0.01872406
v 0.07706252 0.01668934 0.01829588
v 0.06386661 0.04357699 0.02053032
v 0.06386661 0.04357699 0.02053032
v 0.05446394 0.05477325 0.02090332
v 0.05446394 0.05477325 0.02090332
v -0.03043529 -0.07125774 0.01926316
v -0.02972997 -0.06970410 0.01895544
v -0.01500399 -0.07464814 0.01818381
v -0.01529815 -0.07627913 0.01849395
v 0.07008745 0.03033176 0.01800802
v 0.07168503 0.03099944 0.01861249
v -0.04368709 -0.06377509 0.02196037
v -0.04368709 -0.06377509 0.02196037
v -0.03009488 -0.07097780 0.02159755
v -0.03009488 -0.07097780 0.02159755
v -0.03053745 -0.07170373 0.02065432
v -0.03063256 -0.07179457 0.01988052
v -0.01532416 -0.07681761 0.01908814
v -0.01526904 -0.07676599 0.01965876
v -0.06544869 -0.04212024 0.01963677
v -0.06377283 -0.04114601 0.01912319
v -0.05427282 -0.05299009 0.01954913
v -0.05537107 -0.05420387 0.01983649
v 0.04313890 0.06427140 0.02107952
v 0.04313890 0.06427140 0.02107952
v 0.02988265 0.07139968 0.02083831
v 0.02988265 0.07139968 0.02083831
v 0.00032036 -0.07910197 0.01803493
v 0.00033640 -0.07896530 0.01865187
v 0.05507935 0.05521414 0.02009337
v 0.05491646 0.05509804 0.02042120
v -0.01506006 -0.07610428 0.02054152
v -0.01506006 -0.07610428 0.02054152
v 0.00040218 -0.07821391 0.01963778
v 0.00040218 -0.07821391 0.01963778
v 0.00061916 0.07889454 0.01939841
v 0.00074150 0.07910197 0.01888477
v -0.01477329 0.07829450 0.01844099
v -0.01470872 0.07803643 0.01871119
v 0.00037110 0.07822872 0.01996724
v 0.00037110 0.07822872 0.01996724
v -0.01464527 0.07741974 0.01912345
v -0.01464527 0.07741974 0.01912345
v -0.02940574 0.07377415 0.01889701
v -0.02940574 0.07377415 0.01889701
v -0.02968027 0.07453551 0.01818710
v -0.02971149 0.07474114 0.01745826
v -0.04382977 0.06841300 0.01681463
v -0.04364957 0.06808309 0.01761230
v 0.01571914 0.07667655 0.01857028
v 0.01529897 0.07505062 0.01836359
v 0.00042419 0.07707300 0.01788400
v 0.00075631 0.07872926 0.01819628
v 0.01547584 0.07608509 0.02035489
v 0.01547584 0.07608509 0.02035489
v 0.03019688 0.07202598 0.02038605
v 0.03029332 0.07222914 0.01994999
v 0.01585961 0.07717351 0.01916538
v 0.01571949 0.07680581 0.01978253
v 0.01532563 -0.07748167 0.01902596
v 0.01532563 -0.07748167 0.01902596
v 0.02973895 -0.07392952 0.01831313
v 0.02973895 -0.07392952 0.01831313
v 0.03035851 -0.07471436 0.01735315
v 0.03066532 -0.07487440 0.01647355
v 0.04394702 -0.06874962 0.01564300
v 0.04385022 -0.06850535 0.01657837
v 0.01544524 -0.07844059 0.01709988
v 0.01549203 -0.07836013 0.01785146
v -0.04324049 0.06739357 0.01831747
v -0.04324049 0.06739357 0.01831747
v -0.05546692 0.05813735 0.01789530
v -0.05546692 0.05813735 0.01789530
v 0.05605037 -0.05898143 0.01491416
v 0.05471575 -0.05759816 0.01463817
v 0.06428393 -0.04621461 0.01499168
v 0.06601439 -0.04727998 0.01505213
v -0.01476537 0.07796126 0.01772846
v -0.01445609 0.07627486 0.01742565
v -0.02884940 0.07268329 0.01661553
v -0.02948323 0.07423762 0.01685816
v 0.04329812 -0.06748572 0.01757535
v 0.04329812 -0.06748572 0.01757535
v 0.05530911 -0.05833241 0.01728973
v 0.05530911 -0.05833241 0.01728973
v 0.05605567 -0.05909006 0.01660828
v 0.05638364 -0.05936537 0.01555547
v -0.06546199 0.04651694 0.01775822
v -0.06546199 0.04651694 0.01775822
v -0.07285539 0.03302016 0.01757981
v -0.07285539 0.03302016 0.01757981
v -0.06614141 0.04701210 0.01692234
v -0.06628747 0.04712435 0.01598685
v -0.07399856 0.03349013 0.01588223
v -0.07371756 0.03336203 0.01671425
v -0.05580045 0.05888069 0.01707176
v -0.05578235 0.05914474 0.01629192
v 0.06517902 -0.04694330 0.01735265
v 0.06517902 -0.04694330 0.01735265
v 0.07360805 -0.03336859 0.01551197
v 0.07144927 -0.03249846 0.01537415
v 0.07601370 -0.01644910 0.01538439
v 0.07825168 -0.01699038 0.01574415
v 0.04363283 -0.06825528 0.01503518
v 0.04263965 -0.06654507 0.01476728
v -0.07743873 0.01849143 0.01796485
v -0.07743873 0.01849143 0.01796485
v -0.07950275 0.00299182 0.01674227
v -0.07950275 0.00299182 0.01674227
v -0.07744248 0.00291659 0.01651854
v -0.07744248 0.00291659 0.01651854
v -0.07586887 -0.01269656 0.01749300
v -0.07769224 -0.01300001 0.01803310
v 0.02695195 -0.06741217 0.01456621
v 0.02566818 -0.06425789 0.01383305
v 0.03760146 -0.05856046 0.01339657
v 0.03946185 -0.06145408 0.01401716
v 0.04827221 -0.05064922 0.01270376
v 0.05062270 -0.05316949 0.01325336
v 0.03558894 -0.05528452 0.01247535
v 0.04558233 -0.04787779 0.01189408
v 0.02431422 -0.06066615 0.01280058
v -0.05047929 0.05303911 0.01406934
v -0.04822324 0.05064080 0.01341893
v -0.05696170 0.04069935 0.01286980
v -0.05963145 0.04270107 0.01338061
v -0.06356993 0.02894749 0.01299549
v -0.06657159 0.03025933 0.01371950
v -0.05389918 0.03852191 0.01215164
v -0.06015080 0.02748808 0.01197286
v -0.04562268 0.04796811 0.01241537
v 0.05671511 -0.04069161 0.01330457
v 0.05949157 -0.04272909 0.01398447
v 0.06303179 -0.02858738 0.01358766
v 0.06608982 -0.03003596 0.01428792
v 0.05365653 -0.03840207 0.01236222
v 0.05960526 -0.02696055 0.01261455
v -0.06727983 0.01618658 0.01389635
v -0.07047705 0.01690306 0.01468193
v -0.06850700 0.00279113 0.01428718
v -0.06850700 0.00279113 0.01428718
v -0.07175390 0.00284046 0.01506325
v -0.07175390 0.00284046 0.01506325
v -0.06366155 0.01540241 0.01273218
v -0.06482256 0.00270711 0.01314927
v -0.06482256 0.00270711 0.01314927
v 0.06702287 -0.01432416 0.01358142
v 0.07023722 -0.01506332 0.01433880
v 0.06814557 0.00057349 0.01380565
v 0.06814557 0.00057349 0.01380565
v 0.07139962 0.00057390 0.01460767
v 0.07139962 0.00057390 0.01460767
v 0.06337793 -0.01352001 0.01248562
v 0.06443296 0.00062222 0.01275096
v 0.06443296 0.00062222 0.01275096
v -0.06704803 -0.01099991 0.01498082
v -0.07022934 -0.01161265 0.01585109
v -0.06295190 -0.02429203 0.01585115
v -0.06592537 -0.02551076 0.01684577
v -0.06339096 -0.01029524 0.01387993
v -0.05958763 -0.02290005 0.01449293
v 0.06612140 0.01433822 0.01498450
v 0.06938222 0.01496082 0.01579550
v 0.06176172 0.02686148 0.01543501
v 0.06479128 0.02814293 0.01641553
v 0.06247301 0.01363529 0.01385376
v 0.05833821 0.02550493 0.01429877
v -0.05649983 -0.03629020 0.01651319
v -0.05916455 -0.03808755 0.01752140
v -0.04802185 -0.04663872 0.01692341
v -0.05029159 -0.04894742 0.01790308
v -0.05346506 -0.03422230 0.01516011
v -0.04542126 -0.04397663 0.01565453
v 0.05541848 0.03810818 0.01567428
v 0.05811848 0.03987184 0.01675074
v 0.04724166 0.04781154 0.01573275
v 0.04950739 0.05020220 0.01672193
v 0.05238800 0.03615050 0.01430180
v 0.04466450 0.04532915 0.01448218
v -0.03804891 -0.05508030 0.01651716
v -0.03980415 -0.05783504 0.01747941
v -0.02641647 -0.06142150 0.01621229
v -0.02766248 -0.06447982 0.01708431
v -0.03599366 -0.05191047 0.01535205
v -0.02496595 -0.05793984 0.01508877
v 0.03732164 0.05596052 0.01598694
v 0.03918597 0.05860496 0.01698397
v 0.02601672 0.06227786 0.01580356
v 0.02737630 0.06523835 0.01660956
v 0.03523960 0.05301301 0.01473963
v 0.02452035 0.05893675 0.01477786
v -0.01336165 -0.06570594 0.01586119
v -0.01396508 -0.06897611 0.01663997
v 0.00013945 -0.06773805 0.01528013
v 0.00020526 -0.07109207 0.01605381
v -0.01261480 -0.06194162 0.01480256
v 0.00014925 -0.06386997 0.01423109
v 0.00029481 0.07142199 0.01648831
v 0.00023431 0.06818595 0.01564508
v -0.01276728 0.06765915 0.01475482
v -0.01334735 0.07081594 0.01567727
v -0.02558322 0.06435126 0.01444972
v -0.02676849 0.06740175 0.01517072
v -0.01207391 0.06407981 0.01350534
v -0.02418285 0.06092735 0.01333988
v 0.00018119 0.06448232 0.01448035
v 0.01337189 0.06638833 0.01593196
v 0.01408009 0.06953319 0.01684615
v 0.01260029 0.06279412 0.01479967
v 0.01321508 -0.06730005 0.01450408
v 0.01387267 -0.07061817 0.01519143
v 0.01249508 -0.06350027 0.01346732
v -0.03755340 0.05864996 0.01390994
v -0.03930537 0.06142121 0.01462400
v -0.03552734 0.05554235 0.01283875
v 0.03831375 0.03913170 0.01006535
v 0.03549123 0.03631524 0.00682030
v 0.02798224 0.04243522 0.00726119
v 0.03026436 0.04579037 0.01035079
v 0.01934563 0.04648133 0.00792990
v 0.02095407 0.05046078 0.01099675
v 0.02628736 0.03980874 0.00435126
v 0.01828497 0.04383554 0.00480107
v 0.03326323 0.03411849 0.00398327
v -0.02101517 -0.04895222 0.01080372
v -0.01919142 -0.04479099 0.00746082
v -0.00964080 -0.04786731 0.00684547
v -0.01057706 -0.05233118 0.01025306
v 0.00045150 -0.04913843 0.00659078
v 0.00029949 -0.05377878 0.01000949
v -0.00896541 -0.04480967 0.00363765
v 0.00051560 -0.04584709 0.00341154
v -0.01784667 -0.04180734 0.00433173
v 0.00017595 0.05494747 0.01003995
v 0.00025670 0.05059365 0.00663203
v -0.00939642 0.05031704 0.00601330
v -0.01028541 0.05465250 0.00928610
v -0.01891634 0.04835970 0.00542331
v -0.02057949 0.05234160 0.00873487
v -0.00878836 0.04734472 0.00288197
v -0.01773381 0.04539242 0.00253884
v 0.00032772 0.04761680 0.00343508
v 0.01002572 0.04935809 0.00737965
v 0.01076806 0.05361662 0.01061863
v 0.00952282 0.04637094 0.00427957
v 0.01019309 -0.04918637 0.00609877
v 0.01090774 -0.05368996 0.00937896
v 0.01948028 -0.04725058 0.00590120
v 0.02108683 -0.05146999 0.00895363
v 0.00956861 -0.04579199 0.00312586
v 0.01820987 -0.04408723 0.00305190
v -0.02770795 0.04412878 0.00534029
v -0.03014653 0.04772608 0.00857409
v -0.03569674 0.03836211 0.00504260
v -0.03883964 0.04137507 0.00817226
v -0.02602688 0.04153414 0.00241512
v -0.03337716 0.03617769 0.00217500
v 0.02838890 -0.04337105 0.00546237
v 0.03076730 -0.04717503 0.00836759
v 0.03621992 -0.03721448 0.00568321
v 0.03928015 -0.04062701 0.00845676
v 0.02656674 -0.04047880 0.00277841
v 0.03394730 -0.03478721 0.00293480
v -0.04241816 0.03085441 0.00484360
v -0.04609030 0.03332568 0.00789550
v -0.04725602 0.02219605 0.00488430
v -0.05131328 0.02385040 0.00805748
v -0.03965312 0.02925232 0.00204798
v -0.04412293 0.02093547 0.00216217
v 0.04243226 -0.02972712 0.00592272
v 0.04606834 -0.03254776 0.00872622
v 0.04725820 -0.02085784 0.00564345
v 0.05121677 -0.02286332 0.00855794
v 0.03985645 -0.02762078 0.00310761
v 0.04445810 -0.01937030 0.00275633
v -0.05016009 0.01261765 0.00511244
v -0.05446898 0.01346268 0.00830831
v -0.05092583 0.00257535 0.00553185
v -0.05092583 0.00257535 0.00553185
v -0.05541439 0.00262385 0.00863040
v -0.05541439 0.00262385 0.00863040
v -0.04688973 0.01191839 0.00232718
v -0.04757557 0.00236654 0.00268794
v -0.04757557 0.00236654 0.00268794
v 0.05033437 -0.01033853 0.00535669
v 0.05442889 -0.01136020 0.00844879
v 0.05098584 0.00094578 0.00558951
v 0.05098584 0.00094578 0.00558951
v 0.05526368 0.00077732 0.00862781
v 0.05526368 0.00077732 0.00862781
v 0.04677501 -0.00929971 0.00226444
v 0.04782581 0.00115194 0.00278308
v 0.04782581 0.00115194 0.00278308
v -0.04978798 -0.00771211 0.00599535
v -0.05407146 -0.00844303 0.00935691
v -0.04693102 -0.01750143 0.00624427
v -0.05102960 -0.01931538 0.00950347
v -0.04665691 -0.00713566 0.00303974
v -0.04385591 -0.01629121 0.00338955
v 0.04973432 0.01118138 0.00577288
v 0.05370726 0.01207290 0.00907202
v 0.04627091 0.02062672 0.00637464
v 0.05001161 0.02212695 0.00969800
v 0.04655467 0.01066538 0.00296964
v 0.04338617 0.01953607 0.00351545
v -0.04207780 -0.02662660 0.00682949
v -0.04572530 -0.02901924 0.01021412
v -0.03550421 -0.03413469 0.00760894
v -0.03872422 -0.03729300 0.01085452
v -0.03933000 -0.02479779 0.00372388
v -0.03313618 -0.03182799 0.00464054
v 0.04145447 0.02900161 0.00669993
v 0.04485547 0.03123188 0.00990828
v 0.03894185 0.02747392 0.00375301
v -0.02792515 -0.04023636 0.00772031
v -0.03042755 -0.04393225 0.01109002
v -0.02616823 -0.03752197 0.00461761
v 0.04104186 0.01875206 0.00184035
v 0.04104186 0.01875206 0.00184035
v 0.03683777 0.02601060 0.00226079
v 0.03683777 0.02601060 0.00226079
v 0.03151600 0.03243504 0.00252322
v 0.03151600 0.03243504 0.00252322
v 0.03503053 0.02491583 0.00178008
v 0.02989440 0.03103843 0.00191593
v 0.03900306 0.01788908 0.00158334
v -0.03145784 -0.03003964 0.00291490
v -0.03145784 -0.03003964 0.00291490
v -0.02476656 -0.03543655 0.00290784
v -0.02476656 -0.03543655 0.00290784
v -0.01704032 -0.03927538 0.00283079
v -0.01704032 -0.03927538 0.00283079
v -0.02355163 -0.03345170 0.00228984
v -0.01619055 -0.03717502 0.00222521
v -0.02996368 -0.02831289 0.00230364
v 0.02494099 0.03778966 0.00284636
v 0.02494099 0.03778966 0.00284636
v 0.01731914 0.04189112 0.00276166
v 0.01731914 0.04189112 0.00276166
v 0.02370714 0.03618496 0.00196081
v 0.01648950 0.03998158 0.00188308
v -0.00843629 -0.04188577 0.00222589
v -0.00843629 -0.04188577 0.00222589
v 0.00036047 -0.04304440 0.00196449
v 0.00036047 -0.04304440 0.00196449
v -0.00803619 -0.03956718 0.00195175
v 0.00040753 -0.04071086 0.00169020
v 0.00020650 0.04513617 0.00190280
v 0.00020650 0.04513617 0.00190280
v -0.00834450 0.04478957 0.00161747
v -0.00834450 0.04478957 0.00161747
v -0.01666273 0.04298695 0.00132682
v -0.01666273 0.04298695 0.00132682
v -0.00799084 0.04277788 0.00135069
v -0.01590632 0.04107485 0.00113738
v 0.00020441 0.04306229 0.00155135
v 0.00899161 0.04417587 0.00253902
v 0.00899161 0.04417587 0.00253902
v 0.00852225 0.04221421 0.00175365
v 0.00890699 -0.04304549 0.00181563
v 0.00890699 -0.04304549 0.00181563
v 0.01726893 -0.04142207 0.00156857
v 0.01726893 -0.04142207 0.00156857
v 0.00855928 -0.04070765 0.00142477
v 0.01636287 -0.03922756 0.00097461
v -0.02457515 0.03938830 0.00125407
v -0.02457515 0.03938830 0.00125407
v -0.03162044 0.03425970 0.00074105
v -0.03162044 0.03425970 0.00074105
v -0.02339939 0.03769490 0.00089812
v -0.03008578 0.03276551 0.00056785
v 0.02506775 -0.03815445 0.00113715
v 0.02506775 -0.03815445 0.00113715
v 0.03216705 -0.03268311 0.00123389
v 0.03216705 -0.03268311 0.00123389
v 0.02383378 -0.03588945 0.00056412
v 0.03057927 -0.03096374 0.00051344
v -0.03752265 0.02767314 0.00066109
v -0.03752265 0.02767314 0.00066109
v -0.04180357 0.01998323 0.00069967
v -0.04180357 0.01998323 0.00069967
v -0.03561840 0.02650685 0.00015436
v -0.03972810 0.01916440 0.00021996
v 0.03772023 -0.02618342 0.00136200
v 0.03772023 -0.02618342 0.00136200
v 0.04188424 -0.01812264 0.00138760
v 0.04188424 -0.01812264 0.00138760
v 0.03590452 -0.02465120 0.00075665
v 0.03979523 -0.01699617 0.00095171
v -0.04427402 0.01156662 0.00116172
v -0.04427402 0.01156662 0.00116172
v -0.04500921 0.00260766 0.00161786
v -0.04500921 0.00260766 0.00161786
v -0.04500921 0.00260766 0.00161786
v -0.04500921 0.00260766 0.00161786
v -0.04214105 0.01114871 0.00069961
v -0.04284693 0.00266349 0.00113273
v -0.04284693 0.00266349 0.00113273
v 0.04430645 -0.00866143 0.00149970
v 0.04430645 -0.00866143 0.00149970
v 0.04496259 0.00122557 0.00157725
v 0.04496259 0.00122557 0.00157725
v 0.04496259 0.00122557 0.00157725
v 0.04496259 0.00122557 0.00157725
v 0.04213104 -0.00803831 0.00106140
v 0.04276693 0.00128955 0.00118692
v 0.04276693 0.00128955 0.00118692
v -0.04404694 -0.00642704 0.00178953
v -0.04404694 -0.00642704 0.00178953
v -0.04137613 -0.01521451 0.00203665
v -0.04137613 -0.01521451 0.00203665
v -0.04190699 -0.00596696 0.00150491
v -0.03935384 -0.01429485 0.00180245
v 0.04387810 0.01025463 0.00163428
v 0.04387810 0.01025463 0.00163428
v 0.04165297 0.01000064 0.00139178
v -0.03703937 -0.02325516 0.00256569
v -0.03703937 -0.02325516 0.00256569
v -0.03529335 -0.02185355 0.00213351
v -0.03671247 0.01825445 0.00013709
v -0.03895713 0.01070326 0.00054787
v -0.03962642 0.00272268 0.00098538
v -0.03962642 0.00272268 0.00098538
v -0.03398553 0.01062209 0.00032358
v -0.03456616 0.00277512 0.00076221
v -0.03456616 0.00277512 0.00076221
v -0.03199315 0.01803255 0.00000000
v 0.03707995 -0.01579610 0.00086575
v 0.03925015 -0.00736957 0.00099303
v 0.03984259 0.00141274 0.00109298
v 0.03984259 0.00141274 0.00109298
v 0.03463496 -0.00708327 0.00087060
v 0.03516214 0.00151534 0.00103473
v 0.03516214 0.00151534 0.00103473
v 0.03272172 -0.01530724 0.00075730
v -0.03875241 -0.00541006 0.00133389
v -0.03638400 -0.01326315 0.00162463
v -0.03380831 -0.00524813 0.00112738
v -0.03174414 -0.01295440 0.00147245
v 0.03880906 0.00962827 0.00130057
v 0.03634656 0.01706104 0.00148030
v 0.03427038 0.00959942 0.00118915
v 0.03211551 0.01691071 0.00138530
v -0.03265467 -0.02034540 0.00194118
v -0.02788418 -0.02626391 0.00211082
v -0.02866852 -0.01976269 0.00177502
v -0.02603685 -0.02445911 0.00196216
v 0.03270497 0.02364910 0.00165476
v 0.02809431 0.02923884 0.00176807
v 0.02910235 0.02326725 0.00154546
v 0.02651883 0.02767602 0.00164643
v -0.02201544 -0.03086336 0.00207780
v -0.01510505 -0.03430944 0.00199510
v -0.02133952 -0.02701879 0.00184671
v -0.01463771 -0.02993593 0.00175969
v 0.02240033 0.03382222 0.00179044
v 0.01565843 0.03731793 0.00170582
v 0.02199943 0.03027717 0.00162972
v 0.01546640 0.03322741 0.00156379
v -0.00741183 -0.03652067 0.00177475
v 0.00052711 -0.03759210 0.00153599
v -0.00709460 -0.03194282 0.00159894
v 0.00068429 -0.03294436 0.00129999
v 0.00033566 0.04024095 0.00140837
v -0.00739441 0.03996778 0.00124542
v -0.01486090 0.03838165 0.00101734
v -0.00714567 0.03562711 0.00106725
v -0.01447658 0.03420790 0.00088069
v 0.00044420 0.03585896 0.00121976
v 0.00815391 0.03941791 0.00159046
v 0.00810991 0.03510864 0.00139837
v 0.00821083 -0.03759799 0.00127391
v 0.01557014 -0.03620241 0.00085783
v 0.00823461 -0.03298550 0.00103044
v 0.01548194 -0.03175256 0.00065226
v -0.02188286 0.03527951 0.00078481
v -0.02801826 0.03086247 0.00049537
v -0.02126230 0.03159781 0.00066444
v -0.02613750 0.02914649 0.00044130
v 0.02256817 -0.03313447 0.00044254
v 0.02866072 -0.02868765 0.00042391
v 0.02222016 -0.02922481 0.00035643
v 0.02702588 -0.02680056 0.00039278
v -0.03294427 0.02512723 0.00011634
v -0.02887662 0.02460726 0.00017767
v 0.03348728 -0.02295438 0.00065232
v 0.02972865 -0.02219729 0.00053804
v 0.02354180 0.02496948 0.00147115
v 0.01647402 0.02736118 0.00138277
v 0.02582307 0.01816360 0.00127900
v 0.01799706 0.01993044 0.00115581
v 0.02752119 0.01028679 0.00108335
v 0.01917188 0.01126926 0.00095412
v 0.02822739 0.00158721 0.00093014
v 0.02822739 0.00158721 0.00093014
v 0.01967931 0.00171281 0.00080435
v 0.01967931 0.00171281 0.00080435
v 0.02778688 -0.00758467 0.00079782
v 0.01937430 -0.00827472 0.00056986
v 0.02623268 -0.01628973 0.00055229
v 0.01827838 -0.01769420 0.00032203
v 0.02389829 -0.02360355 0.00034819
v 0.01664501 -0.02559999 0.00033053
v 0.00860301 0.02895702 0.00122735
v 0.00040459 0.02961732 0.00101904
v 0.00935769 0.02115008 0.00101766
v 0.00035927 0.02170136 0.00082657
v 0.01001092 0.01202184 0.00085856
v 0.00046719 0.01245320 0.00063528
v 0.01035175 0.00196724 0.00067195
v 0.01035175 0.00196724 0.00067195
v 0.00063576 0.00229588 0.00038992
v 0.00063576 0.00229588 0.00038992
v 0.01023762 -0.00848182 0.00038498
v 0.00071310 -0.00820418 0.00022847
v 0.00969295 -0.01831576 0.00028183
v 0.00073947 -0.01811887 0.00053616
v 0.00885431 -0.02657395 0.00061912
v 0.00074927 -0.02644005 0.00097031
v -0.00774566 0.02944715 0.00084352
v -0.01561811 0.02826018 0.00066112
v -0.00862826 0.02163491 0.00059702
v -0.01731331 0.02078520 0.00035204
v -0.00912472 0.01254952 0.00033901
v -0.01839343 0.01216487 0.00007581
v -0.00919688 0.00259816 0.00019000
v -0.00919688 0.00259816 0.00019000
v -0.01872734 0.00278124 0.00022894
v -0.01872734 0.00278124 0.00022894
v -0.00895741 -0.00764868 0.00036829
v -0.01830593 -0.00680846 0.00070715
v -0.00837784 -0.01730001 0.00089594
v -0.01720719 -0.01590670 0.00115569
v -0.00756610 -0.02550317 0.00131897
v -0.01562529 -0.02374361 0.00149393
v -0.02290847 0.02614204 0.00040481
v -0.02532700 0.01921991 0.00008355
v -0.02694701 0.01128627 0.00005963
v -0.02741515 0.00283219 0.00045302
v -0.02741515 0.00283219 0.00045302
v -0.02681978 -0.00584509 0.00095901
v -0.02520130 -0.01411288 0.00137477
v -0.02286176 -0.02134906 0.00165936
v -0.04216268 -0.04068320 0.01375732
v -0.03327003 -0.04805525 0.01373578
v -0.02307057 -0.05360461 0.01335861
v 0.05423695 0.02384779 0.01244077
v 0.04871799 0.03375918 0.01244900
v 0.04157228 0.04229440 0.01255810
v -0.05543793 -0.02113943 0.01239542
v -0.04971573 -0.03164885 0.01313408
v 0.05994809 0.00066098 0.01114782
v 0.05994809 0.00066098 0.01114782
v 0.05815880 0.01281955 0.01187915
v -0.06028050 0.00266476 0.01128988
v -0.06028050 0.00266476 0.01128988
v -0.05886892 -0.00939083 0.01210235
v 0.05551130 -0.02498167 0.01100520
v 0.05902019 -0.01248440 0.01080228
v -0.05588588 0.02575035 0.01033822
v -0.05918661 0.01447498 0.01093742
v 0.04252793 -0.04435068 0.01063197
v 0.05000064 -0.03558732 0.01086932
v -0.04237490 0.04473621 0.01072967
v -0.05008004 0.03592376 0.01062181
v 0.02279799 -0.05627269 0.01115062
v 0.03323068 -0.05134627 0.01078533
v -0.02242632 0.05671317 0.01152175
v -0.03293235 0.05176093 0.01109413
v 0.00021497 -0.05901792 0.01253807
v 0.01172316 -0.05877395 0.01182033
v 0.02276514 0.05485366 0.01326192
v 0.01173460 0.05832273 0.01317743
v 0.00016709 0.05986786 0.01270090
v -0.01120728 0.05954657 0.01170233
v -0.01163755 -0.05728340 0.01298538
v 0.03278738 0.04946283 0.01298487
v -0.02796897 0.07045015 0.01578502
v -0.04112488 0.06421245 0.01522561
v -0.04242958 0.06623329 0.01586198
v -0.05276863 0.05542801 0.01455449
v -0.05455335 0.05720062 0.01533527
v 0.00027780 -0.07693995 0.01723779
v 0.00024961 -0.07439955 0.01670175
v 0.01456654 -0.07392896 0.01575354
v 0.01507233 -0.07638266 0.01631162
v 0.02820803 -0.07052302 0.01513527
v 0.02918110 -0.07284031 0.01574768
v 0.02948582 0.07035885 0.01890119
v 0.02860677 0.06826517 0.01779159
v 0.01478126 0.07265104 0.01770995
v 0.00038028 0.07459637 0.01730367
v -0.01400302 0.07392838 0.01662080
v -0.02887156 -0.06747436 0.01812242
v -0.01455860 -0.07219879 0.01733223
v 0.05354858 0.05392234 0.01905982
v 0.05180358 0.05224141 0.01811511
v 0.04105675 0.06124133 0.01780828
v 0.04241963 0.06323243 0.01879663
v -0.05255335 -0.05126331 0.01867738
v -0.04165380 -0.06051177 0.01838270
v -0.04292203 -0.06253914 0.01929951
v 0.06775977 0.02934176 0.01738084
v 0.06083411 0.04163185 0.01769639
v 0.06288704 0.04294457 0.01863576
v -0.07115889 -0.02765715 0.01850539
v -0.06887597 -0.02674167 0.01767859
v -0.06181987 -0.03987075 0.01826130
v 0.07481186 0.00045159 0.01542592
v 0.07481186 0.00045159 0.01542592
v 0.07261443 0.01556970 0.01644016
v -0.07497367 0.00283798 0.01589851
v -0.07497367 0.00283798 0.01589851
v -0.07335717 -0.01220313 0.01661648
v 0.06915090 -0.03144051 0.01487705
v 0.07346991 -0.01581938 0.01490492
v -0.07178437 0.03257550 0.01509939
v -0.06961787 0.03161476 0.01449407
v -0.07367528 0.01760287 0.01516146
v -0.07611464 0.01813756 0.01570471
v 0.05299262 -0.05578741 0.01393555
v 0.06222409 -0.04473851 0.01467019
v -0.06261534 0.04453377 0.01423350
v -0.06445592 0.04584135 0.01509492
v 0.04130022 -0.06432640 0.01447986
v -0.02363975 -0.05647269 0.01938188
v -0.01148960 -0.06036585 0.01901518
v 0.00076369 -0.06206947 0.01867506
v 0.04309152 0.04313534 0.01934250
v 0.03390345 0.05052405 0.01910288
v 0.02366308 0.05697665 0.01881058
v -0.04302256 -0.04262085 0.02002501
v -0.03368264 -0.04999719 0.01987893
v 0.05655339 0.02469546 0.01841177
v 0.05085390 0.03505211 0.01846472
v -0.05711227 -0.02209964 0.01921778
v -0.05109450 -0.03356824 0.01949763
v 0.06190322 0.00011294 0.01765148
v 0.06190322 0.00011294 0.01765148
v 0.06063519 0.01307226 0.01788427
v -0.06211973 0.00243129 0.01836386
v -0.06211973 0.00243129 0.01836386
v -0.06051432 -0.01010509 0.01905102
v 0.05787071 -0.02586142 0.01627818
v 0.06157116 -0.01288612 0.01700958
v -0.05807063 0.02701267 0.01632062
v -0.06151465 0.01475807 0.01721800
v 0.04378333 -0.04659378 0.01638649
v 0.05137140 -0.03679113 0.01681384
v -0.04425633 0.04575914 0.01665079
v -0.05114306 0.03646410 0.01616740
v 0.02359407 -0.05930440 0.01728861
v 0.03441236 -0.05385386 0.01691529
v -0.02283410 0.05850710 0.01793636
v -0.03388518 0.05347753 0.01762884
v 0.01281516 -0.06120440 0.01745021
v 0.01250291 0.06054390 0.01881314
v 0.00077923 0.06204910 0.01864106
v -0.01146515 0.06095445 0.01804489
v -0.06583219 0.04680097 0.01539949
v -0.07356305 0.03331420 0.01524704
v -0.07789716 -0.01289689 0.01966638
v -0.07824465 -0.01305908 0.01861346
v -0.04351602 0.06797764 0.01621558
v -0.05546121 0.05880288 0.01568919
v -0.07781352 0.01867990 0.01589265
v 0.03044842 -0.07441950 0.01587191
v 0.00029443 -0.07867082 0.01743511
v 0.01531489 -0.07789102 0.01646666
v 0.04338190 0.06464624 0.01927575
v 0.03012113 0.07181350 0.01932239
v 0.04349624 0.06482068 0.02045819
v 0.04359795 0.06497371 0.01998690
v 0.06427263 0.04369289 0.01915838
v 0.05479203 0.05494636 0.01942122
v -0.04373654 -0.06379327 0.01972389
v -0.07281771 -0.02828078 0.01892059
vt 0.76728100 0.84684700
vt 0.76803201 0.87523901
vt 0.79202998 0.87860602
vt 0.79676002 0.85021102
vt 0.81718200 0.88234001
vt 0.82387501 0.85663003
vt 0.79011202 0.90392798
vt 0.81171501 0.90617198
vt 0.76733500 0.90225399
vt 0.79533100 0.50897503
vt 0.81905901 0.49997801
vt 0.81472802 0.47751200
vt 0.78916198 0.48274696
vt 0.81544697 0.45422304
vt 0.78727603 0.45499504
vt 0.83932102 0.47488201
vt 0.83900899 0.45324701
vt 0.84174800 0.49569899
vt 0.81438899 0.43066901
vt 0.78847098 0.42868102
vt 0.81873798 0.40835202
vt 0.79504001 0.40117401
vt 0.83971900 0.43198597
vt 0.84234703 0.41187501
vt 0.71248102 0.85500801
vt 0.71915501 0.88028097
vt 0.74318600 0.87590998
vt 0.73980802 0.84813499
vt 0.74545503 0.90217602
vt 0.72480202 0.90504301
vt 0.82075399 0.55882502
vt 0.83655500 0.54246098
vt 0.82587898 0.52283001
vt 0.80562699 0.53499502
vt 0.84487802 0.51492703
vt 0.84869099 0.53060597
vt 0.66516697 0.88333797
vt 0.68029302 0.90151399
vt 0.69876599 0.88804102
vt 0.68693799 0.86684698
vt 0.70591003 0.90922499
vt 0.69044101 0.91325700
vt 0.86854798 0.59197199
vt 0.87692302 0.56585699
vt 0.85532397 0.55681098
vt 0.84417802 0.57727802
vt 0.86421698 0.53544497
vt 0.88275701 0.54163897
vt 0.63275802 0.93215799
vt 0.65775299 0.94238001
vt 0.66560698 0.91977102
vt 0.64642298 0.90507901
vt 0.68613398 0.92952901
vt 0.68133801 0.94893903
vt 0.92486203 0.60428399
vt 0.92530799 0.98544699
vt 0.89452899 0.99033201
vt 0.92653000 0.57307303
vt 0.90196598 0.57007098
vt 0.89560199 0.60033202
vt 0.90483898 0.54414898
vt 0.86665702 0.99369800
vt 0.92758602 0.54484200
vt 0.62239599 0.99434501
vt 0.91925699 0.29977596
vt 0.65189099 0.99618202
vt 0.92275798 0.32907903
vt 0.65286398 0.96713299
vt 0.62540102 0.96185303
vt 0.67827600 0.97295702
vt 0.67822999 0.99725002
vt 0.92527199 0.35536504
vt 0.90903598 0.93005002
vt 0.88311499 0.94174600
vt 0.89050698 0.96461099
vt 0.91797298 0.95642799
vt 0.86396199 0.97011298
vt 0.85921502 0.94858199
vt 0.86232197 0.31829703
vt 0.87487698 0.34170699
vt 0.89731199 0.33302796
vt 0.88919902 0.30724901
vt 0.90256000 0.35852003
vt 0.88216603 0.36456400
vt 0.87363797 0.88428497
vt 0.85971701 0.90227598
vt 0.87417603 0.91966301
vt 0.89347702 0.90438998
vt 0.85307598 0.92971802
vt 0.84777600 0.91403800
vt 0.82007098 0.35235298
vt 0.83726603 0.36731803
vt 0.85551500 0.35355198
vt 0.84046400 0.33483100
vt 0.86367100 0.37153602
vt 0.84871799 0.37751997
vt 0.84082502 0.88938200
vt 0.85080200 0.86768699
vt 0.83124697 0.91070801
vt 0.82555300 0.38657200
vt 0.80489701 0.37576604
vt 0.84589702 0.39274502
vt 0.74789298 0.38636196
vt 0.76906699 0.39358401
vt 0.78214002 0.36410201
vt 0.76354402 0.35395503
vt 0.80027002 0.33693701
vt 0.78387302 0.32480401
vt 0.84144902 0.80899101
vt 0.83322197 0.82981300
vt 0.86501497 0.84445798
vt 0.87653798 0.82510698
vt 0.89060402 0.86253399
vt 0.90539098 0.84518802
vt 0.82304603 0.31331897
vt 0.80797797 0.29861403
vt 0.85002798 0.29411304
vt 0.83747703 0.27680099
vt 0.91410100 0.88673902
vt 0.93186700 0.87237799
vt 0.93330002 0.91475600
vt 0.95239598 0.90315199
vt 0.87960303 0.27968800
vt 0.87117100 0.25920796
vt 0.58920199 0.99277103
vt 0.91234601 0.26739901
vt 0.56751800 0.98988998
vt 0.90818298 0.24600697
vt 0.94775701 0.94709402
vt 0.96925700 0.93863201
vt 0.91946101 0.63781703
vt 0.95889300 0.98180300
vt 0.91643697 0.66139102
vt 0.98188698 0.97660297
vt 0.59665602 0.95520401
vt 0.57554102 0.94879901
vt 0.60874701 0.91896600
vt 0.58928502 0.90952802
vt 0.88611901 0.62997502
vt 0.87869102 0.65250897
vt 0.85493797 0.61802900
vt 0.84362799 0.63709903
vt 0.62586403 0.88840503
vt 0.60972297 0.87569302
vt 0.64927298 0.86258900
vt 0.63566101 0.84667599
vt 0.82600099 0.59958601
vt 0.81268197 0.61763901
vt 0.80140501 0.57719100
vt 0.78633302 0.59305799
vt 0.67548800 0.84355098
vt 0.66481298 0.82531399
vt 0.70320702 0.82855898
vt 0.69616401 0.80859798
vt 0.78340101 0.55087000
vt 0.76483703 0.56224900
vt 0.76907301 0.51932502
vt 0.74933898 0.52828598
vt 0.73536700 0.82048702
vt 0.73147100 0.79955202
vt 0.76707500 0.81850398
vt 0.76720101 0.79665500
vt 0.73650098 0.45780200
vt 0.75850803 0.45779204
vt 0.76096201 0.42427999
vt 0.73939103 0.42166501
vt 0.76084101 0.48861802
vt 0.73978001 0.49336696
vt 0.80107498 0.82160002
vt 0.80524302 0.79993600
vt 0.86539400 0.39107597
vt 0.88494098 0.38650101
vt 0.86374098 0.41070497
vt 0.88455099 0.40805900
vt 0.90554398 0.38278401
vt 0.70244902 0.99780202
vt 0.92713201 0.37957501
vt 0.90602899 0.40516400
vt 0.72544497 0.99827302
vt 0.92822200 0.40260696
vt 0.70218903 0.97475302
vt 0.70372301 0.95233101
vt 0.72527403 0.97507501
vt 0.72555500 0.95226800
vt 0.70576602 0.93079901
vt 0.72605801 0.92940301
vt 0.86241502 0.43073702
vt 0.88433897 0.42950296
vt 0.86173803 0.45210600
vt 0.88388598 0.45100999
vt 0.90643001 0.42721999
vt 0.74801201 0.99862999
vt 0.92878503 0.42522597
vt 0.90648502 0.44960201
vt 0.77092701 0.99862999
vt 0.92900503 0.44823003
vt 0.74747002 0.97545803
vt 0.74716598 0.95213801
vt 0.76985300 0.97552103
vt 0.76887798 0.95189101
vt 0.74645901 0.92833400
vt 0.76795202 0.92784399
vt 0.86199600 0.47319901
vt 0.88428801 0.47250998
vt 0.86326700 0.49372697
vt 0.88425702 0.49424201
vt 0.90649903 0.47206801
vt 0.79392302 0.99821001
vt 0.92900503 0.47136801
vt 0.90633500 0.49513102
vt 0.81725198 0.99732703
vt 0.92882299 0.49490899
vt 0.79239702 0.97541499
vt 0.79087597 0.95226097
vt 0.81531101 0.97495699
vt 0.81301099 0.95256501
vt 0.78978401 0.92883998
vt 0.81090802 0.93005103
vt 0.86492401 0.51418900
vt 0.88464898 0.51641101
vt 0.90595299 0.51870000
vt 0.84119201 0.99580902
vt 0.92842400 0.51911199
vt 0.83910602 0.97363400
vt 0.83543003 0.95236701
vt 0.83161402 0.93182999
vt 0.68870598 0.32656699
vt 0.70214897 0.32453501
vt 0.69690102 0.27484000
vt 0.68535000 0.28043401
vt 0.68860698 0.23037100
vt 0.67508298 0.23535097
vt 0.71036398 0.27368200
vt 0.70008302 0.22525501
vt 0.71520001 0.32214904
vt 0.67127699 0.41492599
vt 0.68365002 0.41930401
vt 0.69736099 0.37231696
vt 0.68448102 0.37080699
vt 0.70747697 0.37478101
vt 0.69532502 0.42275202
vt 0.47075701 0.82417500
vt 0.47176600 0.83822697
vt 0.51917601 0.83712697
vt 0.51691300 0.82338399
vt 0.56370300 0.82445198
vt 0.56028199 0.81225300
vt 0.52300400 0.84727198
vt 0.57003802 0.83250201
vt 0.47364199 0.85125202
vt 0.66562098 0.18252397
vt 0.65546900 0.19142902
vt 0.63693899 0.14503098
vt 0.62855703 0.15648699
vt 0.67611998 0.17723703
vt 0.64500999 0.13438702
vt 0.60520798 0.80233198
vt 0.60150802 0.79202300
vt 0.64626700 0.77377099
vt 0.63467002 0.76353800
vt 0.61422199 0.81330502
vt 0.65183598 0.78281999
vt 0.60178000 0.11277199
vt 0.59283900 0.12450498
vt 0.55915499 0.08865702
vt 0.55185997 0.10077298
vt 0.60580701 0.10227597
vt 0.56185800 0.07626700
vt 0.67700398 0.73451400
vt 0.66525197 0.72858900
vt 0.70063001 0.68830901
vt 0.69096500 0.68400300
vt 0.68697900 0.74362701
vt 0.71124101 0.69512397
vt 0.51069200 0.07250398
vt 0.50645900 0.08589298
vt 0.20758501 0.58460301
vt 0.46233699 0.06764299
vt 0.22007000 0.58670002
vt 0.45935100 0.07998502
vt 0.51358998 0.06261498
vt 0.19295400 0.58767301
vt 0.46029401 0.05277503
vt 0.71830398 0.63808602
vt 0.70527202 0.63538998
vt 0.45932701 0.58329499
vt 0.72029197 0.58732998
vt 0.46128300 0.57096702
vt 0.70816499 0.58460301
vt 0.72880399 0.64312100
vt 0.46231401 0.59809601
vt 0.73525000 0.58571398
vt 0.21588001 0.63691998
vt 0.22904301 0.63225502
vt 0.23320700 0.68599999
vt 0.24636900 0.68053401
vt 0.20201300 0.63889402
vt 0.22421700 0.68705201
vt 0.51138902 0.57587802
vt 0.50890601 0.56164002
vt 0.55948299 0.55741900
vt 0.55376297 0.54523402
vt 0.51634997 0.58676499
vt 0.56142402 0.56568497
vt 0.26018500 0.72894800
vt 0.26918501 0.72004199
vt 0.29296800 0.76448703
vt 0.30311099 0.75355601
vt 0.24991900 0.73346800
vt 0.28347701 0.77422500
vt 0.59745598 0.53010499
vt 0.59160101 0.51939100
vt 0.63019502 0.49993199
vt 0.62262201 0.49025601
vt 0.60633099 0.53957099
vt 0.64074498 0.50618601
vt 0.32827699 0.79310203
vt 0.33754200 0.78312802
vt 0.37379301 0.81894600
vt 0.37868199 0.80631697
vt 0.32468799 0.80341601
vt 0.36706099 0.82900900
vt 0.66128898 0.46023101
vt 0.64918399 0.45595002
vt 0.67143601 0.46881402
vt 0.42243499 0.83258998
vt 0.42544001 0.81988603
vt 0.42003801 0.84315598
vt 0.39205700 0.77109802
vt 0.84739602 0.79282099
vt 0.43078300 0.78317600
vt 0.80724198 0.78241003
vt 0.47047201 0.78900301
vt 0.76633400 0.77867103
vt 0.42907000 0.79416698
vt 0.47099099 0.79931498
vt 0.38867801 0.78138101
vt 0.59423500 0.46422601
vt 0.77086997 0.31361902
vt 0.61746502 0.43419802
vt 0.74817598 0.34537101
vt 0.63618499 0.40083396
vt 0.73044997 0.38032401
vt 0.62805402 0.44115603
vt 0.64695102 0.40575099
vt 0.60376602 0.47292000
vt 0.32580900 0.72907603
vt 0.91767597 0.83186102
vt 0.35677600 0.75273001
vt 0.88454401 0.80946797
vt 0.35197300 0.76144898
vt 0.31958601 0.73633403
vt 0.53611702 0.51129502
vt 0.82780802 0.26206601
vt 0.56779802 0.49065101
vt 0.79684502 0.28530800
vt 0.57546598 0.50011700
vt 0.54229599 0.52113903
vt 0.28004301 0.66438401
vt 0.96839303 0.89495701
vt 0.30036801 0.69896400
vt 0.94554198 0.86104703
vt 0.29225600 0.70519799
vt 0.27042001 0.66842097
vt 0.45854601 0.53583997
vt 0.55087399 0.98786002
vt 0.67297399 0.58506298
vt 0.90442902 0.22973597
vt 0.49947700 0.52727503
vt 0.86395502 0.24311900
vt 0.50283802 0.53765798
vt 0.45929900 0.54550302
vt 0.68267399 0.58495301
vt 0.25848201 0.58473003
vt 0.45854601 0.11857998
vt 0.91314799 0.67835200
vt 0.99863100 0.97334599
vt 0.26547500 0.62556201
vt 0.98650599 0.93303001
vt 0.25536200 0.62779802
vt 0.24892101 0.58476502
vt 0.45927501 0.10901302
vt 0.57359099 0.90277201
vt 0.65755701 0.66964102
vt 0.55868602 0.94441599
vt 0.66928601 0.62799603
vt 0.67987698 0.62928599
vt 0.66688901 0.67284501
vt 0.53581297 0.13596499
vt 0.83608502 0.65337402
vt 0.49840099 0.12330699
vt 0.87316298 0.66904002
vt 0.50134200 0.11250800
vt 0.54098701 0.12574500
vt 0.61112100 0.73749602
vt 0.62335998 0.83474898
vt 0.59528100 0.86581701
vt 0.63792902 0.70668399
vt 0.64609802 0.71189898
vt 0.61822897 0.74486601
vt 0.59968001 0.18222600
vt 0.77212501 0.60394901
vt 0.57014799 0.15584898
vt 0.80171400 0.63175100
vt 0.57693201 0.14732999
vt 0.60838199 0.17422801
vt 0.54511797 0.77732497
vt 0.69024700 0.79248399
vt 0.58002901 0.76105201
vt 0.65513700 0.81044298
vt 0.58630699 0.77024299
vt 0.54999799 0.78821999
vt 0.63863403 0.25084603
vt 0.73195499 0.53385401
vt 0.62314898 0.21417797
vt 0.74868202 0.57090199
vt 0.63311499 0.20830601
vt 0.65009701 0.24672198
vt 0.50898898 0.78655899
vt 0.72699898 0.78220499
vt 0.51178300 0.79766297
vt 0.64619899 0.36431503
vt 0.72144699 0.41808498
vt 0.65123802 0.32429600
vt 0.71670097 0.45917702
vt 0.65866202 0.36698902
vt 0.66325003 0.32642400
vt 0.64822799 0.28803098
vt 0.72098398 0.49617600
vt 0.65999299 0.28617597
vt 0.70736301 0.22113198
vt 0.68418998 0.17298996
vt 0.65227300 0.13026702
vt 0.68952501 0.16972697
vt 0.65698802 0.12628996
vt 0.71288401 0.21844000
vt 0.57187402 0.84287399
vt 0.61863601 0.82031298
vt 0.66103601 0.78933400
vt 0.62260997 0.82511801
vt 0.66518199 0.79297602
vt 0.57424700 0.84828502
vt 0.61282498 0.09549803
vt 0.56670302 0.06985098
vt 0.61647201 0.09100199
vt 0.56882501 0.06430298
vt 0.69499600 0.74930298
vt 0.72124499 0.70069802
vt 0.70028597 0.75246900
vt 0.72674102 0.70293099
vt 0.51592398 0.05301601
vt 0.18514299 0.58625197
vt 0.46233699 0.04507798
vt 0.51730502 0.04693502
vt 0.18028900 0.58615601
vt 0.46275201 0.04024202
vt 0.73857599 0.64508700
vt 0.46334699 0.60847199
vt 0.74568599 0.58544898
vt 0.74323899 0.64557701
vt 0.46408200 0.61247700
vt 0.74974197 0.58502400
vt 0.19455200 0.64111602
vt 0.21422200 0.69189399
vt 0.18987100 0.64143902
vt 0.20914300 0.69448602
vt 0.51908302 0.59560502
vt 0.56817597 0.57449400
vt 0.52077299 0.60111499
vt 0.57069498 0.58010799
vt 0.24213600 0.73969603
vt 0.27744600 0.77903402
vt 0.23733900 0.74305600
vt 0.27288800 0.78372699
vt 0.61121899 0.54719901
vt 0.64737499 0.51263499
vt 0.61465800 0.55234998
vt 0.65276599 0.51715100
vt 0.31853601 0.81141698
vt 0.36453900 0.83652699
vt 0.31511000 0.81654698
vt 0.36289200 0.84161401
vt 0.67876297 0.47250497
vt 0.70263499 0.42571801
vt 0.68421799 0.47574699
vt 0.70839298 0.42793101
vt 0.41773099 0.85173398
vt 0.47129300 0.85873699
vt 0.41662499 0.85747802
vt 0.47106799 0.86473799
vt 0.72352999 0.32372999
vt 0.72004098 0.27152598
vt 0.72612202 0.27035904
vt 0.73012501 0.32375401
vt 0.71735400 0.37622201
vt 0.72352397 0.37703097
vt 0.52305299 0.85642999
vt 0.52382600 0.86161703
vt 0.14866000 0.60331202
vt 0.73029399 0.70487499
vt 0.09440900 0.63081700
vt 0.74665099 0.64619499
vt 0.03576800 0.64851302
vt 0.28164601 0.00190902
vt 0.46412200 0.61469501
vt 0.75195700 0.58513302
vt 0.03326700 0.63955200
vt 0.27828199 0.01061100
vt 0.03291800 0.63793600
vt 0.27788201 0.01222700
vt 0.33094400 0.03285801
vt 0.33277899 0.02995801
vt 0.19101299 0.56607002
vt 0.18912500 0.56390899
vt 0.14532700 0.59780997
vt 0.14669000 0.60005999
vt 0.03615400 0.00194001
vt 0.17771900 0.58606601
vt 0.28053099 0.64652300
vt 0.46301401 0.03767300
vt 0.09031800 0.02001798
vt 0.18696199 0.64208800
vt 0.14104800 0.04760897
vt 0.20446900 0.69717598
vt 0.13870500 0.05094802
vt 0.13717000 0.05313599
vt 0.18169600 0.08638203
vt 0.18337500 0.08449101
vt 0.33095399 0.62419802
vt 0.32999200 0.62199098
vt 0.03337400 0.00973499
vt 0.27832100 0.63889098
vt 0.03448700 0.00661498
vt 0.27920601 0.64194602
vt 0.33589101 0.02279502
vt 0.52115601 0.60452199
vt 0.38358101 0.05073500
vt 0.57225001 0.58401501
vt 0.38158199 0.05371797
vt 0.38072401 0.05500001
vt 0.42107901 0.08867198
vt 0.42198601 0.08779901
vt 0.09315100 0.62674600
vt 0.09226500 0.62387902
vt 0.03367800 0.64108598
vt 0.27882299 0.00911301
vt 0.03455200 0.64419198
vt 0.28000301 0.00610101
vt 0.18604501 0.08148301
vt 0.23293300 0.74599397
vt 0.22413000 0.12139601
vt 0.26959300 0.78728998
vt 0.22083101 0.12388301
vt 0.21878099 0.12542802
vt 0.24871799 0.16958296
vt 0.25086099 0.16847199
vt 0.33456999 0.02600503
vt 0.33385900 0.02773303
vt 0.42434800 0.08552200
vt 0.61714798 0.55553800
vt 0.45906901 0.12521100
vt 0.65574503 0.52008402
vt 0.26751301 0.22040796
vt 0.26415601 0.22145402
vt 0.27763599 0.27535099
vt 0.28124899 0.27460003
vt 0.37715200 0.06031799
vt 0.37909701 0.05742502
vt 0.25458899 0.16653901
vt 0.31198001 0.82122600
vt 0.27659401 0.21745002
vt 0.36138099 0.84554100
vt 0.27246499 0.21880102
vt 0.26979101 0.21967602
vt 0.28388900 0.27414203
vt 0.28613701 0.27379203
vt 0.18013200 0.08811098
vt 0.17741799 0.09101498
vt 0.21392000 0.12910300
vt 0.21680100 0.12692201
vt 0.48836401 0.16928601
vt 0.68832898 0.47835696
vt 0.50855601 0.21898001
vt 0.71215200 0.43006504
vt 0.28886801 0.32948601
vt 0.29130399 0.32942104
vt 0.45505899 0.12774700
vt 0.45633000 0.12694299
vt 0.29011899 0.27317297
vt 0.41573599 0.86267102
vt 0.29541099 0.32931101
vt 0.47129601 0.86932498
vt 0.52362502 0.32569200
vt 0.52164000 0.32570302
vt 0.51796800 0.37885499
vt 0.51940799 0.37909001
vt 0.52716500 0.32567203
vt 0.73405302 0.32353997
vt 0.52249002 0.37959200
vt 0.73049903 0.26981401
vt 0.51126999 0.43316698
vt 0.71655101 0.21719003
vt 0.50768298 0.43183500
vt 0.50539201 0.43098402
vt 0.48469901 0.48033100
vt 0.48693499 0.48162997
vt 0.51438200 0.27284503
vt 0.51168603 0.27333403
vt 0.51644099 0.32558596
vt 0.51934201 0.32568598
vt 0.52190602 0.27133703
vt 0.72728300 0.37785000
vt 0.50556302 0.21999502
vt 0.50399798 0.22052598
vt 0.51638198 0.27245498
vt 0.51849002 0.27202797
vt 0.29258299 0.38303900
vt 0.52465600 0.86563897
vt 0.27983299 0.43469596
vt 0.57635403 0.85241097
vt 0.27564499 0.43335998
vt 0.27281401 0.43245697
vt 0.25292400 0.48096299
vt 0.25558099 0.48230201
vt 0.28499499 0.38199800
vt 0.28795999 0.38240504
vt 0.49032301 0.48359799
vt 0.69335598 0.16762799
vt 0.46073300 0.52942502
vt 0.66043198 0.12342203
vt 0.22367400 0.52400202
vt 0.22146200 0.52220398
vt 0.18593000 0.56040400
vt 0.18780300 0.56242299
vt 0.51558602 0.37851298
vt 0.51259899 0.37821400
vt 0.50031799 0.42928398
vt 0.50332600 0.43025398
vt 0.25942600 0.48424196
vt 0.62497401 0.82901400
vt 0.23046800 0.52981800
vt 0.66802299 0.79590702
vt 0.22732501 0.52711701
vt 0.22507501 0.52518302
vt 0.42425600 0.56968802
vt 0.61888701 0.08746302
vt 0.38049001 0.60260499
vt 0.57062298 0.06022400
vt 0.42123500 0.56672198
vt 0.41916999 0.56469399
vt 0.37641299 0.59697300
vt 0.37804401 0.59922600
vt 0.45760599 0.52702701
vt 0.45557499 0.52547002
vt 0.19380400 0.56926697
vt 0.70361698 0.75493199
vt 0.14446700 0.59635800
vt 0.14317800 0.59406501
vt 0.09023400 0.61913300
vt 0.09162500 0.62210202
vt 0.25105199 0.48004699
vt 0.24800199 0.47863799
vt 0.33249101 0.62772799
vt 0.51877499 0.04263401
vt 0.03273700 0.01175499
vt 0.27775499 0.63693398
vt 0.03233700 0.01399398
vt 0.27715299 0.63483697
vt 0.08555400 0.03250200
vt 0.08680600 0.02919102
vt 0.24795400 0.42347896
vt 0.23655300 0.41910100
vt 0.21912900 0.46253502
vt 0.22970299 0.46849298
vt 0.19321200 0.50228500
vt 0.20331000 0.51004201
vt 0.20609701 0.45601600
vt 0.18209200 0.49357301
vt 0.22338600 0.41462100
vt 0.43488199 0.50871599
vt 0.42501101 0.50148100
vt 0.39347199 0.53615201
vt 0.40214100 0.54458302
vt 0.35613099 0.56536502
vt 0.36252001 0.57506698
vt 0.38409799 0.52585602
vt 0.34894401 0.55372602
vt 0.41422600 0.49281204
vt 0.16286001 0.53670597
vt 0.17121001 0.54575300
vt 0.12351000 0.56616998
vt 0.13064399 0.57621402
vt 0.15227100 0.52725399
vt 0.11525200 0.55459398
vt 0.31484100 0.58756298
vt 0.31959799 0.59852201
vt 0.02519700 0.04642403
vt 0.26952901 0.60298300
vt 0.02773200 0.03465801
vt 0.27228901 0.61453700
vt 0.30944800 0.57466698
vt 0.02231900 0.06003100
vt 0.26626900 0.58964902
vt 0.07617100 0.58884901
vt 0.08125800 0.59990197
vt 0.02495700 0.60537100
vt 0.27056000 0.04516900
vt 0.02754800 0.61715502
vt 0.27342501 0.03335899
vt 0.07052500 0.57620198
vt 0.02181400 0.59183300
vt 0.26740199 0.05882400
vt 0.07229600 0.06278700
vt 0.07699000 0.05175501
vt 0.11647000 0.08611202
vt 0.12253800 0.07564598
vt 0.06645100 0.07570499
vt 0.10838900 0.09763300
vt 0.31723201 0.06333297
vt 0.32217100 0.05222303
vt 0.35842100 0.08764797
vt 0.36510801 0.07762700
vt 0.31138000 0.07639802
vt 0.35135999 0.09961098
vt 0.15530001 0.11494601
vt 0.16388400 0.10599798
vt 0.18737100 0.15000498
vt 0.19709700 0.14242202
vt 0.14513600 0.12466097
vt 0.17641400 0.15855300
vt 0.39478400 0.11729902
vt 0.40320200 0.10806698
vt 0.42456901 0.15197897
vt 0.43439499 0.14475203
vt 0.38493401 0.12747699
vt 0.41367501 0.16033196
vt 0.21318600 0.18819702
vt 0.22427200 0.18273801
vt 0.23265800 0.23146498
vt 0.24425000 0.22766602
vt 0.20053600 0.19505101
vt 0.21934600 0.23641002
vt 0.44921201 0.19019300
vt 0.45979899 0.18457997
vt 0.46760100 0.23286200
vt 0.47884101 0.22842699
vt 0.43702099 0.19701499
vt 0.45496601 0.23743999
vt 0.24469000 0.27980697
vt 0.25663501 0.27829897
vt 0.24984100 0.32844400
vt 0.26261699 0.32850003
vt 0.23045801 0.28204900
vt 0.23526400 0.32748199
vt 0.49632201 0.32605398
vt 0.48429000 0.32608604
vt 0.48104501 0.37250000
vt 0.49247700 0.37456000
vt 0.46923900 0.41822600
vt 0.48059100 0.42244899
vt 0.46698701 0.36983097
vt 0.45592400 0.41376501
vt 0.47030401 0.32611704
vt 0.48005000 0.27881098
vt 0.49163201 0.27701604
vt 0.46652099 0.28105903
vt 0.24690300 0.37474203
vt 0.25933000 0.37770903
vt 0.23286100 0.37161398
vt 0.45054701 0.46204996
vt 0.46122399 0.46765602
vt 0.43871000 0.45513099
vt 0.38573501 0.18112803
vt 0.37170401 0.19158298
vt 0.39179301 0.22207403
vt 0.40729401 0.21350199
vt 0.40569201 0.25416303
vt 0.42285401 0.24836200
vt 0.37792799 0.22882098
vt 0.39106300 0.25884902
vt 0.35994700 0.20118499
vt 0.18449900 0.24925303
vt 0.16595200 0.25584102
vt 0.17446201 0.29159701
vt 0.19348300 0.28806901
vt 0.17683600 0.32910001
vt 0.19747201 0.32777202
vt 0.15834799 0.29490900
vt 0.16027901 0.32951099
vt 0.15045300 0.26165700
vt 0.43432000 0.32511199
vt 0.41497400 0.32481599
vt 0.41261601 0.36042202
vt 0.43144301 0.36336201
vt 0.40521401 0.39482099
vt 0.42298800 0.40111804
vt 0.39681801 0.35750699
vt 0.38997400 0.38963401
vt 0.39909500 0.32499999
vt 0.41306999 0.28898299
vt 0.43117201 0.28644300
vt 0.39689401 0.29100001
vt 0.17534301 0.36457002
vt 0.19569699 0.36624801
vt 0.17084800 0.39889002
vt 0.18902200 0.40388000
vt 0.15983599 0.36177003
vt 0.15519400 0.39373899
vt 0.39217600 0.42775798
vt 0.40794000 0.43705499
vt 0.37337899 0.45830202
vt 0.38750699 0.47005600
vt 0.37838101 0.42069799
vt 0.36056101 0.44851196
vt 0.15821800 0.43163204
vt 0.17400301 0.44016200
vt 0.13820200 0.46240902
vt 0.15282500 0.47329199
vt 0.14346001 0.42418897
vt 0.12551799 0.45316398
vt 0.34894201 0.48553199
vt 0.36113399 0.49917996
vt 0.32069501 0.50802398
vt 0.32989299 0.52362102
vt 0.33880201 0.47317600
vt 0.31181401 0.49503201
vt 0.11410300 0.48955601
vt 0.12727900 0.50241798
vt 0.08391100 0.51129901
vt 0.09472300 0.52575397
vt 0.10281300 0.47808802
vt 0.07417300 0.49851596
vt 0.28794900 0.52553397
vt 0.29495499 0.54261202
vt 0.00857800 0.11567402
vt 0.25330400 0.53458399
vt 0.01352700 0.09666401
vt 0.25784799 0.55342400
vt 0.28189501 0.51103199
vt 0.00501000 0.13111198
vt 0.24898900 0.51948100
vt 0.04789000 0.52907699
vt 0.05576800 0.54517400
vt 0.00859200 0.53827000
vt 0.25399601 0.11277902
vt 0.01341500 0.55654800
vt 0.25867900 0.09436399
vt 0.04049300 0.51346803
vt 0.00441800 0.52351302
vt 0.25027901 0.12764502
vt 0.04453200 0.12567198
vt 0.05175400 0.10836303
vt 0.07698800 0.14383602
vt 0.08813300 0.12793899
vt 0.03839400 0.14106202
vt 0.06864600 0.15662700
vt 0.28958800 0.12485600
vt 0.29740399 0.10836601
vt 0.32174599 0.14368701
vt 0.33183399 0.12868899
vt 0.28295201 0.13955802
vt 0.31314999 0.15636802
vt 0.10812200 0.16660398
vt 0.12085500 0.15170401
vt 0.13308100 0.19214702
vt 0.14806899 0.18035001
vt 0.09599200 0.17770600
vt 0.12021900 0.20180398
vt 0.34850499 0.16635299
vt 0.36133799 0.15295303
vt 0.33844599 0.17766500
vt 0.15201300 0.22282499
vt 0.16893899 0.21328497
vt 0.13689201 0.23056400
vt 0.30631399 0.16701698
vt 0.91971898 0.06476700
vt 0.32990101 0.18621200
vt 0.90428197 0.09065902
vt 0.35025501 0.20847702
vt 0.88486600 0.11345702
vt 0.89755899 0.08587700
vt 0.87866998 0.10826898
vt 0.91136700 0.06095600
vt 0.05434900 0.80731797
vt 0.10989300 0.20966202
vt 0.07889200 0.78860301
vt 0.12646499 0.23583198
vt 0.10697500 0.77553302
vt 0.13805000 0.26468396
vt 0.08339400 0.79673600
vt 0.11047700 0.78388900
vt 0.05974200 0.81395501
vt 0.36709100 0.23406303
vt 0.86115003 0.13252300
vt 0.37895399 0.26289904
vt 0.83358997 0.14678401
vt 0.85566700 0.12574601
vt 0.82974601 0.13842499
vt 0.13825700 0.76718599
vt 0.14474300 0.29648799
vt 0.14779501 0.32839501
vt 0.16997400 0.76390898
vt 0.13997500 0.77666700
vt 0.17026100 0.77355802
vt 0.38660800 0.32521600
vt 0.77185601 0.15715504
vt 0.38491201 0.35595596
vt 0.74114001 0.15543300
vt 0.37884599 0.38592303
vt 0.71134001 0.14849502
vt 0.74243802 0.14677203
vt 0.71474898 0.14029700
vt 0.77172399 0.14829600
vt 0.38524199 0.29334998
vt 0.80357701 0.15452600
vt 0.80111599 0.14626402
vt 0.14766701 0.35931504
vt 0.20066699 0.76470703
vt 0.14237300 0.38959199
vt 0.23053500 0.77129698
vt 0.19864900 0.77415699
vt 0.22613300 0.78051502
vt 0.36758000 0.41497701
vt 0.68307102 0.13522303
vt 0.35081300 0.44136798
vt 0.65805799 0.11630702
vt 0.68811703 0.12845898
vt 0.66406798 0.11056000
vt 0.13157199 0.41812003
vt 0.25814900 0.78389102
vt 0.11460400 0.44553804
vt 0.28315699 0.80400503
vt 0.25322899 0.79234499
vt 0.27708799 0.81043202
vt 0.33000100 0.46514201
vt 0.63716400 0.09240901
vt 0.30537900 0.48457503
vt 0.62221301 0.06462401
vt 0.64473301 0.08768499
vt 0.63077801 0.06102800
vt 0.09399400 0.46837401
vt 0.30251300 0.82777399
vt 0.06762800 0.48765099
vt 0.31672400 0.85707003
vt 0.29519501 0.83393902
vt 0.30842400 0.86142999
vt 0.27797401 0.49952400
vt 0.61362100 0.03432000
vt 0.00170500 0.14060801
vt 0.00260200 0.92346501
vt 0.24759500 0.50961000
vt 0.61123902 0.00210202
vt 0.62288100 0.03264600
vt 0.01055300 0.92396802
vt 0.61919200 0.00244099
vt 0.03590300 0.50263298
vt 0.32467201 0.89121199
vt 0.00170500 0.51266801
vt 0.24759500 0.13863897
vt 0.32624599 0.92675197
vt 0.93497199 0.00210202
vt 0.31586799 0.89367801
vt 0.31823200 0.92680001
vt 0.92696100 0.00214702
vt 0.00704000 0.89112300
vt 0.03258000 0.15150601
vt 0.01749500 0.85981798
vt 0.06176100 0.16706902
vt 0.01598700 0.89331001
vt 0.02518000 0.86435598
vt 0.27833000 0.15056503
vt 0.93043202 0.03443497
vt 0.92145300 0.03298700
vt 0.03374800 0.83124900
vt 0.08804700 0.18680400
vt 0.04082100 0.83701098
vt 0.64257699 0.05668998
vt 0.63522601 0.03045797
vt 0.02212300 0.92450702
vt 0.63077003 0.00277501
vt 0.65320098 0.02956903
vt 0.04030700 0.92520601
vt 0.64896101 0.00316900
vt 0.65979701 0.05594099
vt 0.29737300 0.86641699
vt 0.30499700 0.89656502
vt 0.30772099 0.92701298
vt 0.91644800 0.00239497
vt 0.28812501 0.89837301
vt 0.29091001 0.92701602
vt 0.89963502 0.00246698
vt 0.28240600 0.86894101
vt 0.02848000 0.89631999
vt 0.03639600 0.86882198
vt 0.04671200 0.89858800
vt 0.05363100 0.87234098
vt 0.91022301 0.03113198
vt 0.90132499 0.05684799
vt 0.89401197 0.02999997
vt 0.88598299 0.05459398
vt 0.05006000 0.84375399
vt 0.06713300 0.82192802
vt 0.06457700 0.84812802
vt 0.07512000 0.83017498
vt 0.88916802 0.08100301
vt 0.87228400 0.10168600
vt 0.87678200 0.07766199
vt 0.86563897 0.09512699
vt 0.09009700 0.80636799
vt 0.11462400 0.79382902
vt 0.09336500 0.82011402
vt 0.11741100 0.81172800
vt 0.85039598 0.11698800
vt 0.82616901 0.12823701
vt 0.84832001 0.10398602
vt 0.82549298 0.11257499
vt 0.14229900 0.78863102
vt 0.16983500 0.78506500
vt 0.14358801 0.80514902
vt 0.17012700 0.80281103
vt 0.77234799 0.13735902
vt 0.74554098 0.13563001
vt 0.71978003 0.12991101
vt 0.74708599 0.11944801
vt 0.72134602 0.11430597
vt 0.77286702 0.12101501
vt 0.79920501 0.13482702
vt 0.79938400 0.11862898
vt 0.19739901 0.78616202
vt 0.22297400 0.79259098
vt 0.19654600 0.80432099
vt 0.22142300 0.80866897
vt 0.69402200 0.11963403
vt 0.67178500 0.10395402
vt 0.69714999 0.10618800
vt 0.67981201 0.09578097
vt 0.24851000 0.80228698
vt 0.26977801 0.81852603
vt 0.24433400 0.81783998
vt 0.26279801 0.82672501
vt 0.65418100 0.08197200
vt 0.66921800 0.07859898
vt 0.28613201 0.84085900
vt 0.27268600 0.84431899
vt 0.85297400 0.08250898
vt 0.82791603 0.09215498
vt 0.86293298 0.05904901
vt 0.83403403 0.06369901
vt 0.86859000 0.03135598
vt 0.83886200 0.03342599
vt 0.26599899 0.92671603
vt 0.87472600 0.00228900
vt 0.23528500 0.92645001
vt 0.84401298 0.00221699
vt 0.26284701 0.89480001
vt 0.23368700 0.89171702
vt 0.25895101 0.86665702
vt 0.22835900 0.85891002
vt 0.25009099 0.83973998
vt 0.22405501 0.83223301
vt 0.80180502 0.09681499
vt 0.77368301 0.09881699
vt 0.80409300 0.06803298
vt 0.77327299 0.06966001
vt 0.80679703 0.03687501
vt 0.77340901 0.03712302
vt 0.20175700 0.92654997
vt 0.81048501 0.00258201
vt 0.16681400 0.92683399
vt 0.77553999 0.00320601
vt 0.20165500 0.89019799
vt 0.16876200 0.89044899
vt 0.20027301 0.85625601
vt 0.16958000 0.85435098
vt 0.19818200 0.82855499
vt 0.16916600 0.82686502
vt 0.74616802 0.09657502
vt 0.71717602 0.09274203
vt 0.74334502 0.06842101
vt 0.71301401 0.06509900
vt 0.74046201 0.03802502
vt 0.70860302 0.03487802
vt 0.13146500 0.92701602
vt 0.74017799 0.00376302
vt 0.09722000 0.92679000
vt 0.70591402 0.00393897
vt 0.13360500 0.89152002
vt 0.10234600 0.89425999
vt 0.13741000 0.85734499
vt 0.10742400 0.86230898
vt 0.14139800 0.82905698
vt 0.11315000 0.83428401
vt 0.69240201 0.08418101
vt 0.68452299 0.05847597
vt 0.67915601 0.03208899
vt 0.06600400 0.92613202
vt 0.67467803 0.00370002
vt 0.07168400 0.89710200
vt 0.07769200 0.86852002
vt 0.08741400 0.84168500
vt 0.16284899 0.16867298
vt 0.18568499 0.20368803
vt 0.20271000 0.24277902
vt 0.34187299 0.11326098
vt 0.37334901 0.13945901
vt 0.40029201 0.17037499
vt 0.09869200 0.11202902
vt 0.13355701 0.13730401
vt 0.01799800 0.57512099
vt 0.26331699 0.07563502
vt 0.30461100 0.09173799
vt 0.01832300 0.07726699
vt 0.26233599 0.57262897
vt 0.05984600 0.09130299
vt 0.10544700 0.54101098
vt 0.06350400 0.56123298
vt 0.33991900 0.53926402
vt 0.30263600 0.55936599
vt 0.16823199 0.48406500
vt 0.14019699 0.51524401
vt 0.40135199 0.48194504
vt 0.37290999 0.51356202
vt 0.20686901 0.40965599
vt 0.19073400 0.44853497
vt 0.44012001 0.40769303
vt 0.42414901 0.44633496
vt 0.21750300 0.32776499
vt 0.21536399 0.36902201
vt 0.43961799 0.24284399
vt 0.44982600 0.28339899
vt 0.45317701 0.32527602
vt 0.45006499 0.36667097
vt 0.21294500 0.28485203
vt 0.42275599 0.20497298
vt 0.49132401 0.42634100
vt 0.47147301 0.47310400
vt 0.47943699 0.47782004
vt 0.44365501 0.51600802
vt 0.45113000 0.52203798
vt 0.28308401 0.32941300
vt 0.27381399 0.32915103
vt 0.27054501 0.37958199
vt 0.27950799 0.38134199
vt 0.25893700 0.42730796
vt 0.26773801 0.43078399
vt 0.49886999 0.22226799
vt 0.49010399 0.22523499
vt 0.50278997 0.27483797
vt 0.50732899 0.32570302
vt 0.50358802 0.37693596
vt 0.25565699 0.22380698
vt 0.26826099 0.27690101
vt 0.45041400 0.13114297
vt 0.44297200 0.13715601
vt 0.47000000 0.17910200
vt 0.47789800 0.17473501
vt 0.20664300 0.13531101
vt 0.23455000 0.17672098
vt 0.24290100 0.17269599
vt 0.37154299 0.06792498
vt 0.41073599 0.10001498
vt 0.41683000 0.09299803
vt 0.13373300 0.05807298
vt 0.12878799 0.06599903
vt 0.17147200 0.09797698
vt 0.03071400 0.62939602
vt 0.27602199 0.02089900
vt 0.32660699 0.04140502
vt 0.03048700 0.02297503
vt 0.27487901 0.62608302
vt 0.08147200 0.04124403
vt 0.13752300 0.58605999
vt 0.08586000 0.61045402
vt 0.37351400 0.59274000
vt 0.36874300 0.58485001
vt 0.32405800 0.60864401
vt 0.32788199 0.61672902
vt 0.21349300 0.51668501
vt 0.17896000 0.55399001
vt 0.40917400 0.55454803
vt 0.41521800 0.56068099
vt 0.23959400 0.47443801
vt 0.38362899 0.79328501
vt 0.42752999 0.80612898
vt 0.47193700 0.81115502
vt 0.61206597 0.48078299
vt 0.63795602 0.44687498
vt 0.65921098 0.40912604
vt 0.31181800 0.74521297
vt 0.34594101 0.77053201
vt 0.54777902 0.53254402
vt 0.58371598 0.50969201
vt 0.25833699 0.67322302
vt 0.28180200 0.71327001
vt 0.45980501 0.55523199
vt 0.69242299 0.58514398
vt 0.50660098 0.54903197
vt 0.23751099 0.58530200
vt 0.45957199 0.09754997
vt 0.24406999 0.63089198
vt 0.67866302 0.67779702
vt 0.69204402 0.63222897
vt 0.54826999 0.11365300
vt 0.50430501 0.09991002
vt 0.62695497 0.75356501
vt 0.65516102 0.71855497
vt 0.61570299 0.16329002
vt 0.58269203 0.13779199
vt 0.55403900 0.80010998
vt 0.59338403 0.78050101
vt 0.66181099 0.24119198
vt 0.64332300 0.20089602
vt 0.51540202 0.80838698
vt 0.67105299 0.36852503
vt 0.67543000 0.32588196
vt 0.67095202 0.28219700
vt 0.41761300 0.56313902
vt 0.37521601 0.59527701
vt 0.08870100 0.02423799
vt 0.08755400 0.02723199
vt 0.48282900 0.47933996
vt 0.45383599 0.52413201
vt 0.32911801 0.61990303
vt 0.27076700 0.43179399
vt 0.28638801 0.32950801
vt 0.28250200 0.38167703
vt 0.48088101 0.17284501
vt 0.50179797 0.22127301
vt 0.48499000 0.17083299
vt 0.48319700 0.17165500
vt 0.41903400 0.09069198
vt 0.45293301 0.12918603
vt 0.24622400 0.17089701
vt 0.13586199 0.05500698
f 1/1 2/2 3/3
f 1/1 3/3 4/4
f 4/4 3/3 5/5
f 4/4 5/5 6/6
f 3/3 7/7 8/8
f 3/3 8/8 5/5
f 2/2 9/9 7/7
f 2/2 7/7 3/3
f 10/10 11/11 12/12
f 10/10 12/12 13/13
f 13/13 12/12 14/14
f 13/13 14/14 15/15
f 12/12 16/16 17/17
f 12/12 17/17 14/14
f 11/11 18/18 16/16
f 11/11 16/16 12/12
f 15/15 14/14 19/19
f 15/15 19/19 20/20
f 20/20 19/19 21/21
f 20/20 21/21 22/22
f 19/19 23/23 24/24
f 19/19 24/24 21/21
f 14/14 17/17 23/23
f 14/14 23/23 19/19
f 25/25 26/26 27/27
f 25/25 27/27 28/28
f 28/28 27/27 2/2
f 28/28 2/2 1/1
f 27/27 29/29 9/9
f 27/27 9/9 2/2
f 26/26 30/30 29/29
f 26/26 29/29 27/27
f 31/31 32/32 33/33
f 31/31 33/33 34/34
f 34/34 33/33 11/11
f 34/34 11/11 10/10
f 33/33 35/35 18/18
f 33/33 18/18 11/11
f 32/32 36/36 35/35
f 32/32 35/35 33/33
f 37/37 38/38 39/39
f 37/37 39/39 40/40
f 40/40 39/39 26/26
f 40/40 26/26 25/25
f 39/39 41/41 30/30
f 39/39 30/30 26/26
f 38/38 42/42 41/41
f 38/38 41/41 39/39
f 43/43 44/44 45/45
f 43/43 45/45 46/46
f 46/46 45/45 32/32
f 46/46 32/32 31/31
f 45/45 47/47 36/36
f 45/45 36/36 32/32
f 44/44 48/48 47/47
f 44/44 47/47 45/45
f 49/49 50/50 51/51
f 49/49 51/51 52/52
f 52/52 51/51 38/38
f 52/52 38/38 37/37
f 51/51 53/53 42/42
f 51/51 42/42 38/38
f 50/50 54/54 53/53
f 50/50 53/53 51/51
f 55/55 58/58 59/59
f 55/55 59/59 60/60
f 60/60 59/59 44/44
f 60/60 44/44 43/43
f 59/59 61/61 48/48
f 59/59 48/48 44/44
f 58/58 63/63 61/61
f 58/58 61/61 59/59
f 64/64 66/66 68/68
f 64/64 68/68 69/69
f 69/69 68/68 50/50
f 69/69 50/50 49/49
f 68/68 70/70 54/54
f 68/68 54/54 50/50
f 66/66 71/71 70/70
f 66/66 70/70 68/68
f 73/73 74/74 75/75
f 73/73 75/75 76/76
f 76/76 75/75 57/57
f 76/76 57/57 56/56
f 75/75 77/77 62/62
f 75/75 62/62 57/57
f 74/74 78/78 77/77
f 74/74 77/77 75/75
f 79/79 80/80 81/81
f 79/79 81/81 82/82
f 82/82 81/81 67/67
f 82/82 67/67 65/65
f 81/81 83/83 72/72
f 81/81 72/72 67/67
f 80/80 84/84 83/83
f 80/80 83/83 81/81
f 85/85 86/86 87/87
f 85/85 87/87 88/88
f 88/88 87/87 74/74
f 88/88 74/74 73/73
f 87/87 89/89 78/78
f 87/87 78/78 74/74
f 86/86 90/90 89/89
f 86/86 89/89 87/87
f 91/91 92/92 93/93
f 91/91 93/93 94/94
f 94/94 93/93 80/80
f 94/94 80/80 79/79
f 93/93 95/95 84/84
f 93/93 84/84 80/80
f 92/92 96/96 95/95
f 92/92 95/95 93/93
f 6/6 5/5 97/97
f 6/6 97/97 98/98
f 98/98 97/97 86/86
f 98/98 86/86 85/85
f 97/97 99/99 90/90
f 97/97 90/90 86/86
f 5/5 8/8 99/99
f 5/5 99/99 97/97
f 22/22 21/21 100/100
f 22/22 100/100 101/101
f 101/101 100/100 92/92
f 101/101 92/92 91/91
f 100/100 102/102 96/96
f 100/100 96/96 92/92
f 21/21 24/24 102/102
f 21/21 102/102 100/100
f 103/103 104/104 105/105
f 103/103 105/105 106/106
f 106/106 105/105 107/107
f 106/106 107/107 108/108
f 105/105 101/101 91/91
f 105/105 91/91 107/107
f 104/104 22/22 101/101
f 104/104 101/101 105/105
f 109/109 110/110 111/111
f 109/109 111/111 112/112
f 112/112 111/111 113/113
f 112/112 113/113 114/114
f 111/111 98/98 85/85
f 111/111 85/85 113/113
f 110/110 6/6 98/98
f 110/110 98/98 111/111
f 108/108 107/107 115/115
f 108/108 115/115 116/116
f 116/116 115/115 117/117
f 116/116 117/117 118/118
f 115/115 94/94 79/79
f 115/115 79/79 117/117
f 107/107 91/91 94/94
f 107/107 94/94 115/115
f 114/114 113/113 119/119
f 114/114 119/119 120/120
f 120/120 119/119 121/121
f 120/120 121/121 122/122
f 119/119 88/88 73/73
f 119/119 73/73 121/121
f 113/113 85/85 88/88
f 113/113 88/88 119/119
f 118/118 117/117 123/123
f 118/118 123/123 124/124
f 124/124 123/123 126/126
f 124/124 126/126 128/128
f 123/123 82/82 65/65
f 123/123 65/65 126/126
f 117/117 79/79 82/82
f 117/117 82/82 123/123
f 122/122 121/121 129/129
f 122/122 129/129 130/130
f 130/130 129/129 132/132
f 130/130 132/132 134/134
f 129/129 76/76 56/56
f 129/129 56/56 132/132
f 121/121 73/73 76/76
f 121/121 76/76 129/129
f 127/127 125/125 135/135
f 127/127 135/135 136/136
f 136/136 135/135 137/137
f 136/136 137/137 138/138
f 135/135 69/69 49/49
f 135/135 49/49 137/137
f 125/125 64/64 69/69
f 125/125 69/69 135/135
f 133/133 131/131 139/139
f 133/133 139/139 140/140
f 140/140 139/139 141/141
f 140/140 141/141 142/142
f 139/139 60/60 43/43
f 139/139 43/43 141/141
f 131/131 55/55 60/60
f 131/131 60/60 139/139
f 138/138 137/137 143/143
f 138/138 143/143 144/144
f 144/144 143/143 145/145
f 144/144 145/145 146/146
f 143/143 52/52 37/37
f 143/143 37/37 145/145
f 137/137 49/49 52/52
f 137/137 52/52 143/143
f 142/142 141/141 147/147
f 142/142 147/147 148/148
f 148/148 147/147 149/149
f 148/148 149/149 150/150
f 147/147 46/46 31/31
f 147/147 31/31 149/149
f 141/141 43/43 46/46
f 141/141 46/46 147/147
f 146/146 145/145 151/151
f 146/146 151/151 152/152
f 152/152 151/151 153/153
f 152/152 153/153 154/154
f 151/151 40/40 25/25
f 151/151 25/25 153/153
f 145/145 37/37 40/40
f 145/145 40/40 151/151
f 150/150 149/149 155/155
f 150/150 155/155 156/156
f 156/156 155/155 157/157
f 156/156 157/157 158/158
f 155/155 34/34 10/10
f 155/155 10/10 157/157
f 149/149 31/31 34/34
f 149/149 34/34 155/155
f 154/154 153/153 159/159
f 154/154 159/159 160/160
f 160/160 159/159 161/161
f 160/160 161/161 162/162
f 159/159 28/28 1/1
f 159/159 1/1 161/161
f 153/153 25/25 28/28
f 153/153 28/28 159/159
f 163/163 164/164 165/165
f 163/163 165/165 166/166
f 166/166 165/165 104/104
f 166/166 104/104 103/103
f 165/165 20/20 22/22
f 165/165 22/22 104/104
f 164/164 15/15 20/20
f 164/164 20/20 165/165
f 158/158 157/157 167/167
f 158/158 167/167 168/168
f 168/168 167/167 164/164
f 168/168 164/164 163/163
f 167/167 13/13 15/15
f 167/167 15/15 164/164
f 157/157 10/10 13/13
f 157/157 13/13 167/167
f 162/162 161/161 169/169
f 162/162 169/169 170/170
f 170/170 169/169 110/110
f 170/170 110/110 109/109
f 169/169 4/4 6/6
f 169/169 6/6 110/110
f 161/161 1/1 4/4
f 161/161 4/4 169/169
f 96/96 102/102 171/171
f 96/96 171/171 95/95
f 95/95 171/171 172/172
f 95/95 172/172 84/84
f 171/171 173/173 174/174
f 171/171 174/174 172/172
f 102/102 24/24 173/173
f 102/102 173/173 171/171
f 84/84 172/172 175/175
f 84/84 175/175 83/83
f 83/83 175/175 177/177
f 83/83 177/177 72/72
f 175/175 178/178 180/180
f 175/175 180/180 177/177
f 172/172 174/174 178/178
f 172/172 178/178 175/175
f 71/71 176/176 181/181
f 71/71 181/181 70/70
f 70/70 181/181 182/182
f 70/70 182/182 54/54
f 181/181 183/183 184/184
f 181/181 184/184 182/182
f 176/176 179/179 183/183
f 176/176 183/183 181/181
f 54/54 182/182 185/185
f 54/54 185/185 53/53
f 53/53 185/185 41/41
f 53/53 41/41 42/42
f 185/185 186/186 30/30
f 185/185 30/30 41/41
f 182/182 184/184 186/186
f 182/182 186/186 185/185
f 24/24 23/23 187/187
f 24/24 187/187 173/173
f 173/173 187/187 188/188
f 173/173 188/188 174/174
f 187/187 189/189 190/190
f 187/187 190/190 188/188
f 23/23 17/17 189/189
f 23/23 189/189 187/187
f 174/174 188/188 191/191
f 174/174 191/191 178/178
f 178/178 191/191 193/193
f 178/178 193/193 180/180
f 191/191 194/194 196/196
f 191/191 196/196 193/193
f 188/188 190/190 194/194
f 188/188 194/194 191/191
f 179/179 192/192 197/197
f 179/179 197/197 183/183
f 183/183 197/197 198/198
f 183/183 198/198 184/184
f 197/197 199/199 200/200
f 197/197 200/200 198/198
f 192/192 195/195 199/199
f 192/192 199/199 197/197
f 184/184 198/198 201/201
f 184/184 201/201 186/186
f 186/186 201/201 29/29
f 186/186 29/29 30/30
f 201/201 202/202 9/9
f 201/201 9/9 29/29
f 198/198 200/200 202/202
f 198/198 202/202 201/201
f 17/17 16/16 203/203
f 17/17 203/203 189/189
f 189/189 203/203 204/204
f 189/189 204/204 190/190
f 203/203 205/205 206/206
f 203/203 206/206 204/204
f 16/16 18/18 205/205
f 16/16 205/205 203/203
f 190/190 204/204 207/207
f 190/190 207/207 194/194
f 194/194 207/207 209/209
f 194/194 209/209 196/196
f 207/207 210/210 212/212
f 207/207 212/212 209/209
f 204/204 206/206 210/210
f 204/204 210/210 207/207
f 195/195 208/208 213/213
f 195/195 213/213 199/199
f 199/199 213/213 214/214
f 199/199 214/214 200/200
f 213/213 215/215 216/216
f 213/213 216/216 214/214
f 208/208 211/211 215/215
f 208/208 215/215 213/213
f 200/200 214/214 217/217
f 200/200 217/217 202/202
f 202/202 217/217 7/7
f 202/202 7/7 9/9
f 217/217 218/218 8/8
f 217/217 8/8 7/7
f 214/214 216/216 218/218
f 214/214 218/218 217/217
f 18/18 35/35 219/219
f 18/18 219/219 205/205
f 205/205 219/219 220/220
f 205/205 220/220 206/206
f 219/219 47/47 48/48
f 219/219 48/48 220/220
f 35/35 36/36 47/47
f 35/35 47/47 219/219
f 206/206 220/220 221/221
f 206/206 221/221 210/210
f 210/210 221/221 223/223
f 210/210 223/223 212/212
f 221/221 61/61 63/63
f 221/221 63/63 223/223
f 220/220 48/48 61/61
f 220/220 61/61 221/221
f 211/211 222/222 224/224
f 211/211 224/224 215/215
f 215/215 224/224 225/225
f 215/215 225/225 216/216
f 224/224 77/77 78/78
f 224/224 78/78 225/225
f 222/222 62/62 77/77
f 222/222 77/77 224/224
f 216/216 225/225 226/226
f 216/216 226/226 218/218
f 218/218 226/226 99/99
f 218/218 99/99 8/8
f 226/226 89/89 90/90
f 226/226 90/90 99/99
f 225/225 78/78 89/89
f 225/225 89/89 226/226
f 227/227 228/228 229/229
f 227/227 229/229 230/230
f 230/230 229/229 231/231
f 230/230 231/231 232/232
f 229/229 233/233 234/234
f 229/229 234/234 231/231
f 228/228 235/235 233/233
f 228/228 233/233 229/229
f 236/236 237/237 238/238
f 236/236 238/238 239/239
f 239/239 238/238 228/228
f 239/239 228/228 227/227
f 238/238 240/240 235/235
f 238/238 235/235 228/228
f 237/237 241/241 240/240
f 237/237 240/240 238/238
f 242/242 243/243 244/244
f 242/242 244/244 245/245
f 245/245 244/244 246/246
f 245/245 246/246 247/247
f 244/244 248/248 249/249
f 244/244 249/249 246/246
f 243/243 250/250 248/248
f 243/243 248/248 244/244
f 232/232 231/231 251/251
f 232/232 251/251 252/252
f 252/252 251/251 253/253
f 252/252 253/253 254/254
f 251/251 255/255 256/256
f 251/251 256/256 253/253
f 231/231 234/234 255/255
f 231/231 255/255 251/251
f 247/247 246/246 257/257
f 247/247 257/257 258/258
f 258/258 257/257 259/259
f 258/258 259/259 260/260
f 257/257 261/261 262/262
f 257/257 262/262 259/259
f 246/246 249/249 261/261
f 246/246 261/261 257/257
f 254/254 253/253 263/263
f 254/254 263/263 264/264
f 264/264 263/263 265/265
f 264/264 265/265 266/266
f 263/263 267/267 268/268
f 263/263 268/268 265/265
f 253/253 256/256 267/267
f 253/253 267/267 263/263
f 260/260 259/259 269/269
f 260/260 269/269 270/270
f 270/270 269/269 271/271
f 270/270 271/271 272/272
f 269/269 273/273 274/274
f 269/269 274/274 271/271
f 259/259 262/262 273/273
f 259/259 273/273 269/269
f 266/266 265/265 275/275
f 266/266 275/275 276/276
f 276/276 275/275 278/278
f 276/276 278/278 280/280
f 275/275 281/281 283/283
f 275/275 283/283 278/278
f 265/265 268/268 281/281
f 265/265 281/281 275/275
f 272/272 271/271 284/284
f 272/272 284/284 285/285
f 285/285 284/284 287/287
f 285/285 287/287 289/289
f 284/284 290/290 292/292
f 284/284 292/292 287/287
f 271/271 274/274 290/290
f 271/271 290/290 284/284
f 279/279 277/277 293/293
f 279/279 293/293 294/294
f 294/294 293/293 295/295
f 294/294 295/295 296/296
f 293/293 297/297 298/298
f 293/293 298/298 295/295
f 277/277 282/282 297/297
f 277/277 297/297 293/293
f 288/288 286/286 299/299
f 288/288 299/299 300/300
f 300/300 299/299 301/301
f 300/300 301/301 302/302
f 299/299 303/303 304/304
f 299/299 304/304 301/301
f 286/286 291/291 303/303
f 286/286 303/303 299/299
f 296/296 295/295 305/305
f 296/296 305/305 306/306
f 306/306 305/305 307/307
f 306/306 307/307 308/308
f 305/305 309/309 310/310
f 305/305 310/310 307/307
f 295/295 298/298 309/309
f 295/295 309/309 305/305
f 302/302 301/301 311/311
f 302/302 311/311 312/312
f 312/312 311/311 313/313
f 312/312 313/313 314/314
f 311/311 315/315 316/316
f 311/311 316/316 313/313
f 301/301 304/304 315/315
f 301/301 315/315 311/311
f 308/308 307/307 317/317
f 308/308 317/317 318/318
f 318/318 317/317 319/319
f 318/318 319/319 320/320
f 317/317 321/321 322/322
f 317/317 322/322 319/319
f 307/307 310/310 321/321
f 307/307 321/321 317/317
f 314/314 313/313 323/323
f 314/314 323/323 324/324
f 324/324 323/323 237/237
f 324/324 237/237 236/236
f 323/323 325/325 241/241
f 323/323 241/241 237/237
f 313/313 316/316 325/325
f 313/313 325/325 323/323
f 320/320 319/319 326/326
f 320/320 326/326 327/327
f 327/327 326/326 243/243
f 327/327 243/243 242/242
f 326/326 328/328 250/250
f 326/326 250/250 243/243
f 319/319 322/322 328/328
f 319/319 328/328 326/326
f 109/109 330/330 332/332
f 109/109 332/332 170/170
f 170/170 332/332 334/334
f 170/170 334/334 162/162
f 331/331 335/335 336/336
f 331/331 336/336 333/333
f 329/329 337/337 335/335
f 329/329 335/335 331/331
f 108/108 339/339 341/341
f 108/108 341/341 106/106
f 106/106 341/341 343/343
f 106/106 343/343 103/103
f 340/340 344/344 345/345
f 340/340 345/345 342/342
f 338/338 346/346 344/344
f 338/338 344/344 340/340
f 114/114 348/348 350/350
f 114/114 350/350 112/112
f 112/112 350/350 330/330
f 112/112 330/330 109/109
f 349/349 351/351 337/337
f 349/349 337/337 329/329
f 347/347 352/352 351/351
f 347/347 351/351 349/349
f 118/118 354/354 356/356
f 118/118 356/356 116/116
f 116/116 356/356 339/339
f 116/116 339/339 108/108
f 355/355 357/357 346/346
f 355/355 346/346 338/338
f 353/353 358/358 357/357
f 353/353 357/357 355/355
f 122/122 360/360 362/362
f 122/122 362/362 120/120
f 120/120 362/362 348/348
f 120/120 348/348 114/114
f 361/361 363/363 352/352
f 361/361 352/352 347/347
f 359/359 364/364 363/363
f 359/359 363/363 361/361
f 128/128 368/368 370/370
f 128/128 370/370 124/124
f 124/124 370/370 354/354
f 124/124 354/354 118/118
f 369/369 371/371 358/358
f 369/369 358/358 353/353
f 365/365 372/372 371/371
f 365/365 371/371 369/369
f 134/134 377/377 379/379
f 134/134 379/379 130/130
f 130/130 379/379 360/360
f 130/130 360/360 122/122
f 378/378 380/380 364/364
f 378/378 364/364 359/359
f 374/374 381/381 380/380
f 374/374 380/380 378/378
f 138/138 383/383 385/385
f 138/138 385/385 136/136
f 136/136 385/385 366/366
f 136/136 366/366 127/127
f 386/386 387/387 373/373
f 386/386 373/373 367/367
f 384/384 388/388 387/387
f 384/384 387/387 386/386
f 142/142 390/390 392/392
f 142/142 392/392 140/140
f 140/140 392/392 376/376
f 140/140 376/376 133/133
f 391/391 393/393 382/382
f 391/391 382/382 375/375
f 389/389 394/394 393/393
f 389/389 393/393 391/391
f 146/146 396/396 397/397
f 146/146 397/397 144/144
f 144/144 397/397 383/383
f 144/144 383/383 138/138
f 398/398 399/399 388/388
f 398/398 388/388 384/384
f 395/395 400/400 399/399
f 395/395 399/399 398/398
f 150/150 402/402 404/404
f 150/150 404/404 148/148
f 148/148 404/404 390/390
f 148/148 390/390 142/142
f 403/403 405/405 394/394
f 403/403 394/394 389/389
f 401/401 406/406 405/405
f 401/401 405/405 403/403
f 154/154 408/408 410/410
f 154/154 410/410 152/152
f 152/152 410/410 396/396
f 152/152 396/396 146/146
f 409/409 411/411 400/400
f 409/409 400/400 395/395
f 407/407 412/412 411/411
f 407/407 411/411 409/409
f 158/158 414/414 416/416
f 158/158 416/416 156/156
f 156/156 416/416 402/402
f 156/156 402/402 150/150
f 415/415 417/417 406/406
f 415/415 406/406 401/401
f 413/413 418/418 417/417
f 413/413 417/417 415/415
f 162/162 334/334 420/420
f 162/162 420/420 160/160
f 160/160 420/420 408/408
f 160/160 408/408 154/154
f 419/419 421/421 412/412
f 419/419 412/412 407/407
f 333/333 336/336 421/421
f 333/333 421/421 419/419
f 103/103 343/343 423/423
f 103/103 423/423 166/166
f 166/166 423/423 425/425
f 166/166 425/425 163/163
f 422/422 426/426 427/427
f 422/422 427/427 424/424
f 342/342 345/345 426/426
f 342/342 426/426 422/422
f 163/163 425/425 429/429
f 163/163 429/429 168/168
f 168/168 429/429 414/414
f 168/168 414/414 158/158
f 428/428 430/430 418/418
f 428/428 418/418 413/413
f 424/424 427/427 430/430
f 424/424 430/430 428/428
f 234/234 431/431 432/432
f 234/234 432/432 255/255
f 255/255 432/432 433/433
f 255/255 433/433 256/256
f 432/432 434/434 435/435
f 432/432 435/435 433/433
f 431/431 436/436 434/434
f 431/431 434/434 432/432
f 249/249 437/437 438/438
f 249/249 438/438 261/261
f 261/261 438/438 439/439
f 261/261 439/439 262/262
f 438/438 440/440 441/441
f 438/438 441/441 439/439
f 437/437 442/442 440/440
f 437/437 440/440 438/438
f 256/256 433/433 443/443
f 256/256 443/443 267/267
f 267/267 443/443 444/444
f 267/267 444/444 268/268
f 443/443 445/445 446/446
f 443/443 446/446 444/444
f 433/433 435/435 445/445
f 433/433 445/445 443/443
f 262/262 439/439 447/447
f 262/262 447/447 273/273
f 273/273 447/447 448/448
f 273/273 448/448 274/274
f 447/447 449/449 450/450
f 447/447 450/450 448/448
f 439/439 441/441 449/449
f 439/439 449/449 447/447
f 268/268 444/444 451/451
f 268/268 451/451 281/281
f 281/281 451/451 453/453
f 281/281 453/453 283/283
f 451/451 454/454 456/456
f 451/451 456/456 453/453
f 444/444 446/446 454/454
f 444/444 454/454 451/451
f 274/274 448/448 457/457
f 274/274 457/457 290/290
f 290/290 457/457 459/459
f 290/290 459/459 292/292
f 457/457 460/460 462/462
f 457/457 462/462 459/459
f 448/448 450/450 460/460
f 448/448 460/460 457/457
f 282/282 452/452 463/463
f 282/282 463/463 297/297
f 297/297 463/463 464/464
f 297/297 464/464 298/298
f 463/463 465/465 466/466
f 463/463 466/466 464/464
f 452/452 455/455 465/465
f 452/452 465/465 463/463
f 291/291 458/458 467/467
f 291/291 467/467 303/303
f 303/303 467/467 468/468
f 303/303 468/468 304/304
f 467/467 469/469 470/470
f 467/467 470/470 468/468
f 458/458 461/461 469/469
f 458/458 469/469 467/467
f 298/298 464/464 471/471
f 298/298 471/471 309/309
f 309/309 471/471 472/472
f 309/309 472/472 310/310
f 471/471 473/473 474/474
f 471/471 474/474 472/472
f 464/464 466/466 473/473
f 464/464 473/473 471/471
f 304/304 468/468 475/475
f 304/304 475/475 315/315
f 315/315 475/475 476/476
f 315/315 476/476 316/316
f 475/475 477/477 478/478
f 475/475 478/478 476/476
f 468/468 470/470 477/477
f 468/468 477/477 475/475
f 310/310 472/472 479/479
f 310/310 479/479 321/321
f 321/321 479/479 480/480
f 321/321 480/480 322/322
f 479/479 481/481 482/482
f 479/479 482/482 480/480
f 472/472 474/474 481/481
f 472/472 481/481 479/479
f 316/316 476/476 483/483
f 316/316 483/483 325/325
f 325/325 483/483 484/484
f 325/325 484/484 241/241
f 483/483 485/485 486/486
f 483/483 486/486 484/484
f 476/476 478/478 485/485
f 476/476 485/485 483/483
f 322/322 480/480 487/487
f 322/322 487/487 328/328
f 328/328 487/487 488/488
f 328/328 488/488 250/250
f 487/487 489/489 490/490
f 487/487 490/490 488/488
f 480/480 482/482 489/489
f 480/480 489/489 487/487
f 235/235 491/491 492/492
f 235/235 492/492 233/233
f 233/233 492/492 431/431
f 233/233 431/431 234/234
f 492/492 493/493 436/436
f 492/492 436/436 431/431
f 491/491 494/494 493/493
f 491/491 493/493 492/492
f 241/241 484/484 495/495
f 241/241 495/495 240/240
f 240/240 495/495 491/491
f 240/240 491/491 235/235
f 495/495 496/496 494/494
f 495/495 494/494 491/491
f 484/484 486/486 496/496
f 484/484 496/496 495/495
f 250/250 488/488 497/497
f 250/250 497/497 248/248
f 248/248 497/497 437/437
f 248/248 437/437 249/249
f 497/497 498/498 442/442
f 497/497 442/442 437/437
f 488/488 490/490 498/498
f 488/488 498/498 497/497
f 450/450 500/500 502/502
f 450/450 502/502 460/460
f 460/460 502/502 506/506
f 460/460 506/506 462/462
f 508/508 510/510 511/511
f 508/508 511/511 512/512
f 513/513 514/514 515/515
f 513/513 515/515 516/516
f 455/455 518/518 522/522
f 455/455 522/522 465/465
f 465/465 522/522 524/524
f 465/465 524/524 466/466
f 525/525 526/526 527/527
f 525/525 527/527 528/528
f 529/529 530/530 532/532
f 529/529 532/532 534/534
f 461/461 505/505 536/536
f 461/461 536/536 469/469
f 469/469 536/536 538/538
f 469/469 538/538 470/470
f 539/539 540/540 541/541
f 539/539 541/541 542/542
f 543/543 544/544 545/545
f 543/543 545/545 547/547
f 466/466 524/524 550/550
f 466/466 550/550 473/473
f 473/473 550/550 552/552
f 473/473 552/552 474/474
f 553/553 554/554 555/555
f 553/553 555/555 556/556
f 557/557 558/558 540/540
f 557/557 540/540 539/539
f 470/470 538/538 560/560
f 470/470 560/560 477/477
f 477/477 560/560 562/562
f 477/477 562/562 478/478
f 563/563 564/564 565/565
f 563/563 565/565 566/566
f 512/512 511/511 567/567
f 512/512 567/567 568/568
f 474/474 552/552 570/570
f 474/474 570/570 481/481
f 481/481 570/570 572/572
f 481/481 572/572 482/482
f 573/573 574/574 575/575
f 573/573 575/575 576/576
f 577/577 578/578 579/579
f 577/577 579/579 580/580
f 478/478 562/562 582/582
f 478/478 582/582 485/485
f 485/485 582/582 584/584
f 485/485 584/584 486/486
f 576/576 575/575 585/585
f 576/576 585/585 586/586
f 542/542 541/541 587/587
f 542/542 587/587 588/588
f 482/482 572/572 590/590
f 482/482 590/590 489/489
f 489/489 590/590 592/592
f 489/489 592/592 490/490
f 593/593 594/594 595/595
f 593/593 595/595 596/596
f 556/556 555/555 574/574
f 556/556 574/574 573/573
f 494/494 598/598 600/600
f 494/494 600/600 493/493
f 493/493 600/600 602/602
f 493/493 602/602 436/436
f 603/603 604/604 605/605
f 603/603 605/605 606/606
f 607/607 608/608 609/609
f 607/607 609/609 610/610
f 486/486 584/584 612/612
f 486/486 612/612 496/496
f 496/496 612/612 598/598
f 496/496 598/598 494/494
f 596/596 595/595 604/604
f 596/596 604/604 603/603
f 613/613 614/614 615/615
f 613/613 615/615 616/616
f 490/490 592/592 618/618
f 490/490 618/618 498/498
f 498/498 618/618 620/620
f 498/498 620/620 442/442
f 621/621 622/622 623/623
f 621/621 623/623 624/624
f 586/586 585/585 625/625
f 586/586 625/625 626/626
f 436/436 602/602 628/628
f 436/436 628/628 434/434
f 434/434 628/628 630/630
f 434/434 630/630 435/435
f 631/631 632/632 633/633
f 631/631 633/633 634/634
f 635/635 636/636 637/637
f 635/635 637/637 638/638
f 442/442 620/620 640/640
f 442/442 640/640 440/440
f 440/440 640/640 642/642
f 440/440 642/642 441/441
f 643/643 644/644 514/514
f 643/643 514/514 513/513
f 626/626 625/625 622/622
f 626/626 622/622 621/621
f 435/435 630/630 646/646
f 435/435 646/646 445/445
f 445/445 646/646 648/648
f 445/445 648/648 446/446
f 649/649 650/650 651/651
f 649/649 651/651 652/652
f 653/653 654/654 650/650
f 653/653 650/650 649/649
f 441/441 642/642 656/656
f 441/441 656/656 449/449
f 449/449 656/656 500/500
f 449/449 500/500 450/450
f 657/657 658/658 659/659
f 657/657 659/659 660/660
f 661/661 662/662 632/632
f 661/661 632/632 631/631
f 446/446 648/648 664/664
f 446/446 664/664 454/454
f 454/454 664/664 520/520
f 454/454 520/520 456/456
f 665/665 667/667 669/669
f 665/665 669/669 670/670
f 671/671 672/672 673/673
f 671/671 673/673 674/674
f 674/674 673/673 675/675
f 674/674 675/675 676/676
f 673/673 677/677 678/678
f 673/673 678/678 675/675
f 672/672 679/679 677/677
f 672/672 677/677 673/673
f 680/680 681/681 682/682
f 680/680 682/682 683/683
f 683/683 682/682 684/684
f 683/683 684/684 685/685
f 682/682 686/686 687/687
f 682/682 687/687 684/684
f 681/681 688/688 686/686
f 681/681 686/686 682/682
f 676/676 675/675 689/689
f 676/676 689/689 690/690
f 690/690 689/689 691/691
f 690/690 691/691 692/692
f 689/689 693/693 694/694
f 689/689 694/694 691/691
f 675/675 678/678 693/693
f 675/675 693/693 689/689
f 685/685 684/684 695/695
f 685/685 695/695 696/696
f 696/696 695/695 698/698
f 696/696 698/698 700/700
f 695/695 701/701 703/703
f 695/695 703/703 698/698
f 684/684 687/687 701/701
f 684/684 701/701 695/695
f 692/692 691/691 704/704
f 692/692 704/704 705/705
f 705/705 704/704 706/706
f 705/705 706/706 708/708
f 704/704 710/710 711/711
f 704/704 711/711 706/706
f 691/691 694/694 710/710
f 691/691 710/710 704/704
f 699/699 697/697 713/713
f 699/699 713/713 714/714
f 714/714 713/713 715/715
f 714/714 715/715 716/716
f 713/713 717/717 718/718
f 713/713 718/718 715/715
f 697/697 702/702 717/717
f 697/697 717/717 713/713
f 709/709 707/707 719/719
f 709/709 719/719 720/720
f 720/720 719/719 721/721
f 720/720 721/721 722/722
f 719/719 723/723 724/724
f 719/719 724/724 721/721
f 707/707 712/712 723/723
f 707/707 723/723 719/719
f 716/716 715/715 725/725
f 716/716 725/725 726/726
f 726/726 725/725 727/727
f 726/726 727/727 728/728
f 725/725 729/729 730/730
f 725/725 730/730 727/727
f 715/715 718/718 729/729
f 715/715 729/729 725/725
f 722/722 721/721 731/731
f 722/722 731/731 732/732
f 732/732 731/731 733/733
f 732/732 733/733 734/734
f 731/731 735/735 736/736
f 731/731 736/736 733/733
f 721/721 724/724 735/735
f 721/721 735/735 731/731
f 728/728 727/727 737/737
f 728/728 737/737 738/738
f 738/738 737/737 739/739
f 738/738 739/739 740/740
f 737/737 741/741 742/742
f 737/737 742/742 739/739
f 727/727 730/730 741/741
f 727/727 741/741 737/737
f 734/734 733/733 743/743
f 734/734 743/743 744/744
f 744/744 743/743 745/745
f 744/744 745/745 746/746
f 743/743 747/747 748/748
f 743/743 748/748 745/745
f 733/733 736/736 747/747
f 733/733 747/747 743/743
f 740/740 739/739 749/749
f 740/740 749/749 750/750
f 750/750 749/749 751/751
f 750/750 751/751 752/752
f 749/749 753/753 754/754
f 749/749 754/754 751/751
f 739/739 742/742 753/753
f 739/739 753/753 749/749
f 755/755 756/756 757/757
f 755/755 757/757 758/758
f 758/758 757/757 759/759
f 758/758 759/759 760/760
f 757/757 761/761 762/762
f 757/757 762/762 759/759
f 756/756 763/763 761/761
f 756/756 761/761 757/757
f 746/746 745/745 764/764
f 746/746 764/764 765/765
f 765/765 764/764 756/756
f 765/765 756/756 755/755
f 764/764 766/766 763/763
f 764/764 763/763 756/756
f 745/745 748/748 766/766
f 745/745 766/766 764/764
f 752/752 751/751 767/767
f 752/752 767/767 768/768
f 768/768 767/767 672/672
f 768/768 672/672 671/671
f 767/767 769/769 679/679
f 767/767 679/679 672/672
f 751/751 754/754 769/769
f 751/751 769/769 767/767
f 760/760 759/759 770/770
f 760/760 770/770 771/771
f 771/771 770/770 681/681
f 771/771 681/681 680/680
f 770/770 772/772 688/688
f 770/770 688/688 681/681
f 759/759 762/762 772/772
f 759/759 772/772 770/770
f 773/773 774/774 775/775
f 773/773 775/775 776/776
f 776/776 775/775 777/777
f 776/776 777/777 778/778
f 775/775 779/779 780/780
f 775/775 780/780 777/777
f 774/774 781/781 779/779
f 774/774 779/779 775/775
f 782/782 783/783 784/784
f 782/782 784/784 785/785
f 785/785 784/784 786/786
f 785/785 786/786 787/787
f 784/784 788/788 789/789
f 784/784 789/789 786/786
f 783/783 790/790 788/788
f 783/783 788/788 784/784
f 791/791 792/792 793/793
f 791/791 793/793 794/794
f 794/794 793/793 795/795
f 794/794 795/795 796/796
f 793/793 797/797 798/798
f 793/793 798/798 795/795
f 792/792 799/799 797/797
f 792/792 797/797 793/793
f 778/778 777/777 800/800
f 778/778 800/800 801/801
f 801/801 800/800 792/792
f 801/801 792/792 791/791
f 800/800 802/802 799/799
f 800/800 799/799 792/792
f 777/777 780/780 802/802
f 777/777 802/802 800/800
f 787/787 786/786 803/803
f 787/787 803/803 804/804
f 804/804 803/803 805/805
f 804/804 805/805 806/806
f 803/803 807/807 808/808
f 803/803 808/808 805/805
f 786/786 789/789 807/807
f 786/786 807/807 803/803
f 796/796 795/795 809/809
f 796/796 809/809 810/810
f 810/810 809/809 811/811
f 810/810 811/811 812/812
f 809/809 813/813 814/814
f 809/809 814/814 811/811
f 795/795 798/798 813/813
f 795/795 813/813 809/809
f 806/806 805/805 815/815
f 806/806 815/815 816/816
f 816/816 815/815 817/817
f 816/816 817/817 818/818
f 815/815 819/819 820/820
f 815/815 820/820 817/817
f 805/805 808/808 819/819
f 805/805 819/819 815/815
f 812/812 811/811 821/821
f 812/812 821/821 822/822
f 822/822 821/821 823/823
f 822/822 823/823 824/824
f 821/821 825/825 826/826
f 821/821 826/826 823/823
f 811/811 814/814 825/825
f 811/811 825/825 821/821
f 818/818 817/817 827/827
f 818/818 827/827 828/828
f 828/828 827/827 829/829
f 828/828 829/829 830/830
f 827/827 831/831 832/832
f 827/827 832/832 829/829
f 817/817 820/820 831/831
f 817/817 831/831 827/827
f 824/824 823/823 833/833
f 824/824 833/833 834/834
f 834/834 833/833 836/836
f 834/834 836/836 838/838
f 833/833 839/839 841/841
f 833/833 841/841 836/836
f 823/823 826/826 839/839
f 823/823 839/839 833/833
f 830/830 829/829 842/842
f 830/830 842/842 843/843
f 843/843 842/842 844/844
f 843/843 844/844 846/846
f 842/842 848/848 849/849
f 842/842 849/849 844/844
f 829/829 832/832 848/848
f 829/829 848/848 842/842
f 837/837 835/835 851/851
f 837/837 851/851 852/852
f 852/852 851/851 853/853
f 852/852 853/853 854/854
f 851/851 855/855 856/856
f 851/851 856/856 853/853
f 835/835 840/840 855/855
f 835/835 855/855 851/851
f 847/847 845/845 857/857
f 847/847 857/857 858/858
f 858/858 857/857 859/859
f 858/858 859/859 860/860
f 857/857 861/861 862/862
f 857/857 862/862 859/859
f 845/845 850/850 861/861
f 845/845 861/861 857/857
f 854/854 853/853 863/863
f 854/854 863/863 864/864
f 864/864 863/863 865/865
f 864/864 865/865 866/866
f 863/863 867/867 868/868
f 863/863 868/868 865/865
f 853/853 856/856 867/867
f 853/853 867/867 863/863
f 860/860 859/859 869/869
f 860/860 869/869 870/870
f 870/870 869/869 774/774
f 870/870 774/774 773/773
f 869/869 871/871 781/781
f 869/869 781/781 774/774
f 859/859 862/862 871/871
f 859/859 871/871 869/869
f 866/866 865/865 872/872
f 866/866 872/872 873/873
f 873/873 872/872 783/783
f 873/873 783/783 782/782
f 872/872 874/874 790/790
f 872/872 790/790 783/783
f 865/865 868/868 874/874
f 865/865 874/874 872/872
f 862/862 875/875 877/877
f 862/862 877/877 871/871
f 871/871 877/877 879/879
f 871/871 879/879 781/781
f 878/878 881/881 882/882
f 878/878 882/882 880/880
f 876/876 883/883 881/881
f 876/876 881/881 878/878
f 868/868 885/885 887/887
f 868/868 887/887 874/874
f 874/874 887/887 889/889
f 874/874 889/889 790/790
f 886/886 890/890 891/891
f 886/886 891/891 888/888
f 884/884 892/892 890/890
f 884/884 890/890 886/886
f 781/781 879/879 893/893
f 781/781 893/893 779/779
f 779/779 893/893 895/895
f 779/779 895/895 780/780
f 894/894 897/897 898/898
f 894/894 898/898 896/896
f 880/880 882/882 897/897
f 880/880 897/897 894/894
f 790/790 889/889 900/900
f 790/790 900/900 788/788
f 788/788 900/900 901/901
f 788/788 901/901 789/789
f 899/899 903/903 904/904
f 899/899 904/904 902/902
f 888/888 891/891 903/903
f 888/888 903/903 899/899
f 799/799 905/905 907/907
f 799/799 907/907 797/797
f 797/797 907/907 909/909
f 797/797 909/909 798/798
f 908/908 911/911 912/912
f 908/908 912/912 910/910
f 906/906 913/913 911/911
f 906/906 911/911 908/908
f 780/780 895/895 914/914
f 780/780 914/914 802/802
f 802/802 914/914 905/905
f 802/802 905/905 799/799
f 915/915 916/916 913/913
f 915/915 913/913 906/906
f 896/896 898/898 916/916
f 896/896 916/916 915/915
f 789/789 901/901 917/917
f 789/789 917/917 807/807
f 807/807 917/917 919/919
f 807/807 919/919 808/808
f 918/918 921/921 922/922
f 918/918 922/922 920/920
f 902/902 904/904 921/921
f 902/902 921/921 918/918
f 798/798 909/909 923/923
f 798/798 923/923 813/813
f 813/813 923/923 925/925
f 813/813 925/925 814/814
f 924/924 927/927 928/928
f 924/924 928/928 926/926
f 910/910 912/912 927/927
f 910/910 927/927 924/924
f 808/808 919/919 929/929
f 808/808 929/929 819/819
f 819/819 929/929 931/931
f 819/819 931/931 820/820
f 930/930 933/933 934/934
f 930/930 934/934 932/932
f 920/920 922/922 933/933
f 920/920 933/933 930/930
f 814/814 925/925 935/935
f 814/814 935/935 825/825
f 825/825 935/935 937/937
f 825/825 937/937 826/826
f 936/936 939/939 940/940
f 936/936 940/940 938/938
f 926/926 928/928 939/939
f 926/926 939/939 936/936
f 820/820 931/931 941/941
f 820/820 941/941 831/831
f 831/831 941/941 943/943
f 831/831 943/943 832/832
f 942/942 945/945 946/946
f 942/942 946/946 944/944
f 932/932 934/934 945/945
f 932/932 945/945 942/942
f 826/826 937/937 947/947
f 826/826 947/947 839/839
f 839/839 947/947 951/951
f 839/839 951/951 841/841
f 948/948 953/953 955/955
f 948/948 955/955 952/952
f 938/938 940/940 953/953
f 938/938 953/953 948/948
f 832/832 943/943 956/956
f 832/832 956/956 848/848
f 848/848 956/956 958/958
f 848/848 958/958 849/849
f 957/957 962/962 963/963
f 957/957 963/963 960/960
f 944/944 946/946 962/962
f 944/944 962/962 957/957
f 840/840 949/949 966/966
f 840/840 966/966 855/855
f 855/855 966/966 968/968
f 855/855 968/968 856/856
f 965/965 969/969 970/970
f 965/965 970/970 967/967
f 950/950 954/954 969/969
f 950/950 969/969 965/965
f 850/850 959/959 971/971
f 850/850 971/971 861/861
f 861/861 971/971 875/875
f 861/861 875/875 862/862
f 972/972 973/973 883/883
f 972/972 883/883 876/876
f 961/961 964/964 973/973
f 961/961 973/973 972/972
f 856/856 968/968 975/975
f 856/856 975/975 867/867
f 867/867 975/975 885/885
f 867/867 885/885 868/868
f 974/974 976/976 892/892
f 974/974 892/892 884/884
f 967/967 970/970 976/976
f 967/967 976/976 974/974
f 940/940 977/977 978/978
f 940/940 978/978 953/953
f 953/953 978/978 980/980
f 953/953 980/980 955/955
f 978/978 981/981 983/983
f 978/978 983/983 980/980
f 977/977 984/984 981/981
f 977/977 981/981 978/978
f 946/946 985/985 986/986
f 946/946 986/986 962/962
f 962/962 986/986 987/987
f 962/962 987/987 963/963
f 986/986 989/989 990/990
f 986/986 990/990 987/987
f 985/985 992/992 989/989
f 985/985 989/989 986/986
f 954/954 979/979 993/993
f 954/954 993/993 969/969
f 969/969 993/993 994/994
f 969/969 994/994 970/970
f 993/993 995/995 996/996
f 993/993 996/996 994/994
f 979/979 982/982 995/995
f 979/979 995/995 993/993
f 964/964 988/988 997/997
f 964/964 997/997 973/973
f 973/973 997/997 998/998
f 973/973 998/998 883/883
f 997/997 999/999 1000/1000
f 997/997 1000/1000 998/998
f 988/988 991/991 999/999
f 988/988 999/999 997/997
f 970/970 994/994 1001/1001
f 970/970 1001/1001 976/976
f 976/976 1001/1001 1002/1002
f 976/976 1002/1002 892/892
f 1001/1001 1003/1003 1004/1004
f 1001/1001 1004/1004 1002/1002
f 994/994 996/996 1003/1003
f 994/994 1003/1003 1001/1001
f 883/883 998/998 1005/1005
f 883/883 1005/1005 881/881
f 881/881 1005/1005 1006/1006
f 881/881 1006/1006 882/882
f 1005/1005 1007/1007 1008/1008
f 1005/1005 1008/1008 1006/1006
f 998/998 1000/1000 1007/1007
f 998/998 1007/1007 1005/1005
f 892/892 1002/1002 1009/1009
f 892/892 1009/1009 890/890
f 890/890 1009/1009 1010/1010
f 890/890 1010/1010 891/891
f 1009/1009 1011/1011 1012/1012
f 1009/1009 1012/1012 1010/1010
f 1002/1002 1004/1004 1011/1011
f 1002/1002 1011/1011 1009/1009
f 882/882 1006/1006 1013/1013
f 882/882 1013/1013 897/897
f 897/897 1013/1013 1014/1014
f 897/897 1014/1014 898/898
f 1013/1013 1015/1015 1016/1016
f 1013/1013 1016/1016 1014/1014
f 1006/1006 1008/1008 1015/1015
f 1006/1006 1015/1015 1013/1013
f 891/891 1010/1010 1017/1017
f 891/891 1017/1017 903/903
f 903/903 1017/1017 1018/1018
f 903/903 1018/1018 904/904
f 1017/1017 1019/1019 1020/1020
f 1017/1017 1020/1020 1018/1018
f 1010/1010 1012/1012 1019/1019
f 1010/1010 1019/1019 1017/1017
f 913/913 1021/1021 1022/1022
f 913/913 1022/1022 911/911
f 911/911 1022/1022 1023/1023
f 911/911 1023/1023 912/912
f 1022/1022 1024/1024 1025/1025
f 1022/1022 1025/1025 1023/1023
f 1021/1021 1026/1026 1024/1024
f 1021/1021 1024/1024 1022/1022
f 898/898 1014/1014 1027/1027
f 898/898 1027/1027 916/916
f 916/916 1027/1027 1021/1021
f 916/916 1021/1021 913/913
f 1027/1027 1028/1028 1026/1026
f 1027/1027 1026/1026 1021/1021
f 1014/1014 1016/1016 1028/1028
f 1014/1014 1028/1028 1027/1027
f 904/904 1018/1018 1029/1029
f 904/904 1029/1029 921/921
f 921/921 1029/1029 1030/1030
f 921/921 1030/1030 922/922
f 1029/1029 1031/1031 1032/1032
f 1029/1029 1032/1032 1030/1030
f 1018/1018 1020/1020 1031/1031
f 1018/1018 1031/1031 1029/1029
f 912/912 1023/1023 1033/1033
f 912/912 1033/1033 927/927
f 927/927 1033/1033 1034/1034
f 927/927 1034/1034 928/928
f 1033/1033 1035/1035 1036/1036
f 1033/1033 1036/1036 1034/1034
f 1023/1023 1025/1025 1035/1035
f 1023/1023 1035/1035 1033/1033
f 922/922 1030/1030 1037/1037
f 922/922 1037/1037 933/933
f 933/933 1037/1037 1038/1038
f 933/933 1038/1038 934/934
f 1037/1037 1039/1039 1040/1040
f 1037/1037 1040/1040 1038/1038
f 1030/1030 1032/1032 1039/1039
f 1030/1030 1039/1039 1037/1037
f 928/928 1034/1034 1041/1041
f 928/928 1041/1041 939/939
f 939/939 1041/1041 977/977
f 939/939 977/977 940/940
f 1041/1041 1042/1042 984/984
f 1041/1041 984/984 977/977
f 1034/1034 1036/1036 1042/1042
f 1034/1034 1042/1042 1041/1041
f 934/934 1038/1038 1043/1043
f 934/934 1043/1043 945/945
f 945/945 1043/1043 985/985
f 945/945 985/985 946/946
f 1043/1043 1044/1044 992/992
f 1043/1043 992/992 985/985
f 1038/1038 1040/1040 1044/1044
f 1038/1038 1044/1044 1043/1043
f 1016/1016 1015/1015 1045/1045
f 1016/1016 1045/1045 1046/1046
f 1046/1046 1045/1045 1047/1047
f 1046/1046 1047/1047 1048/1048
f 1045/1045 1007/1007 1000/1000
f 1045/1045 1000/1000 1047/1047
f 1015/1015 1008/1008 1007/1007
f 1015/1015 1007/1007 1045/1045
f 1048/1048 1047/1047 1049/1049
f 1048/1048 1049/1049 1050/1050
f 1050/1050 1049/1049 1052/1052
f 1050/1050 1052/1052 1054/1054
f 1049/1049 999/999 991/991
f 1049/1049 991/991 1052/1052
f 1047/1047 1000/1000 999/999
f 1047/1047 999/999 1049/1049
f 1053/1053 1051/1051 1055/1055
f 1053/1053 1055/1055 1056/1056
f 1056/1056 1055/1055 1057/1057
f 1056/1056 1057/1057 1058/1058
f 1055/1055 989/989 992/992
f 1055/1055 992/992 1057/1057
f 1051/1051 990/990 989/989
f 1051/1051 989/989 1055/1055
f 1058/1058 1057/1057 1059/1059
f 1058/1058 1059/1059 1060/1060
f 1060/1060 1059/1059 1039/1039
f 1060/1060 1039/1039 1032/1032
f 1059/1059 1044/1044 1040/1040
f 1059/1059 1040/1040 1039/1039
f 1057/1057 992/992 1044/1044
f 1057/1057 1044/1044 1059/1059
f 1026/1026 1028/1028 1061/1061
f 1026/1026 1061/1061 1062/1062
f 1062/1062 1061/1061 1063/1063
f 1062/1062 1063/1063 1064/1064
f 1061/1061 1046/1046 1048/1048
f 1061/1061 1048/1048 1063/1063
f 1028/1028 1016/1016 1046/1046
f 1028/1028 1046/1046 1061/1061
f 1064/1064 1063/1063 1065/1065
f 1064/1064 1065/1065 1066/1066
f 1066/1066 1065/1065 1068/1068
f 1066/1066 1068/1068 1070/1070
f 1065/1065 1050/1050 1054/1054
f 1065/1065 1054/1054 1068/1068
f 1063/1063 1048/1048 1050/1050
f 1063/1063 1050/1050 1065/1065
f 1069/1069 1067/1067 1071/1071
f 1069/1069 1071/1071 1072/1072
f 1072/1072 1071/1071 1073/1073
f 1072/1072 1073/1073 1074/1074
f 1071/1071 1056/1056 1058/1058
f 1071/1071 1058/1058 1073/1073
f 1067/1067 1053/1053 1056/1056
f 1067/1067 1056/1056 1071/1071
f 1074/1074 1073/1073 1075/1075
f 1074/1074 1075/1075 1076/1076
f 1076/1076 1075/1075 1031/1031
f 1076/1076 1031/1031 1020/1020
f 1075/1075 1060/1060 1032/1032
f 1075/1075 1032/1032 1031/1031
f 1073/1073 1058/1058 1060/1060
f 1073/1073 1060/1060 1075/1075
f 1025/1025 1024/1024 1077/1077
f 1025/1025 1077/1077 1078/1078
f 1078/1078 1077/1077 1079/1079
f 1078/1078 1079/1079 1080/1080
f 1077/1077 1062/1062 1064/1064
f 1077/1077 1064/1064 1079/1079
f 1024/1024 1026/1026 1062/1062
f 1024/1024 1062/1062 1077/1077
f 1080/1080 1079/1079 1081/1081
f 1080/1080 1081/1081 1082/1082
f 1082/1082 1081/1081 1084/1084
f 1082/1082 1084/1084 1086/1086
f 1081/1081 1066/1066 1070/1070
f 1081/1081 1070/1070 1084/1084
f 1079/1079 1064/1064 1066/1066
f 1079/1079 1066/1066 1081/1081
f 1085/1085 1083/1083 1087/1087
f 1085/1085 1087/1087 1088/1088
f 1088/1088 1087/1087 1089/1089
f 1088/1088 1089/1089 1090/1090
f 1087/1087 1072/1072 1074/1074
f 1087/1087 1074/1074 1089/1089
f 1083/1083 1069/1069 1072/1072
f 1083/1083 1072/1072 1087/1087
f 1090/1090 1089/1089 1091/1091
f 1090/1090 1091/1091 1092/1092
f 1092/1092 1091/1091 1019/1019
f 1092/1092 1019/1019 1012/1012
f 1091/1091 1076/1076 1020/1020
f 1091/1091 1020/1020 1019/1019
f 1089/1089 1074/1074 1076/1076
f 1089/1089 1076/1076 1091/1091
f 1036/1036 1035/1035 1093/1093
f 1036/1036 1093/1093 1042/1042
f 1042/1042 1093/1093 1094/1094
f 1042/1042 1094/1094 984/984
f 1093/1093 1078/1078 1080/1080
f 1093/1093 1080/1080 1094/1094
f 1035/1035 1025/1025 1078/1078
f 1035/1035 1078/1078 1093/1093
f 984/984 1094/1094 1095/1095
f 984/984 1095/1095 981/981
f 981/981 1095/1095 1097/1097
f 981/981 1097/1097 983/983
f 1095/1095 1082/1082 1086/1086
f 1095/1095 1086/1086 1097/1097
f 1094/1094 1080/1080 1082/1082
f 1094/1094 1082/1082 1095/1095
f 982/982 1096/1096 1098/1098
f 982/982 1098/1098 995/995
f 995/995 1098/1098 1099/1099
f 995/995 1099/1099 996/996
f 1098/1098 1088/1088 1090/1090
f 1098/1098 1090/1090 1099/1099
f 1096/1096 1085/1085 1088/1088
f 1096/1096 1088/1088 1098/1098
f 996/996 1099/1099 1100/1100
f 996/996 1100/1100 1003/1003
f 1003/1003 1100/1100 1011/1011
f 1003/1003 1011/1011 1004/1004
f 1100/1100 1092/1092 1012/1012
f 1100/1100 1012/1012 1011/1011
f 1099/1099 1090/1090 1092/1092
f 1099/1099 1092/1092 1100/1100
f 730/730 1101/1101 1102/1102
f 730/730 1102/1102 741/741
f 741/741 1102/1102 1103/1103
f 741/741 1103/1103 742/742
f 1102/1102 873/873 782/782
f 1102/1102 782/782 1103/1103
f 1101/1101 866/866 873/873
f 1101/1101 873/873 1102/1102
f 724/724 1104/1104 1105/1105
f 724/724 1105/1105 735/735
f 735/735 1105/1105 1106/1106
f 735/735 1106/1106 736/736
f 1105/1105 870/870 773/773
f 1105/1105 773/773 1106/1106
f 1104/1104 860/860 870/870
f 1104/1104 870/870 1105/1105
f 718/718 1107/1107 1108/1108
f 718/718 1108/1108 729/729
f 729/729 1108/1108 1101/1101
f 729/729 1101/1101 730/730
f 1108/1108 864/864 866/866
f 1108/1108 866/866 1101/1101
f 1107/1107 854/854 864/864
f 1107/1107 864/864 1108/1108
f 712/712 1110/1110 1111/1111
f 712/712 1111/1111 723/723
f 723/723 1111/1111 1104/1104
f 723/723 1104/1104 724/724
f 1111/1111 858/858 860/860
f 1111/1111 860/860 1104/1104
f 1110/1110 847/847 858/858
f 1110/1110 858/858 1111/1111
f 702/702 1112/1112 1114/1114
f 702/702 1114/1114 717/717
f 717/717 1114/1114 1107/1107
f 717/717 1107/1107 718/718
f 1114/1114 852/852 854/854
f 1114/1114 854/854 1107/1107
f 1112/1112 837/837 852/852
f 1112/1112 852/852 1114/1114
f 694/694 1115/1115 1116/1116
f 694/694 1116/1116 710/710
f 710/710 1116/1116 1109/1109
f 710/710 1109/1109 711/711
f 1116/1116 843/843 846/846
f 1116/1116 846/846 1109/1109
f 1115/1115 830/830 843/843
f 1115/1115 843/843 1116/1116
f 687/687 1117/1117 1118/1118
f 687/687 1118/1118 701/701
f 701/701 1118/1118 1113/1113
f 701/701 1113/1113 703/703
f 1118/1118 834/834 838/838
f 1118/1118 838/838 1113/1113
f 1117/1117 824/824 834/834
f 1117/1117 834/834 1118/1118
f 678/678 1119/1119 1120/1120
f 678/678 1120/1120 693/693
f 693/693 1120/1120 1115/1115
f 693/693 1115/1115 694/694
f 1120/1120 828/828 830/830
f 1120/1120 830/830 1115/1115
f 1119/1119 818/818 828/828
f 1119/1119 828/828 1120/1120
f 688/688 1121/1121 1122/1122
f 688/688 1122/1122 686/686
f 686/686 1122/1122 1117/1117
f 686/686 1117/1117 687/687
f 1122/1122 822/822 824/824
f 1122/1122 824/824 1117/1117
f 1121/1121 812/812 822/822
f 1121/1121 822/822 1122/1122
f 679/679 1123/1123 1124/1124
f 679/679 1124/1124 677/677
f 677/677 1124/1124 1119/1119
f 677/677 1119/1119 678/678
f 1124/1124 816/816 818/818
f 1124/1124 818/818 1119/1119
f 1123/1123 806/806 816/816
f 1123/1123 816/816 1124/1124
f 762/762 1125/1125 1126/1126
f 762/762 1126/1126 772/772
f 772/772 1126/1126 1121/1121
f 772/772 1121/1121 688/688
f 1126/1126 810/810 812/812
f 1126/1126 812/812 1121/1121
f 1125/1125 796/796 810/810
f 1125/1125 810/810 1126/1126
f 754/754 1127/1127 1128/1128
f 754/754 1128/1128 769/769
f 769/769 1128/1128 1123/1123
f 769/769 1123/1123 679/679
f 1128/1128 804/804 806/806
f 1128/1128 806/806 1123/1123
f 1127/1127 787/787 804/804
f 1127/1127 804/804 1128/1128
f 748/748 1129/1129 1130/1130
f 748/748 1130/1130 766/766
f 766/766 1130/1130 1131/1131
f 766/766 1131/1131 763/763
f 1130/1130 801/801 791/791
f 1130/1130 791/791 1131/1131
f 1129/1129 778/778 801/801
f 1129/1129 801/801 1130/1130
f 763/763 1131/1131 1132/1132
f 763/763 1132/1132 761/761
f 761/761 1132/1132 1125/1125
f 761/761 1125/1125 762/762
f 1132/1132 794/794 796/796
f 1132/1132 796/796 1125/1125
f 1131/1131 791/791 794/794
f 1131/1131 794/794 1132/1132
f 742/742 1103/1103 1133/1133
f 742/742 1133/1133 753/753
f 753/753 1133/1133 1127/1127
f 753/753 1127/1127 754/754
f 1133/1133 785/785 787/787
f 1133/1133 787/787 1127/1127
f 1103/1103 782/782 785/785
f 1103/1103 785/785 1133/1133
f 736/736 1106/1106 1134/1134
f 736/736 1134/1134 747/747
f 747/747 1134/1134 1129/1129
f 747/747 1129/1129 748/748
f 1134/1134 776/776 778/778
f 1134/1134 778/778 1129/1129
f 1106/1106 773/773 776/776
f 1106/1106 776/776 1134/1134
f 637/637 1135/1135 1136/1136
f 637/637 1136/1136 1137/1137
f 1137/1137 1136/1136 1138/1138
f 1137/1137 1138/1138 1139/1139
f 1136/1136 771/771 680/680
f 1136/1136 680/680 1138/1138
f 1135/1135 760/760 771/771
f 1135/1135 771/771 1136/1136
f 1140/1140 1141/1141 1142/1142
f 1140/1140 1142/1142 1143/1143
f 1143/1143 1142/1142 1144/1144
f 1143/1143 1144/1144 1145/1145
f 1142/1142 768/768 671/671
f 1142/1142 671/671 1144/1144
f 1141/1141 752/752 768/768
f 1141/1141 768/768 1142/1142
f 1146/1146 1147/1147 1148/1148
f 1146/1146 1148/1148 608/608
f 608/608 1148/1148 1149/1149
f 608/608 1149/1149 609/609
f 1148/1148 765/765 755/755
f 1148/1148 755/755 1149/1149
f 1147/1147 746/746 765/765
f 1147/1147 765/765 1148/1148
f 609/609 1149/1149 1150/1150
f 609/609 1150/1150 636/636
f 636/636 1150/1150 1135/1135
f 636/636 1135/1135 637/637
f 1150/1150 758/758 760/760
f 1150/1150 760/760 1135/1135
f 1149/1149 755/755 758/758
f 1149/1149 758/758 1150/1150
f 564/564 1151/1151 1152/1152
f 564/564 1152/1152 565/565
f 565/565 1152/1152 1141/1141
f 565/565 1141/1141 1140/1140
f 1152/1152 750/750 752/752
f 1152/1152 752/752 1141/1141
f 1151/1151 740/740 750/750
f 1151/1151 750/750 1152/1152
f 1153/1153 1154/1154 1155/1155
f 1153/1153 1155/1155 1156/1156
f 1156/1156 1155/1155 1147/1147
f 1156/1156 1147/1147 1146/1146
f 1155/1155 744/744 746/746
f 1155/1155 746/746 1147/1147
f 1154/1154 734/734 744/744
f 1154/1154 744/744 1155/1155
f 579/579 1157/1157 1158/1158
f 579/579 1158/1158 1159/1159
f 1159/1159 1158/1158 1151/1151
f 1159/1159 1151/1151 564/564
f 1158/1158 738/738 740/740
f 1158/1158 740/740 1151/1151
f 1157/1157 728/728 738/738
f 1157/1157 738/738 1158/1158
f 567/567 1160/1160 1161/1161
f 567/567 1161/1161 1162/1162
f 1162/1162 1161/1161 1154/1154
f 1162/1162 1154/1154 1153/1153
f 1161/1161 732/732 734/734
f 1161/1161 734/734 1154/1154
f 1160/1160 722/722 732/732
f 1160/1160 732/732 1161/1161
f 1163/1163 1164/1164 1165/1165
f 1163/1163 1165/1165 578/578
f 578/578 1165/1165 1157/1157
f 578/578 1157/1157 579/579
f 1165/1165 726/726 728/728
f 1165/1165 728/728 1157/1157
f 1164/1164 716/716 726/726
f 1164/1164 726/726 1165/1165
f 510/510 1167/1167 1168/1168
f 510/510 1168/1168 511/511
f 511/511 1168/1168 1160/1160
f 511/511 1160/1160 567/567
f 1168/1168 720/720 722/722
f 1168/1168 722/722 1160/1160
f 1167/1167 709/709 720/720
f 1167/1167 720/720 1168/1168
f 667/667 1169/1169 1171/1171
f 667/667 1171/1171 669/669
f 669/669 1171/1171 1164/1164
f 669/669 1164/1164 1163/1163
f 1171/1171 714/714 716/716
f 1171/1171 716/716 1164/1164
f 1169/1169 699/699 714/714
f 1169/1169 714/714 1171/1171
f 658/658 1172/1172 1173/1173
f 658/658 1173/1173 659/659
f 659/659 1173/1173 1166/1166
f 659/659 1166/1166 509/509
f 1173/1173 705/705 708/708
f 1173/1173 708/708 1166/1166
f 1172/1172 692/692 705/705
f 1172/1172 705/705 1173/1173
f 1174/1174 1175/1175 1176/1176
f 1174/1174 1176/1176 1177/1177
f 1177/1177 1176/1176 1170/1170
f 1177/1177 1170/1170 668/668
f 1176/1176 696/696 700/700
f 1176/1176 700/700 1170/1170
f 1175/1175 685/685 696/696
f 1175/1175 696/696 1176/1176
f 632/632 1178/1178 1179/1179
f 632/632 1179/1179 633/633
f 633/633 1179/1179 1172/1172
f 633/633 1172/1172 658/658
f 1179/1179 690/690 692/692
f 1179/1179 692/692 1172/1172
f 1178/1178 676/676 690/690
f 1178/1178 690/690 1179/1179
f 1139/1139 1138/1138 1180/1180
f 1139/1139 1180/1180 1181/1181
f 1181/1181 1180/1180 1175/1175
f 1181/1181 1175/1175 1174/1174
f 1180/1180 683/683 685/685
f 1180/1180 685/685 1175/1175
f 1138/1138 680/680 683/683
f 1138/1138 683/683 1180/1180
f 1145/1145 1144/1144 1182/1182
f 1145/1145 1182/1182 662/662
f 662/662 1182/1182 1178/1178
f 662/662 1178/1178 632/632
f 1182/1182 674/674 676/676
f 1182/1182 676/676 1178/1178
f 1144/1144 671/671 674/674
f 1144/1144 674/674 1182/1182
f 337/337 1183/1183 1184/1184
f 337/337 1184/1184 335/335
f 335/335 1184/1184 1185/1185
f 335/335 1185/1185 336/336
f 1184/1184 327/327 242/242
f 1184/1184 242/242 1185/1185
f 1183/1183 320/320 327/327
f 1183/1183 327/327 1184/1184
f 346/346 1186/1186 1187/1187
f 346/346 1187/1187 344/344
f 344/344 1187/1187 1188/1188
f 344/344 1188/1188 345/345
f 1187/1187 324/324 236/236
f 1187/1187 236/236 1188/1188
f 1186/1186 314/314 324/324
f 1186/1186 324/324 1187/1187
f 352/352 1189/1189 1190/1190
f 352/352 1190/1190 351/351
f 351/351 1190/1190 1183/1183
f 351/351 1183/1183 337/337
f 1190/1190 318/318 320/320
f 1190/1190 320/320 1183/1183
f 1189/1189 308/308 318/318
f 1189/1189 318/318 1190/1190
f 358/358 1191/1191 1192/1192
f 358/358 1192/1192 357/357
f 357/357 1192/1192 1186/1186
f 357/357 1186/1186 346/346
f 1192/1192 312/312 314/314
f 1192/1192 314/314 1186/1186
f 1191/1191 302/302 312/312
f 1191/1191 312/312 1192/1192
f 364/364 1193/1193 1194/1194
f 364/364 1194/1194 363/363
f 363/363 1194/1194 1189/1189
f 363/363 1189/1189 352/352
f 1194/1194 306/306 308/308
f 1194/1194 308/308 1189/1189
f 1193/1193 296/296 306/306
f 1193/1193 306/306 1194/1194
f 372/372 1195/1195 1197/1197
f 372/372 1197/1197 371/371
f 371/371 1197/1197 1191/1191
f 371/371 1191/1191 358/358
f 1197/1197 300/300 302/302
f 1197/1197 302/302 1191/1191
f 1195/1195 288/288 300/300
f 1195/1195 300/300 1197/1197
f 381/381 1198/1198 1200/1200
f 381/381 1200/1200 380/380
f 380/380 1200/1200 1193/1193
f 380/380 1193/1193 364/364
f 1200/1200 294/294 296/296
f 1200/1200 296/296 1193/1193
f 1198/1198 279/279 294/294
f 1198/1198 294/294 1200/1200
f 388/388 1201/1201 1202/1202
f 388/388 1202/1202 387/387
f 387/387 1202/1202 1196/1196
f 387/387 1196/1196 373/373
f 1202/1202 285/285 289/289
f 1202/1202 289/289 1196/1196
f 1201/1201 272/272 285/285
f 1201/1201 285/285 1202/1202
f 394/394 1203/1203 1204/1204
f 394/394 1204/1204 393/393
f 393/393 1204/1204 1199/1199
f 393/393 1199/1199 382/382
f 1204/1204 276/276 280/280
f 1204/1204 280/280 1199/1199
f 1203/1203 266/266 276/276
f 1203/1203 276/276 1204/1204
f 400/400 1205/1205 1206/1206
f 400/400 1206/1206 399/399
f 399/399 1206/1206 1201/1201
f 399/399 1201/1201 388/388
f 1206/1206 270/270 272/272
f 1206/1206 272/272 1201/1201
f 1205/1205 260/260 270/270
f 1205/1205 270/270 1206/1206
f 406/406 1207/1207 1208/1208
f 406/406 1208/1208 405/405
f 405/405 1208/1208 1203/1203
f 405/405 1203/1203 394/394
f 1208/1208 264/264 266/266
f 1208/1208 266/266 1203/1203
f 1207/1207 254/254 264/264
f 1207/1207 264/264 1208/1208
f 412/412 1209/1209 1210/1210
f 412/412 1210/1210 411/411
f 411/411 1210/1210 1205/1205
f 411/411 1205/1205 400/400
f 1210/1210 258/258 260/260
f 1210/1210 260/260 1205/1205
f 1209/1209 247/247 258/258
f 1209/1209 258/258 1210/1210
f 418/418 1211/1211 1212/1212
f 418/418 1212/1212 417/417
f 417/417 1212/1212 1207/1207
f 417/417 1207/1207 406/406
f 1212/1212 252/252 254/254
f 1212/1212 254/254 1207/1207
f 1211/1211 232/232 252/252
f 1211/1211 252/252 1212/1212
f 336/336 1185/1185 1213/1213
f 336/336 1213/1213 421/421
f 421/421 1213/1213 1209/1209
f 421/421 1209/1209 412/412
f 1213/1213 245/245 247/247
f 1213/1213 247/247 1209/1209
f 1185/1185 242/242 245/245
f 1185/1185 245/245 1213/1213
f 345/345 1188/1188 1214/1214
f 345/345 1214/1214 426/426
f 426/426 1214/1214 1215/1215
f 426/426 1215/1215 427/427
f 1214/1214 239/239 227/227
f 1214/1214 227/227 1215/1215
f 1188/1188 236/236 239/239
f 1188/1188 239/239 1214/1214
f 427/427 1215/1215 1216/1216
f 427/427 1216/1216 430/430
f 430/430 1216/1216 1211/1211
f 430/430 1211/1211 418/418
f 1216/1216 230/230 232/232
f 1216/1216 232/232 1211/1211
f 1215/1215 227/227 230/230
f 1215/1215 230/230 1216/1216
f 1217/1217 1181/1181 1174/1174
f 1217/1217 1174/1174 1218/1218
f 1219/1219 1220/1220 526/526
f 1219/1219 526/526 525/525
f 624/624 623/623 644/644
f 624/624 644/644 643/643
f 548/548 546/546 558/558
f 548/548 558/558 557/557
f 1221/1221 1137/1137 1139/1139
f 1221/1221 1139/1139 1222/1222
f 1218/1218 1174/1174 1177/1177
f 1218/1218 1177/1177 1223/1223
f 606/606 605/605 654/654
f 606/606 654/654 653/653
f 652/652 651/651 530/530
f 652/652 530/530 529/529
f 1224/1224 1145/1145 662/662
f 1224/1224 662/662 661/661
f 1222/1222 1139/1139 1181/1181
f 1222/1222 1181/1181 1217/1217
f 566/566 565/565 1140/1140
f 566/566 1140/1140 1225/1225
f 1226/1226 1143/1143 1145/1145
f 1226/1226 1145/1145 1224/1224
f 1227/1227 1156/1156 1146/1146
f 1227/1227 1146/1146 1228/1228
f 610/610 609/609 636/636
f 610/610 636/636 635/635
f 616/616 615/615 594/594
f 616/616 594/594 593/593
f 638/638 637/637 1137/1137
f 638/638 1137/1137 1221/1221
f 1229/1229 1230/1230 614/614
f 1229/1229 614/614 613/613
f 1225/1225 1140/1140 1143/1143
f 1225/1225 1143/1143 1226/1226
f 1231/1231 1162/1162 1153/1153
f 1231/1231 1153/1153 1232/1232
f 1228/1228 1146/1146 608/608
f 1228/1228 608/608 607/607
f 1232/1232 1153/1153 1156/1156
f 1232/1232 1156/1156 1227/1227
f 1233/1233 1159/1159 564/564
f 1233/1233 564/564 563/563
f 528/528 527/527 554/554
f 528/528 554/554 553/553
f 588/588 587/587 1230/1230
f 588/588 1230/1230 1229/1229
f 1234/1234 1163/1163 578/578
f 1234/1234 578/578 577/577
f 580/580 579/579 1159/1159
f 580/580 1159/1159 1233/1233
f 660/660 659/659 509/509
f 660/660 509/509 507/507
f 568/568 567/567 1162/1162
f 568/568 1162/1162 1231/1231
f 1223/1223 1177/1177 668/668
f 1223/1223 668/668 666/666
f 670/670 669/669 1163/1163
f 670/670 1163/1163 1234/1234
f 634/634 633/633 658/658
f 634/634 658/658 657/657
f 533/533 531/531 1220/1220
f 533/533 1220/1220 1219/1219
f 501/501 543/543 547/547
f 501/501 547/547 503/503
f 499/499 516/516 543/543
f 499/499 543/543 501/501
f 521/521 1219/1219 525/525
f 521/521 525/525 523/523
f 517/517 533/533 1219/1219
f 517/517 1219/1219 521/521
f 535/535 557/557 539/539
f 535/535 539/539 537/537
f 504/504 548/548 557/557
f 504/504 557/557 535/535
f 549/549 528/528 553/553
f 549/549 553/553 551/551
f 523/523 525/525 528/528
f 523/523 528/528 549/549
f 559/559 542/542 588/588
f 559/559 588/588 561/561
f 537/537 539/539 542/542
f 537/537 542/542 559/559
f 569/569 556/556 573/573
f 569/569 573/573 571/571
f 551/551 553/553 556/556
f 551/551 556/556 569/569
f 581/581 1229/1229 613/613
f 581/581 613/613 583/583
f 561/561 588/588 1229/1229
f 561/561 1229/1229 581/581
f 589/589 576/576 586/586
f 589/589 586/586 591/591
f 571/571 573/573 576/576
f 571/571 576/576 589/589
f 599/599 596/596 603/603
f 599/599 603/603 601/601
f 597/597 593/593 596/596
f 597/597 596/596 599/599
f 611/611 616/616 593/593
f 611/611 593/593 597/597
f 583/583 613/613 616/616
f 583/583 616/616 611/611
f 617/617 626/626 621/621
f 617/617 621/621 619/619
f 591/591 586/586 626/626
f 591/591 626/626 617/617
f 627/627 606/606 653/653
f 627/627 653/653 629/629
f 601/601 603/603 606/606
f 601/601 606/606 627/627
f 639/639 624/624 643/643
f 639/639 643/643 641/641
f 619/619 621/621 624/624
f 619/619 624/624 639/639
f 645/645 649/649 652/652
f 645/645 652/652 647/647
f 629/629 653/653 649/649
f 629/629 649/649 645/645
f 655/655 513/513 516/516
f 655/655 516/516 499/499
f 641/641 643/643 513/513
f 641/641 513/513 655/655
f 663/663 529/529 534/534
f 663/663 534/534 519/519
f 647/647 652/652 529/529
f 647/647 529/529 663/663
f 526/526 1220/1220 670/670
f 526/526 670/670 1234/1234
f 508/508 512/512 558/558
f 508/508 558/558 546/546
f 1218/1218 1223/1223 530/530
f 1218/1218 530/530 651/651
f 545/545 544/544 660/660
f 545/545 660/660 507/507
f 651/651 650/650 1217/1217
f 651/651 1217/1217 1218/1218
f 644/644 623/623 661/661
f 644/644 661/661 631/631
f 631/631 634/634 514/514
f 631/631 514/514 644/644
f 554/554 527/527 577/577
f 554/554 577/577 580/580
f 580/580 1233/1233 555/555
f 580/580 555/555 554/554
f 665/665 670/670 1220/1220
f 665/665 1220/1220 531/531
f 540/540 558/558 512/512
f 540/540 512/512 568/568
f 568/568 1231/1231 541/541
f 568/568 541/541 540/540
f 1234/1234 577/577 527/527
f 1234/1234 527/527 526/526
f 657/657 660/660 544/544
f 657/657 544/544 515/515
f 515/515 514/514 634/634
f 515/515 634/634 657/657
f 532/532 530/530 1223/1223
f 532/532 1223/1223 666/666
f 1225/1225 1226/1226 625/625
f 1225/1225 625/625 585/585
f 1232/1232 1227/1227 1230/1230
f 1232/1232 1230/1230 587/587
f 585/585 575/575 566/566
f 585/585 566/566 1225/1225
f 574/574 555/555 1233/1233
f 574/574 1233/1233 563/563
f 563/563 566/566 575/575
f 563/563 575/575 574/574
f 587/587 541/541 1231/1231
f 587/587 1231/1231 1232/1232
f 604/604 595/595 635/635
f 604/604 635/635 638/638
f 1222/1222 1217/1217 650/650
f 1222/1222 650/650 654/654
f 594/594 615/615 607/607
f 594/594 607/607 610/610
f 622/622 625/625 1226/1226
f 622/622 1226/1226 1224/1224
f 1224/1224 661/661 623/623
f 1224/1224 623/623 622/622
f 654/654 605/605 1221/1221
f 654/654 1221/1221 1222/1222
f 638/638 1221/1221 605/605
f 638/638 605/605 604/604
f 1228/1228 607/607 615/615
f 1228/1228 615/615 614/614
f 614/614 1230/1230 1227/1227
f 614/614 1227/1227 1228/1228
f 610/610 635/635 595/595
f 610/610 595/595 594/594
f 516/516 515/515 544/544
f 516/516 544/544 543/543

