# HWR household_v1 locked asset
mtllib dining_table.mtl
usemtl round_wooden_table_01
v -0.09503959 -0.08021299 0.70155399
v -0.09503959 -0.08021299 0.70155399
v -0.09503959 -0.08021299 0.70155399
v -0.09503959 -0.08021299 0.70657965
v -0.09503959 -0.08021299 0.70657965
v -0.09118166 -0.07353085 0.70155399
v -0.09118166 -0.07353085 0.70155399
v -0.09118166 -0.07353085 0.70155399
v -0.09118166 -0.07353085 0.70657965
v -0.09118166 -0.07353085 0.70657965
v -0.08346579 -0.07353085 0.70155399
v -0.08346579 -0.07353085 0.70155399
v -0.08346579 -0.07353085 0.70155399
v -0.08346579 -0.07353085 0.70657965
v -0.08346579 -0.07353085 0.70657965
v -0.07960786 -0.08021299 0.70155399
v -0.07960786 -0.08021299 0.70155399
v -0.07960786 -0.08021299 0.70155399
v -0.07960786 -0.08021299 0.70657965
v -0.07960786 -0.08021299 0.70657965
v -0.08346579 -0.08689513 0.70155399
v -0.08346579 -0.08689513 0.70155399
v -0.08346579 -0.08689513 0.70155399
v -0.08346579 -0.08689513 0.70657965
v -0.08346579 -0.08689513 0.70657965
v -0.09118166 -0.08689513 0.70155399
v -0.09118166 -0.08689513 0.70155399
v -0.09118166 -0.08689513 0.70155399
v -0.09118166 -0.08689513 0.70657965
v -0.09118166 -0.08689513 0.70657965
v -0.09048015 -0.08021298 0.69680994
v -0.09048015 -0.08021298 0.69680994
v -0.09048015 -0.08021298 0.70156183
v -0.09023988 -0.07900506 0.69680994
v -0.09023988 -0.07900506 0.69680994
v -0.09023988 -0.07900506 0.70156183
v -0.08955564 -0.07798104 0.69680994
v -0.08955564 -0.07798104 0.69680994
v -0.08955564 -0.07798104 0.70156183
v -0.08853162 -0.07729680 0.69680994
v -0.08853162 -0.07729680 0.69680994
v -0.08853162 -0.07729680 0.70156183
v -0.08732370 -0.07705653 0.69680994
v -0.08732370 -0.07705653 0.69680994
v -0.08732370 -0.07705653 0.70156183
v -0.08611577 -0.07729680 0.69680994
v -0.08611577 -0.07729680 0.69680994
v -0.08611577 -0.07729680 0.70156183
v -0.08509174 -0.07798104 0.69680994
v -0.08509174 -0.07798104 0.69680994
v -0.08509174 -0.07798104 0.70156183
v -0.08440751 -0.07900506 0.69680994
v -0.08440751 -0.07900506 0.69680994
v -0.08440751 -0.07900506 0.70156183
v -0.08416724 -0.08021298 0.69680994
v -0.08416724 -0.08021298 0.69680994
v -0.08416724 -0.08021298 0.70156183
v -0.08440751 -0.08142090 0.69680994
v -0.08440751 -0.08142090 0.69680994
v -0.08440751 -0.08142090 0.70156183
v -0.08509174 -0.08244493 0.69680994
v -0.08509174 -0.08244493 0.69680994
v -0.08509174 -0.08244493 0.70156183
v -0.08611577 -0.08312917 0.69680994
v -0.08611577 -0.08312917 0.69680994
v -0.08611577 -0.08312917 0.70156183
v -0.08732370 -0.08336944 0.69680994
v -0.08732370 -0.08336944 0.69680994
v -0.08732370 -0.08336944 0.70156183
v -0.08853162 -0.08312917 0.69680994
v -0.08853162 -0.08312917 0.69680994
v -0.08853162 -0.08312917 0.70156183
v -0.08955564 -0.08244493 0.69680994
v -0.08955564 -0.08244493 0.69680994
v -0.08955564 -0.08244493 0.70156183
v -0.09023988 -0.08142090 0.69680994
v -0.09023988 -0.08142090 0.69680994
v -0.09023988 -0.08142090 0.69680994
v -0.09023988 -0.08142090 0.70156183
v -0.09023988 -0.08142090 0.70156183
v -0.10268206 -0.08021296 0.70777612
v -0.10268206 -0.08021296 0.70777612
v -0.10268206 -0.08021296 0.70867150
v -0.10193037 -0.07546698 0.70777612
v -0.10193037 -0.07546698 0.70777612
v -0.10193037 -0.07546698 0.70867150
v -0.09974888 -0.07118556 0.70777612
v -0.09974888 -0.07118556 0.70777612
v -0.09974888 -0.07118556 0.70867150
v -0.09635113 -0.06778781 0.70777612
v -0.09635113 -0.06778781 0.70777612
v -0.09635113 -0.06778781 0.70867150
v -0.09206972 -0.06560632 0.70777612
v -0.09206972 -0.06560632 0.70777612
v -0.09206972 -0.06560632 0.70867150
v -0.08732373 -0.06485463 0.70777612
v -0.08732373 -0.06485463 0.70777612
v -0.08732373 -0.06485463 0.70867150
v -0.08257775 -0.06560632 0.70777612
v -0.08257775 -0.06560632 0.70777612
v -0.08257775 -0.06560632 0.70867150
v -0.07829633 -0.06778780 0.70777612
v -0.07829633 -0.06778780 0.70777612
v -0.07829633 -0.06778780 0.70867150
v -0.07489858 -0.07118556 0.70777612
v -0.07489858 -0.07118556 0.70777612
v -0.07489858 -0.07118556 0.70867150
v -0.07271709 -0.07546698 0.70777612
v -0.07271709 -0.07546698 0.70777612
v -0.07271709 -0.07546698 0.70867150
v -0.07196540 -0.08021296 0.70777612
v -0.07196540 -0.08021296 0.70777612
v -0.07196540 -0.08021296 0.70867150
v -0.07271709 -0.08495895 0.70777612
v -0.07271709 -0.08495895 0.70777612
v -0.07271709 -0.08495895 0.70867150
v -0.07489859 -0.08924037 0.70777612
v -0.07489859 -0.08924037 0.70777612
v -0.07489859 -0.08924037 0.70867150
v -0.07829633 -0.09263811 0.70777612
v -0.07829633 -0.09263811 0.70777612
v -0.07829633 -0.09263811 0.70867150
v -0.08257775 -0.09481960 0.70777612
v -0.08257775 -0.09481960 0.70777612
v -0.08257775 -0.09481960 0.70867150
v -0.08732374 -0.09557129 0.70777612
v -0.08732374 -0.09557129 0.70777612
v -0.08732374 -0.09557129 0.70867150
v -0.09206973 -0.09481960 0.70777612
v -0.09206973 -0.09481960 0.70777612
v -0.09206973 -0.09481960 0.70867150
v -0.09635114 -0.09263810 0.70777612
v -0.09635114 -0.09263810 0.70777612
v -0.09635114 -0.09263810 0.70867150
v -0.09974890 -0.08924034 0.70777612
v -0.09974890 -0.08924034 0.70777612
v -0.09974890 -0.08924034 0.70777612
v -0.09974890 -0.08924034 0.70867150
v -0.09974890 -0.08924034 0.70867150
v -0.10193038 -0.08495892 0.70777612
v -0.10193038 -0.08495892 0.70777612
v -0.10193038 -0.08495892 0.70867150
v -0.09809802 -0.08021297 0.70672055
v -0.09809802 -0.08021297 0.70672055
v -0.09809802 -0.08021297 0.70780388
v -0.09757070 -0.07688353 0.70672055
v -0.09757070 -0.07688353 0.70672055
v -0.09757070 -0.07688353 0.70780388
v -0.09604032 -0.07388000 0.70672055
v -0.09604032 -0.07388000 0.70672055
v -0.09604032 -0.07388000 0.70780388
v -0.09365671 -0.07149638 0.70672055
v -0.09365671 -0.07149638 0.70672055
v -0.09365671 -0.07149638 0.70780388
v -0.09065317 -0.06996601 0.70672055
v -0.09065317 -0.06996601 0.70672055
v -0.09065317 -0.06996601 0.70780388
v -0.08732374 -0.06943868 0.70672055
v -0.08732374 -0.06943868 0.70672055
v -0.08732374 -0.06943868 0.70780388
v -0.08399430 -0.06996601 0.70672055
v -0.08399430 -0.06996601 0.70672055
v -0.08399430 -0.06996601 0.70780388
v -0.08099076 -0.07149638 0.70672055
v -0.08099076 -0.07149638 0.70672055
v -0.08099076 -0.07149638 0.70780388
v -0.07860715 -0.07388000 0.70672055
v -0.07860715 -0.07388000 0.70672055
v -0.07860715 -0.07388000 0.70780388
v -0.07707677 -0.07688353 0.70672055
v -0.07707677 -0.07688353 0.70672055
v -0.07707677 -0.07688353 0.70780388
v -0.07654944 -0.08021297 0.70672055
v -0.07654944 -0.08021297 0.70672055
v -0.07654944 -0.08021297 0.70780388
v -0.07707678 -0.08354241 0.70672055
v -0.07707678 -0.08354241 0.70672055
v -0.07707678 -0.08354241 0.70780388
v -0.07860715 -0.08654594 0.70672055
v -0.07860715 -0.08654594 0.70672055
v -0.07860715 -0.08654594 0.70780388
v -0.08099077 -0.08892956 0.70672055
v -0.08099077 -0.08892956 0.70672055
v -0.08099077 -0.08892956 0.70780388
v -0.08399430 -0.09045993 0.70672055
v -0.08399430 -0.09045993 0.70672055
v -0.08399430 -0.09045993 0.70780388
v -0.08732374 -0.09098726 0.70672055
v -0.08732374 -0.09098726 0.70672055
v -0.08732374 -0.09098726 0.70780388
v -0.09065319 -0.09045992 0.70672055
v -0.09065319 -0.09045992 0.70672055
v -0.09065319 -0.09045992 0.70780388
v -0.09365671 -0.08892955 0.70672055
v -0.09365671 -0.08892955 0.70672055
v -0.09365671 -0.08892955 0.70780388
v -0.09604033 -0.08654593 0.70672055
v -0.09604033 -0.08654593 0.70672055
v -0.09604033 -0.08654593 0.70672055
v -0.09604033 -0.08654593 0.70780388
v -0.09604033 -0.08654593 0.70780388
v -0.09757070 -0.08354239 0.70672055
v -0.09757070 -0.08354239 0.70672055
v -0.09757070 -0.08354239 0.70780388
v 0.11377129 0.07966093 0.70155399
v 0.11377129 0.07966093 0.70155399
v 0.11377129 0.07966093 0.70155399
v 0.11377129 0.07966093 0.70657965
v 0.11377129 0.07966093 0.70657965
v 0.10631411 0.07767976 0.70155399
v 0.10631411 0.07767976 0.70155399
v 0.10631411 0.07767976 0.70155399
v 0.10631411 0.07767976 0.70657965
v 0.10631411 0.07767976 0.70657965
v 0.10430125 0.07023106 0.70155399
v 0.10430125 0.07023106 0.70155399
v 0.10430125 0.07023106 0.70155399
v 0.10430125 0.07023106 0.70657965
v 0.10430125 0.07023106 0.70657965
v 0.10974558 0.06476353 0.70155399
v 0.10974558 0.06476353 0.70155399
v 0.10974558 0.06476353 0.70155399
v 0.10974558 0.06476353 0.70657965
v 0.10974558 0.06476353 0.70657965
v 0.11720276 0.06674470 0.70155399
v 0.11720276 0.06674470 0.70155399
v 0.11720276 0.06674470 0.70155399
v 0.11720276 0.06674470 0.70657965
v 0.11720276 0.06674470 0.70657965
v 0.11921562 0.07419340 0.70155399
v 0.11921562 0.07419340 0.70155399
v 0.11921562 0.07419340 0.70155399
v 0.11921562 0.07419340 0.70657965
v 0.11921562 0.07419340 0.70657965
v 0.11258186 0.07525936 0.69680994
v 0.11258186 0.07525936 0.69680994
v 0.11258186 0.07525936 0.70156183
v 0.11135307 0.07534252 0.69680994
v 0.11135307 0.07534252 0.69680994
v 0.11135307 0.07534252 0.70156183
v 0.11018601 0.07494912 0.69680994
v 0.11018601 0.07494912 0.69680994
v 0.11018601 0.07494912 0.70156183
v 0.10925834 0.07413905 0.69680994
v 0.10925834 0.07413905 0.69680994
v 0.10925834 0.07413905 0.70156183
v 0.10871126 0.07303564 0.69680994
v 0.10871126 0.07303564 0.69680994
v 0.10871126 0.07303564 0.70156183
v 0.10862810 0.07180685 0.69680994
v 0.10862810 0.07180685 0.69680994
v 0.10862810 0.07180685 0.70156183
v 0.10902150 0.07063979 0.69680994
v 0.10902150 0.07063979 0.69680994
v 0.10902150 0.07063979 0.70156183
v 0.10983158 0.06971211 0.69680994
v 0.10983158 0.06971211 0.69680994
v 0.10983158 0.06971211 0.70156183
v 0.11093499 0.06916504 0.69680994
v 0.11093499 0.06916504 0.69680994
v 0.11093499 0.06916504 0.70156183
v 0.11216376 0.06908188 0.69680994
v 0.11216376 0.06908188 0.69680994
v 0.11216376 0.06908188 0.70156183
v 0.11333084 0.06947528 0.69680994
v 0.11333084 0.06947528 0.69680994
v 0.11333084 0.06947528 0.70156183
v 0.11425851 0.07028536 0.69680994
v 0.11425851 0.07028536 0.69680994
v 0.11425851 0.07028536 0.70156183
v 0.11480559 0.07138878 0.69680994
v 0.11480559 0.07138878 0.69680994
v 0.11480559 0.07138878 0.70156183
v 0.11488875 0.07261755 0.69680994
v 0.11488875 0.07261755 0.69680994
v 0.11488875 0.07261755 0.69680994
v 0.11488875 0.07261755 0.70156183
v 0.11488875 0.07261755 0.70156183
v 0.11449535 0.07378462 0.69680994
v 0.11449535 0.07378462 0.69680994
v 0.11449535 0.07378462 0.70156183
v 0.11368527 0.07471229 0.69680994
v 0.11368527 0.07471229 0.69680994
v 0.11368527 0.07471229 0.70156183
v 0.11576497 0.08703877 0.70777612
v 0.11576497 0.08703877 0.70777612
v 0.11576497 0.08703877 0.70867150
v 0.11098721 0.08755120 0.70777612
v 0.11098721 0.08755120 0.70777612
v 0.11098721 0.08755120 0.70867150
v 0.10628497 0.08656215 0.70777612
v 0.10628497 0.08656215 0.70777612
v 0.10628497 0.08656215 0.70867150
v 0.10211849 0.08416843 0.70777612
v 0.10211849 0.08416843 0.70777612
v 0.10211849 0.08416843 0.70867150
v 0.09889564 0.08060435 0.70777612
v 0.09889564 0.08060435 0.70777612
v 0.09889564 0.08060435 0.70867150
v 0.09693188 0.07621880 0.70777612
v 0.09693188 0.07621880 0.70777612
v 0.09693188 0.07621880 0.70867150
v 0.09641945 0.07144106 0.70777612
v 0.09641945 0.07144106 0.70777612
v 0.09641945 0.07144106 0.70867150
v 0.09740850 0.06673881 0.70777612
v 0.09740850 0.06673881 0.70777612
v 0.09740850 0.06673881 0.70867150
v 0.09980223 0.06257233 0.70777612
v 0.09980223 0.06257233 0.70777612
v 0.09980223 0.06257233 0.70867150
v 0.10336630 0.05934948 0.70777612
v 0.10336630 0.05934948 0.70777612
v 0.10336630 0.05934948 0.70867150
v 0.10775186 0.05738572 0.70777612
v 0.10775186 0.05738572 0.70777612
v 0.10775186 0.05738572 0.70867150
v 0.11252959 0.05687329 0.70777612
v 0.11252959 0.05687329 0.70777612
v 0.11252959 0.05687329 0.70867150
v 0.11723185 0.05786234 0.70777612
v 0.11723185 0.05786234 0.70777612
v 0.11723185 0.05786234 0.70867150
v 0.12139833 0.06025607 0.70777612
v 0.12139833 0.06025607 0.70777612
v 0.12139833 0.06025607 0.70867150
v 0.12462118 0.06382014 0.70777612
v 0.12462118 0.06382014 0.70777612
v 0.12462118 0.06382014 0.70867150
v 0.12658493 0.06820571 0.70777612
v 0.12658493 0.06820571 0.70777612
v 0.12658493 0.06820571 0.70867150
v 0.12709736 0.07298344 0.70777612
v 0.12709736 0.07298344 0.70777612
v 0.12709736 0.07298344 0.70867150
v 0.12610830 0.07768570 0.70777612
v 0.12610830 0.07768570 0.70777612
v 0.12610830 0.07768570 0.70867150
v 0.12371457 0.08185217 0.70777612
v 0.12371457 0.08185217 0.70777612
v 0.12371457 0.08185217 0.70777612
v 0.12371457 0.08185217 0.70867150
v 0.12371457 0.08185217 0.70867150
v 0.12015050 0.08507503 0.70777612
v 0.12015050 0.08507503 0.70777612
v 0.12015050 0.08507503 0.70867150
v 0.11456913 0.08261346 0.70672055
v 0.11456913 0.08261346 0.70672055
v 0.11456913 0.08261346 0.70780388
v 0.11121740 0.08297295 0.70672055
v 0.11121740 0.08297295 0.70672055
v 0.11121740 0.08297295 0.70780388
v 0.10791865 0.08227910 0.70672055
v 0.10791865 0.08227910 0.70672055
v 0.10791865 0.08227910 0.70780388
v 0.10499574 0.08059983 0.70672055
v 0.10499574 0.08059983 0.70672055
v 0.10499574 0.08059983 0.70780388
v 0.10273483 0.07809954 0.70672055
v 0.10273483 0.07809954 0.70672055
v 0.10273483 0.07809954 0.70780388
v 0.10135721 0.07502296 0.70672055
v 0.10135721 0.07502296 0.70672055
v 0.10135721 0.07502296 0.70780388
v 0.10099772 0.07167124 0.70672055
v 0.10099772 0.07167124 0.70672055
v 0.10099772 0.07167124 0.70780388
v 0.10169156 0.06837248 0.70672055
v 0.10169156 0.06837248 0.70672055
v 0.10169156 0.06837248 0.70780388
v 0.10337083 0.06544958 0.70672055
v 0.10337083 0.06544958 0.70672055
v 0.10337083 0.06544958 0.70780388
v 0.10587113 0.06318867 0.70672055
v 0.10587113 0.06318867 0.70672055
v 0.10587113 0.06318867 0.70780388
v 0.10894772 0.06181103 0.70672055
v 0.10894772 0.06181103 0.70672055
v 0.10894772 0.06181103 0.70780388
v 0.11229943 0.06145154 0.70672055
v 0.11229943 0.06145154 0.70672055
v 0.11229943 0.06145154 0.70780388
v 0.11559820 0.06214539 0.70672055
v 0.11559820 0.06214539 0.70672055
v 0.11559820 0.06214539 0.70780388
v 0.11852108 0.06382466 0.70672055
v 0.11852108 0.06382466 0.70672055
v 0.11852108 0.06382466 0.70780388
v 0.12078200 0.06632496 0.70672055
v 0.12078200 0.06632496 0.70672055
v 0.12078200 0.06632496 0.70780388
v 0.12215964 0.06940154 0.70672055
v 0.12215964 0.06940154 0.70672055
v 0.12215964 0.06940154 0.70780388
v 0.12251912 0.07275327 0.70672055
v 0.12251912 0.07275327 0.70672055
v 0.12251912 0.07275327 0.70780388
v 0.12182526 0.07605203 0.70672055
v 0.12182526 0.07605203 0.70672055
v 0.12182526 0.07605203 0.70672055
v 0.12182526 0.07605203 0.70780388
v 0.12182526 0.07605203 0.70780388
v 0.12014599 0.07897492 0.70672055
v 0.12014599 0.07897492 0.70672055
v 0.12014599 0.07897492 0.70780388
v 0.11764569 0.08123584 0.70672055
v 0.11764569 0.08123584 0.70672055
v 0.11764569 0.08123584 0.70780388
v -0.08152179 0.10278127 0.70155399
v -0.08152179 0.10278127 0.70155399
v -0.08152179 0.10278127 0.70155399
v -0.08152179 0.10278127 0.70657965
v -0.08152179 0.10278127 0.70657965
v -0.07483966 0.09892335 0.70155399
v -0.07483966 0.09892335 0.70155399
v -0.07483966 0.09892335 0.70155399
v -0.07483966 0.09892335 0.70657965
v -0.07483966 0.09892335 0.70657965
v -0.07483965 0.09120747 0.70155399
v -0.07483965 0.09120747 0.70155399
v -0.07483965 0.09120747 0.70155399
v -0.07483965 0.09120747 0.70657965
v -0.07483965 0.09120747 0.70657965
v -0.08152179 0.08734955 0.70155399
v -0.08152179 0.08734955 0.70155399
v -0.08152179 0.08734955 0.70155399
v -0.08152179 0.08734955 0.70657965
v -0.08152179 0.08734955 0.70657965
v -0.08820394 0.09120747 0.70155399
v -0.08820394 0.09120747 0.70155399
v -0.08820394 0.09120747 0.70155399
v -0.08820394 0.09120747 0.70657965
v -0.08820394 0.09120747 0.70657965
v -0.08820394 0.09892335 0.70155399
v -0.08820394 0.09892335 0.70155399
v -0.08820394 0.09892335 0.70155399
v -0.08820394 0.09892335 0.70657965
v -0.08820394 0.09892335 0.70657965
v -0.08152179 0.09822183 0.69680994
v -0.08152179 0.09822183 0.69680994
v -0.08152179 0.09822183 0.70156183
v -0.08031387 0.09798156 0.69680994
v -0.08031387 0.09798156 0.69680994
v -0.08031387 0.09798156 0.70156183
v -0.07928984 0.09729733 0.69680994
v -0.07928984 0.09729733 0.69680994
v -0.07928984 0.09729733 0.70156183
v -0.07860561 0.09627331 0.69680994
v -0.07860561 0.09627331 0.69680994
v -0.07860561 0.09627331 0.70156183
v -0.07836534 0.09506537 0.69680994
v -0.07836534 0.09506537 0.69680994
v -0.07836534 0.09506537 0.70156183
v -0.07860561 0.09385746 0.69680994
v -0.07860561 0.09385746 0.69680994
v -0.07860561 0.09385746 0.70156183
v -0.07928984 0.09283343 0.69680994
v -0.07928984 0.09283343 0.69680994
v -0.07928984 0.09283343 0.70156183
v -0.08031387 0.09214920 0.69680994
v -0.08031387 0.09214920 0.69680994
v -0.08031387 0.09214920 0.70156183
v -0.08152179 0.09190893 0.69680994
v -0.08152179 0.09190893 0.69680994
v -0.08152179 0.09190893 0.70156183
v -0.08272971 0.09214920 0.69680994
v -0.08272971 0.09214920 0.69680994
v -0.08272971 0.09214920 0.70156183
v -0.08375374 0.09283343 0.69680994
v -0.08375374 0.09283343 0.69680994
v -0.08375374 0.09283343 0.70156183
v -0.08443797 0.09385746 0.69680994
v -0.08443797 0.09385746 0.69680994
v -0.08443797 0.09385746 0.70156183
v -0.08467824 0.09506537 0.69680994
v -0.08467824 0.09506537 0.69680994
v -0.08467824 0.09506537 0.70156183
v -0.08443797 0.09627331 0.69680994
v -0.08443797 0.09627331 0.69680994
v -0.08443797 0.09627331 0.70156183
v -0.08375374 0.09729733 0.69680994
v -0.08375374 0.09729733 0.69680994
v -0.08375374 0.09729733 0.70156183
v -0.08272971 0.09798156 0.69680994
v -0.08272971 0.09798156 0.69680994
v -0.08272971 0.09798156 0.69680994
v -0.08272971 0.09798156 0.70156183
v -0.08272971 0.09798156 0.70156183
v -0.08152177 0.11042375 0.70777612
v -0.08152177 0.11042375 0.70777612
v -0.08152177 0.11042375 0.70867150
v -0.07677578 0.10967206 0.70777612
v -0.07677578 0.10967206 0.70777612
v -0.07677578 0.10967206 0.70867150
v -0.07249437 0.10749057 0.70777612
v -0.07249437 0.10749057 0.70777612
v -0.07249437 0.10749057 0.70867150
v -0.06909662 0.10409281 0.70777612
v -0.06909662 0.10409281 0.70777612
v -0.06909662 0.10409281 0.70867150
v -0.06691513 0.09981140 0.70777612
v -0.06691513 0.09981140 0.70777612
v -0.06691513 0.09981140 0.70867150
v -0.06616343 0.09506542 0.70777612
v -0.06616343 0.09506542 0.70777612
v -0.06616343 0.09506542 0.70867150
v -0.06691513 0.09031943 0.70777612
v -0.06691513 0.09031943 0.70777612
v -0.06691513 0.09031943 0.70867150
v -0.06909661 0.08603802 0.70777612
v -0.06909661 0.08603802 0.70777612
v -0.06909661 0.08603802 0.70867150
v -0.07249437 0.08264026 0.70777612
v -0.07249437 0.08264026 0.70777612
v -0.07249437 0.08264026 0.70867150
v -0.07677578 0.08045878 0.70777612
v -0.07677578 0.08045878 0.70777612
v -0.07677578 0.08045878 0.70867150
v -0.08152177 0.07970709 0.70777612
v -0.08152177 0.07970709 0.70777612
v -0.08152177 0.07970709 0.70867150
v -0.08626775 0.08045878 0.70777612
v -0.08626775 0.08045878 0.70777612
v -0.08626775 0.08045878 0.70867150
v -0.09054917 0.08264028 0.70777612
v -0.09054917 0.08264028 0.70777612
v -0.09054917 0.08264028 0.70867150
v -0.09394692 0.08603803 0.70777612
v -0.09394692 0.08603803 0.70777612
v -0.09394692 0.08603803 0.70867150
v -0.09612841 0.09031944 0.70777612
v -0.09612841 0.09031944 0.70777612
v -0.09612841 0.09031944 0.70867150
v -0.09688010 0.09506544 0.70777612
v -0.09688010 0.09506544 0.70777612
v -0.09688010 0.09506544 0.70867150
v -0.09612840 0.09981142 0.70777612
v -0.09612840 0.09981142 0.70777612
v -0.09612840 0.09981142 0.70867150
v -0.09394691 0.10409284 0.70777612
v -0.09394691 0.10409284 0.70777612
v -0.09394691 0.10409284 0.70867150
v -0.09054915 0.10749059 0.70777612
v -0.09054915 0.10749059 0.70777612
v -0.09054915 0.10749059 0.70867150
v -0.08626773 0.10967206 0.70777612
v -0.08626773 0.10967206 0.70777612
v -0.08626773 0.10967206 0.70777612
v -0.08626773 0.10967206 0.70867150
v -0.08626773 0.10967206 0.70867150
v -0.08152178 0.10583972 0.70672055
v -0.08152178 0.10583972 0.70672055
v -0.08152178 0.10583972 0.70780388
v -0.07819234 0.10531238 0.70672055
v -0.07819234 0.10531238 0.70672055
v -0.07819234 0.10531238 0.70780388
v -0.07518881 0.10378201 0.70672055
v -0.07518881 0.10378201 0.70672055
v -0.07518881 0.10378201 0.70780388
v -0.07280519 0.10139838 0.70672055
v -0.07280519 0.10139838 0.70672055
v -0.07280519 0.10139838 0.70780388
v -0.07127481 0.09839486 0.70672055
v -0.07127481 0.09839486 0.70672055
v -0.07127481 0.09839486 0.70780388
v -0.07074749 0.09506542 0.70672055
v -0.07074749 0.09506542 0.70672055
v -0.07074749 0.09506542 0.70780388
v -0.07127481 0.09173598 0.70672055
v -0.07127481 0.09173598 0.70672055
v -0.07127481 0.09173598 0.70780388
v -0.07280519 0.08873245 0.70672055
v -0.07280519 0.08873245 0.70672055
v -0.07280519 0.08873245 0.70780388
v -0.07518881 0.08634884 0.70672055
v -0.07518881 0.08634884 0.70672055
v -0.07518881 0.08634884 0.70780388
v -0.07819234 0.08481846 0.70672055
v -0.07819234 0.08481846 0.70672055
v -0.07819234 0.08481846 0.70780388
v -0.08152178 0.08429113 0.70672055
v -0.08152178 0.08429113 0.70672055
v -0.08152178 0.08429113 0.70780388
v -0.08485122 0.08481847 0.70672055
v -0.08485122 0.08481847 0.70672055
v -0.08485122 0.08481847 0.70780388
v -0.08785475 0.08634884 0.70672055
v -0.08785475 0.08634884 0.70672055
v -0.08785475 0.08634884 0.70780388
v -0.09023837 0.08873246 0.70672055
v -0.09023837 0.08873246 0.70672055
v -0.09023837 0.08873246 0.70780388
v -0.09176874 0.09173599 0.70672055
v -0.09176874 0.09173599 0.70672055
v -0.09176874 0.09173599 0.70780388
v -0.09229607 0.09506544 0.70672055
v -0.09229607 0.09506544 0.70672055
v -0.09229607 0.09506544 0.70780388
v -0.09176873 0.09839486 0.70672055
v -0.09176873 0.09839486 0.70672055
v -0.09176873 0.09839486 0.70780388
v -0.09023835 0.10139841 0.70672055
v -0.09023835 0.10139841 0.70672055
v -0.09023835 0.10139841 0.70780388
v -0.08785474 0.10378201 0.70672055
v -0.08785474 0.10378201 0.70672055
v -0.08785474 0.10378201 0.70780388
v -0.08485120 0.10531238 0.70672055
v -0.08485120 0.10531238 0.70672055
v -0.08485120 0.10531238 0.70672055
v -0.08485120 0.10531238 0.70780388
v -0.08485120 0.10531238 0.70780388
v 0.10402475 -0.08606197 0.70155399
v 0.10402475 -0.08606197 0.70155399
v 0.10402475 -0.08606197 0.70155399
v 0.10402475 -0.08606197 0.70657965
v 0.10402475 -0.08606197 0.70657965
v 0.10204358 -0.07860479 0.70155399
v 0.10204358 -0.07860479 0.70155399
v 0.10204358 -0.07860479 0.70155399
v 0.10204358 -0.07860479 0.70657965
v 0.10204358 -0.07860479 0.70657965
v 0.09459490 -0.07659193 0.70155399
v 0.09459490 -0.07659193 0.70155399
v 0.09459490 -0.07659193 0.70155399
v 0.09459490 -0.07659193 0.70657965
v 0.09459490 -0.07659193 0.70657965
v 0.08912736 -0.08203625 0.70155399
v 0.08912736 -0.08203625 0.70155399
v 0.08912736 -0.08203625 0.70155399
v 0.08912736 -0.08203625 0.70657965
v 0.08912736 -0.08203625 0.70657965
v 0.09110853 -0.08949344 0.70155399
v 0.09110853 -0.08949344 0.70155399
v 0.09110853 -0.08949344 0.70155399
v 0.09110853 -0.08949344 0.70657965
v 0.09110853 -0.08949344 0.70657965
v 0.09855724 -0.09150629 0.70155399
v 0.09855724 -0.09150629 0.70155399
v 0.09855724 -0.09150629 0.70155399
v 0.09855724 -0.09150629 0.70657965
v 0.09855724 -0.09150629 0.70657965
v 0.09962320 -0.08487253 0.69680994
v 0.09962320 -0.08487253 0.69680994
v 0.09962320 -0.08487253 0.70156183
v 0.09970636 -0.08364375 0.69680994
v 0.09970636 -0.08364375 0.69680994
v 0.09970636 -0.08364375 0.70156183
v 0.09931296 -0.08247669 0.69680994
v 0.09931296 -0.08247669 0.69680994
v 0.09931296 -0.08247669 0.70156183
v 0.09850288 -0.08154901 0.69680994
v 0.09850288 -0.08154901 0.69680994
v 0.09850288 -0.08154901 0.70156183
v 0.09739947 -0.08100194 0.69680994
v 0.09739947 -0.08100194 0.69680994
v 0.09739947 -0.08100194 0.70156183
v 0.09617068 -0.08091878 0.69680994
v 0.09617068 -0.08091878 0.69680994
v 0.09617068 -0.08091878 0.70156183
v 0.09500362 -0.08131218 0.69680994
v 0.09500362 -0.08131218 0.69680994
v 0.09500362 -0.08131218 0.70156183
v 0.09407595 -0.08212225 0.69680994
v 0.09407595 -0.08212225 0.69680994
v 0.09407595 -0.08212225 0.70156183
v 0.09352887 -0.08322567 0.69680994
v 0.09352887 -0.08322567 0.69680994
v 0.09352887 -0.08322567 0.70156183
v 0.09344571 -0.08445443 0.69680994
v 0.09344571 -0.08445443 0.69680994
v 0.09344571 -0.08445443 0.70156183
v 0.09383911 -0.08562151 0.69680994
v 0.09383911 -0.08562151 0.69680994
v 0.09383911 -0.08562151 0.70156183
v 0.09464919 -0.08654919 0.69680994
v 0.09464919 -0.08654919 0.69680994
v 0.09464919 -0.08654919 0.70156183
v 0.09575260 -0.08709626 0.69680994
v 0.09575260 -0.08709626 0.69680994
v 0.09575260 -0.08709626 0.70156183
v 0.09698139 -0.08717942 0.69680994
v 0.09698139 -0.08717942 0.69680994
v 0.09698139 -0.08717942 0.70156183
v 0.09814845 -0.08678602 0.69680994
v 0.09814845 -0.08678602 0.69680994
v 0.09814845 -0.08678602 0.69680994
v 0.09814845 -0.08678602 0.70156183
v 0.09814845 -0.08678602 0.70156183
v 0.09907612 -0.08597595 0.69680994
v 0.09907612 -0.08597595 0.69680994
v 0.09907612 -0.08597595 0.70156183
v 0.11140261 -0.08805565 0.70777612
v 0.11140261 -0.08805565 0.70777612
v 0.11140261 -0.08805565 0.70867150
v 0.11191504 -0.08327789 0.70777612
v 0.11191504 -0.08327789 0.70777612
v 0.11191504 -0.08327789 0.70867150
v 0.11092598 -0.07857565 0.70777612
v 0.11092598 -0.07857565 0.70777612
v 0.11092598 -0.07857565 0.70867150
v 0.10853225 -0.07440917 0.70777612
v 0.10853225 -0.07440917 0.70777612
v 0.10853225 -0.07440917 0.70867150
v 0.10496818 -0.07118632 0.70777612
v 0.10496818 -0.07118632 0.70777612
v 0.10496818 -0.07118632 0.70867150
v 0.10058263 -0.06922256 0.70777612
v 0.10058263 -0.06922256 0.70777612
v 0.10058263 -0.06922256 0.70867150
v 0.09580489 -0.06871014 0.70777612
v 0.09580489 -0.06871014 0.70777612
v 0.09580489 -0.06871014 0.70867150
v 0.09110265 -0.06969919 0.70777612
v 0.09110265 -0.06969919 0.70777612
v 0.09110265 -0.06969919 0.70867150
v 0.08693617 -0.07209292 0.70777612
v 0.08693617 -0.07209292 0.70777612
v 0.08693617 -0.07209292 0.70867150
v 0.08371330 -0.07565698 0.70777612
v 0.08371330 -0.07565698 0.70777612
v 0.08371330 -0.07565698 0.70867150
v 0.08174956 -0.08004253 0.70777612
v 0.08174956 -0.08004253 0.70777612
v 0.08174956 -0.08004253 0.70867150
v 0.08123712 -0.08482027 0.70777612
v 0.08123712 -0.08482027 0.70777612
v 0.08123712 -0.08482027 0.70867150
v 0.08222618 -0.08952253 0.70777612
v 0.08222618 -0.08952253 0.70777612
v 0.08222618 -0.08952253 0.70867150
v 0.08461991 -0.09368901 0.70777612
v 0.08461991 -0.09368901 0.70777612
v 0.08461991 -0.09368901 0.70867150
v 0.08818398 -0.09691185 0.70777612
v 0.08818398 -0.09691185 0.70777612
v 0.08818398 -0.09691185 0.70867150
v 0.09256953 -0.09887560 0.70777612
v 0.09256953 -0.09887560 0.70777612
v 0.09256953 -0.09887560 0.70867150
v 0.09734727 -0.09938804 0.70777612
v 0.09734727 -0.09938804 0.70777612
v 0.09734727 -0.09938804 0.70867150
v 0.10204953 -0.09839898 0.70777612
v 0.10204953 -0.09839898 0.70777612
v 0.10204953 -0.09839898 0.70867150
v 0.10621601 -0.09600525 0.70777612
v 0.10621601 -0.09600525 0.70777612
v 0.10621601 -0.09600525 0.70777612
v 0.10621601 -0.09600525 0.70867150
v 0.10621601 -0.09600525 0.70867150
v 0.10943886 -0.09244118 0.70777612
v 0.10943886 -0.09244118 0.70777612
v 0.10943886 -0.09244118 0.70867150
v 0.10697730 -0.08685981 0.70672055
v 0.10697730 -0.08685981 0.70672055
v 0.10697730 -0.08685981 0.70780388
v 0.10733678 -0.08350808 0.70672055
v 0.10733678 -0.08350808 0.70672055
v 0.10733678 -0.08350808 0.70780388
v 0.10664294 -0.08020933 0.70672055
v 0.10664294 -0.08020933 0.70672055
v 0.10664294 -0.08020933 0.70780388
v 0.10496367 -0.07728642 0.70672055
v 0.10496367 -0.07728642 0.70672055
v 0.10496367 -0.07728642 0.70780388
v 0.10246337 -0.07502550 0.70672055
v 0.10246337 -0.07502550 0.70672055
v 0.10246337 -0.07502550 0.70780388
v 0.09938679 -0.07364790 0.70672055
v 0.09938679 -0.07364790 0.70672055
v 0.09938679 -0.07364790 0.70780388
v 0.09603508 -0.07328840 0.70672055
v 0.09603508 -0.07328840 0.70672055
v 0.09603508 -0.07328840 0.70780388
v 0.09273631 -0.07398225 0.70672055
v 0.09273631 -0.07398225 0.70672055
v 0.09273631 -0.07398225 0.70780388
v 0.08981342 -0.07566151 0.70672055
v 0.08981342 -0.07566151 0.70672055
v 0.08981342 -0.07566151 0.70780388
v 0.08755250 -0.07816181 0.70672055
v 0.08755250 -0.07816181 0.70672055
v 0.08755250 -0.07816181 0.70780388
v 0.08617486 -0.08123839 0.70672055
v 0.08617486 -0.08123839 0.70672055
v 0.08617486 -0.08123839 0.70780388
v 0.08581538 -0.08459010 0.70672055
v 0.08581538 -0.08459010 0.70672055
v 0.08581538 -0.08459010 0.70780388
v 0.08650922 -0.08788887 0.70672055
v 0.08650922 -0.08788887 0.70672055
v 0.08650922 -0.08788887 0.70780388
v 0.08818849 -0.09081176 0.70672055
v 0.08818849 -0.09081176 0.70672055
v 0.08818849 -0.09081176 0.70780388
v 0.09068879 -0.09307268 0.70672055
v 0.09068879 -0.09307268 0.70672055
v 0.09068879 -0.09307268 0.70780388
v 0.09376537 -0.09445032 0.70672055
v 0.09376537 -0.09445032 0.70672055
v 0.09376537 -0.09445032 0.70780388
v 0.09711711 -0.09480980 0.70672055
v 0.09711711 -0.09480980 0.70672055
v 0.09711711 -0.09480980 0.70780388
v 0.10041585 -0.09411594 0.70672055
v 0.10041585 -0.09411594 0.70672055
v 0.10041585 -0.09411594 0.70672055
v 0.10041585 -0.09411594 0.70780388
v 0.10041585 -0.09411594 0.70780388
v 0.10333876 -0.09243667 0.70672055
v 0.10333876 -0.09243667 0.70672055
v 0.10333876 -0.09243667 0.70780388
v 0.10559968 -0.08993637 0.70672055
v 0.10559968 -0.08993637 0.70672055
v 0.10559968 -0.08993637 0.70780388
v -0.00000006 0.52140143 0.75841613
v -0.00000006 0.52618190 0.75285455
v 0.13494863 0.50363511 0.75841613
v 0.13618588 0.50825268 0.75285455
v 0.26070073 0.45154694 0.75841613
v 0.26309094 0.45568692 0.75285455
v 0.36868647 0.36868651 0.75841613
v 0.37206678 0.37206678 0.75285455
v 0.45154692 0.26070075 0.75841613
v 0.45568694 0.26309096 0.75285455
v 0.50363509 0.13494866 0.75841613
v 0.50825270 0.13618592 0.75285455
v 0.52140141 0.00000006 0.75841613
v 0.52618187 0.00000006 0.75285455
v 0.50363518 -0.13494857 0.75841613
v 0.50363518 -0.13494857 0.75841613
v 0.50825270 -0.13618583 0.75285455
v 0.50825270 -0.13618583 0.75285455
v 0.45154697 -0.26070062 0.75841613
v 0.45568694 -0.26309085 0.75285455
v 0.36868658 -0.36868638 0.75841613
v 0.37206687 -0.37206667 0.75285455
v 0.26070089 -0.45154685 0.75841613
v 0.26309110 -0.45568683 0.75285455
v 0.13494881 -0.50363507 0.75841613
v 0.13618608 -0.50825263 0.75285455
v 0.00000020 -0.52140139 0.75841613
v 0.00000020 -0.52618185 0.75285455
v -0.13494843 -0.50363516 0.75841613
v -0.13618569 -0.50825272 0.75285455
v -0.26070055 -0.45154703 0.75841613
v -0.26309073 -0.45568701 0.75285455
v -0.36868633 -0.36868672 0.75841613
v -0.37206660 -0.37206700 0.75285455
v -0.45154674 -0.26070089 0.75841613
v -0.45568680 -0.26309112 0.75285455
v -0.50363509 -0.13494882 0.75841613
v -0.50825266 -0.13618608 0.75285455
v -0.52140141 -0.00000022 0.75841613
v -0.52618187 -0.00000022 0.75285455
v -0.50363518 0.13494838 0.75841613
v -0.50363518 0.13494838 0.75841613
v -0.50825275 0.13618566 0.75285455
v -0.50825275 0.13618566 0.75285455
v -0.45154706 0.26070048 0.75841613
v -0.45568703 0.26309071 0.75285455
v -0.36868678 0.36868631 0.75841613
v -0.37206703 0.37206658 0.75285455
v -0.26070107 0.45154676 0.75841613
v -0.26309128 0.45568683 0.75285455
v -0.13494893 0.50363502 0.75841613
v -0.13618621 0.50825263 0.75285455
v -0.00000007 0.52909579 0.73894383
v -0.00000006 0.52038954 0.72796093
v -0.00000007 0.52584745 0.73166550
v 0.13694007 0.51106728 0.73894383
v 0.13609934 0.50792964 0.73166550
v 0.13468671 0.50265779 0.72796093
v 0.26454791 0.45821039 0.73894383
v 0.26292372 0.45539728 0.73166550
v 0.26019478 0.45067063 0.72796093
v 0.37412719 0.37412721 0.73894383
v 0.37183030 0.37183030 0.73166550
v 0.36797100 0.36797102 0.72796093
v 0.45821041 0.26454791 0.73894383
v 0.45539725 0.26292369 0.73166550
v 0.45067056 0.26019476 0.72796093
v 0.51106725 0.13694011 0.73894383
v 0.50792962 0.13609936 0.73166550
v 0.50265777 0.13468674 0.72796093
v 0.52909581 0.00000006 0.73894383
v 0.52584743 0.00000006 0.73166550
v 0.52038956 0.00000006 0.72796093
v 0.51106730 -0.13693999 0.73894383
v 0.51106730 -0.13693999 0.73894383
v 0.50792966 -0.13609926 0.73166550
v 0.50792966 -0.13609926 0.73166550
v 0.50265781 -0.13468664 0.72796093
v 0.50265781 -0.13468664 0.72796093
v 0.45821041 -0.26454782 0.73894383
v 0.45539739 -0.26292360 0.73166550
v 0.45067070 -0.26019467 0.72796093
v 0.37412730 -0.37412712 0.73894383
v 0.37183037 -0.37183017 0.73166550
v 0.36797109 -0.36797089 0.72796093
v 0.26454804 -0.45821034 0.73894383
v 0.26292385 -0.45539714 0.73166550
v 0.26019492 -0.45067050 0.72796093
v 0.13694026 -0.51106719 0.73894383
v 0.13609951 -0.50792955 0.73166550
v 0.13468690 -0.50265765 0.72796093
v 0.00000020 -0.52909579 0.73894383
v 0.00000020 -0.52584741 0.73166550
v 0.00000020 -0.52038954 0.72796093
v -0.13693985 -0.51106728 0.73894383
v -0.13609910 -0.50792964 0.73166550
v -0.13468652 -0.50265779 0.72796093
v -0.26454768 -0.45821052 0.73894383
v -0.26292349 -0.45539737 0.73166550
v -0.26019453 -0.45067068 0.72796093
v -0.37412705 -0.37412737 0.73894383
v -0.37183012 -0.37183044 0.73166550
v -0.36797084 -0.36797116 0.72796093
v -0.45821027 -0.26454804 0.73894383
v -0.45539716 -0.26292385 0.73166550
v -0.45067047 -0.26019494 0.72796093
v -0.51106721 -0.13694026 0.73894383
v -0.50792957 -0.13609951 0.73166550
v -0.50265772 -0.13468690 0.72796093
v -0.52909581 -0.00000022 0.73894383
v -0.52584743 -0.00000022 0.73166550
v -0.52038956 -0.00000021 0.72796093
v -0.51106730 0.13693982 0.73894383
v -0.51106730 0.13693982 0.73894383
v -0.50792966 0.13609909 0.73166550
v -0.50792966 0.13609909 0.73166550
v -0.50265781 0.13468648 0.72796093
v -0.50265781 0.13468648 0.72796093
v -0.45821054 0.26454766 0.73894383
v -0.45539743 0.26292347 0.73166550
v -0.45067074 0.26019453 0.72796093
v -0.37412748 0.37412701 0.73894383
v -0.37183053 0.37183012 0.73166550
v -0.36797123 0.36797082 0.72796093
v -0.26454820 0.45821020 0.73894383
v -0.26292403 0.45539710 0.73166550
v -0.26019510 0.45067045 0.72796093
v -0.13694038 0.51106719 0.73894383
v -0.13609964 0.50792955 0.73166550
v -0.13468701 0.50265770 0.72796093
v -0.00000006 0.51373642 0.75979519
v 0.13296477 0.49623116 0.75979519
v 0.25686822 0.44490874 0.75979519
v 0.36326646 0.36326648 0.75979519
v 0.44490872 0.25686820 0.75979519
v 0.49623118 0.13296481 0.75979519
v 0.51373640 0.00000006 0.75979519
v 0.49623118 -0.13296470 0.75979519
v 0.49623118 -0.13296470 0.75979519
v 0.44490886 -0.25686813 0.75979519
v 0.36326660 -0.36326637 0.75979519
v 0.25686831 -0.44490865 0.75979519
v 0.13296493 -0.49623112 0.75979519
v 0.00000019 -0.51373638 0.75979519
v -0.13296456 -0.49623116 0.75979519
v -0.25686800 -0.44490883 0.75979519
v -0.36326624 -0.36326669 0.75979519
v -0.44490863 -0.25686836 0.75979519
v -0.49623114 -0.13296494 0.75979519
v -0.51373640 -0.00000021 0.75979519
v -0.49623123 0.13296453 0.75979519
v -0.49623123 0.13296453 0.75979519
v -0.44490895 0.25686800 0.75979519
v -0.36326678 0.36326626 0.75979519
v -0.25686854 0.44490861 0.75979519
v -0.13296506 0.49623112 0.75979519
v 0.13221804 0.49344460 0.72636579
v 0.13221804 0.49344460 0.72636579
v -0.00000006 0.51085142 0.72636579
v -0.00000006 0.51085142 0.72636579
v 0.25542568 0.44241029 0.72636579
v 0.25542568 0.44241029 0.72636579
v 0.36122649 0.36122647 0.72636579
v 0.36122649 0.36122647 0.72636579
v 0.44241031 0.25542568 0.72636579
v 0.44241031 0.25542568 0.72636579
v 0.49344458 0.13221806 0.72636579
v 0.49344458 0.13221806 0.72636579
v 0.51085144 0.00000006 0.72636579
v 0.51085144 0.00000006 0.72636579
v 0.49344458 -0.13221797 0.72636579
v 0.49344458 -0.13221797 0.72636579
v 0.49344458 -0.13221797 0.72636579
v 0.44241036 -0.25542556 0.72636579
v 0.44241036 -0.25542556 0.72636579
v 0.36122658 -0.36122638 0.72636579
v 0.36122658 -0.36122638 0.72636579
v 0.25542581 -0.44241020 0.72636579
v 0.25542581 -0.44241020 0.72636579
v 0.13221821 -0.49344447 0.72636579
v 0.13221821 -0.49344447 0.72636579
v 0.00000020 -0.51085142 0.72636579
v 0.00000020 -0.51085142 0.72636579
v -0.13221783 -0.49344456 0.72636579
v -0.13221783 -0.49344456 0.72636579
v -0.25542543 -0.44241038 0.72636579
v -0.25542543 -0.44241038 0.72636579
v -0.36122631 -0.36122663 0.72636579
v -0.36122631 -0.36122663 0.72636579
v -0.44241018 -0.25542581 0.72636579
v -0.44241018 -0.25542581 0.72636579
v -0.49344453 -0.13221821 0.72636579
v -0.49344453 -0.13221821 0.72636579
v -0.51085144 -0.00000021 0.72636579
v -0.51085144 -0.00000021 0.72636579
v -0.49344462 0.13221781 0.72636579
v -0.49344462 0.13221781 0.72636579
v -0.49344462 0.13221781 0.72636579
v -0.44241045 0.25542543 0.72636579
v -0.44241045 0.25542543 0.72636579
v -0.36122670 0.36122631 0.72636579
v -0.36122670 0.36122631 0.72636579
v -0.25542599 0.44241016 0.72636579
v -0.25542599 0.44241016 0.72636579
v -0.13221834 0.49344451 0.72636579
v -0.13221834 0.49344451 0.72636579
v 0.00000009 0.00000001 0.76000000
v -0.00000002 -0.00000014 0.72612884
v 0.06867965 0.52167381 0.75285455
v 0.13559596 0.50605099 0.75672787
v -0.00000006 0.52390255 0.75672787
v 0.06805570 0.51693432 0.75841613
v 0.13415441 0.50067101 0.75931552
v -0.00000006 0.51833281 0.75931552
v 0.06705521 0.50933498 0.75979519
v 0.20135857 0.48612264 0.75285455
v 0.26195128 0.45371289 0.75672787
v 0.19952923 0.48170619 0.75841613
v 0.25916641 0.44888943 0.75931552
v 0.19659598 0.47462465 0.75979519
v 0.32031526 0.41744298 0.75285455
v 0.37045503 0.37045505 0.75672787
v 0.31740511 0.41365043 0.75841613
v 0.36651665 0.36651667 0.75931552
v 0.31273902 0.40756947 0.75979519
v 0.41744301 0.32031529 0.75285455
v 0.45371300 0.26195128 0.75672787
v 0.41365050 0.31740513 0.75841613
v 0.44888941 0.25916644 0.75931552
v 0.40756941 0.31273904 0.75979519
v 0.48612266 0.20135864 0.75285455
v 0.50605101 0.13559601 0.75672787
v 0.48170621 0.19952925 0.75841613
v 0.50067103 0.13415446 0.75931552
v 0.47462462 0.19659600 0.75979519
v 0.52167379 0.06867972 0.75285455
v 0.52390252 0.00000006 0.75672787
v 0.51693430 0.06805575 0.75841613
v 0.51833287 0.00000006 0.75931552
v 0.50933496 0.06705528 0.75979519
v 0.52167388 -0.06867960 0.75285455
v 0.50605106 -0.13559588 0.75672787
v 0.50605106 -0.13559588 0.75672787
v 0.51693434 -0.06805564 0.75841613
v 0.50067107 -0.13415434 0.75931552
v 0.50067107 -0.13415434 0.75931552
v 0.50933500 -0.06705516 0.75979519
v 0.48612271 -0.20135850 0.75285455
v 0.45371296 -0.26195117 0.75672787
v 0.48170621 -0.19952914 0.75841613
v 0.44888945 -0.25916632 0.75931552
v 0.47462467 -0.19659589 0.75979519
v 0.41744301 -0.32031513 0.75285455
v 0.37045514 -0.37045492 0.75672787
v 0.41365050 -0.31740502 0.75841613
v 0.36651669 -0.36651653 0.75931552
v 0.40756950 -0.31273889 0.75979519
v 0.32031538 -0.41744294 0.75285455
v 0.26195144 -0.45371289 0.75672787
v 0.31740525 -0.41365034 0.75841613
v 0.25916655 -0.44888934 0.75931552
v 0.31273913 -0.40756929 0.75979519
v 0.20135877 -0.48612260 0.75285455
v 0.13559614 -0.50605099 0.75672787
v 0.19952939 -0.48170614 0.75841613
v 0.13415459 -0.50067101 0.75931552
v 0.19659611 -0.47462451 0.75979519
v 0.06867986 -0.52167377 0.75285455
v 0.00000020 -0.52390250 0.75672787
v 0.06805590 -0.51693427 0.75841613
v 0.00000020 -0.51833285 0.75931552
v 0.06705540 -0.50933493 0.75979519
v -0.06867947 -0.52167386 0.75285455
v -0.13559575 -0.50605103 0.75672787
v -0.06805549 -0.51693432 0.75841613
v -0.13415422 -0.50067105 0.75931552
v -0.06705502 -0.50933498 0.75979519
v -0.20135839 -0.48612273 0.75285455
v -0.26195108 -0.45371307 0.75672787
v -0.19952903 -0.48170628 0.75841613
v -0.25916621 -0.44888952 0.75931552
v -0.19659578 -0.47462469 0.75979519
v -0.32031508 -0.41744312 0.75285455
v -0.37045485 -0.37045523 0.75672787
v -0.31740495 -0.41365061 0.75841613
v -0.36651646 -0.36651685 0.75931552
v -0.31273882 -0.40756961 0.75979519
v -0.41744283 -0.32031544 0.75285455
v -0.45371278 -0.26195142 0.75672787
v -0.41365032 -0.31740531 0.75841613
v -0.44888927 -0.25916657 0.75931552
v -0.40756927 -0.31273920 0.75979519
v -0.48612253 -0.20135875 0.75285455
v -0.50605097 -0.13559614 0.75672787
v -0.48170612 -0.19952939 0.75841613
v -0.50067098 -0.13415458 0.75931552
v -0.47462453 -0.19659611 0.75979519
v -0.52167379 -0.06867987 0.75285455
v -0.52390252 -0.00000022 0.75672787
v -0.51693430 -0.06805591 0.75841613
v -0.51833287 -0.00000022 0.75931552
v -0.50933496 -0.06705541 0.75979519
v -0.52167388 0.06867945 0.75285455
v -0.50605110 0.13559571 0.75672787
v -0.50605110 0.13559571 0.75672787
v -0.51693434 0.06805548 0.75841613
v -0.50067112 0.13415418 0.75931552
v -0.50067112 0.13415418 0.75931552
v -0.50933500 0.06705499 0.75979519
v -0.48612275 0.20135834 0.75285455
v -0.45371305 0.26195104 0.75672787
v -0.48170630 0.19952898 0.75841613
v -0.44888959 0.25916619 0.75931552
v -0.47462471 0.19659573 0.75979519
v -0.41744314 0.32031504 0.75285455
v -0.37045530 0.37045483 0.75672787
v -0.41365064 0.31740493 0.75841613
v -0.36651692 0.36651644 0.75931552
v -0.40756968 0.31273877 0.75979519
v -0.32031556 0.41744285 0.75285455
v -0.26195160 0.45371285 0.75672787
v -0.31740545 0.41365030 0.75841613
v -0.25916673 0.44888929 0.75931552
v -0.31273931 0.40756920 0.75979519
v -0.20135895 0.48612255 0.75285455
v -0.13559625 0.50605094 0.75672787
v -0.19952959 0.48170610 0.75841613
v -0.13415470 0.50067096 0.75931552
v -0.19659629 0.47462451 0.75979519
v -0.06867986 0.52167377 0.75285455
v -0.06805589 0.51693427 0.75841613
v -0.06705540 0.50933493 0.75979519
v -0.00000006 0.52807407 0.73437809
v 0.06905999 0.52456282 0.73894383
v 0.13667563 0.51008044 0.73437809
v 0.06863600 0.52134225 0.73166550
v -0.00000006 0.52327368 0.72957275
v 0.13543318 0.50544358 0.72957275
v 0.06792362 0.51593121 0.72796093
v -0.00000006 0.51675601 0.72692060
v 0.13374629 0.49914794 0.72692060
v 0.06667863 0.50647472 0.72636579
v 0.06667863 0.50647472 0.72636579
v 0.20247368 0.48881473 0.73894383
v 0.26403707 0.45732560 0.73437809
v 0.20123061 0.48581366 0.73166550
v 0.26163683 0.45316832 0.72957275
v 0.19914198 0.48077132 0.72796093
v 0.25837797 0.44752385 0.72692060
v 0.19549189 0.47195929 0.72636579
v 0.19549189 0.47195929 0.72636579
v 0.32208912 0.41975470 0.73894383
v 0.37340478 0.37340480 0.73437809
v 0.32011167 0.41717764 0.73166550
v 0.37001040 0.37001043 0.72957275
v 0.31678914 0.41284768 0.72796093
v 0.36540169 0.36540171 0.72692060
v 0.31098274 0.40528070 0.72636579
v 0.31098274 0.40528070 0.72636579
v 0.41975472 0.32208910 0.73894383
v 0.45732558 0.26403707 0.73437809
v 0.41717761 0.32011167 0.73166550
v 0.45316829 0.26163685 0.72957275
v 0.41284770 0.31678914 0.72796093
v 0.44752382 0.25837797 0.72692060
v 0.40528063 0.31098277 0.72636579
v 0.40528063 0.31098277 0.72636579
v 0.48881470 0.20247373 0.73894383
v 0.51008042 0.13667566 0.73437809
v 0.48581364 0.20123061 0.73166550
v 0.50544356 0.13543322 0.72957275
v 0.48077130 0.19914201 0.72796093
v 0.49914796 0.13374631 0.72692060
v 0.47195931 0.19549193 0.72636579
v 0.47195931 0.19549193 0.72636579
v 0.52456280 0.06906005 0.73894383
v 0.52807409 0.00000006 0.73437809
v 0.52134223 0.06863606 0.73166550
v 0.52327366 0.00000006 0.72957275
v 0.51593115 0.06792367 0.72796093
v 0.51675603 0.00000006 0.72692060
v 0.50647470 0.06667869 0.72636579
v 0.50647470 0.06667869 0.72636579
v 0.52456280 -0.06905993 0.73894383
v 0.51008051 -0.13667555 0.73437809
v 0.51008051 -0.13667555 0.73437809
v 0.52134228 -0.06863594 0.73166550
v 0.50544365 -0.13543311 0.72957275
v 0.50544365 -0.13543311 0.72957275
v 0.51593119 -0.06792355 0.72796093
v 0.49914801 -0.13374620 0.72692060
v 0.49914801 -0.13374620 0.72692060
v 0.50647470 -0.06667857 0.72636579
v 0.50647470 -0.06667857 0.72636579
v 0.48881475 -0.20247359 0.73894383
v 0.45732567 -0.26403698 0.73437809
v 0.48581378 -0.20123052 0.73166550
v 0.45316838 -0.26163674 0.72957275
v 0.48077139 -0.19914189 0.72796093
v 0.44752387 -0.25837788 0.72692060
v 0.47195931 -0.19549180 0.72636579
v 0.47195931 -0.19549180 0.72636579
v 0.41975477 -0.32208901 0.73894383
v 0.37340487 -0.37340469 0.73437809
v 0.41717770 -0.32011158 0.73166550
v 0.37001047 -0.37001029 0.72957275
v 0.41284770 -0.31678907 0.72796093
v 0.36540178 -0.36540156 0.72692060
v 0.40528072 -0.31098263 0.72636579
v 0.40528072 -0.31098263 0.72636579
v 0.32208921 -0.41975456 0.73894383
v 0.26403718 -0.45732546 0.73437809
v 0.32011176 -0.41717755 0.73166550
v 0.26163697 -0.45316818 0.72957275
v 0.31678925 -0.41284759 0.72796093
v 0.25837813 -0.44752375 0.72692060
v 0.31098288 -0.40528052 0.72636579
v 0.31098288 -0.40528052 0.72636579
v 0.20247382 -0.48881464 0.73894383
v 0.13667581 -0.51008040 0.73437809
v 0.20123074 -0.48581357 0.73166550
v 0.13543337 -0.50544354 0.72957275
v 0.19914214 -0.48077123 0.72796093
v 0.13374646 -0.49914789 0.72692060
v 0.19549205 -0.47195920 0.72636579
v 0.19549205 -0.47195920 0.72636579
v 0.06906020 -0.52456273 0.73894383
v 0.00000021 -0.52807407 0.73437809
v 0.06863621 -0.52134221 0.73166550
v 0.00000020 -0.52327364 0.72957275
v 0.06792381 -0.51593112 0.72796093
v 0.00000020 -0.51675596 0.72692060
v 0.06667883 -0.50647463 0.72636579
v 0.06667883 -0.50647463 0.72636579
v -0.06905979 -0.52456278 0.73894383
v -0.13667542 -0.51008049 0.73437809
v -0.06863581 -0.52134225 0.73166550
v -0.13543298 -0.50544367 0.72957275
v -0.06792341 -0.51593121 0.72796093
v -0.13374605 -0.49914798 0.72692060
v -0.06667844 -0.50647468 0.72636579
v -0.06667844 -0.50647468 0.72636579
v -0.20247348 -0.48881477 0.73894383
v -0.26403682 -0.45732564 0.73437809
v -0.20123038 -0.48581375 0.73166550
v -0.26163663 -0.45316841 0.72957275
v -0.19914174 -0.48077141 0.72796093
v -0.25837775 -0.44752389 0.72692060
v -0.19549166 -0.47195929 0.72636579
v -0.19549166 -0.47195929 0.72636579
v -0.32208889 -0.41975483 0.73894383
v -0.37340462 -0.37340496 0.73437809
v -0.32011146 -0.41717777 0.73166550
v -0.37001022 -0.37001056 0.72957275
v -0.31678894 -0.41284777 0.72796093
v -0.36540151 -0.36540183 0.72692060
v -0.31098256 -0.40528075 0.72636579
v -0.31098256 -0.40528075 0.72636579
v -0.41975454 -0.32208928 0.73894383
v -0.45732549 -0.26403720 0.73437809
v -0.41717748 -0.32011183 0.73166550
v -0.45316820 -0.26163699 0.72957275
v -0.41284757 -0.31678932 0.72796093
v -0.44752378 -0.25837813 0.72692060
v -0.40528050 -0.31098290 0.72636579
v -0.40528050 -0.31098290 0.72636579
v -0.48881466 -0.20247382 0.73894383
v -0.51008038 -0.13667582 0.73437809
v -0.48581360 -0.20123077 0.73166550
v -0.50544352 -0.13543338 0.72957275
v -0.48077126 -0.19914216 0.72796093
v -0.49914792 -0.13374646 0.72692060
v -0.47195922 -0.19549205 0.72636579
v -0.47195922 -0.19549205 0.72636579
v -0.52456276 -0.06906020 0.73894383
v -0.52807405 -0.00000022 0.73437809
v -0.52134223 -0.06863621 0.73166550
v -0.52327366 -0.00000022 0.72957275
v -0.51593115 -0.06792381 0.72796093
v -0.51675599 -0.00000021 0.72692060
v -0.50647470 -0.06667883 0.72636579
v -0.50647470 -0.06667883 0.72636579
v -0.52456280 0.06905977 0.73894383
v -0.51008051 0.13667540 0.73437809
v -0.51008051 0.13667540 0.73437809
v -0.52134228 0.06863578 0.73166550
v -0.50544370 0.13543295 0.72957275
v -0.50544370 0.13543295 0.72957275
v -0.51593124 0.06792340 0.72796093
v -0.49914801 0.13374604 0.72692060
v -0.49914801 0.13374604 0.72692060
v -0.50647470 0.06667842 0.72636579
v -0.50647470 0.06667842 0.72636579
v -0.48881484 0.20247343 0.73894383
v -0.45732576 0.26403680 0.73437809
v -0.48581378 0.20123038 0.73166550
v -0.45316852 0.26163663 0.72957275
v -0.48077144 0.19914176 0.72796093
v -0.44752396 0.25837777 0.72692060
v -0.47195936 0.19549164 0.72636579
v -0.47195936 0.19549164 0.72636579
v -0.41975486 0.32208889 0.73894383
v -0.37340505 0.37340460 0.73437809
v -0.41717789 0.32011144 0.73166550
v -0.37001065 0.37001022 0.72957275
v -0.41284784 0.31678896 0.72796093
v -0.36540189 0.36540151 0.72692060
v -0.40528086 0.31098256 0.72636579
v -0.40528086 0.31098256 0.72636579
v -0.32208939 0.41975452 0.73894383
v -0.26403738 0.45732537 0.73437809
v -0.32011196 0.41717746 0.73166550
v -0.26163712 0.45316818 0.72957275
v -0.31678941 0.41284755 0.72796093
v -0.25837826 0.44752375 0.72692060
v -0.31098299 0.40528052 0.72636579
v -0.31098299 0.40528052 0.72636579
v -0.20247402 0.48881459 0.73894383
v -0.13667595 0.51008035 0.73437809
v -0.20123095 0.48581353 0.73166550
v -0.13543349 0.50544349 0.72957275
v -0.19914232 0.48077119 0.72796093
v -0.13374658 0.49914789 0.72692060
v -0.19549225 0.47195924 0.72636579
v -0.19549225 0.47195924 0.72636579
v -0.06906019 0.52456278 0.73894383
v -0.06863620 0.52134221 0.73166550
v -0.06792380 0.51593112 0.72796093
v -0.06667882 0.50647468 0.72636579
v -0.06667882 0.50647468 0.72636579
v -0.00000006 0.49915813 0.75997440
v -0.00000006 0.49915813 0.75997440
v 0.12919163 0.48214971 0.75997440
v 0.12919163 0.48214971 0.75997440
v 0.24957910 0.43228365 0.75997440
v 0.24957910 0.43228365 0.75997440
v 0.35295811 0.35295811 0.75997440
v 0.35295811 0.35295811 0.75997440
v 0.43228367 0.24957912 0.75997440
v 0.43228367 0.24957912 0.75997440
v 0.48214973 0.12919168 0.75997440
v 0.48214973 0.12919168 0.75997440
v 0.49915815 0.00000006 0.75997440
v 0.49915815 0.00000006 0.75997440
v 0.48214978 -0.12919158 0.75997440
v 0.48214978 -0.12919158 0.75997440
v 0.48214978 -0.12919158 0.75997440
v 0.43228372 -0.24957898 0.75997440
v 0.43228372 -0.24957898 0.75997440
v 0.35295822 -0.35295800 0.75997440
v 0.35295822 -0.35295800 0.75997440
v 0.24957921 -0.43228356 0.75997440
v 0.24957921 -0.43228356 0.75997440
v 0.12919181 -0.48214966 0.75997440
v 0.12919181 -0.48214966 0.75997440
v 0.00000019 -0.49915808 0.75997440
v 0.00000019 -0.49915808 0.75997440
v -0.12919145 -0.48214975 0.75997440
v -0.12919145 -0.48214975 0.75997440
v -0.24957889 -0.43228378 0.75997440
v -0.24957889 -0.43228378 0.75997440
v -0.35295793 -0.35295831 0.75997440
v -0.35295793 -0.35295831 0.75997440
v -0.43228354 -0.24957921 0.75997440
v -0.43228354 -0.24957921 0.75997440
v -0.48214969 -0.12919180 0.75997440
v -0.48214969 -0.12919180 0.75997440
v -0.49915810 -0.00000021 0.75997440
v -0.49915810 -0.00000021 0.75997440
v -0.48214978 0.12919142 0.75997440
v -0.48214978 0.12919142 0.75997440
v -0.48214978 0.12919142 0.75997440
v -0.43228381 0.24957887 0.75997440
v -0.43228381 0.24957887 0.75997440
v -0.35295838 0.35295791 0.75997440
v -0.35295838 0.35295791 0.75997440
v -0.24957941 0.43228351 0.75997440
v -0.24957941 0.43228351 0.75997440
v -0.12919194 0.48214971 0.75997440
v -0.12919194 0.48214971 0.75997440
v 0.12787029 0.47721861 0.72615846
v -0.00000006 0.49405300 0.72615846
v 0.24702647 0.42786246 0.72615846
v 0.34934820 0.34934822 0.72615846
v 0.42786244 0.24702649 0.72615846
v 0.47721859 0.12787031 0.72615846
v 0.49405302 0.00000006 0.72615846
v 0.47721859 -0.12787023 0.72615846
v 0.42786253 -0.24702635 0.72615846
v 0.34934835 -0.34934813 0.72615846
v 0.24702662 -0.42786237 0.72615846
v 0.12787046 -0.47721856 0.72615846
v 0.00000019 -0.49405300 0.72615846
v -0.12787008 -0.47721856 0.72615846
v -0.24702626 -0.42786255 0.72615846
v -0.34934806 -0.34934835 0.72615846
v -0.42786231 -0.24702662 0.72615846
v -0.47721859 -0.12787044 0.72615846
v -0.49405302 -0.00000021 0.72615846
v -0.47721859 0.12787006 0.72615846
v -0.42786262 0.24702624 0.72615846
v -0.34934840 0.34934806 0.72615846
v -0.24702676 0.42786233 0.72615846
v -0.12787057 0.47721852 0.72615846
v -0.26410695 0.45744594 0.74601861
v -0.37350342 0.37350297 0.74601861
v -0.45744615 0.26410641 0.74601861
v -0.51021492 0.13671141 0.74601861
v -0.51021492 0.13671141 0.74601861
v -0.52821319 -0.00000022 0.74601861
v -0.51021483 -0.13671184 0.74601861
v -0.45744597 -0.26410677 0.74601861
v -0.37350299 -0.37350331 0.74601861
v -0.26410644 -0.45744612 0.74601861
v -0.13671143 -0.51021485 0.74601861
v 0.00000020 -0.52821317 0.74601861
v 0.13671182 -0.51021481 0.74601861
v -0.13671195 0.51021472 0.74601861
v -0.00000006 0.52821317 0.74601861
v 0.13671165 0.51021485 0.74601861
v 0.26410659 0.45744608 0.74601861
v 0.37350317 0.37350313 0.74601861
v 0.45744610 0.26410664 0.74601861
v 0.51021474 0.13671168 0.74601861
v 0.52821314 0.00000006 0.74601861
v 0.51021487 -0.13671158 0.74601861
v 0.51021487 -0.13671158 0.74601861
v 0.45744610 -0.26410653 0.74601861
v 0.37350324 -0.37350301 0.74601861
v 0.26410677 -0.45744603 0.74601861
v 0.06838215 0.51941398 0.75672787
v 0.06765516 0.51389201 0.75931552
v 0.20048634 0.48401673 0.75672787
v 0.19835494 0.47887108 0.75931552
v 0.31892768 0.41563460 0.75672787
v 0.31553712 0.41121590 0.75931552
v 0.41563462 0.31892771 0.75672787
v 0.41121587 0.31553714 0.75931552
v 0.48401675 0.20048636 0.75672787
v 0.47887111 0.19835496 0.75931552
v 0.51941391 0.06838221 0.75672787
v 0.51389199 0.06765522 0.75931552
v 0.51941400 -0.06838210 0.75672787
v 0.51389204 -0.06765511 0.75931552
v 0.48401680 -0.20048625 0.75672787
v 0.47887111 -0.19835485 0.75931552
v 0.41563467 -0.31892755 0.75672787
v 0.41121596 -0.31553703 0.75931552
v 0.31892782 -0.41563451 0.75672787
v 0.31553723 -0.41121576 0.75931552
v 0.20048649 -0.48401673 0.75672787
v 0.19835507 -0.47887099 0.75931552
v 0.06838234 -0.51941389 0.75672787
v 0.06765535 -0.51389192 0.75931552
v -0.06838195 -0.51941398 0.75672787
v -0.06765497 -0.51389201 0.75931552
v -0.20048616 -0.48401687 0.75672787
v -0.19835471 -0.47887113 0.75931552
v -0.31892748 -0.41563478 0.75672787
v -0.31553692 -0.41121612 0.75931552
v -0.41563444 -0.31892787 0.75672787
v -0.41121569 -0.31553732 0.75931552
v -0.48401666 -0.20048649 0.75672787
v -0.47887097 -0.19835507 0.75931552
v -0.51941391 -0.06838235 0.75672787
v -0.51389195 -0.06765536 0.75931552
v -0.51941404 0.06838193 0.75672787
v -0.51389204 0.06765494 0.75931552
v -0.48401689 0.20048609 0.75672787
v -0.47887120 0.19835467 0.75931552
v -0.41563480 0.31892744 0.75672787
v -0.41121614 0.31553687 0.75931552
v -0.31892798 0.41563447 0.75672787
v -0.31553744 0.41121571 0.75931552
v -0.20048667 0.48401664 0.75672787
v -0.19835528 0.47887095 0.75931552
v 0.52368770 0.06894486 0.74601861
v -0.06838234 0.51941393 0.75672787
v -0.06765535 0.51389192 0.75931552
v 0.06892664 0.52354989 0.73437809
v 0.06830006 0.51879052 0.72957275
v 0.06744934 0.51232874 0.72692060
v 0.20208267 0.48787080 0.73437809
v 0.20024567 0.48343587 0.72957275
v 0.19775152 0.47741432 0.72692060
v 0.32146709 0.41894415 0.73437809
v 0.31854488 0.41513587 0.72957275
v 0.31457720 0.40996493 0.72692060
v 0.41894412 0.32146709 0.73437809
v 0.41513580 0.31854488 0.72957275
v 0.40996496 0.31457722 0.72692060
v 0.48787078 0.20208269 0.73437809
v 0.48343585 0.20024569 0.72957275
v 0.47741434 0.19775152 0.72692060
v 0.52354978 0.06892670 0.73437809
v 0.51879059 0.06830012 0.72957275
v 0.51232876 0.06744938 0.72692060
v 0.52354987 -0.06892657 0.73437809
v 0.51879059 -0.06830000 0.72957275
v 0.51232881 -0.06744927 0.72692060
v 0.48787083 -0.20208258 0.73437809
v 0.48343594 -0.20024558 0.72957275
v 0.47741439 -0.19775141 0.72692060
v 0.41894421 -0.32146700 0.73437809
v 0.41513589 -0.31854477 0.72957275
v 0.40996509 -0.31457711 0.72692060
v 0.32146722 -0.41894406 0.73437809
v 0.31854497 -0.41513569 0.72957275
v 0.31457731 -0.40996484 0.72692060
v 0.20208285 -0.48787067 0.73437809
v 0.20024583 -0.48343574 0.72957275
v 0.19775166 -0.47741423 0.72692060
v 0.06892683 -0.52354976 0.73437809
v 0.06830026 -0.51879057 0.72957275
v 0.06744954 -0.51232869 0.72692060
v -0.06892644 -0.52354985 0.73437809
v -0.06829987 -0.51879057 0.72957275
v -0.06744914 -0.51232878 0.72692060
v -0.20208245 -0.48787085 0.73437809
v -0.20024544 -0.48343592 0.72957275
v -0.19775125 -0.47741436 0.72692060
v -0.32146691 -0.41894424 0.73437809
v -0.31854465 -0.41513591 0.72957275
v -0.31457702 -0.40996511 0.72692060
v -0.41894399 -0.32146727 0.73437809
v -0.41513566 -0.31854501 0.72957275
v -0.40996482 -0.31457735 0.72692060
v -0.48787069 -0.20208283 0.73437809
v -0.48343576 -0.20024583 0.72957275
v -0.47741425 -0.19775163 0.72692060
v -0.52354978 -0.06892684 0.73437809
v -0.51879059 -0.06830026 0.72957275
v -0.51232876 -0.06744954 0.72692060
v -0.52354987 0.06892642 0.73437809
v -0.51879059 0.06829985 0.72957275
v -0.51232881 0.06744912 0.72692060
v -0.48787087 0.20208242 0.73437809
v -0.48343598 0.20024542 0.72957275
v -0.47741443 0.19775123 0.72692060
v -0.41894435 0.32146686 0.73437809
v -0.41513602 0.31854465 0.72957275
v -0.40996518 0.31457702 0.72692060
v -0.32146738 0.41894397 0.73437809
v -0.31854510 0.41513564 0.72957275
v -0.31457744 0.40996480 0.72692060
v -0.20208303 0.48787067 0.73437809
v -0.20024598 0.48343578 0.72957275
v -0.19775181 0.47741423 0.72692060
v -0.06892684 0.52354980 0.73437809
v -0.06830025 0.51879052 0.72957275
v -0.06744952 0.51232869 0.72692060
v -0.48799942 0.20213568 0.74601861
v -0.52368775 0.06894457 0.74601861
v -0.52368770 -0.06894500 0.74601861
v 0.06894500 -0.52368768 0.74601861
v 0.20213611 -0.48799931 0.74601861
v 0.32155191 -0.41905440 0.74601861
v 0.41905455 -0.32155171 0.74601861
v 0.48799938 -0.20213586 0.74601861
v 0.52368779 -0.06894472 0.74601861
v 0.48799933 0.20213595 0.74601861
v 0.06522926 0.49546546 0.75997440
v 0.06522926 0.49546546 0.75997440
v 0.19124254 0.46170031 0.75997440
v 0.19124254 0.46170031 0.75997440
v 0.30422296 0.39647105 0.75997440
v 0.30422296 0.39647105 0.75997440
v 0.39647103 0.30422298 0.75997440
v 0.39647103 0.30422298 0.75997440
v 0.46170029 0.19124259 0.75997440
v 0.46170029 0.19124259 0.75997440
v 0.49546544 0.06522931 0.75997440
v 0.49546544 0.06522931 0.75997440
v 0.49546548 -0.06522921 0.75997440
v 0.49546548 -0.06522921 0.75997440
v 0.46170034 -0.19124248 0.75997440
v 0.46170034 -0.19124248 0.75997440
v 0.39647112 -0.30422287 0.75997440
v 0.39647112 -0.30422287 0.75997440
v 0.30422305 -0.39647092 0.75997440
v 0.30422305 -0.39647092 0.75997440
v 0.19124270 -0.46170013 0.75997440
v 0.19124270 -0.46170013 0.75997440
v 0.06522944 -0.49546541 0.75997440
v 0.06522944 -0.49546541 0.75997440
v -0.06522907 -0.49546546 0.75997440
v -0.06522907 -0.49546546 0.75997440
v -0.19124234 -0.46170036 0.75997440
v -0.19124234 -0.46170036 0.75997440
v -0.30422273 -0.39647123 0.75997440
v -0.30422273 -0.39647123 0.75997440
v -0.39647085 -0.30422314 0.75997440
v -0.39647085 -0.30422314 0.75997440
v -0.46170016 -0.19124268 0.75997440
v -0.46170016 -0.19124268 0.75997440
v -0.49546544 -0.06522945 0.75997440
v -0.49546544 -0.06522945 0.75997440
v -0.49546548 0.06522905 0.75997440
v -0.49546548 0.06522905 0.75997440
v -0.46170038 0.19124232 0.75997440
v -0.46170038 0.19124232 0.75997440
v -0.39647130 0.30422273 0.75997440
v -0.39647130 0.30422273 0.75997440
v -0.30422323 0.39647083 0.75997440
v -0.30422323 0.39647083 0.75997440
v -0.19124286 0.46170018 0.75997440
v -0.19124286 0.46170018 0.75997440
v -0.06522944 0.49546546 0.75997440
v -0.06522944 0.49546546 0.75997440
v 0.06456157 0.49039400 0.72615846
v 0.18928497 0.45697448 0.72615846
v 0.30110896 0.39241289 0.72615846
v 0.39241287 0.30110899 0.72615846
v 0.45697446 0.18928499 0.72615846
v 0.49039398 0.06456162 0.72615846
v 0.49039398 -0.06456151 0.72615846
v 0.45697450 -0.18928490 0.72615846
v 0.39241296 -0.30110885 0.72615846
v 0.30110905 -0.39241275 0.72615846
v 0.18928513 -0.45697439 0.72615846
v 0.06456176 -0.49039396 0.72615846
v -0.06456137 -0.49039396 0.72615846
v -0.18928477 -0.45697448 0.72615846
v -0.30110878 -0.39241298 0.72615846
v -0.39241273 -0.30110908 0.72615846
v -0.45697441 -0.18928513 0.72615846
v -0.49039398 -0.06456176 0.72615846
v -0.49039398 0.06456136 0.72615846
v -0.45697450 0.18928474 0.72615846
v -0.39241300 0.30110876 0.72615846
v -0.30110919 0.39241266 0.72615846
v -0.18928531 0.45697434 0.72615846
v -0.06456175 0.49039400 0.72615846
v -0.06894460 -0.52368773 0.74601861
v -0.20213570 -0.48799935 0.74601861
v -0.32155164 -0.41905467 0.74601861
v -0.41905433 -0.32155198 0.74601861
v -0.20213629 0.48799922 0.74601861
v -0.48799920 -0.20213608 0.74601861
v 0.20213593 0.48799931 0.74601861
v 0.32155180 0.41905453 0.74601861
v 0.41905455 0.32155185 0.74601861
v -0.06894499 0.52368773 0.74601861
v -0.41905469 0.32155160 0.74601861
v -0.32155212 0.41905435 0.74601861
v 0.06894479 0.52368773 0.74601861
v 0.05376105 0.04169841 0.58730077
v 0.05376105 0.04169841 0.58730077
v 0.05376105 0.04169841 0.58730077
v 0.03380201 0.02641699 0.70946560
v 0.03380201 0.02641699 0.70946560
v 0.06390909 0.02296060 0.58730077
v 0.06390909 0.02296060 0.58730077
v 0.04020467 0.01459479 0.70946560
v 0.04020467 0.01459479 0.70946560
v 0.06777015 0.00200394 0.58730077
v 0.06777015 0.00200394 0.58730077
v 0.04264070 0.00137267 0.70946555
v 0.04264070 0.00137267 0.70946555
v 0.06496631 -0.01912012 0.58730077
v 0.06496631 -0.01912012 0.58730077
v 0.04087164 -0.01195509 0.70946555
v 0.04087164 -0.01195509 0.70946555
v 0.05577194 -0.03834390 0.58730077
v 0.05577194 -0.03834390 0.58730077
v 0.03507068 -0.02408387 0.70946555
v 0.03507068 -0.02408387 0.70946555
v 0.04108714 -0.05378555 0.58730077
v 0.04108714 -0.05378555 0.58730077
v 0.02580564 -0.03382642 0.70946555
v 0.02580564 -0.03382642 0.70946555
v 0.02234932 -0.06393357 0.58730077
v 0.02234932 -0.06393357 0.58730077
v 0.01398345 -0.04022908 0.70946555
v 0.01398345 -0.04022908 0.70946555
v 0.00139265 -0.06779464 0.58730077
v 0.00139265 -0.06779464 0.58730077
v 0.00076135 -0.04266512 0.70946555
v 0.00076135 -0.04266512 0.70946555
v -0.01973140 -0.06499070 0.58730077
v -0.01973140 -0.06499070 0.58730077
v -0.01256642 -0.04089608 0.70946555
v -0.01256642 -0.04089608 0.70946555
v -0.03895516 -0.05579634 0.58730077
v -0.03895516 -0.05579634 0.58730077
v -0.02469520 -0.03509511 0.70946555
v -0.02469520 -0.03509511 0.70946555
v -0.05439684 -0.04111150 0.58730077
v -0.05439684 -0.04111150 0.58730077
v -0.03443778 -0.02583007 0.70946555
v -0.03443778 -0.02583007 0.70946555
v -0.06454488 -0.02237366 0.58730077
v -0.06454488 -0.02237366 0.58730077
v -0.04084043 -0.01400786 0.70946555
v -0.04084043 -0.01400786 0.70946555
v -0.06840594 -0.00141700 0.58730077
v -0.06840594 -0.00141700 0.58730077
v -0.04327647 -0.00078575 0.70946555
v -0.04327647 -0.00078575 0.70946555
v -0.06560210 0.01970704 0.58730077
v -0.06560210 0.01970704 0.58730077
v -0.04150742 0.01254202 0.70946560
v -0.04150742 0.01254202 0.70946560
v -0.05640772 0.03893082 0.58730077
v -0.05640772 0.03893082 0.58730077
v -0.03570645 0.02467079 0.70946560
v -0.03570645 0.02467079 0.70946560
v -0.04172290 0.05437244 0.58730077
v -0.04172290 0.05437244 0.58730077
v -0.02644141 0.03441333 0.70946560
v -0.02644141 0.03441333 0.70946560
v -0.02298508 0.06452046 0.58730077
v -0.02298508 0.06452046 0.58730077
v -0.01461921 0.04081599 0.70946560
v -0.01461921 0.04081599 0.70946560
v -0.00202832 0.06838155 0.58730077
v -0.00202832 0.06838155 0.58730077
v -0.00139705 0.04325204 0.70946560
v -0.00139705 0.04325204 0.70946560
v 0.01909582 0.06557766 0.58730077
v 0.01909582 0.06557766 0.58730077
v 0.01193069 0.04148296 0.70946560
v 0.01193069 0.04148296 0.70946560
v 0.03831948 0.05638321 0.58730077
v 0.03831948 0.05638321 0.58730077
v 0.02405946 0.03568199 0.70946560
v 0.02405946 0.03568199 0.70946560
v 0.06280985 0.04862652 0.59323489
v 0.06280985 0.04862652 0.59323489
v 0.06280985 0.04862652 0.59323489
v 0.07465591 0.02675343 0.59323489
v 0.07465591 0.02675343 0.59323489
v 0.07916297 0.00229019 0.59323489
v 0.07916297 0.00229019 0.59323489
v 0.07588990 -0.02236851 0.59323489
v 0.07588990 -0.02236851 0.59323489
v 0.06515714 -0.04480885 0.59323489
v 0.06515714 -0.04480885 0.59323489
v 0.04801520 -0.06283428 0.59323489
v 0.04801520 -0.06283428 0.59323489
v 0.02614209 -0.07468033 0.59323489
v 0.02614209 -0.07468033 0.59323489
v 0.00167890 -0.07918739 0.59323489
v 0.00167890 -0.07918739 0.59323489
v -0.02297981 -0.07591437 0.59323489
v -0.02297981 -0.07591437 0.59323489
v -0.04542021 -0.06518159 0.59323489
v -0.04542021 -0.06518159 0.59323489
v -0.06344563 -0.04803961 0.59323489
v -0.06344563 -0.04803961 0.59323489
v -0.07529170 -0.02616649 0.59323489
v -0.07529170 -0.02616649 0.59323489
v -0.07979878 -0.00170326 0.59323489
v -0.07979878 -0.00170326 0.59323489
v -0.07652570 0.02295545 0.59323489
v -0.07652570 0.02295545 0.59323489
v -0.06579292 0.04539577 0.59323489
v -0.06579292 0.04539577 0.59323489
v -0.04865098 0.06342118 0.59323489
v -0.04865098 0.06342118 0.59323489
v -0.02677780 0.07526723 0.59323489
v -0.02677780 0.07526723 0.59323489
v -0.00231449 0.07977436 0.59323489
v -0.00231449 0.07977436 0.59323489
v 0.02234414 0.07650126 0.59323489
v 0.02234414 0.07650126 0.59323489
v 0.04478449 0.06576844 0.59323489
v 0.04478449 0.06576844 0.59323489
v 0.01808428 0.01238280 0.55629555
v 0.04775121 0.03509695 0.53391639
v 0.04775121 0.03509695 0.53391639
v 0.05163214 0.03806835 0.50893588
v 0.05163214 0.03806835 0.50893588
v 0.04775121 0.03509695 0.48395532
v 0.04775121 0.03509695 0.48395532
v 0.01960336 0.01354585 0.46157616
v 0.02135630 0.00634111 0.55629555
v 0.05659028 0.01877600 0.53391639
v 0.06119950 0.02040269 0.50893588
v 0.05659028 0.01877600 0.48395532
v 0.02316047 0.00697785 0.46157611
v 0.02260124 -0.00041596 0.55629555
v 0.05995324 0.00052239 0.53391639
v 0.06483959 0.00064516 0.50893588
v 0.05995324 0.00052239 0.48395532
v 0.02451385 -0.00036790 0.46157611
v 0.02169719 -0.00722702 0.55629555
v 0.05751103 -0.01787700 0.53391639
v 0.06219621 -0.01927016 0.50893588
v 0.05751103 -0.01787700 0.48395532
v 0.02353104 -0.00777232 0.46157611
v 0.01873268 -0.01342533 0.55629555
v 0.04950267 -0.03462112 0.53391639
v 0.05352799 -0.03739390 0.50893588
v 0.04950267 -0.03462113 0.48395532
v 0.02030823 -0.01451065 0.46157611
v 0.01399780 -0.01840423 0.55629555
v 0.03671195 -0.04807106 0.53391639
v 0.03968337 -0.05195206 0.50893588
v 0.03671195 -0.04807106 0.48395532
v 0.01516086 -0.01992330 0.46157611
v 0.00795611 -0.02167629 0.55629555
v 0.02039106 -0.05691013 0.53391639
v 0.02201769 -0.06151943 0.50893588
v 0.02039106 -0.05691013 0.48395532
v 0.00859283 -0.02348042 0.46157611
v 0.00119906 -0.02292119 0.55629555
v 0.00213751 -0.06027316 0.53391639
v 0.00226026 -0.06515949 0.50893588
v 0.00213751 -0.06027316 0.48395532
v 0.00124708 -0.02483379 0.46157611
v -0.00561200 -0.02201713 0.55629555
v -0.01626194 -0.05783096 0.53391639
v -0.01765514 -0.06251607 0.50893588
v -0.01626194 -0.05783096 0.48395532
v -0.00615734 -0.02385096 0.46157611
v -0.01181032 -0.01905257 0.55629555
v -0.03300619 -0.04982260 0.53391639
v -0.03577897 -0.05384785 0.50893588
v -0.03300619 -0.04982259 0.48395532
v -0.01289567 -0.02062815 0.46157611
v -0.01678922 -0.01431774 0.55629555
v -0.04645614 -0.03703191 0.53391639
v -0.05033708 -0.04000330 0.50893588
v -0.04645614 -0.03703191 0.48395532
v -0.01830829 -0.01548080 0.46157611
v -0.02006124 -0.00827606 0.55629555
v -0.05529522 -0.02071096 0.53391639
v -0.05990444 -0.02233765 0.50893588
v -0.05529522 -0.02071096 0.48395532
v -0.02186540 -0.00891280 0.46157611
v -0.02130618 -0.00151899 0.55629555
v -0.05865817 -0.00245734 0.53391639
v -0.06354450 -0.00258009 0.50893588
v -0.05865817 -0.00245734 0.48395532
v -0.02321878 -0.00156706 0.46157611
v -0.02040212 0.00529207 0.55629555
v -0.05621589 0.01594210 0.53391639
v -0.06090099 0.01733532 0.50893588
v -0.05621589 0.01594210 0.48395532
v -0.02223597 0.00583737 0.46157616
v -0.01743761 0.01149038 0.55629555
v -0.04820745 0.03268629 0.53391639
v -0.05223273 0.03545911 0.50893588
v -0.04820745 0.03268629 0.48395532
v -0.01901316 0.01257569 0.46157616
v -0.01270273 0.01646928 0.55629555
v -0.03541681 0.04613617 0.53391639
v -0.03838825 0.05001715 0.50893588
v -0.03541681 0.04613617 0.48395532
v -0.01386580 0.01798835 0.46157616
v -0.00666104 0.01974135 0.55629555
v -0.01909585 0.05497529 0.53391639
v -0.02072255 0.05958455 0.50893588
v -0.01909585 0.05497529 0.48395532
v -0.00729776 0.02154547 0.46157616
v 0.00009599 0.02098624 0.55629555
v -0.00084237 0.05833825 0.53391639
v -0.00096507 0.06322463 0.50893588
v -0.00084237 0.05833825 0.48395532
v 0.00004798 0.02289884 0.46157616
v 0.00690706 0.02008218 0.55629555
v 0.01755701 0.05589600 0.53391639
v 0.01895024 0.06058113 0.50893588
v 0.01755701 0.05589600 0.48395532
v 0.00745241 0.02191601 0.46157616
v 0.01310538 0.01711762 0.55629555
v 0.03430127 0.04788763 0.53391639
v 0.03707405 0.05191289 0.50893588
v 0.03430127 0.04788762 0.48395532
v 0.01419074 0.01869320 0.46157616
v 0.05037781 0.03910807 0.55736744
v 0.05037781 0.03910807 0.55736744
v 0.05037781 0.03910807 0.55736744
v 0.05989096 0.02154250 0.55736744
v 0.05989096 0.02154250 0.55736744
v 0.06351048 0.00189694 0.55736744
v 0.06351048 0.00189694 0.55736744
v 0.06088207 -0.01790557 0.55736744
v 0.06088207 -0.01790557 0.55736744
v 0.05226288 -0.03592670 0.55736744
v 0.05226288 -0.03592670 0.55736744
v 0.03849678 -0.05040229 0.55736744
v 0.03849678 -0.05040229 0.55736744
v 0.02093124 -0.05991544 0.55736744
v 0.02093124 -0.05991544 0.55736744
v 0.00128562 -0.06353497 0.55736744
v 0.00128562 -0.06353497 0.55736744
v -0.01851687 -0.06090645 0.55736744
v -0.01851687 -0.06090645 0.55736744
v -0.03653794 -0.05228727 0.55736744
v -0.03653794 -0.05228727 0.55736744
v -0.05101358 -0.03852115 0.55736744
v -0.05101358 -0.03852115 0.55736744
v -0.06052674 -0.02095556 0.55736744
v -0.06052674 -0.02095556 0.55736744
v -0.06414627 -0.00131000 0.55736744
v -0.06414627 -0.00131000 0.55736744
v -0.06151785 0.01849249 0.55736744
v -0.06151785 0.01849249 0.55736744
v -0.05289866 0.03651362 0.55736744
v -0.05289866 0.03651362 0.55736744
v -0.03913254 0.05098920 0.55736744
v -0.03913254 0.05098920 0.55736744
v -0.02156697 0.06050235 0.55736744
v -0.02156697 0.06050235 0.55736744
v -0.00192132 0.06412187 0.55736744
v -0.00192132 0.06412187 0.55736744
v 0.01788129 0.06149341 0.55736744
v 0.01788129 0.06149341 0.55736744
v 0.03590226 0.05287416 0.55736744
v 0.03590226 0.05287416 0.55736744
v 0.04426123 0.03442497 0.55593587
v 0.05262653 0.01897874 0.55593587
v 0.05580938 0.00170353 0.55593587
v 0.05349803 -0.01570977 0.55593587
v 0.04591877 -0.03155658 0.55593587
v 0.03381363 -0.04428563 0.55593587
v 0.01836745 -0.05265097 0.55593587
v 0.00109213 -0.05583380 0.55593587
v -0.01632116 -0.05352247 0.55593587
v -0.03216788 -0.04594321 0.55593587
v -0.04489700 -0.03383805 0.55593587
v -0.05326231 -0.01839180 0.55593587
v -0.05644515 -0.00111657 0.55593587
v -0.05413381 0.01629669 0.55593587
v -0.04655455 0.03214350 0.55593587
v -0.03444937 0.04487256 0.55593587
v -0.01900308 0.05323795 0.55593587
v -0.00172782 0.05642072 0.55593587
v 0.01568546 0.05410936 0.55593587
v 0.03153215 0.04653008 0.55593587
v 0.04457891 0.01453689 0.46157616
v 0.04457891 0.01453689 0.46157616
v 0.03763764 0.02735360 0.46157616
v 0.03763764 0.02735360 0.46157616
v 0.03763764 0.02735360 0.46157616
v 0.04721988 0.00020252 0.46157616
v 0.04721988 0.00020252 0.46157616
v 0.04530197 -0.01424644 0.46157616
v 0.04530197 -0.01424644 0.46157616
v 0.03901299 -0.02739554 0.46157616
v 0.03901299 -0.02739554 0.46157616
v 0.02896863 -0.03795759 0.46157616
v 0.02896863 -0.03795759 0.46157616
v 0.01615201 -0.04489880 0.46157616
v 0.01615201 -0.04489880 0.46157616
v 0.00181760 -0.04753979 0.46157616
v 0.00181760 -0.04753979 0.46157616
v -0.01263137 -0.04562196 0.46157616
v -0.01263137 -0.04562196 0.46157616
v -0.02578044 -0.03933299 0.46157616
v -0.02578044 -0.03933299 0.46157616
v -0.03634257 -0.02928855 0.46157616
v -0.03634257 -0.02928855 0.46157616
v -0.04328384 -0.01647184 0.46157616
v -0.04328384 -0.01647184 0.46157616
v -0.04592481 -0.00213747 0.46157616
v -0.04592481 -0.00213747 0.46157616
v -0.04400689 0.01231148 0.46157616
v -0.04400689 0.01231148 0.46157616
v -0.03771792 0.02546058 0.46157616
v -0.03771792 0.02546058 0.46157616
v -0.02767352 0.03602268 0.46157616
v -0.02767352 0.03602268 0.46157616
v -0.01485677 0.04296398 0.46157616
v -0.01485677 0.04296398 0.46157616
v -0.00052249 0.04560486 0.46157616
v -0.00052249 0.04560486 0.46157616
v 0.01392643 0.04368701 0.46157616
v 0.01392643 0.04368701 0.46157616
v 0.02707550 0.03739804 0.46157616
v 0.02707550 0.03739804 0.46157616
v 0.04585868 0.01498856 0.55267410
v 0.04585868 0.01498856 0.55267410
v 0.03871522 0.02817864 0.55267410
v 0.03871522 0.02817864 0.55267410
v 0.03871522 0.02817864 0.55267410
v 0.04857658 0.00023660 0.55267410
v 0.04857658 0.00023660 0.55267410
v 0.04660281 -0.01463326 0.55267410
v 0.04660281 -0.01463326 0.55267410
v 0.04013066 -0.02816538 0.55267410
v 0.04013066 -0.02816538 0.55267410
v 0.02979366 -0.03903515 0.55267410
v 0.02979366 -0.03903515 0.55267410
v 0.01660365 -0.04617858 0.55267410
v 0.01660365 -0.04617858 0.55267410
v 0.00185168 -0.04889649 0.55267410
v 0.00185168 -0.04889649 0.55267410
v -0.01301819 -0.04692279 0.55267410
v -0.01301819 -0.04692279 0.55267410
v -0.02655033 -0.04045062 0.55267410
v -0.02655033 -0.04045062 0.55267410
v -0.03742016 -0.03011360 0.55267410
v -0.03742016 -0.03011360 0.55267410
v -0.04456361 -0.01692351 0.55267410
v -0.04456361 -0.01692351 0.55267410
v -0.04728152 -0.00217155 0.55267410
v -0.04728152 -0.00217155 0.55267410
v -0.04530773 0.01269831 0.55267410
v -0.04530773 0.01269831 0.55267410
v -0.03883556 0.02623045 0.55267410
v -0.03883556 0.02623045 0.55267410
v -0.02849855 0.03710023 0.55267410
v -0.02849855 0.03710023 0.55267410
v -0.01530845 0.04424374 0.55267410
v -0.01530845 0.04424374 0.55267410
v -0.00055658 0.04696156 0.55267410
v -0.00055658 0.04696156 0.55267410
v 0.01431327 0.04498784 0.55267410
v 0.01431327 0.04498784 0.55267410
v 0.02784539 0.03851568 0.55267410
v 0.02784539 0.03851568 0.55267410
v 0.03660513 0.01172277 0.55629555
v 0.03660513 0.01172277 0.55629555
v 0.03092377 0.02221321 0.55629555
v 0.03092377 0.02221321 0.55629555
v 0.03876679 -0.00000983 0.55629555
v 0.03876679 -0.00000983 0.55629555
v 0.03719700 -0.01183622 0.55629555
v 0.03719700 -0.01183622 0.55629555
v 0.03204955 -0.02259866 0.55629555
v 0.03204955 -0.02259866 0.55629555
v 0.02382821 -0.03124371 0.55629555
v 0.02382821 -0.03124371 0.55629555
v 0.01333779 -0.03692510 0.55629555
v 0.01333779 -0.03692510 0.55629555
v 0.00160520 -0.03908669 0.55629555
v 0.00160520 -0.03908669 0.55629555
v -0.01022120 -0.03751697 0.55629555
v -0.01022120 -0.03751697 0.55629555
v -0.02098362 -0.03236945 0.55629555
v -0.02098362 -0.03236945 0.55629555
v -0.02962870 -0.02414815 0.55629555
v -0.02962870 -0.02414815 0.55629555
v -0.03531007 -0.01365772 0.55629555
v -0.03531007 -0.01365772 0.55629555
v -0.03747172 -0.00192513 0.55629555
v -0.03747172 -0.00192513 0.55629555
v -0.03590193 0.00990127 0.55629555
v -0.03590193 0.00990127 0.55629555
v -0.03075448 0.02066371 0.55629555
v -0.03075448 0.02066371 0.55629555
v -0.02253314 0.02930876 0.55629555
v -0.02253314 0.02930876 0.55629555
v -0.01204270 0.03499018 0.55629555
v -0.01204270 0.03499018 0.55629555
v -0.00031013 0.03715176 0.55629555
v -0.00031013 0.03715176 0.55629555
v 0.01151626 0.03558201 0.55629555
v 0.01151626 0.03558201 0.55629555
v 0.02227868 0.03043451 0.55629555
v 0.02227868 0.03043451 0.55629555
v 0.06507205 0.05035856 0.69368475
v 0.06507205 0.05035856 0.69368475
v 0.07734262 0.02770163 0.69368475
v 0.08201118 0.00236175 0.69368475
v 0.07862080 -0.02318061 0.69368475
v 0.06750344 -0.04642508 0.69368475
v 0.04974722 -0.06509646 0.69368475
v 0.02709027 -0.07736701 0.69368475
v 0.00175046 -0.08203558 0.69368475
v -0.02379191 -0.07864529 0.69368475
v -0.04703647 -0.06752790 0.69368475
v -0.06570783 -0.04977165 0.69368475
v -0.07797842 -0.02711470 0.69368475
v -0.08264699 -0.00177481 0.69368475
v -0.07925660 0.02376756 0.69368475
v -0.06813923 0.04701202 0.69368475
v -0.05038299 0.06568336 0.69368475
v -0.02772598 0.07795392 0.69368475
v -0.00238603 0.08262256 0.69368475
v 0.02315623 0.07923216 0.69368475
v 0.04640075 0.06811475 0.69368475
v 0.07045861 0.02527211 0.70894622
v 0.07045861 0.02527211 0.70894622
v 0.05927573 0.04592067 0.70894622
v 0.05927573 0.04592067 0.70894622
v 0.05927573 0.04592067 0.70894622
v 0.07471335 0.00217841 0.70894622
v 0.07471335 0.00217841 0.70894622
v 0.07162349 -0.02109981 0.70894622
v 0.07162349 -0.02109981 0.70894622
v 0.06149160 -0.04228384 0.70894622
v 0.06149160 -0.04228384 0.70894622
v 0.04530933 -0.05930014 0.70894622
v 0.04530933 -0.05930014 0.70894622
v 0.02466074 -0.07048300 0.70894622
v 0.02466074 -0.07048300 0.70894622
v 0.00156712 -0.07473775 0.70894622
v 0.00156712 -0.07473775 0.70894622
v -0.02171112 -0.07164798 0.70894622
v -0.02171112 -0.07164798 0.70894622
v -0.04289521 -0.06151605 0.70894622
v -0.04289521 -0.06151605 0.70894622
v -0.05991152 -0.04533376 0.70894622
v -0.05991152 -0.04533376 0.70894622
v -0.07109440 -0.02468517 0.70894622
v -0.07109440 -0.02468517 0.70894622
v -0.07534915 -0.00159148 0.70894622
v -0.07534915 -0.00159148 0.70894622
v -0.07225929 0.02168675 0.70894622
v -0.07225929 0.02168675 0.70894622
v -0.06212739 0.04287078 0.70894622
v -0.06212739 0.04287078 0.70894622
v -0.04594510 0.05988704 0.70894622
v -0.04594510 0.05988704 0.70894622
v -0.02529647 0.07106992 0.70894622
v -0.02529647 0.07106992 0.70894622
v -0.00220271 0.07532471 0.70894622
v -0.00220271 0.07532471 0.70894622
v 0.02107542 0.07223485 0.70894622
v 0.02107542 0.07223485 0.70894622
v 0.04225950 0.06210291 0.70894622
v 0.04225950 0.06210291 0.70894622
v 0.07660626 0.02744176 0.59877064
v 0.08123056 0.00234214 0.59877064
v 0.07787231 -0.02295803 0.59877064
v 0.06686037 -0.04598211 0.59877064
v 0.04927251 -0.06447645 0.59877064
v 0.02683039 -0.07663065 0.59877064
v 0.00173085 -0.08125494 0.59877064
v -0.02356934 -0.07789681 0.59877064
v -0.04659349 -0.06688483 0.59877064
v -0.06508782 -0.04929694 0.59877064
v -0.07724206 -0.02685482 0.59877064
v -0.08186636 -0.00175520 0.59877064
v -0.07850812 0.02354497 0.59877064
v -0.06749616 0.04656904 0.59877064
v -0.04990828 0.06506334 0.59877064
v -0.02746610 0.07721756 0.59877064
v -0.00236642 0.08184194 0.59877064
v 0.02293365 0.07848368 0.59877064
v 0.04595777 0.06747168 0.59877064
v 0.06445204 0.04988385 0.59877064
v 0.06445204 0.04988385 0.59877064
v 0.06445204 0.04988385 0.60480738
v 0.06445204 0.04988385 0.60480738
v 0.06597794 0.05105214 0.60689121
v 0.06597794 0.05105214 0.60689121
v 0.06597794 0.05105214 0.60689121
v 0.06597794 0.05105214 0.60689121
v 0.07841850 0.02808134 0.60689121
v 0.07841850 0.02808134 0.60689121
v 0.07660626 0.02744176 0.60480738
v 0.08315174 0.00239041 0.60689121
v 0.08315174 0.00239041 0.60689121
v 0.08123056 0.00234214 0.60480738
v 0.07971438 -0.02350580 0.60689121
v 0.07971438 -0.02350580 0.60689121
v 0.07787231 -0.02295804 0.60480738
v 0.06844301 -0.04707230 0.60689121
v 0.06844301 -0.04707230 0.60689121
v 0.06686037 -0.04598211 0.60480738
v 0.05044079 -0.06600234 0.60689121
v 0.05044079 -0.06600234 0.60689121
v 0.04927251 -0.06447645 0.60480738
v 0.02746997 -0.07844288 0.60689121
v 0.02746997 -0.07844288 0.60689121
v 0.02683039 -0.07663065 0.60480738
v 0.00177911 -0.08317612 0.60689121
v 0.00177911 -0.08317612 0.60689121
v 0.00173085 -0.08125495 0.60480738
v -0.02411711 -0.07973887 0.60689121
v -0.02411711 -0.07973887 0.60689121
v -0.02356934 -0.07789681 0.60480738
v -0.04768369 -0.06846747 0.60689121
v -0.04768369 -0.06846747 0.60689121
v -0.04659349 -0.06688484 0.60480738
v -0.06661371 -0.05046522 0.60689121
v -0.06661371 -0.05046522 0.60689121
v -0.06508782 -0.04929694 0.60480738
v -0.07905429 -0.02749440 0.60689121
v -0.07905429 -0.02749440 0.60689121
v -0.07724206 -0.02685482 0.60480738
v -0.08378754 -0.00180346 0.60689121
v -0.08378754 -0.00180346 0.60689121
v -0.08186636 -0.00175520 0.60480738
v -0.08035017 0.02409275 0.60689121
v -0.08035017 0.02409275 0.60689121
v -0.07850812 0.02354497 0.60480738
v -0.06907879 0.04765922 0.60689121
v -0.06907879 0.04765922 0.60689121
v -0.06749616 0.04656904 0.60480738
v -0.05107657 0.06658924 0.60689121
v -0.05107657 0.06658924 0.60689121
v -0.04990828 0.06506334 0.60480738
v -0.02810568 0.07902980 0.60689121
v -0.02810568 0.07902980 0.60689121
v -0.02746610 0.07721756 0.60480738
v -0.00241468 0.08376312 0.60689121
v -0.00241468 0.08376312 0.60689121
v -0.00236642 0.08184194 0.60480738
v 0.02348143 0.08032574 0.60689121
v 0.02348143 0.08032574 0.60689121
v 0.02293366 0.07848367 0.60480738
v 0.04704797 0.06905432 0.60689121
v 0.04704797 0.06905432 0.60689121
v 0.04595777 0.06747168 0.60480738
v 0.07366081 0.02640224 0.60353497
v 0.07366081 0.02640224 0.60353497
v 0.07366082 0.02640225 0.60088191
v 0.07366082 0.02640225 0.60088191
v 0.07810806 0.00226370 0.60353497
v 0.07810806 0.00226370 0.60353497
v 0.07810805 0.00226369 0.60088191
v 0.07810805 0.00226369 0.60088191
v 0.07487839 -0.02206772 0.60353497
v 0.07487839 -0.02206772 0.60353497
v 0.07487839 -0.02206773 0.60088191
v 0.07487839 -0.02206773 0.60088191
v 0.06428811 -0.04421021 0.60353497
v 0.06428811 -0.04421021 0.60353497
v 0.06428810 -0.04421021 0.60088191
v 0.06428810 -0.04421021 0.60088191
v 0.04737368 -0.06199639 0.60353497
v 0.04737368 -0.06199639 0.60353497
v 0.04737368 -0.06199639 0.60088191
v 0.04737368 -0.06199639 0.60088191
v 0.02579088 -0.07368520 0.60353497
v 0.02579088 -0.07368520 0.60353497
v 0.02579088 -0.07368521 0.60088191
v 0.02579088 -0.07368521 0.60088191
v 0.00165240 -0.07813244 0.60353497
v 0.00165240 -0.07813244 0.60353497
v 0.00165240 -0.07813244 0.60088191
v 0.00165240 -0.07813244 0.60088191
v -0.02267903 -0.07490289 0.60353497
v -0.02267903 -0.07490289 0.60353497
v -0.02267903 -0.07490289 0.60088191
v -0.02267903 -0.07490289 0.60088191
v -0.04482160 -0.06431257 0.60353497
v -0.04482160 -0.06431257 0.60353497
v -0.04482160 -0.06431257 0.60088191
v -0.04482160 -0.06431257 0.60088191
v -0.06260777 -0.04739811 0.60353497
v -0.06260777 -0.04739811 0.60353497
v -0.06260777 -0.04739811 0.60088191
v -0.06260777 -0.04739811 0.60088191
v -0.07429662 -0.02581531 0.60353497
v -0.07429662 -0.02581531 0.60353497
v -0.07429662 -0.02581531 0.60088191
v -0.07429662 -0.02581531 0.60088191
v -0.07874386 -0.00167675 0.60353497
v -0.07874386 -0.00167675 0.60353497
v -0.07874386 -0.00167675 0.60088191
v -0.07874386 -0.00167675 0.60088191
v -0.07551420 0.02265466 0.60353497
v -0.07551420 0.02265466 0.60353497
v -0.07551420 0.02265466 0.60088191
v -0.07551420 0.02265466 0.60088191
v -0.06492389 0.04479713 0.60353497
v -0.06492389 0.04479713 0.60353497
v -0.06492389 0.04479713 0.60088191
v -0.06492389 0.04479713 0.60088191
v -0.04800945 0.06258329 0.60353497
v -0.04800945 0.06258329 0.60353497
v -0.04800945 0.06258329 0.60088191
v -0.04800945 0.06258329 0.60088191
v -0.02642659 0.07427213 0.60353497
v -0.02642659 0.07427213 0.60353497
v -0.02642659 0.07427213 0.60088191
v -0.02642659 0.07427213 0.60088191
v -0.00228798 0.07871944 0.60353497
v -0.00228798 0.07871944 0.60353497
v -0.00228798 0.07871943 0.60088191
v -0.00228798 0.07871943 0.60088191
v 0.02204335 0.07548976 0.60353497
v 0.02204335 0.07548976 0.60353497
v 0.02204335 0.07548976 0.60088191
v 0.02204335 0.07548976 0.60088191
v 0.04418587 0.06489942 0.60353497
v 0.04418587 0.06489942 0.60353497
v 0.04418586 0.06489941 0.60088191
v 0.04418586 0.06489941 0.60088191
v 0.06197199 0.04798503 0.60088191
v 0.06197199 0.04798503 0.60088191
v 0.06197199 0.04798503 0.60088191
v 0.06197199 0.04798503 0.60088191
v 0.06197199 0.04798503 0.60353497
v 0.06197199 0.04798503 0.60353497
v 0.06197199 0.04798503 0.60353497
v 0.06197199 0.04798503 0.60353497
v 0.06597794 0.05105214 0.62250019
v 0.06597794 0.05105214 0.62250019
v 0.06597794 0.05105214 0.62250019
v 0.06597794 0.05105214 0.62250019
v 0.07841850 0.02808134 0.62250019
v 0.07841850 0.02808134 0.62250019
v 0.08315174 0.00239041 0.62250019
v 0.08315174 0.00239041 0.62250019
v 0.07971438 -0.02350581 0.62250019
v 0.07971438 -0.02350581 0.62250019
v 0.06844301 -0.04707230 0.62250019
v 0.06844301 -0.04707230 0.62250019
v 0.05044079 -0.06600234 0.62250019
v 0.05044079 -0.06600234 0.62250019
v 0.02746997 -0.07844288 0.62250019
v 0.02746997 -0.07844288 0.62250019
v 0.00177912 -0.08317613 0.62250019
v 0.00177912 -0.08317613 0.62250019
v -0.02411712 -0.07973887 0.62250019
v -0.02411712 -0.07973887 0.62250019
v -0.04768369 -0.06846746 0.62250019
v -0.04768369 -0.06846746 0.62250019
v -0.06661371 -0.05046522 0.62250019
v -0.06661371 -0.05046522 0.62250019
v -0.07905429 -0.02749440 0.62250019
v -0.07905429 -0.02749440 0.62250019
v -0.08378755 -0.00180346 0.62250019
v -0.08378755 -0.00180346 0.62250019
v -0.08035017 0.02409275 0.62250019
v -0.08035017 0.02409275 0.62250019
v -0.06907879 0.04765922 0.62250019
v -0.06907879 0.04765922 0.62250019
v -0.05107657 0.06658924 0.62250019
v -0.05107657 0.06658924 0.62250019
v -0.02810568 0.07902980 0.62250019
v -0.02810568 0.07902980 0.62250019
v -0.00241469 0.08376312 0.62250019
v -0.00241469 0.08376312 0.62250019
v 0.02348143 0.08032574 0.62250019
v 0.02348143 0.08032574 0.62250019
v 0.04704797 0.06905432 0.62250019
v 0.04704797 0.06905432 0.62250019
v 0.08272200 0.02960015 0.61940659
v 0.08272200 0.02960015 0.60955666
v 0.08771395 0.00250501 0.61940659
v 0.08771395 0.00250502 0.60955666
v 0.08408871 -0.02480660 0.61940659
v 0.08408871 -0.02480660 0.60955666
v 0.07220127 -0.04966118 0.61940659
v 0.07220127 -0.04966118 0.60955666
v 0.05321512 -0.06962588 0.61940659
v 0.05321512 -0.06962588 0.60955666
v 0.02898877 -0.08274638 0.61940659
v 0.02898877 -0.08274638 0.60955666
v 0.00189374 -0.08773832 0.61940659
v 0.00189374 -0.08773833 0.60955666
v -0.02541791 -0.08411321 0.61940659
v -0.02541791 -0.08411321 0.60955666
v -0.05027256 -0.07222573 0.61940659
v -0.05027257 -0.07222574 0.60955666
v -0.07023725 -0.05323955 0.61940659
v -0.07023725 -0.05323955 0.60955666
v -0.08335780 -0.02901320 0.61940659
v -0.08335780 -0.02901320 0.60955666
v -0.08834975 -0.00191808 0.61940659
v -0.08834975 -0.00191808 0.60955666
v -0.08472451 0.02539355 0.61940659
v -0.08472450 0.02539355 0.60955666
v -0.07283706 0.05024809 0.61940659
v -0.07283706 0.05024809 0.60955666
v -0.05385089 0.07021278 0.61940659
v -0.05385089 0.07021278 0.60955666
v -0.02962448 0.08333330 0.61940659
v -0.02962448 0.08333329 0.60955666
v -0.00252929 0.08832532 0.61940659
v -0.00252929 0.08832532 0.60955666
v 0.02478223 0.08470007 0.61940659
v 0.02478223 0.08470008 0.60955666
v 0.04963684 0.07281259 0.61940659
v 0.04963684 0.07281259 0.60955666
v 0.06960148 0.05382646 0.60955666
v 0.06960148 0.05382646 0.60955666
v 0.06960148 0.05382646 0.61940659
v 0.06960148 0.05382646 0.61940659
v 0.13832750 0.08506579 0.70925997
v 0.13985703 0.08598795 0.72599754
v 0.15292545 0.05437669 0.70925997
v 0.15461078 0.05497130 0.72599754
v 0.16082373 0.02132313 0.70925997
v 0.16259340 0.02156499 0.72599754
v 0.16167724 -0.01265028 0.70925997
v 0.16345600 -0.01277101 0.72599754
v 0.15544862 -0.04605874 0.70925997
v 0.15716088 -0.04653603 0.72599754
v 0.14241009 -0.07744213 0.70925997
v 0.14398320 -0.07825437 0.72599754
v 0.12313151 -0.10542885 0.70925997
v 0.12449886 -0.10653978 0.72599754
v 0.09845545 -0.12879578 0.70925997
v 0.09955944 -0.13015610 0.72599754
v 0.06946036 -0.14652161 0.70925997
v 0.07025490 -0.14807113 0.72599754
v 0.07025490 -0.14807113 0.72599754
v 0.03741347 -0.15783169 0.70925997
v 0.03786598 -0.15950190 0.72599754
v 0.00371540 -0.16223169 0.70925997
v 0.00380825 -0.16394886 0.72599754
v -0.03016112 -0.15952930 0.70925997
v -0.03042980 -0.16121765 0.72599754
v -0.06273549 -0.14984264 0.70925997
v -0.06335184 -0.15142762 0.72599754
v -0.09258407 -0.13359508 0.70925997
v -0.09351898 -0.13500663 0.72599754
v -0.11835137 -0.11158005 0.70925997
v -0.11956174 -0.11275589 0.72599754
v -0.13945079 -0.08768128 0.72599754
v -0.16223870 -0.01787360 0.70926002
v -0.16243001 0.01334387 0.70925997
v -0.16411021 0.01349928 0.72599754
v -0.15618294 0.04661118 0.70925997
v -0.15779664 0.04712293 0.72599754
v -0.14314445 0.07799458 0.70925997
v -0.14461896 0.07884126 0.72599754
v -0.12386589 0.10598128 0.70925997
v -0.12513466 0.10712667 0.72599754
v -0.09918984 0.12934815 0.70925997
v -0.10019527 0.13074295 0.72599754
v -0.07019480 0.14707402 0.70925997
v -0.07089075 0.14865796 0.72599754
v -0.07089075 0.14865796 0.72599754
v -0.03814796 0.15838411 0.70925997
v -0.03850189 0.16008877 0.72599754
v -0.00444992 0.16278413 0.70925997
v -0.00444420 0.16453576 0.72599754
v 0.02942654 0.16008182 0.70925997
v 0.02979382 0.16180460 0.72599754
v 0.06200089 0.15039524 0.70925997
v 0.06271581 0.15201464 0.72599754
v 0.09184947 0.13414774 0.70925997
v 0.09288296 0.13559374 0.72599754
v 0.11766782 0.11204928 0.70925997
v 0.11897689 0.11325944 0.72599754
v -0.16391287 -0.01806111 0.72599754
v -0.13802701 -0.08678089 0.70925997
v -0.15578030 -0.05452637 0.72599754
v -0.15419264 -0.05396594 0.70925997
v -0.00000000 0.00000002 0.70926002
v 0.11883936 0.11312921 0.71087905
v 0.11883936 0.11312921 0.71087905
v 0.09277554 0.13543776 0.71087905
v 0.09277554 0.13543776 0.71087905
v 0.06264316 0.15183973 0.71087905
v 0.06264316 0.15183973 0.71087905
v 0.02975910 0.16161840 0.71087905
v 0.02975910 0.16161840 0.71087905
v -0.00443944 0.16434641 0.71087905
v -0.00443944 0.16434641 0.71087905
v -0.03845788 0.15990456 0.71087905
v -0.03845788 0.15990456 0.71087905
v -0.07080941 0.14848693 0.71087905
v -0.07080941 0.14848693 0.71087905
v -0.07080941 0.14848693 0.71087905
v -0.10008013 0.13059255 0.71087905
v -0.10008013 0.13059255 0.71087905
v -0.12499077 0.10700351 0.71087905
v -0.12499077 0.10700351 0.71087905
v -0.14445260 0.07875071 0.71087905
v -0.14445260 0.07875071 0.71087905
v -0.15761509 0.04706894 0.71087905
v -0.15761509 0.04706894 0.71087905
v -0.16392139 0.01348406 0.71087905
v -0.16392139 0.01348406 0.71087905
v -0.16372426 -0.01803994 0.71087905
v -0.16372426 -0.01803994 0.71087905
v -0.11942428 -0.11262556 0.71087905
v -0.11942428 -0.11262556 0.71087905
v -0.09341155 -0.13485066 0.71087905
v -0.09341155 -0.13485066 0.71087905
v -0.06327918 -0.15125271 0.71087905
v -0.06327918 -0.15125271 0.71087905
v -0.03039510 -0.16103147 0.71087905
v -0.03039510 -0.16103147 0.71087905
v 0.00380349 -0.16375951 0.71087905
v 0.00380349 -0.16375951 0.71087905
v 0.03782196 -0.15931768 0.71087905
v 0.03782196 -0.15931768 0.71087905
v 0.07017354 -0.14790008 0.71087905
v 0.07017354 -0.14790008 0.71087905
v 0.07017354 -0.14790008 0.71087905
v 0.09944431 -0.13000573 0.71087905
v 0.09944431 -0.13000573 0.71087905
v 0.12435499 -0.10641664 0.71087905
v 0.12435499 -0.10641664 0.71087905
v 0.14381684 -0.07816383 0.71087905
v 0.14381684 -0.07816383 0.71087905
v 0.15697935 -0.04648206 0.71087905
v 0.15697935 -0.04648206 0.71087905
v 0.16326720 -0.01275596 0.71087905
v 0.16326720 -0.01275596 0.71087905
v 0.16240556 0.02154045 0.71087905
v 0.16240556 0.02154045 0.71087905
v 0.15443219 0.05490827 0.71087905
v 0.15443219 0.05490827 0.71087905
v 0.13969546 0.08588917 0.71087905
v 0.13969546 0.08588917 0.71087905
v -0.13929040 -0.08757986 0.71087905
v -0.13929040 -0.08757986 0.71087905
v -0.15560108 -0.05446319 0.71087905
v -0.15560108 -0.05446319 0.71087905
v 0.06434751 0.04980382 0.70625949
v 0.06434751 0.04980382 0.70625949
v 0.07691473 0.02755063 0.59599539
v 0.08155759 0.00235036 0.59599539
v 0.07818587 -0.02305127 0.59599539
v 0.06712976 -0.04616768 0.59599539
v 0.04947137 -0.06473619 0.59599539
v 0.02693926 -0.07693913 0.59599539
v 0.00173906 -0.08158197 0.59599539
v -0.02366258 -0.07821036 0.59599539
v -0.04677907 -0.06715423 0.59599539
v -0.06534755 -0.04949580 0.59599539
v -0.07755054 -0.02696369 0.59599539
v -0.08219339 -0.00176342 0.59599539
v -0.07882167 0.02363821 0.59599539
v -0.06776556 0.04675461 0.59599539
v -0.05010714 0.06532308 0.59599539
v -0.02757498 0.07752604 0.59599539
v -0.00237464 0.08216896 0.59599539
v 0.02302690 0.07879723 0.59599539
v 0.04614334 0.06774108 0.59599539
v 0.06928250 0.02485702 0.59145887
v 0.05828545 0.04516247 0.59145887
v 0.07346657 0.00214706 0.59145887
v 0.07042810 -0.02074432 0.59145887
v 0.06046454 -0.04157637 0.59145887
v 0.04455117 -0.05830991 0.59145887
v 0.02424570 -0.06930694 0.59145887
v 0.00153577 -0.07349101 0.59145887
v -0.02135561 -0.07045254 0.59145887
v -0.04218768 -0.06048896 0.59145887
v -0.05892123 -0.04457556 0.59145887
v -0.06991830 -0.02427007 0.59145887
v -0.07410236 -0.00156012 0.59145887
v -0.07106389 0.02133125 0.59145887
v -0.06110032 0.04216329 0.59145887
v -0.04518693 0.05889681 0.59145887
v -0.02488143 0.06989384 0.59145887
v -0.00217140 0.07407796 0.59145887
v 0.02071999 0.07103946 0.59145887
v 0.04155198 0.06107583 0.59145887
v -0.06169176 -0.02136672 0.56079999
v -0.05241742 -0.03959598 0.57801168
v 0.05328029 -0.03662754 0.56079999
v 0.06257679 -0.01840953 0.57801168
v 0.03660310 0.05389156 0.56079999
v 0.01838525 0.06318813 0.57801168
v -0.06538130 -0.00134102 0.56079999
v 0.03924783 -0.05138323 0.56079999
v 0.05135874 0.03985910 0.56079999
v 0.05135874 0.03985910 0.56079999
v -0.06270203 0.01884464 0.56079999
v 0.02134239 -0.06108045 0.56079999
v -0.05391607 0.03721445 0.56079999
v 0.00131665 -0.06477000 0.56079999
v -0.03988360 0.05197013 0.56079999
v -0.01886900 -0.06209063 0.56079999
v 0.06105595 0.02195365 0.56079999
v -0.02197815 0.06166734 0.56079999
v -0.03723878 -0.05330469 0.56079999
v 0.06474551 0.00192795 0.56079999
v -0.00195235 0.06535691 0.56079999
v 0.04328901 0.03168051 0.54489717
v 0.04328901 0.03168051 0.54489717
v 0.05064930 0.03731584 0.52167000
v 0.05064930 0.03731584 0.52167000
v 0.05064930 0.03731584 0.49620171
v 0.05064930 0.03731584 0.49620171
v 0.05129073 0.01690566 0.54489717
v 0.06003220 0.01999073 0.52167000
v 0.06003220 0.01999073 0.49620171
v 0.05433513 0.00038125 0.54489717
v 0.06360209 0.00061406 0.52167000
v 0.06360209 0.00061407 0.49620171
v 0.05212424 -0.01627516 0.54489717
v 0.06100966 -0.01891734 0.52167000
v 0.06100966 -0.01891734 0.49620171
v 0.04487451 -0.03143311 0.54489717
v 0.05250856 -0.03669169 0.52167000
v 0.05250856 -0.03669168 0.49620171
v 0.03329551 -0.04360888 0.54489717
v 0.03893084 -0.05096917 0.52167000
v 0.03893084 -0.05096917 0.49620171
v 0.01852075 -0.05161059 0.54489717
v 0.02160575 -0.06035210 0.52167000
v 0.02160575 -0.06035210 0.49620171
v 0.00199636 -0.05465505 0.54489717
v 0.00222918 -0.06392201 0.52167000
v 0.00222918 -0.06392201 0.49620171
v -0.01466009 -0.05244421 0.54489717
v -0.01730231 -0.06132954 0.52167000
v -0.01730231 -0.06132955 0.49620171
v -0.02981812 -0.04519447 0.54489717
v -0.03507676 -0.05282844 0.52167000
v -0.03507675 -0.05282844 0.49620171
v -0.04199393 -0.03361546 0.54489717
v -0.04935422 -0.03925079 0.52167000
v -0.04935422 -0.03925079 0.49620171
v -0.04999567 -0.01884062 0.54489717
v -0.05873714 -0.02192568 0.52167000
v -0.05873713 -0.02192568 0.49620171
v -0.05304007 -0.00231620 0.54489717
v -0.06230702 -0.00254900 0.52167000
v -0.06230702 -0.00254900 0.49620171
v -0.05082915 0.01434023 0.54489717
v -0.05971447 0.01698248 0.52167000
v -0.05971447 0.01698248 0.49620171
v -0.04357936 0.02949822 0.54489717
v -0.05121332 0.03475688 0.52167000
v -0.05121332 0.03475689 0.49620171
v -0.03200038 0.04167398 0.54489717
v -0.03763572 0.04903427 0.52167000
v -0.03763572 0.04903427 0.49620171
v -0.01722552 0.04967575 0.54489717
v -0.02031058 0.05841723 0.52167000
v -0.02031058 0.05841723 0.49620171
v -0.00070125 0.05272012 0.54489717
v -0.00093400 0.06198713 0.52167000
v -0.00093400 0.06198713 0.49620171
v 0.01595515 0.05050925 0.54489717
v 0.01859739 0.05939459 0.52167000
v 0.01859740 0.05939460 0.49620171
v 0.03111318 0.04325951 0.54489717
v 0.03637184 0.05089348 0.52167000
v 0.03637183 0.05089348 0.49620171
v 0.05698576 0.02051720 0.55611481
v 0.04793167 0.03723521 0.55611481
v 0.06043065 0.00181960 0.55611481
v 0.05792905 -0.01702742 0.55611481
v 0.04972573 -0.03417900 0.55611481
v 0.03662389 -0.04795612 0.55611481
v 0.01990593 -0.05701022 0.55611481
v 0.00120824 -0.06045512 0.55611481
v -0.01763878 -0.05795345 0.55611481
v -0.03479026 -0.04975015 0.55611481
v -0.04856744 -0.03664829 0.55611481
v -0.05762155 -0.01993027 0.55611481
v -0.06106645 -0.00123266 0.55611481
v -0.05856483 0.01761434 0.55611481
v -0.05036151 0.03476592 0.55611481
v -0.03725964 0.04854303 0.55611481
v -0.02054161 0.05759718 0.55611481
v -0.00184393 0.06104201 0.55611481
v 0.01700313 0.05854037 0.55611481
v 0.03415456 0.05033702 0.55611481
v 0.04057704 0.01312455 0.46157616
v 0.04057704 0.01312455 0.46157616
v 0.03426809 0.02477375 0.46157616
v 0.03426809 0.02477375 0.46157616
v 0.04297738 0.00009593 0.46157616
v 0.04297738 0.00009593 0.46157616
v 0.04123422 -0.01303677 0.46157616
v 0.04123422 -0.01303677 0.46157616
v 0.03551814 -0.02498806 0.46157616
v 0.03551814 -0.02498806 0.46157616
v 0.02638874 -0.03458800 0.46157616
v 0.02638874 -0.03458800 0.46157616
v 0.01473960 -0.04089693 0.46157616
v 0.01473960 -0.04089693 0.46157616
v 0.00171098 -0.04329733 0.46157616
v 0.00171098 -0.04329733 0.46157616
v -0.01142172 -0.04155417 0.46157616
v -0.01142172 -0.04155417 0.46157616
v -0.02337303 -0.03583813 0.46157616
v -0.02337303 -0.03583813 0.46157616
v -0.03297302 -0.02670869 0.46157616
v -0.03297302 -0.02670869 0.46157616
v -0.03928196 -0.01505951 0.46157616
v -0.03928196 -0.01505951 0.46157616
v -0.04168232 -0.00203088 0.46157616
v -0.04168232 -0.00203088 0.46157616
v -0.03993915 0.01110181 0.46157616
v -0.03993915 0.01110181 0.46157616
v -0.03422307 0.02305310 0.46157616
v -0.03422307 0.02305310 0.46157616
v -0.02509364 0.03265306 0.46157616
v -0.02509364 0.03265306 0.46157616
v -0.01344444 0.03896204 0.46157616
v -0.01344444 0.03896204 0.46157616
v -0.00041589 0.04136239 0.46157616
v -0.00041589 0.04136239 0.46157616
v 0.01271679 0.03961922 0.46157616
v 0.01271679 0.03961922 0.46157616
v 0.02466810 0.03390318 0.46157616
v 0.02466810 0.03390318 0.46157616
v 0.04315430 0.03157737 0.47252187
v 0.04315430 0.03157737 0.47252187
v 0.05113076 0.01684920 0.47252187
v 0.05416555 0.00037700 0.47252187
v 0.05196164 -0.01622681 0.47252187
v 0.04473480 -0.03133688 0.47252187
v 0.03319238 -0.04347418 0.47252187
v 0.01846429 -0.05145061 0.47252187
v 0.00199210 -0.05448546 0.47252187
v -0.01461173 -0.05228160 0.47252187
v -0.02972187 -0.04505476 0.47252187
v -0.04185923 -0.03351233 0.47252187
v -0.04983570 -0.01878416 0.47252187
v -0.05287048 -0.00231195 0.47252187
v -0.05066655 0.01429187 0.47252187
v -0.04343965 0.02940199 0.47252187
v -0.03189726 0.04153929 0.47252187
v -0.01716906 0.04951578 0.47252187
v -0.00069699 0.05255053 0.47252187
v 0.01590681 0.05034665 0.47252187
v 0.03101695 0.04311980 0.47252187
v 0.03510520 0.02541467 0.55584283
v 0.04157123 0.01347541 0.55584283
v 0.04403142 0.00012243 0.55584283
v 0.04224482 -0.01333731 0.55584283
v 0.03638643 -0.02558616 0.55584283
v 0.02702969 -0.03542514 0.55584283
v 0.01509048 -0.04189117 0.55584283
v 0.00173748 -0.04435132 0.55584283
v -0.01172227 -0.04256480 0.55584283
v -0.02397110 -0.03670638 0.55584283
v -0.03381014 -0.02734962 0.55584283
v -0.04027616 -0.01541037 0.55584283
v -0.04273635 -0.00205738 0.55584283
v -0.04094974 0.01140236 0.55584283
v -0.03509136 0.02365121 0.55584283
v -0.02573460 0.03349021 0.55584283
v -0.01379534 0.03995629 0.55584283
v -0.00044239 0.04241639 0.55584283
v 0.01301733 0.04062984 0.55584283
v 0.02526617 0.03477143 0.55584283
v 0.00064753 -0.00096748 0.46157611
v 0.00064753 -0.00096748 0.55629555
v 0.07648212 0.02739794 0.70625949
v 0.08109897 0.00233884 0.70625949
v 0.07774613 -0.02292051 0.70625949
v 0.06675196 -0.04590743 0.70625949
v 0.04919248 -0.06437192 0.70625949
v 0.02678658 -0.07650651 0.70625949
v 0.00172754 -0.08112335 0.70625949
v -0.02353181 -0.07777062 0.70625949
v -0.04651881 -0.06677642 0.70625949
v -0.06498329 -0.04921691 0.70625949
v -0.07711792 -0.02681101 0.70625949
v -0.08173477 -0.00175189 0.70625949
v -0.07838193 0.02350745 0.70625949
v -0.06738774 0.04649435 0.70625949
v -0.04982825 0.06495881 0.70625949
v -0.02742229 0.07709342 0.70625949
v -0.00236312 0.08171033 0.70625949
v 0.02289613 0.07835750 0.70625949
v 0.04588309 0.06736327 0.70625949
v -0.00031785 0.00029346 0.70946555
v -0.02694636 0.07574485 0.60421368
v -0.06384779 -0.04834753 0.60009836
v -0.04570755 -0.06559870 0.60421368
v 0.07966931 0.00230292 0.60421368
v -0.04570755 -0.06559870 0.60009836
v -0.04895886 0.06382332 0.60421368
v -0.02312419 -0.07639985 0.60009836
v -0.02312418 -0.07639985 0.60421368
v 0.06321202 0.04893444 0.60421368
v 0.06321202 0.04893444 0.60421368
v 0.07513355 0.02692201 0.60421368
v 0.00169163 -0.07969369 0.60009836
v 0.06321202 0.04893444 0.60009836
v 0.06321202 0.04893444 0.60009836
v -0.07701116 0.02309982 0.60421368
v -0.06621003 0.04568309 0.60421368
v 0.02631063 -0.07515793 0.60009836
v 0.04832310 -0.06323643 0.60009836
v 0.02631064 -0.07515793 0.60421368
v 0.00169163 -0.07969369 0.60421368
v 0.04507182 0.06618555 0.60009836
v 0.06471177 0.05008271 0.59599539
v 0.06471177 0.05008271 0.59599539
v -0.06219402 -0.02154398 0.57801168
v -0.05199451 -0.03927218 0.56079999
v 0.05371893 -0.03692969 0.57801168
v 0.06206625 -0.01825772 0.56079999
v 0.03690525 0.05433019 0.57801168
v 0.01823344 0.06267760 0.56079999
v -0.06591376 -0.00135439 0.57801168
v 0.03957162 -0.05180614 0.57801168
v 0.05178164 0.04018289 0.57801168
v 0.05178164 0.04018289 0.57801168
v -0.06321256 0.01899645 0.57801168
v 0.02151965 -0.06158271 0.57801168
v -0.05435470 0.03751660 0.57801168
v 0.00133002 -0.06530246 0.57801168
v -0.04020739 0.05239304 0.57801168
v -0.01902082 -0.06260116 0.57801168
v 0.06155822 0.02213091 0.57801168
v -0.02215541 0.06216961 0.57801168
v -0.03754093 -0.05374332 0.57801168
v 0.06527797 0.00194133 0.57801168
v -0.00196572 0.06588937 0.57801168
v 0.02248851 0.07698673 0.60009836
v 0.06510778 0.05038592 0.60589284
v 0.06510778 0.05038592 0.60589284
v -0.08253734 0.02474315 0.62153175
v 0.07738506 0.02771661 0.60589284
v -0.02886508 0.08118155 0.60748500
v 0.08205619 0.00236288 0.60589284
v -0.04897814 -0.07034661 0.60748500
v 0.07866393 -0.02319343 0.60589284
v -0.08606865 -0.00186077 0.62153175
v 0.06754051 -0.04645062 0.60589284
v 0.08543285 0.00244771 0.60748500
v 0.04977457 -0.06513219 0.60589284
v -0.08120605 -0.02825381 0.62153175
v 0.02710525 -0.07740945 0.60589284
v -0.05246373 0.06840101 0.60748500
v 0.00175159 -0.08208057 0.60589284
v -0.02476750 -0.08192605 0.60748500
v -0.02380473 -0.07868843 0.60589284
v -0.06842549 -0.05185239 0.62153175
v -0.04706200 -0.06756496 0.60589284
v 0.08057025 0.02884074 0.60748500
v -0.06574357 -0.04979901 0.60589284
v -0.04897813 -0.07034661 0.62153175
v -0.07802086 -0.02712968 0.60589284
v -0.07095793 0.04895365 0.60748500
v -0.08269199 -0.00177594 0.60589284
v -0.08253734 0.02474315 0.60748500
v -0.07929974 0.02378038 0.60589284
v 0.00183642 -0.08545723 0.60748500
v -0.06817629 0.04703753 0.60589284
v 0.02822937 -0.08059463 0.60748500
v -0.05041035 0.06571909 0.60589284
v -0.02476750 -0.08192605 0.62153175
v -0.02774096 0.07799636 0.60589284
v 0.06778971 0.05243930 0.60748500
v 0.06778971 0.05243930 0.60748500
v -0.00238716 0.08266756 0.60589284
v 0.04834241 0.07093345 0.60748500
v 0.02316906 0.07927530 0.60589284
v 0.02822937 -0.08059464 0.62153175
v 0.04642628 0.06815181 0.60589284
v 0.07310856 0.02620734 0.60220846
v 0.07752260 0.00224899 0.60220846
v 0.07431704 -0.02190080 0.60220846
v 0.06380580 -0.04387798 0.60220846
v 0.04701766 -0.06153138 0.60220846
v 0.02559597 -0.07313294 0.60220846
v 0.00163769 -0.07754697 0.60220846
v -0.02251210 -0.07434153 0.60220846
v -0.04448936 -0.06383026 0.60220846
v -0.06214275 -0.04704208 0.60220846
v -0.07374435 -0.02562040 0.60220846
v -0.07815839 -0.00166205 0.60220846
v -0.07495283 0.02248773 0.60220846
v -0.06444159 0.04446489 0.60220846
v -0.04765342 0.06211829 0.60220846
v -0.02623168 0.07371985 0.60220846
v -0.00227328 0.07813397 0.60220846
v 0.02187643 0.07492841 0.60220846
v 0.04385364 0.06441712 0.60220846
v 0.06150699 0.04762900 0.60220846
v 0.06150699 0.04762900 0.60220846
v -0.07576934 -0.02633506 0.60009836
v 0.07637536 -0.02251287 0.60421368
v -0.06384779 -0.04834753 0.60421368
v -0.08030511 -0.00171597 0.60009836
v -0.00232721 0.08028069 0.60421368
v -0.07701116 0.02309982 0.60009836
v 0.06557424 -0.04509616 0.60421368
v -0.07576934 -0.02633507 0.60421368
v -0.06621002 0.04568309 0.60009836
v 0.02248852 0.07698673 0.60421368
v 0.07513355 0.02692201 0.60009836
v -0.04895887 0.06382332 0.60009836
v 0.04832310 -0.06323643 0.60421368
v 0.07966931 0.00230292 0.60009836
v -0.08030512 -0.00171597 0.60421368
v -0.02694635 0.07574485 0.60009836
v 0.04507182 0.06618555 0.60421368
v 0.07637536 -0.02251287 0.60009836
v -0.00232720 0.08028068 0.60009836
v 0.06557424 -0.04509616 0.60009836
v 0.00183643 -0.08545723 0.62153175
v 0.07747710 0.02774910 0.62600053
v 0.08215377 0.00236534 0.62600053
v 0.07875749 -0.02322125 0.62600053
v 0.06762088 -0.04650599 0.62600053
v 0.04983391 -0.06520970 0.62600053
v 0.02713773 -0.07750150 0.62600053
v 0.00175404 -0.08217814 0.62600053
v -0.02383256 -0.07878199 0.62600053
v -0.04711737 -0.06764535 0.62600053
v -0.06582106 -0.04985834 0.62600053
v -0.07811290 -0.02716216 0.62600053
v -0.08278955 -0.00177839 0.62600053
v -0.07939329 0.02380820 0.62600053
v -0.06825667 0.04709290 0.62600053
v -0.05046968 0.06579659 0.62600053
v -0.02777344 0.07808840 0.62600053
v -0.00238962 0.08276514 0.62600053
v 0.02319688 0.07936886 0.62600053
v 0.04648165 0.06823219 0.62600053
v 0.08352890 0.02988492 0.61448163
v 0.08856937 0.00252651 0.61448163
v 0.08490890 -0.02505050 0.61448163
v 0.07290595 -0.05014659 0.61448163
v 0.05373530 -0.07030529 0.61448163
v 0.02927355 -0.08355328 0.61448163
v 0.00191522 -0.08859375 0.61448163
v -0.02566181 -0.08493340 0.61448163
v -0.05075798 -0.07293041 0.61448163
v -0.07091667 -0.05375973 0.61448163
v -0.08416470 -0.02929797 0.61448163
v -0.08920516 -0.00193957 0.61448163
v -0.08554470 0.02563745 0.61448163
v -0.07354174 0.05073351 0.61448163
v -0.05437107 0.07089219 0.61448163
v -0.02990925 0.08414020 0.61448163
v -0.00255077 0.08918074 0.61448163
v 0.02502614 0.08552027 0.61448163
v 0.05012226 0.07351726 0.61448163
v 0.07028089 0.05434664 0.61448163
v 0.07028089 0.05434664 0.61448163
v 0.08190154 -0.02415620 0.60748500
v -0.07095793 0.04895366 0.62153175
v -0.06842549 -0.05185239 0.60748500
v 0.08057025 0.02884074 0.62153175
v 0.06778971 0.05243930 0.62153175
v 0.06778971 0.05243930 0.62153175
v -0.00247199 0.08604423 0.60748500
v -0.05246373 0.06840101 0.62153175
v 0.08543285 0.00244771 0.62153175
v 0.07032215 -0.04836675 0.60748500
v -0.02886508 0.08118155 0.62153175
v -0.08120605 -0.02825381 0.60748500
v 0.08190154 -0.02415620 0.62153175
v 0.02413184 0.08251292 0.60748500
v -0.00247198 0.08604421 0.62153175
v 0.07032215 -0.04836674 0.62153175
v 0.05182795 -0.06781411 0.60748500
v 0.02413183 0.08251292 0.62153175
v -0.08606865 -0.00186077 0.60748500
v 0.05182795 -0.06781411 0.62153175
v 0.04834240 0.07093345 0.62153175
v 0.06518528 0.05044525 0.62600053
v 0.06518528 0.05044525 0.62600053
v 0.11893249 0.11321739 0.71228569
v 0.11856400 0.11287214 0.70990064
v 0.09284828 0.13554337 0.71228569
v 0.09255904 0.13513029 0.70990064
v 0.06269237 0.15195815 0.71228569
v 0.06249475 0.15149520 0.70990064
v 0.02978262 0.16174447 0.71228569
v 0.02968499 0.16125177 0.70990064
v -0.00444265 0.16447461 0.71228569
v -0.00443629 0.16397363 0.70990064
v -0.03848768 0.16002929 0.71228569
v -0.03837787 0.15954180 0.70990064
v -0.07086450 0.14860276 0.71228569
v -0.07086450 0.14860276 0.71228569
v -0.07065632 0.14814997 0.70990064
v -0.10015808 0.13069439 0.71228569
v -0.09986090 0.13029603 0.70990064
v -0.12508819 0.10708689 0.71228569
v -0.12471526 0.10676026 0.70990064
v -0.14456525 0.07881203 0.71228569
v -0.14413312 0.07857129 0.70990064
v -0.15773800 0.04710550 0.71228569
v -0.15726588 0.04696111 0.70990064
v -0.16404924 0.01349437 0.71228569
v -0.16355795 0.01345226 0.70990064
v -0.16385194 -0.01805427 0.71228569
v -0.16336178 -0.01799932 0.70990064
v -0.11951737 -0.11271382 0.71228569
v -0.11916131 -0.11237270 0.70990064
v -0.09348430 -0.13495627 0.71228569
v -0.09320738 -0.13454750 0.70990064
v -0.06332838 -0.15137113 0.71228569
v -0.06314309 -0.15091248 0.70990064
v -0.03041860 -0.16115752 0.71228569
v -0.03033330 -0.16066914 0.70990064
v 0.00380671 -0.16388770 0.71228569
v 0.00378803 -0.16339104 0.70990064
v 0.03785177 -0.15944241 0.71228569
v 0.03772964 -0.15895924 0.70990064
v 0.07022863 -0.14801589 0.71228569
v 0.07022863 -0.14801589 0.71228569
v 0.07000812 -0.14756742 0.70990064
v 0.09952227 -0.13010754 0.71228569
v 0.09921276 -0.12971349 0.70990064
v 0.12445239 -0.10650003 0.71228569
v 0.12406715 -0.10617770 0.70990064
v 0.14392947 -0.07822513 0.71228569
v 0.14348504 -0.07798872 0.70990064
v 0.15710225 -0.04651859 0.71228569
v 0.15661782 -0.04637852 0.70990064
v 0.16339503 -0.01276614 0.71228569
v 0.16289145 -0.01272862 0.70990064
v 0.16253273 0.02155706 0.71228569
v 0.16203178 0.02149031 0.70990064
v 0.15455312 0.05495095 0.71228569
v 0.15407641 0.05478274 0.70990064
v 0.13980486 0.08595605 0.71228569
v 0.13937297 0.08569362 0.70990064
v -0.13939899 -0.08764853 0.71228569
v -0.13898210 -0.08738491 0.70990064
v -0.15525701 -0.05434178 0.70990064
v -0.15572243 -0.05450597 0.71228569
v -0.00031782 0.00029350 0.55593587
v -0.04736385 -0.04895700 0.33347204
v -0.04736385 -0.04895700 0.33347204
v -0.02984206 -0.06108443 0.33347204
v -0.02984206 -0.06108443 0.33347204
v -0.00943016 -0.06720371 0.33347204
v -0.00943016 -0.06720371 0.33347204
v 0.01187366 -0.06671592 0.33347209
v 0.01187366 -0.06671592 0.33347209
v 0.03198395 -0.05966884 0.33347209
v 0.03198395 -0.05966884 0.33347209
v 0.04893231 -0.04675222 0.33347209
v 0.04893231 -0.04675222 0.33347209
v 0.06105976 -0.02923037 0.33347209
v 0.06105976 -0.02923037 0.33347209
v 0.06717915 -0.00881850 0.33347209
v 0.06717915 -0.00881850 0.33347209
v 0.06669144 0.01248536 0.33347209
v 0.06669144 0.01248536 0.33347209
v 0.05964427 0.03259572 0.33347209
v 0.05964427 0.03259572 0.33347209
v 0.04672750 0.04954406 0.33347209
v 0.04672750 0.04954406 0.33347209
v 0.02920567 0.06167151 0.33347209
v 0.02920567 0.06167151 0.33347209
v 0.00879391 0.06779088 0.33347209
v 0.00879391 0.06779088 0.33347209
v -0.01250989 0.06730309 0.33347209
v -0.01250989 0.06730309 0.33347209
v -0.03262032 0.06025589 0.33347209
v -0.03262032 0.06025589 0.33347209
v -0.04956872 0.04733922 0.33347209
v -0.04956872 0.04733922 0.33347209
v -0.06169613 0.02981737 0.33347209
v -0.06169613 0.02981737 0.33347209
v -0.06781546 0.00940551 0.33347209
v -0.06781546 0.00940551 0.33347209
v -0.06732761 -0.01189826 0.33347204
v -0.06732761 -0.01189826 0.33347204
v -0.06732761 -0.01189826 0.33347204
v -0.06732761 -0.01189826 0.33347204
v -0.06028044 -0.03200861 0.33347204
v -0.06028044 -0.03200861 0.33347204
v -0.05523566 -0.05719776 0.33071865
v -0.03478202 -0.07135438 0.33071865
v -0.01095483 -0.07849765 0.33071865
v 0.01391367 -0.07792822 0.33071870
v 0.03738898 -0.06970193 0.33071870
v 0.05717321 -0.05462404 0.33071870
v 0.07132987 -0.03417036 0.33071870
v 0.07847315 -0.01034311 0.33071874
v 0.07790380 0.01452537 0.33071874
v 0.06967750 0.03800068 0.33071874
v 0.05459947 0.05778492 0.33071874
v 0.03414575 0.07194155 0.33071874
v 0.01031849 0.07908477 0.33071874
v -0.01454989 0.07851540 0.33071870
v -0.03802523 0.07028907 0.33071870
v -0.05780956 0.05521109 0.33071870
v -0.07196610 0.03475747 0.33071870
v -0.07910931 0.01093022 0.33071870
v -0.07853993 -0.01393825 0.33071865
v -0.07853993 -0.01393825 0.33071865
v -0.07031363 -0.03741356 0.33071865
v -0.02581040 -0.02639345 0.36811765
v -0.02581040 -0.02639345 0.36811765
v -0.01631596 -0.03296484 0.36811767
v -0.01631596 -0.03296484 0.36811767
v -0.00525557 -0.03628070 0.36811767
v -0.00525557 -0.03628070 0.36811767
v 0.00628818 -0.03601639 0.36811767
v 0.00628818 -0.03601639 0.36811767
v 0.01718525 -0.03219779 0.36811769
v 0.01718525 -0.03219779 0.36811769
v 0.02636894 -0.02519875 0.36811769
v 0.02636894 -0.02519875 0.36811769
v 0.03294037 -0.01570431 0.36811769
v 0.03294037 -0.01570431 0.36811769
v 0.03625619 -0.00464389 0.36811769
v 0.03625619 -0.00464389 0.36811769
v 0.03599187 0.00689984 0.36811771
v 0.03599187 0.00689984 0.36811771
v 0.03217325 0.01779688 0.36811771
v 0.03217325 0.01779688 0.36811771
v 0.02517419 0.02698061 0.36811771
v 0.02517419 0.02698061 0.36811771
v 0.01567977 0.03355203 0.36811771
v 0.01567977 0.03355203 0.36811771
v 0.00461933 0.03686785 0.36811774
v 0.00461933 0.03686785 0.36811774
v -0.00692441 0.03660353 0.36811774
v -0.00692441 0.03660353 0.36811774
v -0.01782145 0.03278496 0.36811774
v -0.01782145 0.03278496 0.36811774
v -0.02700515 0.02578589 0.36811774
v -0.02700515 0.02578589 0.36811774
v -0.03357655 0.01629145 0.36811771
v -0.03357655 0.01629145 0.36811771
v -0.03689239 0.00523102 0.36811769
v -0.03689239 0.00523102 0.36811769
v -0.03662806 -0.00631272 0.36811771
v -0.03662806 -0.00631272 0.36811771
v -0.03662806 -0.00631272 0.36811771
v -0.03280949 -0.01720979 0.36811771
v -0.03280949 -0.01720979 0.36811771
v -0.03025900 -0.02463076 0.36810980
v -0.03025900 -0.02463076 0.36810980
v -0.04678097 -0.03728064 0.39085712
v -0.05033712 -0.04000337 0.41532037
v -0.04666339 -0.03719062 0.44000994
v -0.03038616 -0.02472812 0.46228624
v -0.03038616 -0.02472812 0.46228624
v -0.02143399 -0.03302322 0.36810980
v -0.02143399 -0.03302322 0.36810980
v -0.03323829 -0.05015951 0.39085712
v -0.03577904 -0.05384792 0.41532037
v -0.03315431 -0.05003756 0.44000994
v -0.02152484 -0.03315510 0.46228629
v -0.02152484 -0.03315510 0.46228629
v -0.01044747 -0.03827783 0.36810980
v -0.01044747 -0.03827783 0.36810980
v -0.01637858 -0.05822308 0.39085712
v -0.01765525 -0.06251617 0.41532037
v -0.01633653 -0.05808125 0.44000994
v -0.01049318 -0.03843137 0.46228629
v -0.01049318 -0.03843137 0.46228629
v 0.00162506 -0.03988028 0.36810980
v 0.00162506 -0.03988028 0.36810980
v 0.00214766 -0.06068217 0.39085712
v 0.00226004 -0.06515968 0.41532037
v 0.00214378 -0.06053423 0.44000994
v 0.00162896 -0.04004046 0.46228629
v 0.00162896 -0.04004046 0.46228629
v 0.01360185 -0.03767372 0.36810980
v 0.01360185 -0.03767372 0.36810980
v 0.02052699 -0.05729601 0.39085712
v 0.02201755 -0.06151955 0.41532037
v 0.02047766 -0.05715638 0.44000994
v 0.01365510 -0.03782476 0.46228633
v 0.01365510 -0.03782476 0.46228633
v 0.02431065 -0.03187404 0.36810983
v 0.02431065 -0.03187404 0.36810983
v 0.03696049 -0.04839594 0.39085716
v 0.03968325 -0.05195214 0.41532042
v 0.03687045 -0.04827834 0.44000998
v 0.02440800 -0.03200119 0.46228633
v 0.02440800 -0.03200119 0.46228633
v 0.03270309 -0.02304905 0.36810985
v 0.03270309 -0.02304905 0.36810985
v 0.04983931 -0.03485332 0.39085716
v 0.05352774 -0.03739410 0.41532042
v 0.04971735 -0.03476932 0.44000998
v 0.03283496 -0.02313990 0.46228629
v 0.03283496 -0.02313990 0.46228629
v 0.03795774 -0.01206253 0.36810985
v 0.03795774 -0.01206253 0.36810985
v 0.05790298 -0.01799369 0.39085716
v 0.06219600 -0.01927032 0.41532042
v 0.05776100 -0.01795148 0.44000998
v 0.03811121 -0.01210820 0.46228633
v 0.03811121 -0.01210820 0.46228633
v 0.03956020 0.00001003 0.36810985
v 0.03956020 0.00001003 0.36810985
v 0.06036205 0.00053260 0.39085716
v 0.06483949 0.00064507 0.41532042
v 0.06021397 0.00052885 0.44000998
v 0.03972026 0.00001402 0.46228633
v 0.03972026 0.00001402 0.46228633
v 0.03735357 0.01198687 0.36810985
v 0.03735357 0.01198687 0.36810985
v 0.05697580 0.01891198 0.39085716
v 0.06119937 0.02040259 0.41532042
v 0.05683611 0.01886267 0.44000998
v 0.03750456 0.01204016 0.46228633
v 0.03750456 0.01204016 0.46228633
v 0.03155390 0.02269566 0.36810985
v 0.03155390 0.02269566 0.36810985
v 0.04807576 0.03534545 0.39085716
v 0.05163199 0.03806824 0.41532042
v 0.04795814 0.03525539 0.44000998
v 0.03168104 0.02279300 0.46228633
v 0.03168104 0.02279300 0.46228633
v 0.02272890 0.03108812 0.36810985
v 0.02272890 0.03108812 0.36810985
v 0.03453311 0.04822435 0.39085716
v 0.03707390 0.05191280 0.41532042
v 0.03444906 0.04810236 0.44000998
v 0.02281972 0.03121999 0.46228633
v 0.02281972 0.03121999 0.46228633
v 0.01174243 0.03634277 0.36810985
v 0.01174243 0.03634277 0.36810985
v 0.01767351 0.05628801 0.39085716
v 0.01895014 0.06058106 0.41532042
v 0.01763126 0.05614603 0.44000998
v 0.01178803 0.03649623 0.46228629
v 0.01178803 0.03649623 0.46228629
v -0.00033015 0.03794519 0.36810985
v -0.00033015 0.03794519 0.36810985
v -0.00085277 0.05874707 0.39085716
v -0.00096528 0.06322447 0.41532042
v -0.00084907 0.05859900 0.44000998
v -0.00033420 0.03810525 0.46228629
v -0.00033420 0.03810525 0.46228629
v -0.01230702 0.03573856 0.36810985
v -0.01230702 0.03573856 0.36810985
v -0.01923221 0.05536083 0.39085716
v -0.02072280 0.05958434 0.41532042
v -0.01918292 0.05522116 0.44000998
v -0.01236032 0.03588956 0.46228629
v -0.01236032 0.03588956 0.46228629
v -0.02301579 0.02993891 0.36810983
v -0.02301579 0.02993891 0.36810983
v -0.02301579 0.02993891 0.36810983
v -0.03566561 0.04646083 0.39085716
v -0.03566561 0.04646083 0.39085716
v -0.03838839 0.05001703 0.41532037
v -0.03838839 0.05001703 0.41532037
v -0.03557558 0.04634324 0.44000998
v -0.03557558 0.04634324 0.44000998
v -0.02311314 0.03006606 0.46228629
v -0.02311314 0.03006606 0.46228629
v -0.02311314 0.03006606 0.46228629
v -0.03140827 0.02111388 0.36810983
v -0.03140827 0.02111388 0.36810983
v -0.04854457 0.03291812 0.39085712
v -0.05223300 0.03545890 0.41532037
v -0.04842261 0.03283410 0.44000994
v -0.03154019 0.02120470 0.46228629
v -0.03154019 0.02120470 0.46228629
v -0.03666284 0.01012744 0.36810983
v -0.03666284 0.01012744 0.36810983
v -0.05660823 0.01605847 0.39085712
v -0.06090126 0.01733510 0.41532037
v -0.05646630 0.01601624 0.44000994
v -0.03681645 0.01017299 0.46228629
v -0.03681645 0.01017299 0.46228629
v -0.03826525 -0.00194509 0.36810980
v -0.03826525 -0.00194509 0.36810980
v -0.05906727 -0.00246778 0.39085712
v -0.06354465 -0.00258022 0.41532037
v -0.05891922 -0.00246408 0.44000994
v -0.03842541 -0.00194917 0.46228629
v -0.03842541 -0.00194917 0.46228629
v -0.03605866 -0.01392197 0.36810980
v -0.03605866 -0.01392197 0.36810980
v -0.05568102 -0.02084718 0.39085712
v -0.05990449 -0.02233772 0.41532037
v -0.05554137 -0.02079790 0.44000994
v -0.03620968 -0.01397527 0.46228624
v -0.03620968 -0.01397527 0.46228624
v -0.03498179 -0.07176970 0.15480877
v -0.03498179 -0.07176970 0.15480877
v -0.05555401 -0.05753102 0.15480877
v -0.05555401 -0.05753102 0.15480877
v -0.01101648 -0.07895440 0.15480877
v -0.01101648 -0.07895440 0.15480877
v 0.01399615 -0.07838166 0.15480877
v 0.01399615 -0.07838166 0.15480877
v 0.03760757 -0.07010768 0.15480877
v 0.03760757 -0.07010768 0.15480877
v 0.05750650 -0.05494238 0.15480877
v 0.05750650 -0.05494238 0.15480877
v 0.07174523 -0.03437013 0.15480877
v 0.07174523 -0.03437013 0.15480877
v 0.07892991 -0.01040474 0.15480882
v 0.07892991 -0.01040474 0.15480882
v 0.07835724 0.01460787 0.15480882
v 0.07835724 0.01460787 0.15480882
v 0.07008325 0.03821928 0.15480882
v 0.07008325 0.03821928 0.15480882
v 0.05491783 0.05811823 0.15480882
v 0.05491783 0.05811823 0.15480882
v 0.03434559 0.07235692 0.15480882
v 0.03434559 0.07235692 0.15480882
v 0.01038028 0.07954162 0.15480877
v 0.01038028 0.07954162 0.15480877
v -0.01463236 0.07896889 0.15480877
v -0.01463236 0.07896889 0.15480877
v -0.03824377 0.07069488 0.15480877
v -0.03824377 0.07069488 0.15480877
v -0.05814274 0.05552953 0.15480877
v -0.05814274 0.05552953 0.15480877
v -0.07238143 0.03495727 0.15480877
v -0.07238143 0.03495727 0.15480877
v -0.07956605 0.01099189 0.15480877
v -0.07956605 0.01099189 0.15480877
v -0.07899337 -0.01402074 0.15480877
v -0.07899337 -0.01402074 0.15480877
v -0.07899337 -0.01402074 0.15480877
v -0.07071939 -0.03763214 0.15480877
v -0.07071939 -0.03763214 0.15480877
v -0.04419315 -0.04563769 0.36411059
v -0.02785225 -0.05694777 0.36411059
v -0.00881604 -0.06265464 0.36411059
v 0.01105197 -0.06219973 0.36411059
v 0.02980691 -0.05562761 0.36411059
v 0.04561300 -0.04358151 0.36411064
v 0.05692309 -0.02724057 0.36411064
v 0.06263004 -0.00820439 0.36411064
v 0.06217523 0.01166367 0.36411064
v 0.05560302 0.03041865 0.36411068
v 0.04355679 0.04622474 0.36411064
v 0.02721588 0.05753485 0.36411064
v 0.00817979 0.06324180 0.36411064
v -0.01168822 0.06278688 0.36411064
v -0.03044326 0.05621463 0.36411064
v -0.04624940 0.04416850 0.36411059
v -0.05755947 0.02782756 0.36411059
v -0.06326638 0.00879138 0.36411059
v -0.06281141 -0.01107658 0.36411059
v -0.06281141 -0.01107658 0.36411059
v -0.05623919 -0.02983155 0.36411059
v -0.03767284 -0.03881183 0.36811769
v -0.02376034 -0.04844113 0.36811769
v -0.00755319 -0.05329997 0.36811769
v 0.00936224 -0.05291266 0.36811771
v 0.02533011 -0.04731715 0.36811774
v 0.03878726 -0.03706122 0.36811774
v 0.04841658 -0.02314870 0.36811774
v 0.05327536 -0.00694152 0.36811774
v 0.05288815 0.00997397 0.36811774
v 0.04729264 0.02594180 0.36811774
v 0.03703661 0.03939897 0.36811774
v 0.02312409 0.04902827 0.36811774
v 0.00691686 0.05388706 0.36811774
v -0.00999857 0.05349974 0.36811774
v -0.02596637 0.04790425 0.36811774
v -0.03942358 0.03764828 0.36811774
v -0.04905284 0.02373578 0.36811771
v -0.05391165 0.00752855 0.36811769
v -0.05352432 -0.00938687 0.36811769
v -0.05352432 -0.00938687 0.36811769
v -0.04792881 -0.02535469 0.36811769
v -0.05720363 -0.05925794 0.19864264
v -0.03601701 -0.07392186 0.19864264
v -0.01133599 -0.08132113 0.19864264
v 0.01442366 -0.08073130 0.19864264
v 0.03874023 -0.07221020 0.19864264
v 0.05923343 -0.05659198 0.19864268
v 0.07389740 -0.03540535 0.19864268
v 0.08129665 -0.01072425 0.19864268
v 0.08070689 0.01503537 0.19864268
v 0.07218579 0.03935194 0.19864268
v 0.05656744 0.05984514 0.19864268
v 0.03538082 0.07450909 0.19864268
v 0.01069977 0.08190835 0.19864268
v -0.01505986 0.08131850 0.19864268
v -0.03937646 0.07279738 0.19864268
v -0.05986975 0.05717907 0.19864268
v -0.07453360 0.03599250 0.19864264
v -0.08193278 0.01131140 0.19864264
v -0.08134301 -0.01444824 0.19864264
v -0.08134301 -0.01444824 0.19864264
v -0.07282192 -0.03876479 0.19864264
v -0.03965416 -0.03182407 0.37412910
v -0.02814648 -0.04276771 0.37412910
v -0.01382019 -0.04961964 0.37412910
v 0.00192222 -0.05170920 0.37412913
v 0.01753979 -0.04883188 0.37412913
v 0.03150393 -0.04126916 0.37412915
v 0.04244754 -0.02976150 0.37412915
v 0.04929956 -0.01543524 0.37412915
v 0.05138913 0.00030720 0.37412915
v 0.04851173 0.01592485 0.37412915
v 0.04094902 0.02988894 0.37412915
v 0.02944137 0.04083261 0.37412915
v 0.01511514 0.04768457 0.37412915
v -0.00062731 0.04977411 0.37412915
v -0.01624500 0.04689669 0.37412915
v -0.03020907 0.03933404 0.37412915
v -0.03020907 0.03933404 0.37412915
v -0.04115277 0.02782632 0.37412915
v -0.04800467 0.01350013 0.37412913
v -0.05009422 -0.00224230 0.37412913
v -0.04721685 -0.01785997 0.37412910
v -0.03906141 -0.03137024 0.45765240
v -0.02772298 -0.04215290 0.45765240
v -0.01360749 -0.04890409 0.45765240
v 0.00190334 -0.05096295 0.45765240
v 0.01729129 -0.04812787 0.45765245
v 0.03105007 -0.04067637 0.45765245
v 0.04183270 -0.02933799 0.45765245
v 0.04858387 -0.01522249 0.45765249
v 0.05064267 0.00028837 0.45765249
v 0.04780759 0.01567630 0.45765249
v 0.04035615 0.02943501 0.45765249
v 0.02901772 0.04021769 0.45765249
v 0.01490223 0.04696887 0.45765249
v -0.00060863 0.04902771 0.45765245
v -0.01599654 0.04619265 0.45765245
v -0.02975520 0.03874124 0.45765245
v -0.02975520 0.03874124 0.45765245
v -0.04053797 0.02740277 0.45765245
v -0.04728916 0.01328725 0.45765240
v -0.04934793 -0.00222360 0.45765240
v -0.04651283 -0.01761151 0.45765240
v -0.03715714 -0.02991225 0.36932376
v -0.02636246 -0.04017783 0.36932376
v -0.01292379 -0.04660521 0.36932376
v 0.00184324 -0.04856530 0.36932378
v 0.01649314 -0.04586627 0.36932380
v 0.02959209 -0.03877211 0.36932380
v 0.03985766 -0.02797745 0.36932380
v 0.04628512 -0.01453883 0.36932380
v 0.04824521 0.00022821 0.36932380
v 0.04554605 0.01487817 0.36932380
v 0.03845193 0.02797706 0.36932380
v 0.02765727 0.03824267 0.36932380
v 0.01421872 0.04467013 0.36932380
v -0.00054832 0.04663022 0.36932380
v -0.01519836 0.04393108 0.36932380
v -0.02829723 0.03683700 0.36932380
v -0.02829723 0.03683700 0.36932380
v -0.03856288 0.02604228 0.36932380
v -0.04499021 0.01260375 0.36932378
v -0.04695028 -0.00216329 0.36932376
v -0.04425123 -0.01681334 0.36932376
v -0.03545648 -0.07275797 0.31814923
v -0.03545648 -0.07275797 0.32538320
v -0.01116226 -0.08004128 0.31814923
v -0.01116226 -0.08004128 0.32538325
v 0.01419370 -0.07946067 0.31814923
v 0.01419370 -0.07946067 0.32538325
v 0.03812918 -0.07107312 0.31814923
v 0.03812918 -0.07107312 0.32538325
v 0.05830121 -0.05569969 0.31814923
v 0.05830121 -0.05569969 0.32538325
v 0.07273538 -0.03484507 0.31814927
v 0.07273538 -0.03484508 0.32538325
v 0.08001865 -0.01055078 0.31814927
v 0.08001865 -0.01055078 0.32538325
v 0.07943815 0.01480514 0.31814927
v 0.07943815 0.01480514 0.32538329
v 0.07105060 0.03874062 0.31814927
v 0.07105060 0.03874062 0.32538329
v 0.05567701 0.05891267 0.31814927
v 0.05567701 0.05891267 0.32538329
v 0.03482239 0.07334678 0.31814927
v 0.03482238 0.07334678 0.32538329
v 0.01052806 0.08063002 0.31814927
v 0.01052804 0.08062999 0.32538329
v -0.01482779 0.08004947 0.31814927
v -0.01482780 0.08004947 0.32538325
v -0.03876328 0.07166191 0.31814927
v -0.03876328 0.07166191 0.32538325
v -0.05893542 0.05628836 0.31814927
v -0.05893542 0.05628837 0.32538325
v -0.07336944 0.03543383 0.31814923
v -0.07336944 0.03543383 0.32538325
v -0.08065267 0.01113954 0.31814923
v -0.08065267 0.01113953 0.32538325
v -0.08007214 -0.01421640 0.31814923
v -0.08007214 -0.01421640 0.31814923
v -0.08007214 -0.01421640 0.32538320
v -0.08007214 -0.01421640 0.32538320
v -0.07168459 -0.03815188 0.31814923
v -0.07168459 -0.03815187 0.32538320
v -0.05631105 -0.05832385 0.32538320
v -0.05631106 -0.05832385 0.31814923
v -0.03321437 -0.06810237 0.32006403
v -0.03321437 -0.06810237 0.32006403
v -0.03321437 -0.06810237 0.32315077
v -0.03321437 -0.06810237 0.32315077
v -0.01046733 -0.07492183 0.32006403
v -0.01046733 -0.07492183 0.32006403
v -0.01046733 -0.07492183 0.32315077
v -0.01046733 -0.07492183 0.32315077
v 0.01327383 -0.07437822 0.32006403
v 0.01327383 -0.07437822 0.32006403
v 0.01327383 -0.07437822 0.32315082
v 0.01327383 -0.07437822 0.32315082
v 0.03568497 -0.06652482 0.32006403
v 0.03568497 -0.06652482 0.32006403
v 0.03568497 -0.06652482 0.32315082
v 0.03568497 -0.06652482 0.32315082
v 0.05457235 -0.05213046 0.32006403
v 0.05457235 -0.05213046 0.32006403
v 0.05457235 -0.05213046 0.32315082
v 0.05457235 -0.05213046 0.32315082
v 0.06808726 -0.03260397 0.32006407
v 0.06808726 -0.03260397 0.32006407
v 0.06808727 -0.03260398 0.32315086
v 0.06808727 -0.03260398 0.32315086
v 0.07490671 -0.00985686 0.32006407
v 0.07490671 -0.00985686 0.32006407
v 0.07490670 -0.00985686 0.32315086
v 0.07490670 -0.00985686 0.32315086
v 0.07436316 0.01388426 0.32006407
v 0.07436316 0.01388426 0.32006407
v 0.07436317 0.01388427 0.32315086
v 0.07436317 0.01388427 0.32315086
v 0.06650978 0.03629540 0.32006407
v 0.06650978 0.03629540 0.32006407
v 0.06650978 0.03629540 0.32315086
v 0.06650978 0.03629540 0.32315086
v 0.05211527 0.05518279 0.32006407
v 0.05211527 0.05518279 0.32006407
v 0.05211527 0.05518279 0.32315086
v 0.05211527 0.05518279 0.32315086
v 0.03258877 0.06869766 0.32006407
v 0.03258877 0.06869766 0.32006407
v 0.03258876 0.06869766 0.32315086
v 0.03258876 0.06869766 0.32315086
v 0.00984163 0.07551705 0.32006407
v 0.00984163 0.07551705 0.32006407
v 0.00984162 0.07551705 0.32315086
v 0.00984162 0.07551705 0.32315086
v -0.01389942 0.07497350 0.32006407
v -0.01389942 0.07497350 0.32006407
v -0.01389942 0.07497350 0.32315082
v -0.01389942 0.07497350 0.32315082
v -0.03631057 0.06712009 0.32006407
v -0.03631057 0.06712009 0.32006407
v -0.03631057 0.06712009 0.32315082
v -0.03631057 0.06712009 0.32315082
v -0.05519805 0.05272560 0.32006407
v -0.05519805 0.05272560 0.32006407
v -0.05519805 0.05272560 0.32315082
v -0.05519805 0.05272560 0.32315082
v -0.06871283 0.03319920 0.32006403
v -0.06871283 0.03319920 0.32006403
v -0.06871283 0.03319920 0.32315082
v -0.06871283 0.03319920 0.32315082
v -0.07553221 0.01045210 0.32006403
v -0.07553221 0.01045210 0.32006403
v -0.07553221 0.01045210 0.32315077
v -0.07553221 0.01045210 0.32315077
v -0.07498867 -0.01328904 0.32006403
v -0.07498867 -0.01328904 0.32006403
v -0.07498867 -0.01328904 0.32006403
v -0.07498867 -0.01328904 0.32006403
v -0.07498867 -0.01328904 0.32315077
v -0.07498867 -0.01328904 0.32315077
v -0.07498867 -0.01328904 0.32315077
v -0.07498867 -0.01328904 0.32315077
v -0.06713528 -0.03570017 0.32006403
v -0.06713528 -0.03570017 0.32006403
v -0.06713528 -0.03570018 0.32315077
v -0.06713528 -0.03570018 0.32315077
v -0.05274082 -0.05458751 0.32315077
v -0.05274082 -0.05458751 0.32315077
v -0.05274082 -0.05458750 0.32006403
v -0.05274082 -0.05458750 0.32006403
v 0.02770016 0.05854095 0.33920576
v 0.02770016 0.05854095 0.34806562
v 0.04432816 0.04703212 0.34806562
v 0.04432816 0.04703213 0.33920576
v 0.03033669 -0.05660973 0.33920571
v 0.03033669 -0.05660973 0.34806562
v 0.01125227 -0.06329731 0.34806562
v 0.01125226 -0.06329732 0.33920571
v -0.05722120 -0.03036045 0.33920567
v -0.05722119 -0.03036045 0.34806557
v -0.06390887 -0.01127595 0.34806557
v -0.06390887 -0.01127595 0.34806557
v -0.06390888 -0.01127595 0.33920571
v -0.06390888 -0.01127595 0.33920571
v 0.00832963 0.06434819 0.33920576
v 0.00832963 0.06434819 0.34806562
v 0.04642050 -0.04435200 0.33920571
v 0.04642050 -0.04435200 0.34806562
v -0.04496353 -0.04644431 0.33920567
v -0.04496352 -0.04644431 0.34806557
v -0.01188746 0.06388528 0.33920576
v -0.01188746 0.06388527 0.34806562
v 0.05792930 -0.02772396 0.33920576
v 0.05792932 -0.02772396 0.34806562
v -0.03097205 0.05719755 0.33920571
v -0.03097205 0.05719755 0.34806562
v 0.06373655 -0.00835330 0.33920576
v 0.06373654 -0.00835330 0.34806562
v -0.04705589 0.04493977 0.33920571
v -0.04705588 0.04493976 0.34806562
v 0.06327374 0.01186383 0.33920576
v 0.06327374 0.01186383 0.34806562
v -0.02833553 -0.05795311 0.33920571
v -0.02833553 -0.05795311 0.34806557
v -0.05856469 0.02831171 0.33920571
v -0.05856468 0.02831172 0.34806562
v 0.05658604 0.03094834 0.33920576
v 0.05658604 0.03094834 0.34806562
v -0.00896483 -0.06376023 0.33920571
v -0.00896483 -0.06376023 0.34806562
v -0.06437186 0.00894107 0.33920571
v -0.06437185 0.00894106 0.34806562
v 0.02661813 0.05628879 0.34124424
v 0.02661813 0.05628879 0.34124424
v 0.02661813 0.05628879 0.34344931
v 0.02661813 0.05628879 0.34344931
v 0.04260275 0.04522526 0.34344931
v 0.04260275 0.04522526 0.34344931
v 0.04260275 0.04522526 0.34124424
v 0.04260275 0.04522526 0.34124424
v 0.02915264 -0.05440641 0.34124419
v 0.02915264 -0.05440641 0.34124419
v 0.02915264 -0.05440639 0.34344926
v 0.02915264 -0.05440639 0.34344926
v 0.01080665 -0.06083522 0.34344926
v 0.01080665 -0.06083522 0.34344926
v 0.01080665 -0.06083522 0.34124419
v 0.01080665 -0.06083522 0.34124419
v -0.05501737 -0.02917277 0.34124419
v -0.05501737 -0.02917277 0.34124419
v -0.05501737 -0.02917277 0.34344926
v -0.05501737 -0.02917277 0.34344926
v -0.06144630 -0.01082671 0.34344926
v -0.06144630 -0.01082671 0.34344926
v -0.06144630 -0.01082671 0.34344926
v -0.06144630 -0.01082671 0.34124419
v -0.06144630 -0.01082671 0.34124419
v -0.06144630 -0.01082671 0.34124419
v 0.00799710 0.06187132 0.34124424
v 0.00799710 0.06187132 0.34124424
v 0.00799710 0.06187132 0.34344931
v 0.00799710 0.06187132 0.34344931
v 0.04461413 -0.04262296 0.34124424
v 0.04461413 -0.04262296 0.34124424
v 0.04461413 -0.04262295 0.34344931
v 0.04461413 -0.04262295 0.34344931
v -0.04323398 -0.04463430 0.34124419
v -0.04323398 -0.04463430 0.34124419
v -0.04323398 -0.04463430 0.34344926
v -0.04323398 -0.04463430 0.34344926
v -0.01143774 0.06142631 0.34124424
v -0.01143774 0.06142631 0.34124424
v -0.01143774 0.06142631 0.34344931
v -0.01143774 0.06142631 0.34344931
v 0.05567763 -0.02663830 0.34124424
v 0.05567763 -0.02663830 0.34124424
v 0.05567762 -0.02663830 0.34344931
v 0.05567762 -0.02663830 0.34344931
v -0.02978389 0.05499736 0.34124424
v -0.02978389 0.05499736 0.34124424
v -0.02978389 0.05499736 0.34344931
v -0.02978389 0.05499736 0.34344931
v 0.06126017 -0.00801715 0.34124424
v 0.06126017 -0.00801715 0.34124424
v 0.06126016 -0.00801714 0.34344931
v 0.06126016 -0.00801714 0.34344931
v -0.04524539 0.04321386 0.34124424
v -0.04524539 0.04321386 0.34124424
v -0.04524539 0.04321387 0.34344926
v -0.04524539 0.04321387 0.34344926
v 0.06081527 0.01141773 0.34124424
v 0.06081527 0.01141773 0.34124424
v 0.06081526 0.01141773 0.34344931
v 0.06081526 0.01141773 0.34344931
v -0.02724938 -0.05569781 0.34124419
v -0.02724938 -0.05569781 0.34124419
v -0.02724938 -0.05569781 0.34344926
v -0.02724938 -0.05569781 0.34344926
v -0.05630888 0.02722919 0.34124419
v -0.05630888 0.02722919 0.34124419
v -0.05630888 0.02722919 0.34344926
v -0.05630888 0.02722919 0.34344926
v 0.05438635 0.02976380 0.34124424
v 0.05438635 0.02976380 0.34124424
v 0.05438634 0.02976380 0.34344931
v 0.05438634 0.02976380 0.34344931
v -0.00862819 -0.06128022 0.34124419
v -0.00862819 -0.06128022 0.34124419
v -0.00862819 -0.06128022 0.34344926
v -0.00862819 -0.06128022 0.34344926
v -0.06189136 0.00860806 0.34124419
v -0.06189136 0.00860806 0.34124419
v -0.06189136 0.00860805 0.34344926
v -0.06189136 0.00860805 0.34344926
v -0.05720361 -0.05925794 0.29229970
v -0.03601701 -0.07392187 0.29229970
v -0.01133599 -0.08132113 0.29229970
v 0.01442366 -0.08073130 0.29229970
v 0.03874023 -0.07221020 0.29229970
v 0.05923343 -0.05659199 0.29229970
v 0.07389741 -0.03540535 0.29229975
v 0.08129665 -0.01072426 0.29229975
v 0.08070689 0.01503537 0.29229975
v 0.07218580 0.03935193 0.29229975
v 0.05656744 0.05984514 0.29229975
v 0.03538079 0.07450908 0.29229975
v 0.01069969 0.08190828 0.29229975
v -0.01505988 0.08131849 0.29229975
v -0.03937646 0.07279738 0.29229975
v -0.05986976 0.05717905 0.29229975
v -0.07453360 0.03599249 0.29229970
v -0.08193278 0.01131140 0.29229970
v -0.08134301 -0.01444824 0.29229970
v -0.08134301 -0.01444824 0.29229970
v -0.07282192 -0.03876480 0.29229970
v -0.05699744 -0.05904208 0.16855650
v -0.03579257 -0.07345544 0.32806560
v -0.01126663 -0.08080821 0.32806560
v 0.01433117 -0.08022208 0.32806560
v 0.03849495 -0.07175454 0.32806560
v 0.05885937 -0.05623446 0.32806560
v 0.07343121 -0.03518095 0.32806565
v 0.08078396 -0.01065494 0.32806565
v 0.08019791 0.01494284 0.32806565
v 0.07173036 0.03910661 0.32806565
v 0.05621015 0.05947106 0.32806565
v 0.03515660 0.07404284 0.32806565
v 0.01063054 0.08139552 0.32806565
v -0.01496713 0.08080946 0.32806565
v -0.03913091 0.07234190 0.32806565
v -0.05949544 0.05682171 0.32806565
v -0.07406714 0.03576828 0.32806560
v -0.08141983 0.01124227 0.32806560
v -0.08083377 -0.01435552 0.32806560
v -0.08083377 -0.01435552 0.32806560
v -0.07236621 -0.03851928 0.32806560
v -0.03231204 -0.06621940 0.33205593
v -0.05129977 -0.05307738 0.33205593
v -0.01019249 -0.07285069 0.33205593
v 0.01289366 -0.07232207 0.33205593
v 0.03468647 -0.06468538 0.33205593
v 0.05305277 -0.05068813 0.33205593
v 0.06619482 -0.03170037 0.33205598
v 0.07282614 -0.00958080 0.33205598
v 0.07229763 0.01350536 0.33205598
v 0.06466089 0.03529820 0.33205598
v 0.05066348 0.05366449 0.33205598
v 0.03167572 0.06680653 0.33205598
v 0.00955619 0.07343782 0.33205598
v -0.01352989 0.07290925 0.33205598
v -0.03532278 0.06527248 0.33205598
v -0.05368914 0.05127515 0.33205593
v -0.06683113 0.03228743 0.33205593
v -0.07346239 0.01016786 0.33205593
v -0.07293378 -0.01291825 0.33205593
v -0.07293378 -0.01291825 0.33205593
v -0.06529704 -0.03471108 0.33205593
v 0.02784251 0.05883747 0.35609432
v 0.04495159 0.04768490 0.33633270
v 0.03049248 -0.05690010 0.35609432
v 0.01141349 -0.06418629 0.33633270
v -0.05751166 -0.03051703 0.35609432
v -0.06479796 -0.01143797 0.33633266
v -0.06479796 -0.01143797 0.33633266
v 0.00837325 0.06467431 0.35609432
v 0.04665826 -0.04457989 0.35609432
v -0.04519151 -0.04668286 0.35609432
v -0.01194688 0.06420903 0.35609432
v 0.05822573 -0.02786711 0.35609432
v -0.03112873 0.05748723 0.35609432
v 0.06406255 -0.00839772 0.35609432
v -0.04729454 0.04516696 0.35609432
v 0.06359739 0.01192246 0.35609432
v -0.02847877 -0.05825032 0.35609432
v -0.05886199 0.02845416 0.35609432
v 0.05687562 0.03110422 0.35609437
v -0.00900935 -0.06408704 0.35609432
v -0.06469877 0.00898480 0.35609432
v -0.04304458 -0.03441991 0.38103031
v -0.04939486 -0.03928194 0.40260946
v -0.04938017 -0.03927069 0.42805959
v -0.03619728 -0.02917735 0.46125763
v -0.03056879 -0.04628418 0.38103031
v -0.03510582 -0.05287060 0.40260946
v -0.03509534 -0.05285537 0.42805959
v -0.02567666 -0.03918229 0.46125758
v -0.01503729 -0.05371253 0.38103031
v -0.01731696 -0.06137862 0.40260946
v -0.01731178 -0.06136095 0.42805959
v -0.01257930 -0.04544654 0.46125758
v 0.00202947 -0.05597788 0.38103031
v 0.00223030 -0.06397326 0.40260946
v 0.00222973 -0.06395483 0.42805959
v 0.00181276 -0.04735692 0.46125758
v 0.01896088 -0.05285849 0.38103031
v 0.02162261 -0.06040045 0.40260946
v 0.02161642 -0.06038301 0.42805959
v 0.01609081 -0.04472633 0.46125763
v 0.03409976 -0.04465956 0.38103035
v 0.03896181 -0.05100986 0.40260946
v 0.03895055 -0.05099516 0.42805964
v 0.02885721 -0.03781228 0.46125763
v 0.04596401 -0.03218383 0.38103035
v 0.05255043 -0.03672088 0.40260946
v 0.05253518 -0.03671037 0.42805964
v 0.03886212 -0.02729170 0.46125763
v 0.05339244 -0.01665236 0.38103035
v 0.06105849 -0.01893206 0.40260946
v 0.06104074 -0.01892678 0.42805964
v 0.04512635 -0.01419431 0.46125763
v 0.05565780 0.00041443 0.38103035
v 0.06365312 0.00061527 0.40260946
v 0.06363460 0.00061480 0.42805964
v 0.04703668 0.00019781 0.46125763
v 0.05253831 0.01734591 0.38103035
v 0.06008025 0.02000762 0.40260946
v 0.06006280 0.02000146 0.42805964
v 0.04440608 0.01447585 0.46125763
v 0.04433941 0.03248475 0.38103035
v 0.05068969 0.03734678 0.40260946
v 0.05067500 0.03733552 0.42805964
v 0.03749210 0.02724219 0.46125763
v 0.03186364 0.04434905 0.38103035
v 0.03640066 0.05093548 0.40260946
v 0.03639015 0.05092023 0.42805964
v 0.02697148 0.03724713 0.46125763
v 0.01633222 0.05177746 0.38103035
v 0.01861186 0.05944354 0.40260946
v 0.01860658 0.05942579 0.42805964
v 0.01387410 0.04351137 0.46125763
v -0.00073457 0.05404279 0.38103035
v -0.00093547 0.06203811 0.40260946
v -0.00093500 0.06201960 0.42805964
v -0.00051802 0.04542169 0.46125763
v -0.01766610 0.05092331 0.38103035
v -0.02032784 0.05846525 0.40260946
v -0.02032168 0.05844780 0.42805964
v -0.01479605 0.04279111 0.46125763
v -0.03280490 0.04272445 0.38103035
v -0.03280490 0.04272445 0.38103035
v -0.03766694 0.04907476 0.40260946
v -0.03766694 0.04907476 0.40260946
v -0.03765568 0.04906006 0.42805964
v -0.03765568 0.04906006 0.42805964
v -0.02756234 0.03587716 0.46125763
v -0.02756234 0.03587716 0.46125763
v -0.04466925 0.03024863 0.38103031
v -0.05125569 0.03478567 0.40260946
v -0.05124044 0.03477517 0.42805959
v -0.03756737 0.02535649 0.46125763
v -0.05209762 0.01471719 0.38103031
v -0.05976376 0.01699683 0.40260946
v -0.05974602 0.01699155 0.42805959
v -0.04383162 0.01225908 0.46125763
v -0.05436296 -0.00234958 0.38103031
v -0.06235830 -0.00255044 0.40260946
v -0.06233980 -0.00254998 0.42805959
v -0.04574188 -0.00213299 0.46125763
v -0.05124347 -0.01928107 0.38103031
v -0.05878541 -0.02194278 0.40260946
v -0.05876796 -0.02193662 0.42805959
v -0.04311126 -0.01641100 0.46125763
v -0.05200351 -0.05381410 0.14998549
v -0.03275362 -0.06713750 0.14998549
v -0.01032879 -0.07386037 0.14998549
v 0.01307601 -0.07332447 0.14998549
v 0.03516970 -0.06558234 0.14998549
v 0.05378955 -0.05139185 0.14998549
v 0.06711301 -0.03214198 0.14998549
v 0.07383588 -0.00971705 0.14998549
v 0.07330003 0.01368776 0.14998553
v 0.06555789 0.03578144 0.14998553
v 0.05136731 0.05440130 0.14998553
v 0.03211742 0.06772473 0.14998553
v 0.00969258 0.07444758 0.14998549
v -0.01371221 0.07391169 0.14998549
v -0.03580591 0.06616953 0.14998549
v -0.05442582 0.05197895 0.14998549
v -0.06774928 0.03272908 0.14998549
v -0.07447206 0.01030420 0.14998549
v -0.07393616 -0.01310061 0.14998549
v -0.06619402 -0.03519428 0.14998549
v -0.00031809 0.00029358 0.14929641
v -0.02620854 -0.05353069 0.36761684
v -0.04157397 -0.04289577 0.36761684
v -0.00830877 -0.05889694 0.36761684
v 0.01037320 -0.05846917 0.36761684
v 0.02800861 -0.05228933 0.36761684
v 0.04287114 -0.04096234 0.36761686
v 0.05350609 -0.02559689 0.36761686
v 0.05887231 -0.00769711 0.36761686
v 0.05844467 0.01098493 0.36761688
v 0.05226481 0.02862034 0.36761688
v 0.04093767 0.04348287 0.36761688
v 0.02557223 0.05411780 0.36761686
v 0.00767246 0.05948404 0.36761686
v -0.01100951 0.05905628 0.36761686
v -0.02864493 0.05287641 0.36761686
v -0.04350751 0.04154936 0.36761686
v -0.05414240 0.02618391 0.36761684
v -0.05950864 0.00828411 0.36761684
v -0.05908083 -0.01039783 0.36761684
v -0.05908083 -0.01039783 0.36761684
v -0.05290096 -0.02803322 0.36761684
v -0.00031810 0.00029358 0.36811771
v -0.03588760 -0.07365284 0.16855650
v -0.01129605 -0.08102529 0.16855650
v 0.01437021 -0.08043758 0.16855650
v 0.03859864 -0.07194737 0.16855650
v 0.05901755 -0.05638578 0.16855650
v 0.07362839 -0.03527595 0.16855655
v 0.08100079 -0.01068432 0.16855655
v 0.08041319 0.01498194 0.16855655
v 0.07192298 0.03921036 0.16855655
v 0.05636124 0.05962927 0.16855655
v 0.03525141 0.07424007 0.16855655
v 0.01065985 0.08161251 0.16855655
v -0.01500642 0.08102480 0.16855655
v -0.03923485 0.07253457 0.16855655
v -0.05965383 0.05697291 0.16855650
v -0.07426458 0.03586311 0.16855650
v -0.08163695 0.01127146 0.16855650
v -0.08104931 -0.01439480 0.16855650
v -0.08104931 -0.01439480 0.16855650
v -0.07255911 -0.03862321 0.16855650
v -0.05720364 -0.05925795 0.24716087
v -0.03786461 -0.03045392 0.37068524
v -0.02686791 -0.04091162 0.37068524
v -0.01317777 -0.04745928 0.37068524
v 0.00186561 -0.04945606 0.37068526
v 0.01678969 -0.04670650 0.37068529
v 0.03013377 -0.03947959 0.37068529
v 0.04059144 -0.02848292 0.37068529
v 0.04713919 -0.01479281 0.37068529
v 0.04913597 0.00025060 0.37068529
v 0.04638632 0.01517474 0.37068529
v 0.03915944 0.02851877 0.37068529
v 0.02816277 0.03897648 0.37068529
v 0.01447270 0.04552421 0.37068529
v -0.00057070 0.04752098 0.37068529
v -0.01549490 0.04477132 0.37068529
v -0.02883891 0.03754448 0.37068529
v -0.02883891 0.03754448 0.37068529
v -0.03929667 0.02654775 0.37068526
v -0.04584430 0.01285772 0.37068526
v -0.04784104 -0.00218568 0.37068526
v -0.04509148 -0.01710988 0.37068524
v -0.04269124 -0.03414938 0.45029051
v -0.03031636 -0.04591770 0.45029051
v -0.01491058 -0.05328602 0.45029051
v 0.00201814 -0.05553307 0.45029051
v 0.01881273 -0.05243883 0.45029051
v 0.03382919 -0.04430618 0.45029051
v 0.04559748 -0.03193134 0.45029051
v 0.05296578 -0.01652554 0.45029051
v 0.05521278 0.00040319 0.45029055
v 0.05211854 0.01719772 0.45029055
v 0.04398596 0.03221413 0.45029055
v 0.03161107 0.04398246 0.45029055
v 0.01620529 0.05135080 0.45029055
v -0.00072343 0.05359783 0.45029055
v -0.01751799 0.05050361 0.45029051
v -0.03253433 0.04237106 0.45029051
v -0.03253433 0.04237106 0.45029051
v -0.04430274 0.02999613 0.45029051
v -0.05167107 0.01459028 0.45029051
v -0.05391807 -0.00233843 0.45029051
v -0.05082381 -0.01913296 0.45029051
v -0.03575241 -0.02883673 0.36852718
v -0.02535882 -0.03872088 0.36852718
v -0.01241952 -0.04490945 0.36852718
v 0.00179882 -0.04679671 0.36852718
v 0.01590437 -0.04419796 0.36852718
v 0.02851660 -0.03736741 0.36852718
v 0.03840073 -0.02697385 0.36852718
v 0.04458936 -0.01403458 0.36852723
v 0.04647663 0.00018378 0.36852723
v 0.04387776 0.01428940 0.36852723
v 0.03704724 0.02690158 0.36852723
v 0.02665367 0.03678575 0.36852723
v 0.01371446 0.04297437 0.36852723
v -0.00050390 0.04486162 0.36852723
v -0.01460957 0.04226278 0.36852720
v -0.02722173 0.03543229 0.36852718
v -0.02722173 0.03543229 0.36852718
v -0.03710593 0.02503867 0.36852718
v -0.04329444 0.01209948 0.36852718
v -0.04518169 -0.00211886 0.36852718
v -0.04258291 -0.01622454 0.36852718
v -0.03594695 -0.07377639 0.31337904
v 0.01373376 -0.07691945 0.32405255
v -0.01131428 -0.08116116 0.31337904
v -0.07809244 0.01079581 0.31920200
v 0.01439491 -0.08057247 0.31337904
v 0.03866386 -0.07206807 0.31337904
v 0.05389614 0.05704774 0.32405260
v 0.05911690 -0.05648046 0.31337904
v 0.07375215 -0.03533533 0.31337908
v -0.07809244 0.01079581 0.32405255
v 0.08113690 -0.01070257 0.31337908
v 0.08054831 0.01500660 0.31337908
v 0.03370558 0.07102222 0.31920205
v 0.07204390 0.03927552 0.31337908
v 0.05643678 -0.05391507 0.32405255
v 0.05645614 0.05972858 0.31337908
v 0.03531099 0.07436378 0.31337908
v -0.07753041 -0.01375272 0.31920200
v -0.07753041 -0.01375272 0.31920200
v 0.01067820 0.08174848 0.31337908
v -0.06940993 -0.03692602 0.31920200
v -0.01503087 0.08115985 0.31337908
v -0.03753693 0.06939101 0.31920200
v -0.03929981 0.07265544 0.31337908
v -0.05975297 0.05706771 0.31337908
v 0.01018483 0.07807353 0.32405260
v -0.07438809 0.03592266 0.31337904
v 0.03370557 0.07102222 0.32405260
v -0.08177277 0.01128992 0.31337904
v 0.05643678 -0.05391507 0.31920200
v -0.08118416 -0.01441926 0.31337904
v -0.08118416 -0.01441926 0.31337904
v 0.07041132 -0.03372454 0.31920200
v -0.07267975 -0.03868818 0.31337904
v -0.06940993 -0.03692602 0.32405255
v -0.07753041 -0.01375272 0.32405255
v -0.07753041 -0.01375272 0.32405255
v -0.03753693 0.06939101 0.32405255
v 0.01018484 0.07807354 0.31920205
v -0.05684606 -0.05888367 0.32806560
v -0.01436361 0.07751149 0.31920205
v -0.03279397 -0.06722945 0.32160742
v -0.01033703 -0.07396194 0.32160742
v 0.01310135 -0.07342525 0.32160742
v 0.03522669 -0.06567202 0.32160742
v 0.05387319 -0.05146122 0.32160742
v 0.06721575 -0.03218378 0.32160742
v 0.07394822 -0.00972676 0.32160747
v 0.07341161 0.01371160 0.32160747
v 0.06565838 0.03583693 0.32160747
v 0.05144743 0.05448342 0.32160747
v 0.03216996 0.06782595 0.32160747
v 0.00971293 0.07455837 0.32160747
v -0.01372535 0.07402176 0.32160747
v -0.03585069 0.06626850 0.32160747
v -0.05449728 0.05205760 0.32160747
v -0.06783973 0.03278022 0.32160742
v -0.07457213 0.01032321 0.32160742
v -0.07403551 -0.01311515 0.32160742
v -0.07403551 -0.01311515 0.32160742
v -0.06628229 -0.03524048 0.32160742
v -0.05207141 -0.05388694 0.32160738
v 0.03690708 -0.06879898 0.32405255
v 0.05389614 0.05704773 0.31920205
v -0.07104114 0.03431652 0.32405255
v 0.03690708 -0.06879898 0.31920200
v 0.01373376 -0.07691945 0.31920200
v 0.06878018 0.03751801 0.32405260
v -0.07104114 0.03431652 0.31920200
v -0.01081480 -0.07748156 0.32405255
v 0.06878018 0.03751801 0.31920205
v -0.05706674 0.05450699 0.32405255
v -0.01081480 -0.07748156 0.31920200
v 0.07690066 0.01434471 0.32405260
v -0.05706673 0.05450698 0.31920200
v -0.03433543 -0.07043018 0.32405255
v 0.07690067 0.01434471 0.31920205
v -0.03433542 -0.07043018 0.31920200
v 0.07746270 -0.01020383 0.32405260
v -0.05452594 -0.05645568 0.32405251
v 0.07746269 -0.01020383 0.31920205
v -0.01436361 0.07751148 0.32405260
v -0.05452595 -0.05645568 0.31920200
v 0.07041132 -0.03372454 0.32405260
v 0.02809123 0.05935456 0.33633270
v -0.05743679 0.02777045 0.34055732
v 0.04455526 0.04726999 0.35609437
v -0.06313162 0.00877456 0.34055732
v 0.03076461 -0.05740525 0.33633270
v 0.00816337 0.06310975 0.34445841
v 0.01131078 -0.06362176 0.35609432
v 0.02715914 0.05741486 0.34445841
v -0.05801681 -0.03078916 0.33633266
v -0.04615063 0.04407681 0.34445841
v -0.06423343 -0.01133526 0.35609432
v -0.06423343 -0.01133526 0.35609432
v 0.00845002 0.06524295 0.33633270
v 0.02974467 -0.05550807 0.34055732
v 0.04707317 -0.04497622 0.33633270
v -0.04558785 -0.04709777 0.33633266
v 0.04346545 0.04612869 0.34445841
v -0.01204959 0.06477356 0.33633270
v 0.05548619 0.03035607 0.34445841
v 0.05874281 -0.02811583 0.33633270
v 0.02715914 0.05741487 0.34055732
v -0.03140086 0.05799238 0.33633270
v 0.00816336 0.06310976 0.34055732
v 0.06463119 -0.00847448 0.33633270
v -0.04770946 0.04556331 0.33633270
v -0.04615064 0.04407681 0.34055732
v 0.06416191 0.01202517 0.33633270
v 0.05548620 0.03035607 0.34055732
v -0.02872750 -0.05876741 0.33633266
v 0.04346546 0.04612869 0.34055732
v -0.05937908 0.02870289 0.33633270
v 0.04551731 -0.04348747 0.34445841
v 0.05738076 0.03137636 0.33633270
v -0.00908612 -0.06465567 0.33633270
v 0.06204451 0.01164079 0.34445841
v -0.06526740 0.00906156 0.33633266
v 0.06249835 -0.00818522 0.34445841
v 0.01102946 -0.06206627 0.34445841
v -0.00879651 -0.06252022 0.34445836
v 0.04551731 -0.04348748 0.34055732
v 0.02641525 0.05586650 0.34234677
v 0.04227923 0.04488647 0.34234677
v 0.02893064 -0.05399328 0.34234673
v 0.01072310 -0.06037358 0.34234673
v -0.05460415 -0.02895008 0.34234673
v -0.06098456 -0.01074248 0.34234673
v 0.00793475 0.06140690 0.34234677
v 0.04427544 -0.04229876 0.34234673
v -0.04290970 -0.04429493 0.34234673
v -0.01135341 0.06096526 0.34234673
v 0.05525544 -0.02643475 0.34234673
v -0.02956110 0.05458482 0.34234673
v 0.06079584 -0.00795412 0.34234677
v -0.04490592 0.04289025 0.34234673
v 0.06035431 0.01133409 0.34234677
v -0.02704573 -0.05527493 0.34234673
v -0.05588591 0.02702622 0.34234673
v 0.05397389 0.02954170 0.34234677
v -0.00856507 -0.06081523 0.34234673
v -0.06142627 0.00854562 0.34234673
v 0.06249836 -0.00818523 0.34055732
v 0.05680348 -0.02718114 0.34055732
v 0.02974467 -0.05550806 0.34445841
v -0.05611929 -0.02976661 0.34055732
v -0.06267759 -0.01105133 0.34055732
v -0.06267759 -0.01105133 0.34055732
v -0.05743678 0.02777045 0.34445841
v -0.06313161 0.00877456 0.34445841
v 0.05680348 -0.02718114 0.34445841
v -0.00879651 -0.06252022 0.34055732
v -0.02779245 -0.05682546 0.34055732
v -0.06267759 -0.01105133 0.34445836
v -0.06267759 -0.01105133 0.34445836
v -0.05611928 -0.02976661 0.34445836
v -0.03037796 0.05609745 0.34055732
v -0.01166260 0.06265579 0.34055732
v -0.02779246 -0.05682546 0.34445836
v 0.01102946 -0.06206627 0.34055732
v -0.01166259 0.06265579 0.34445841
v -0.03037796 0.05609745 0.34445841
v 0.06204451 0.01164078 0.34055732
v -0.04409876 -0.04553931 0.34055732
v -0.04409875 -0.04553930 0.34445836
v 0.07389741 -0.03540536 0.24716092
v 0.08129665 -0.01072425 0.24716092
v 0.08070689 0.01503537 0.24716092
v 0.07218580 0.03935193 0.24716092
v 0.05656744 0.05984514 0.24716092
v 0.03538080 0.07450909 0.24716092
v 0.01069973 0.08190830 0.24716092
v -0.01505987 0.08131849 0.24716092
v -0.05709206 -0.05914119 0.31337904
v -0.03601702 -0.07392186 0.24716087
v -0.01133600 -0.08132113 0.24716087
v 0.01442365 -0.08073128 0.24716087
v 0.03874023 -0.07221020 0.24716087
v 0.05923343 -0.05659199 0.24716087
v -0.03937646 0.07279738 0.24716092
v -0.05986976 0.05717905 0.24716087
v -0.07453361 0.03599250 0.24716087
v -0.08193279 0.01131140 0.24716087
v -0.08134301 -0.01444824 0.24716087
v -0.08134301 -0.01444824 0.24716087
v -0.07282192 -0.03876479 0.24716087
v 0.00064738 -0.00096757 0.46228629
v 0.00064743 -0.00096756 0.36810983
v 0.04702609 -0.04493117 0.14989935
v 0.02806298 0.05929583 0.14989940
v 0.04490664 0.04763783 0.14989940
v -0.02869919 -0.05870862 0.14989931
v 0.03073372 -0.05734784 0.14989935
v 0.05732339 0.03134545 0.14989940
v -0.01203795 0.06470943 0.14989940
v -0.04766235 0.04551829 0.14989940
v -0.03136994 0.05793504 0.14989940
v -0.05932039 0.02867464 0.14989935
v -0.05795953 -0.03075830 0.14989931
v -0.00907745 -0.06459112 0.14989935
v -0.06520281 0.00905287 0.14989935
v 0.05868412 -0.02808753 0.14989940
v 0.01140175 -0.06412222 0.14989935
v -0.06473390 -0.01142634 0.14989931
v 0.06456664 -0.00846572 0.14989940
v -0.04554284 -0.04705064 0.14989931
v 0.00844125 0.06517833 0.14989940
v 0.06409776 0.01201348 0.14989940
v -0.07233643 -0.03440917 0.25951598
v -0.07233643 -0.03440917 0.25951598
v -0.05234907 -0.06060074 0.25951598
v -0.05234907 -0.06060074 0.25951598
v -0.07233644 -0.03440917 0.18838380
v -0.07233644 -0.03440917 0.18838380
v -0.05234907 -0.06060073 0.18838380
v -0.05234907 -0.06060073 0.18838380
v -0.10300142 -0.05773641 0.18224483
v -0.10300142 -0.05773641 0.18224483
v -0.10300142 -0.05773641 0.25337696
v -0.10300142 -0.05773641 0.25337696
v -0.08301415 -0.08392782 0.18224483
v -0.08301415 -0.08392782 0.18224483
v -0.08301416 -0.08392782 0.25337696
v -0.08301416 -0.08392782 0.25337696
v -0.16483745 -0.10477581 0.14558427
v -0.16483745 -0.10477581 0.14558427
v -0.16483746 -0.10477582 0.21671645
v -0.16483746 -0.10477582 0.21671645
v -0.14485011 -0.13096734 0.14558427
v -0.14485011 -0.13096734 0.14558427
v -0.14485011 -0.13096734 0.21671645
v -0.14485011 -0.13096734 0.21671645
v -0.23564584 -0.15864073 0.07848718
v -0.23564584 -0.15864073 0.07848718
v -0.23564582 -0.15864070 0.14961931
v -0.23564582 -0.15864070 0.14961931
v -0.21565854 -0.18483211 0.07848713
v -0.21565854 -0.18483211 0.07848713
v -0.21565856 -0.18483213 0.14961931
v -0.21565856 -0.18483213 0.14961931
v -0.30678600 -0.21275785 0.01622202
v -0.30678600 -0.21275785 0.01622202
v -0.30266651 -0.20960383 0.08735420
v -0.30266651 -0.20960383 0.08735420
v -0.28679865 -0.23894944 0.01622202
v -0.28679865 -0.23894944 0.01622202
v -0.28267912 -0.23579537 0.08735420
v -0.28267912 -0.23579537 0.08735420
v -0.39810877 -0.28312816 0.00400683
v -0.39810877 -0.28312816 0.00400683
v -0.39810877 -0.28312816 0.00400683
v -0.37052273 -0.26200720 0.07452881
v -0.37052273 -0.26200720 0.07452881
v -0.37052273 -0.26200720 0.07452881
v -0.37925113 -0.30783925 0.00400683
v -0.37925113 -0.30783925 0.00400683
v -0.37925113 -0.30783925 0.00400683
v -0.35166507 -0.28671831 0.07452881
v -0.35166507 -0.28671831 0.07452881
v -0.35166507 -0.28671831 0.07452881
v -0.06741200 -0.04086218 0.26008643
v -0.06741199 -0.04086218 0.18773380
v -0.09807705 -0.06418932 0.25394741
v -0.09807705 -0.06418932 0.18159478
v -0.15991302 -0.11122880 0.21728690
v -0.15991303 -0.11122881 0.14493427
v -0.23072142 -0.16509362 0.15018976
v -0.23072144 -0.16509363 0.07783713
v -0.29770743 -0.21603035 0.08792461
v -0.30186151 -0.21921089 0.01557198
v -0.36671916 -0.26841075 0.07481403
v -0.36671916 -0.26841075 0.07481403
v -0.39475239 -0.28987409 0.00368185
v -0.39475239 -0.28987409 0.00368185
v -0.07320547 -0.03327039 0.19152585
v -0.05095861 -0.06242279 0.19152585
v -0.10387042 -0.05659766 0.18538684
v -0.08162373 -0.08574982 0.18538684
v -0.16570646 -0.10363704 0.14872632
v -0.14345969 -0.13278933 0.14872632
v -0.23651483 -0.15750198 0.08162919
v -0.21426814 -0.18665414 0.08162919
v -0.30762213 -0.21159393 0.01936403
v -0.28537531 -0.24074624 0.01936408
v -0.39945303 -0.28324968 0.00682386
v -0.39945303 -0.28324968 0.00682386
v -0.37946568 -0.30944126 0.00682386
v -0.37946568 -0.30944126 0.00682386
v -0.39679051 -0.29142334 0.00682390
v 0.06549235 0.03270489 0.25951598
v 0.06549235 0.03270489 0.25951598
v 0.04550499 0.05889646 0.25951598
v 0.04550499 0.05889646 0.25951598
v 0.06549235 0.03270489 0.18838380
v 0.06549235 0.03270489 0.18838380
v 0.04550500 0.05889646 0.18838380
v 0.04550500 0.05889646 0.18838380
v 0.09615732 0.05603214 0.18224483
v 0.09615732 0.05603214 0.18224483
v 0.09615732 0.05603214 0.25337696
v 0.09615732 0.05603214 0.25337696
v 0.07617006 0.08222356 0.18224483
v 0.07617006 0.08222356 0.18224483
v 0.07617006 0.08222356 0.25337696
v 0.07617006 0.08222356 0.25337696
v 0.15799334 0.10307155 0.14558427
v 0.15799334 0.10307155 0.14558427
v 0.15799335 0.10307155 0.21671645
v 0.15799335 0.10307155 0.21671645
v 0.13800600 0.12926307 0.14558427
v 0.13800600 0.12926307 0.14558427
v 0.13800600 0.12926307 0.21671645
v 0.13800600 0.12926307 0.21671645
v 0.22880168 0.15693644 0.07848718
v 0.22880168 0.15693644 0.07848718
v 0.22880168 0.15693644 0.14961931
v 0.22880168 0.15693644 0.14961931
v 0.20881444 0.18312788 0.07848713
v 0.20881444 0.18312788 0.07848713
v 0.20881444 0.18312788 0.14961931
v 0.20881444 0.18312788 0.14961931
v 0.30107011 0.21191187 0.01622202
v 0.30107011 0.21191187 0.01622202
v 0.29711708 0.20888528 0.08735420
v 0.29711708 0.20888528 0.08735420
v 0.28108274 0.23810344 0.01622202
v 0.28108274 0.23810344 0.01622202
v 0.27712971 0.23507684 0.08735420
v 0.27712971 0.23507684 0.08735420
v 0.39295694 0.28271128 0.00400683
v 0.39295694 0.28271128 0.00400683
v 0.39295694 0.28271128 0.00400683
v 0.36801166 0.26361219 0.07452881
v 0.36801166 0.26361219 0.07452881
v 0.36801166 0.26361219 0.07452881
v 0.37409938 0.30742244 0.00400683
v 0.37409938 0.30742244 0.00400683
v 0.37409938 0.30742244 0.00400683
v 0.34915409 0.28832334 0.07452881
v 0.34915409 0.28832334 0.07452881
v 0.34915409 0.28832334 0.07452881
v 0.06056791 0.03915791 0.26008643
v 0.06056791 0.03915791 0.18773380
v 0.09123295 0.06248504 0.25394741
v 0.09123295 0.06248504 0.18159478
v 0.15306891 0.10952454 0.21728690
v 0.15306891 0.10952454 0.14493427
v 0.22387734 0.16338938 0.15018976
v 0.22387732 0.16338937 0.07783713
v 0.29215937 0.21531283 0.08792461
v 0.29614566 0.21836489 0.01557198
v 0.36383831 0.26973540 0.07481403
v 0.36383831 0.26973540 0.07481403
v 0.38903639 0.28902804 0.00368185
v 0.38903639 0.28902804 0.00368185
v 0.06636138 0.03156611 0.19152585
v 0.04411454 0.06071852 0.19152581
v 0.09702632 0.05489340 0.18538684
v 0.07477964 0.08404556 0.18538679
v 0.15886234 0.10193277 0.14872632
v 0.13661558 0.13108507 0.14872632
v 0.22967069 0.15579771 0.08162919
v 0.20742403 0.18494986 0.08162919
v 0.30190757 0.21074894 0.01936403
v 0.27966079 0.23990129 0.01936408
v 0.39375970 0.28242105 0.00682386
v 0.39375970 0.28242105 0.00682386
v 0.37377242 0.30861262 0.00682386
v 0.37377242 0.30861262 0.00682386
v 0.38997179 0.28973860 0.00682390
v -0.07320547 -0.03327039 0.24693785
v -0.05095861 -0.06242279 0.24693781
v -0.10387042 -0.05659766 0.24079884
v -0.08162374 -0.08574984 0.24079884
v -0.16570646 -0.10363704 0.20413832
v -0.14345969 -0.13278933 0.20413832
v -0.23651483 -0.15750198 0.13704119
v -0.21426814 -0.18665414 0.13704119
v -0.30429886 -0.20904950 0.07477608
v -0.28205202 -0.23820181 0.07477603
v -0.37683345 -0.26593129 0.06223586
v -0.37683345 -0.26593129 0.06223586
v -0.35684610 -0.29212281 0.06223590
v -0.35684610 -0.29212281 0.06223590
v -0.37363490 -0.27369452 0.06223590
v -0.07320547 -0.03327039 0.20463994
v -0.05095861 -0.06242279 0.20463990
v -0.10387042 -0.05659766 0.19850093
v -0.08162373 -0.08574982 0.19850093
v -0.16570646 -0.10363704 0.16184042
v -0.14345969 -0.13278933 0.16184037
v -0.23651483 -0.15750198 0.09474328
v -0.21426814 -0.18665414 0.09474328
v -0.30686574 -0.21101478 0.03247813
v -0.28461891 -0.24016714 0.03247813
v -0.39430472 -0.27930794 0.01993795
v -0.39430472 -0.27930794 0.01993795
v -0.37431733 -0.30549948 0.01993795
v -0.37431733 -0.30549948 0.01993795
v -0.39152015 -0.28738816 0.01993795
v -0.35656340 -0.29202034 0.00368180
v -0.35656340 -0.29202034 0.00368180
v -0.37655077 -0.26582880 0.00368185
v -0.37655077 -0.26582880 0.00368185
v -0.35528893 -0.24954989 0.07481403
v -0.35528893 -0.24954989 0.07481403
v -0.33530161 -0.27574147 0.07481403
v -0.33530161 -0.27574147 0.07481403
v -0.37162630 -0.27228179 0.00303185
v -0.35018584 -0.25586613 0.07538448
v -0.35500319 -0.29371243 0.00682390
v -0.37725004 -0.26456003 0.00682386
v -0.36009768 -0.25142750 0.06223586
v -0.33785081 -0.28057988 0.06223590
v -0.35109924 -0.29072342 0.01993795
v -0.37334607 -0.26157098 0.01993795
v 0.06636138 0.03156611 0.24693785
v 0.04411454 0.06071852 0.24693781
v 0.09702632 0.05489340 0.24079884
v 0.07477964 0.08404556 0.24079879
v 0.15886235 0.10193279 0.20413832
v 0.13661558 0.13108507 0.20413832
v 0.22967071 0.15579772 0.13704119
v 0.20742403 0.18494986 0.13704119
v 0.29871855 0.20830730 0.07477608
v 0.27647177 0.23745966 0.07477603
v 0.37342975 0.26685561 0.06223586
v 0.37342975 0.26685561 0.06223586
v 0.35344249 0.29304722 0.06223590
v 0.35344249 0.29304722 0.06223590
v 0.36940275 0.27399013 0.06223590
v 0.04411454 0.06071852 0.20463990
v 0.06636138 0.03156611 0.20463990
v 0.09702632 0.05489340 0.19850093
v 0.07477964 0.08404556 0.19850088
v 0.15886234 0.10193277 0.16184037
v 0.13661558 0.13108507 0.16184037
v 0.22967069 0.15579771 0.09474328
v 0.20742403 0.18494986 0.09474328
v 0.30118176 0.21019321 0.03247813
v 0.27893498 0.23934559 0.03247813
v 0.38913253 0.27887828 0.01993795
v 0.38913253 0.27887828 0.01993795
v 0.36914520 0.30506984 0.01993795
v 0.36914520 0.30506984 0.01993795
v 0.38529022 0.28615422 0.01993795
v 0.35423226 0.29374921 0.00368180
v 0.35423226 0.29374921 0.00368180
v 0.37421956 0.26755760 0.00368185
v 0.37421956 0.26755760 0.00368185
v 0.35415789 0.25219758 0.07481403
v 0.35415789 0.25219758 0.07481403
v 0.33417058 0.27838919 0.07481403
v 0.33417058 0.27838919 0.07481403
v 0.36929512 0.27401060 0.00303185
v 0.34906489 0.25852153 0.07538448
v 0.35268163 0.29544860 0.00682390
v 0.37492845 0.26629621 0.00682386
v 0.35874425 0.25390493 0.06223586
v 0.33649742 0.28305733 0.06223590
v 0.34899807 0.29262833 0.01993795
v 0.37124487 0.26347589 0.01993795
v -0.03889477 0.07486749 0.25954451
v -0.03889477 0.07486749 0.25954451
v -0.06508633 0.05488011 0.25954451
v -0.06508633 0.05488011 0.25954451
v -0.03889477 0.07486749 0.18838384
v -0.03889477 0.07486749 0.18838384
v -0.06508633 0.05488011 0.18838380
v -0.06508633 0.05488011 0.18838380
v -0.06222203 0.10553249 0.18224483
v -0.06222203 0.10553249 0.18224483
v -0.06222203 0.10553249 0.25340554
v -0.06222203 0.10553249 0.25340554
v -0.08841343 0.08554520 0.18224483
v -0.08841343 0.08554520 0.18224483
v -0.08841343 0.08554520 0.25340550
v -0.08841343 0.08554520 0.25340550
v -0.10926143 0.16736852 0.14558427
v -0.10926143 0.16736852 0.14558427
v -0.10926143 0.16736852 0.21674498
v -0.10926143 0.16736852 0.21674498
v -0.13545294 0.14738117 0.14558427
v -0.13545294 0.14738117 0.14558427
v -0.13545294 0.14738117 0.21674498
v -0.13545294 0.14738117 0.21674498
v -0.16312632 0.23817688 0.07848713
v -0.16312632 0.23817688 0.07848713
v -0.16312632 0.23817688 0.14964785
v -0.16312632 0.23817688 0.14964785
v -0.18931774 0.21818962 0.07848713
v -0.18931774 0.21818962 0.07848713
v -0.18931774 0.21818962 0.14964785
v -0.18931774 0.21818962 0.14964785
v -0.21745802 0.30959911 0.01622202
v -0.21745802 0.30959911 0.01622202
v -0.21323065 0.30407776 0.08738269
v -0.21323065 0.30407776 0.08738269
v -0.24364958 0.28961172 0.01622202
v -0.24364958 0.28961172 0.01622202
v -0.23942221 0.28409038 0.08738269
v -0.23942221 0.28409038 0.08738269
v -0.28793553 0.40106284 0.00400683
v -0.28793553 0.40106284 0.00400683
v -0.28793553 0.40106284 0.00400683
v -0.26005303 0.36464559 0.07457158
v -0.26005303 0.36464559 0.07457158
v -0.26005303 0.36464559 0.07457158
v -0.31264671 0.38220521 0.00400683
v -0.31264671 0.38220521 0.00400683
v -0.31264671 0.38220521 0.00400683
v -0.28476418 0.34578793 0.07457163
v -0.28476418 0.34578793 0.07457163
v -0.28476418 0.34578793 0.07457163
v -0.04534779 0.06994305 0.26008643
v -0.04534778 0.06994305 0.18773380
v -0.06867494 0.10060811 0.25394746
v -0.06867494 0.10060811 0.18159478
v -0.11571443 0.16244409 0.21728690
v -0.11571443 0.16244409 0.14493427
v -0.16957924 0.23325250 0.15018976
v -0.16957925 0.23325252 0.07783713
v -0.21964995 0.29910922 0.08792461
v -0.22391108 0.30467466 0.01557198
v -0.26628852 0.36062161 0.07484252
v -0.26628852 0.36062161 0.07484252
v -0.29457423 0.39756548 0.00368185
v -0.29457423 0.39756548 0.00368185
v -0.03775599 0.07573652 0.19155438
v -0.06690839 0.05348966 0.19155434
v -0.06108328 0.10640149 0.18541537
v -0.09023545 0.08415480 0.18541537
v -0.10812266 0.16823753 0.14875486
v -0.13727494 0.14599075 0.14875481
v -0.16198758 0.23904590 0.08165772
v -0.19113975 0.21679921 0.08165772
v -0.21628373 0.31042172 0.01939252
v -0.24543610 0.28817494 0.01939252
v -0.28788359 0.40217953 0.00685234
v -0.28788359 0.40217953 0.00685234
v -0.31407517 0.38219218 0.00685234
v -0.31407517 0.38219218 0.00685234
v -0.29584185 0.39923386 0.00685234
v -0.29498045 0.35333902 0.02008056
v -0.26582803 0.37558587 0.02008056
v -0.09023545 0.08415480 0.19864354
v -0.10812266 0.16823753 0.16198298
v -0.13727496 0.14599076 0.16198298
v -0.16198758 0.23904590 0.09488585
v -0.19113975 0.21679921 0.09488585
v -0.21550074 0.30939908 0.03262069
v -0.24465311 0.28715230 0.03262069
v -0.28264378 0.39533584 0.02008056
v -0.28264378 0.39533584 0.02008056
v -0.30883534 0.37534849 0.02008056
v -0.30883534 0.37534849 0.02008056
v -0.29049362 0.39224855 0.02008056
v -0.06108328 0.10640149 0.19864354
v -0.06690839 0.05348966 0.20478251
v -0.03775599 0.07573652 0.20478256
v -0.29736413 0.36022253 0.00368180
v -0.29736413 0.36022253 0.00368180
v -0.27117256 0.38020995 0.00368185
v -0.27117256 0.38020995 0.00368185
v -0.24945050 0.35183885 0.07484252
v -0.24945050 0.35183885 0.07484252
v -0.27564209 0.33185143 0.07484252
v -0.27564209 0.33185143 0.07484252
v -0.27762558 0.37528548 0.00303180
v -0.25573024 0.34668802 0.07538448
v -0.29900373 0.35859381 0.00685234
v -0.26985133 0.38084071 0.00685234
v -0.28145094 0.33566819 0.06237847
v -0.03775599 0.07573652 0.24708046
v -0.06690839 0.05348966 0.24708046
v -0.06108328 0.10640149 0.24094145
v -0.27250849 0.36875825 0.06237851
v -0.29121472 0.35233427 0.06237851
v -0.29121472 0.35233427 0.06237851
v -0.26502316 0.37232162 0.06237851
v -0.26502316 0.37232162 0.06237851
v -0.24202012 0.28371335 0.07491860
v -0.21286774 0.30596013 0.07491864
v -0.19113975 0.21679921 0.13718380
v -0.16198758 0.23904590 0.13718380
v -0.13727496 0.14599076 0.20428094
v -0.10812266 0.16823753 0.20428094
v -0.09023545 0.08415480 0.24094145
v -0.25229852 0.35791503 0.06237851
v 0.03473872 -0.07697618 0.25954451
v 0.03473872 -0.07697618 0.25954451
v 0.06055046 -0.05727871 0.25954451
v 0.06055046 -0.05727871 0.25954451
v 0.03473872 -0.07697618 0.18838380
v 0.03473872 -0.07697618 0.18838380
v 0.06055045 -0.05727868 0.18838380
v 0.06055045 -0.05727868 0.18838380
v 0.05806584 -0.10764130 0.18224483
v 0.05806584 -0.10764130 0.18224483
v 0.05806580 -0.10764134 0.25340550
v 0.05806580 -0.10764134 0.25340550
v 0.08387774 -0.08794365 0.18224483
v 0.08387774 -0.08794365 0.18224483
v 0.08387774 -0.08794365 0.25340550
v 0.08387774 -0.08794365 0.25340550
v 0.10510532 -0.16947729 0.14558427
v 0.10510532 -0.16947729 0.14558427
v 0.10510530 -0.16947730 0.21674498
v 0.10510530 -0.16947730 0.21674498
v 0.13091708 -0.14977976 0.14558427
v 0.13091708 -0.14977976 0.14558427
v 0.13091708 -0.14977976 0.21674498
v 0.13091708 -0.14977976 0.21674498
v 0.15840613 -0.23954449 0.07931211
v 0.15840613 -0.23954449 0.07931211
v 0.15840611 -0.23954447 0.15047282
v 0.15840611 -0.23954447 0.15047282
v 0.18421789 -0.21984694 0.07931211
v 0.18421789 -0.21984694 0.07931211
v 0.18421791 -0.21984699 0.15047282
v 0.18421791 -0.21984699 0.15047282
v 0.22166299 -0.32269959 0.00450682
v 0.22166299 -0.32269959 0.00450682
v 0.21794443 -0.31784280 0.07566745
v 0.21794443 -0.31784280 0.07566745
v 0.24747494 -0.30300188 0.00450678
v 0.24747494 -0.30300188 0.00450678
v 0.24375645 -0.29814515 0.07566745
v 0.24375645 -0.29814515 0.07566745
v 0.28449924 -0.40372414 0.00400683
v 0.28449924 -0.40372414 0.00400683
v 0.28449924 -0.40372414 0.00400683
v 0.26056783 -0.37246734 0.07457154
v 0.26056783 -0.37246734 0.07457154
v 0.26056783 -0.37246734 0.07457154
v 0.30864081 -0.38530119 0.00400683
v 0.30864081 -0.38530119 0.00400683
v 0.30864081 -0.38530119 0.00400683
v 0.28470937 -0.35404437 0.07457154
v 0.28470937 -0.35404437 0.07457154
v 0.28470937 -0.35404437 0.07457154
v 0.03322039 -0.07813487 0.19155434
v 0.06237244 -0.05588827 0.19155434
v 0.05654746 -0.10880001 0.18541537
v 0.08569974 -0.08655324 0.18541537
v 0.10358697 -0.17063598 0.14875481
v 0.13273910 -0.14838937 0.14875481
v 0.15688781 -0.24070317 0.08248265
v 0.18603989 -0.21845653 0.08248265
v 0.22011344 -0.32381750 0.00767732
v 0.24926572 -0.30157063 0.00767732
v 0.28411493 -0.40479797 0.00685234
v 0.28411493 -0.40479797 0.00685234
v 0.30992666 -0.38510048 0.00685234
v 0.30992666 -0.38510048 0.00685234
v 0.19861954 -0.29556219 0.02269246
v 0.22777183 -0.27331532 0.02269246
v 0.22594983 -0.27470585 0.09068259
v 0.22594983 -0.27470585 0.09068259
v 0.22594981 -0.27470581 0.01952192
v 0.22594981 -0.27470581 0.01952192
v 0.20013783 -0.29440345 0.09068259
v 0.20013783 -0.29440345 0.09068259
v 0.20013788 -0.29440351 0.01952192
v 0.20013788 -0.29440351 0.01952192
v 0.10358697 -0.17063598 0.16198298
v 0.13273909 -0.14838937 0.16198298
v 0.15688781 -0.24070317 0.09571082
v 0.18603991 -0.21845655 0.09571082
v 0.21942470 -0.32291793 0.02090549
v 0.24857701 -0.30067108 0.02090549
v 0.27962888 -0.39893872 0.02008052
v 0.27962888 -0.39893872 0.02008052
v 0.30544063 -0.37924128 0.02008052
v 0.30544063 -0.37924128 0.02008052
v 0.08569975 -0.08655325 0.19864354
v 0.05654746 -0.10880001 0.19864354
v 0.06237245 -0.05588828 0.20478251
v 0.03322039 -0.07813487 0.20478251
v 0.19861954 -0.29556219 0.03592064
v 0.22777187 -0.27331539 0.03592064
v 0.19861949 -0.29556214 0.07821854
v 0.03322039 -0.07813487 0.24708046
v 0.06237246 -0.05588829 0.24708046
v 0.05654746 -0.10880001 0.24094145
v 0.08569975 -0.08655325 0.24094145
v 0.29035493 -0.35953785 0.06237842
v 0.29035493 -0.35953785 0.06237842
v 0.26454320 -0.37923538 0.06237842
v 0.26454320 -0.37923538 0.06237842
v 0.24626099 -0.29764613 0.06320340
v 0.21710861 -0.31989288 0.06320340
v 0.18603991 -0.21845655 0.13800877
v 0.15688780 -0.24070315 0.13800873
v 0.13273909 -0.14838937 0.20428094
v 0.10358697 -0.17063598 0.20428094
v 0.22777187 -0.27331539 0.07821850
v 0.29239030 -0.35829158 0.02008052
v 0.26323817 -0.38053826 0.02008052
v 0.26843026 -0.38417783 0.00368185
v 0.26843026 -0.38417783 0.00368185
v 0.24945582 -0.35939535 0.07484252
v 0.24945582 -0.35939535 0.07484252
v 0.29424206 -0.36448031 0.00368180
v 0.29424206 -0.36448031 0.00368180
v 0.27526767 -0.33969789 0.07484247
v 0.27526767 -0.33969789 0.07484247
v 0.29590465 -0.36288167 0.00685230
v 0.26675259 -0.38512843 0.00685230
v 0.25142000 -0.36510259 0.06237842
v 0.28057213 -0.34285590 0.06237842
v -0.07309684 -0.03341273 0.25708807
v -0.05113242 -0.06219503 0.25708802
v -0.05531101 -0.05671936 0.26001512
v -0.05531102 -0.05671936 0.18781507
v -0.10376180 -0.05674001 0.25094905
v -0.08179754 -0.08552208 0.25094905
v -0.08597604 -0.08004655 0.25387610
v -0.08597604 -0.08004655 0.18167605
v -0.08479470 -0.04388634 0.25874861
v -0.08479470 -0.04388634 0.25874861
v -0.06480741 -0.07007778 0.25874861
v -0.06480741 -0.07007778 0.25874861
v -0.08479470 -0.04388634 0.18761643
v -0.08479470 -0.04388634 0.18761643
v -0.06480740 -0.07007778 0.18761643
v -0.06480740 -0.07007778 0.18761643
v -0.16559784 -0.10377940 0.21428854
v -0.14363351 -0.13256160 0.21428854
v -0.14781197 -0.12708607 0.21721559
v -0.14781198 -0.12708608 0.14501554
v -0.11086568 -0.10511488 0.16845374
v -0.11086568 -0.10511488 0.16845374
v -0.13085300 -0.07892343 0.16845374
v -0.13085300 -0.07892343 0.16845374
v -0.13085299 -0.07892342 0.23958592
v -0.13085299 -0.07892342 0.23958592
v -0.11086568 -0.10511489 0.23958587
v -0.11086568 -0.10511489 0.23958587
v -0.23640623 -0.15764434 0.14719140
v -0.21444195 -0.18642637 0.14719140
v -0.21862043 -0.18095088 0.15011846
v -0.21862043 -0.18095088 0.07791840
v -0.18034055 -0.15796533 0.18556835
v -0.18034055 -0.15796533 0.18556835
v -0.18034055 -0.15796533 0.11443617
v -0.18034055 -0.15796533 0.11443617
v -0.20032790 -0.13177388 0.11443617
v -0.20032790 -0.13177388 0.11443617
v -0.20032790 -0.13177388 0.18556835
v -0.20032790 -0.13177388 0.18556835
v -0.30357429 -0.20872024 0.08492625
v -0.28160987 -0.23750245 0.08492625
v -0.28561072 -0.23189093 0.08785330
v -0.28976048 -0.23506814 0.01565320
v -0.24994610 -0.21091262 0.11394757
v -0.24994610 -0.21091262 0.11394757
v -0.25046104 -0.21130688 0.04281539
v -0.25046104 -0.21130688 0.04281539
v -0.27044835 -0.18511542 0.04281539
v -0.27044835 -0.18511542 0.04281539
v -0.26993343 -0.18472116 0.11394757
v -0.26993343 -0.18472116 0.11394757
v -0.37244501 -0.26272679 0.07234911
v -0.37244501 -0.26272679 0.07234911
v -0.35265118 -0.28866475 0.07234911
v -0.35265118 -0.28866475 0.07234911
v -0.35459086 -0.28406086 0.07476517
v -0.35459086 -0.28406086 0.07476517
v -0.38254742 -0.30546547 0.00373747
v -0.38254742 -0.30546547 0.00373747
v -0.37337007 -0.30455871 0.00373747
v -0.37337007 -0.30455871 0.00373747
v -0.34504371 -0.24186099 0.00524941
v -0.34504371 -0.24186099 0.00524941
v -0.36703262 -0.25861364 0.07476517
v -0.36703262 -0.25861364 0.07476517
v -0.31261480 -0.25852680 0.07638150
v -0.31261480 -0.25852680 0.07638150
v -0.07041734 -0.03692397 0.26001512
v -0.07041734 -0.03692397 0.18781507
v -0.10108239 -0.06025115 0.25387610
v -0.10108237 -0.06025114 0.18167605
v -0.16291838 -0.10729058 0.21721559
v -0.16291839 -0.10729059 0.14501549
v -0.23372678 -0.16115544 0.15011846
v -0.23372676 -0.16115542 0.07791840
v -0.30071712 -0.21209541 0.08785330
v -0.30486690 -0.21527264 0.01565325
v -0.36955077 -0.26445742 0.07476517
v -0.36955077 -0.26445742 0.07476517
v -0.39750722 -0.28586196 0.00373747
v -0.39750722 -0.28586196 0.00373747
v -0.12592859 -0.08537638 0.16780374
v -0.07987032 -0.05033927 0.18696643
v -0.19540345 -0.13822680 0.11378612
v -0.38846089 -0.28508806 0.00311307
v -0.26552394 -0.19156836 0.04216535
v -0.36914338 -0.27025704 0.07238612
v -0.26500468 -0.19117079 0.11451797
v -0.36207579 -0.26488659 0.07531317
v -0.19540348 -0.13822683 0.18613875
v -0.07987032 -0.05033927 0.25931905
v -0.12592859 -0.08537638 0.24015632
v -0.07309684 -0.03341273 0.18975159
v -0.05113241 -0.06219502 0.18975159
v -0.10376180 -0.05674001 0.18361262
v -0.08179754 -0.08552208 0.18361262
v -0.16559784 -0.10377940 0.14695206
v -0.14363349 -0.13256158 0.14695206
v -0.23640618 -0.15764430 0.07985493
v -0.21444195 -0.18642637 0.07985493
v -0.30754226 -0.21175826 0.01758982
v -0.28557791 -0.24054057 0.01758982
v -0.39938028 -0.28334947 0.00509174
v -0.39938028 -0.28334947 0.00509174
v -0.37958643 -0.30928745 0.00509174
v -0.37958643 -0.30928745 0.00509174
v -0.39670758 -0.29136125 0.00504964
v -0.39951302 -0.28727000 0.00682386
v -0.37197222 -0.30626079 0.00682386
v -0.39393661 -0.27747851 0.00682386
v -0.38440674 -0.30706541 0.00682386
v -0.27131326 -0.18397352 0.04595745
v -0.24906652 -0.21312574 0.04595745
v -0.20119689 -0.13063510 0.11757817
v -0.10947528 -0.10693690 0.17159574
v -0.13172200 -0.07778467 0.17159574
v -0.17895016 -0.15978733 0.11757817
v -0.06341696 -0.07189981 0.19075844
v -0.08566371 -0.04274758 0.19075848
v 0.06625275 0.03170846 0.25708807
v 0.04411454 0.06071852 0.19446548
v 0.04846694 0.05501510 0.26001512
v 0.04846694 0.05501510 0.18781507
v 0.09691769 0.05503574 0.25094905
v 0.07495344 0.08381782 0.25094901
v 0.07913194 0.07834228 0.25387610
v 0.07913194 0.07834228 0.18167605
v 0.07795060 0.04218206 0.25874861
v 0.07795060 0.04218206 0.25874861
v 0.05796332 0.06837352 0.25874856
v 0.05796332 0.06837352 0.25874856
v 0.07795059 0.04218206 0.18761643
v 0.07795059 0.04218206 0.18761643
v 0.05796332 0.06837352 0.18761643
v 0.05796332 0.06837352 0.18761643
v 0.15875374 0.10207513 0.21428854
v 0.13678939 0.13085731 0.21428854
v 0.14096786 0.12538182 0.21721559
v 0.14096786 0.12538182 0.14501549
v 0.10402159 0.10341062 0.16845374
v 0.10402159 0.10341062 0.16845374
v 0.12400889 0.07721915 0.16845374
v 0.12400889 0.07721915 0.16845374
v 0.12400888 0.07721914 0.23958592
v 0.12400888 0.07721914 0.23958592
v 0.10402158 0.10341061 0.23958587
v 0.10402158 0.10341061 0.23958587
v 0.22956211 0.15594009 0.14719140
v 0.20759778 0.18472210 0.14719140
v 0.21177632 0.17924662 0.15011846
v 0.21177627 0.17924661 0.07791840
v 0.17349643 0.15626105 0.18556835
v 0.17349643 0.15626105 0.18556835
v 0.17349641 0.15626104 0.11443617
v 0.17349641 0.15626104 0.11443617
v 0.19348374 0.13006959 0.11443617
v 0.19348374 0.13006959 0.11443617
v 0.19348376 0.13006960 0.18556835
v 0.19348376 0.13006960 0.18556835
v 0.29801884 0.20799709 0.08492625
v 0.27605446 0.23677937 0.08492625
v 0.28006253 0.23117332 0.08785330
v 0.28404461 0.23422216 0.01565320
v 0.24326382 0.20933159 0.11394757
v 0.24326382 0.20933159 0.11394757
v 0.24375794 0.20970991 0.04281539
v 0.24375794 0.20970991 0.04281539
v 0.26374527 0.18351845 0.04281539
v 0.26374527 0.18351845 0.04281539
v 0.26325113 0.18314013 0.11394757
v 0.26325113 0.18314013 0.11394757
v 0.36952900 0.26402404 0.07234911
v 0.36952900 0.26402404 0.07234911
v 0.34973522 0.28996205 0.07234911
v 0.34973522 0.28996205 0.07234911
v 0.35177331 0.28543347 0.07476517
v 0.35177331 0.28543347 0.07476517
v 0.37692808 0.30469298 0.00373747
v 0.37692808 0.30469298 0.00373747
v 0.36984280 0.30537769 0.00373747
v 0.36984280 0.30537769 0.00373747
v 0.34144321 0.24262421 0.00524941
v 0.34144321 0.24262421 0.00524941
v 0.36556064 0.26100619 0.07476517
v 0.36556064 0.26100619 0.07476517
v 0.30955976 0.25970768 0.07638150
v 0.30955976 0.25970768 0.07638150
v 0.06357325 0.03521969 0.26001512
v 0.06357325 0.03521969 0.18781507
v 0.09423827 0.05854686 0.25387610
v 0.09423827 0.05854686 0.18167605
v 0.15607427 0.10558631 0.21721559
v 0.15607426 0.10558630 0.14501549
v 0.22688267 0.15945120 0.15011846
v 0.22688264 0.15945117 0.07791840
v 0.29516890 0.21137780 0.08785330
v 0.29915103 0.21442667 0.01565325
v 0.36673313 0.26582999 0.07476517
v 0.36673313 0.26582999 0.07476517
v 0.39188794 0.28508950 0.00373747
v 0.39188794 0.28508950 0.00373747
v 0.11908449 0.08367210 0.16780369
v 0.07302622 0.04863500 0.18696643
v 0.18855937 0.13652256 0.11378612
v 0.38486040 0.28585133 0.00311307
v 0.25882088 0.18997141 0.04216535
v 0.36548521 0.27099144 0.07238612
v 0.25832258 0.18958989 0.11451797
v 0.36057102 0.26725442 0.07531317
v 0.18855935 0.13652255 0.18613875
v 0.07302622 0.04863500 0.25931905
v 0.11908449 0.08367210 0.24015632
v 0.06625275 0.03170846 0.18975159
v 0.04428834 0.06049077 0.18975159
v 0.09691769 0.05503574 0.18361262
v 0.07495344 0.08381782 0.18361258
v 0.15875371 0.10207512 0.14695206
v 0.13678937 0.13085730 0.14695206
v 0.22956209 0.15594008 0.07985493
v 0.20759778 0.18472210 0.07985493
v 0.30182655 0.21091244 0.01758982
v 0.27986216 0.23969468 0.01758982
v 0.39376376 0.28257915 0.00509174
v 0.39376376 0.28257915 0.00509174
v 0.37396999 0.30851715 0.00509174
v 0.37396999 0.30851715 0.00509174
v 0.39000753 0.28976670 0.00504964
v 0.39283507 0.28569235 0.00682386
v 0.36838840 0.30703681 0.00682386
v 0.39035262 0.27825440 0.00682386
v 0.37772883 0.30548776 0.00682386
v 0.26461031 0.18237666 0.04595745
v 0.24236360 0.21152889 0.04595745
v 0.19435278 0.12893086 0.11757817
v 0.10263116 0.10523262 0.17159574
v 0.12487789 0.07608039 0.17159574
v 0.17210602 0.15808305 0.11757817
v 0.05657289 0.07019556 0.19075844
v 0.07881961 0.04104331 0.19075848
v -0.08566371 -0.04274758 0.24617048
v -0.13172200 -0.07778467 0.22700775
v -0.20119689 -0.13063513 0.17299017
v -0.27089786 -0.18365549 0.10136945
v -0.36131820 -0.28938790 0.06223586
v -0.37280440 -0.26129887 0.06223586
v -0.37642452 -0.26959254 0.06223586
v -0.35084003 -0.29008115 0.06223590
v -0.24865111 -0.21280768 0.10136945
v -0.10947529 -0.10693690 0.22700775
v -0.17895016 -0.15978733 0.17299017
v -0.06341697 -0.07189981 0.24617044
v -0.07320547 -0.03327039 0.19446553
v -0.05095861 -0.06242279 0.19446548
v -0.10387042 -0.05659767 0.18832651
v -0.08162372 -0.08574984 0.18832647
v -0.16570648 -0.10363706 0.15166600
v -0.14345969 -0.13278933 0.15166595
v -0.23651483 -0.15750198 0.08456886
v -0.21426817 -0.18665415 0.08456886
v -0.30747824 -0.21148375 0.02230366
v -0.28523146 -0.24063612 0.02230366
v -0.39847372 -0.28249989 0.00976349
v -0.39847372 -0.28249989 0.00976349
v -0.37848633 -0.30869145 0.00976349
v -0.37848633 -0.30869145 0.00976349
v -0.39578799 -0.29065577 0.00976349
v -0.06341696 -0.07189981 0.20387253
v -0.17895016 -0.15978733 0.13069227
v -0.10947528 -0.10693690 0.18470984
v -0.24897196 -0.21305335 0.05907149
v -0.36716245 -0.30257826 0.01993795
v -0.08566371 -0.04274758 0.20387257
v -0.13172200 -0.07778467 0.18470984
v -0.20119689 -0.13063510 0.13069227
v -0.27121872 -0.18390113 0.05907149
v -0.37915170 -0.30304193 0.01993795
v -0.38912685 -0.27379596 0.01993795
v -0.39425803 -0.28324659 0.01993795
v -0.32505631 -0.26805253 0.00524941
v -0.32505631 -0.26805253 0.00524941
v -0.39316397 -0.27862080 0.00373751
v -0.39316397 -0.27862080 0.00373751
v -0.33260222 -0.23233528 0.07638150
v -0.33260222 -0.23233528 0.07638150
v -0.34723884 -0.28455159 0.07476517
v -0.34723884 -0.28455159 0.07476517
v -0.34011923 -0.24831400 0.00459936
v -0.32757318 -0.23870825 0.07695194
v -0.32356655 -0.26979853 0.00839137
v -0.34581340 -0.24064615 0.00839137
v -0.33577659 -0.23296155 0.06380337
v -0.31352979 -0.26211395 0.06380337
v -0.32128213 -0.26804946 0.02150546
v -0.34352902 -0.23889713 0.02150546
v -0.35426052 -0.29314381 0.00976349
v -0.35680986 -0.24913573 0.07238607
v -0.37650744 -0.26399145 0.00976349
v -0.35532549 -0.29359833 0.00504964
v -0.37463165 -0.26834359 0.00311312
v -0.33810719 -0.27174044 0.07531317
v -0.33484544 -0.27791799 0.07238612
v -0.37728995 -0.26481611 0.00504964
v -0.35952525 -0.28813897 0.00311312
v -0.35321354 -0.25194501 0.07531317
v 0.04428835 0.06049077 0.25708802
v 0.07881961 0.04104331 0.24617048
v 0.12487789 0.07608039 0.22700775
v 0.19435278 0.12893086 0.17299017
v 0.26421171 0.18207147 0.10136945
v 0.35718963 0.28976210 0.06223586
v 0.37089977 0.26336050 0.06223586
v 0.37229589 0.26996674 0.06223586
v 0.34893544 0.29214285 0.06223590
v 0.24196497 0.21122370 0.10136945
v 0.10263116 0.10523262 0.22700775
v 0.17210602 0.15808305 0.17299017
v 0.05657289 0.07019556 0.24617044
v 0.06636138 0.03156611 0.19446548
v 0.09702632 0.05489340 0.18832647
v 0.07477964 0.08404556 0.18832647
v 0.15886235 0.10193278 0.15166595
v 0.13661557 0.13108506 0.15166595
v 0.22967074 0.15579773 0.08456886
v 0.20742400 0.18494985 0.08456886
v 0.30176953 0.21064324 0.02230366
v 0.27952269 0.23979558 0.02230366
v 0.39287951 0.28174714 0.00976349
v 0.39287951 0.28174714 0.00976349
v 0.37289218 0.30793868 0.00976349
v 0.37289218 0.30793868 0.00976349
v 0.38908133 0.28905682 0.00976349
v 0.05657289 0.07019556 0.20387253
v 0.17210602 0.15808305 0.13069227
v 0.10263116 0.10523262 0.18470984
v 0.24227287 0.21145943 0.05907149
v 0.36396079 0.30364686 0.01993795
v 0.07881961 0.04104331 0.20387253
v 0.12487789 0.07608039 0.18470984
v 0.19435278 0.12893086 0.13069227
v 0.26451962 0.18230722 0.05907149
v 0.37305402 0.30190854 0.01993795
v 0.38592521 0.27486458 0.01993795
v 0.38816030 0.28211316 0.01993795
v 0.32145591 0.26881584 0.00524941
v 0.32145591 0.26881584 0.00524941
v 0.38963658 0.27943969 0.00373751
v 0.38963658 0.27943969 0.00373751
v 0.32954711 0.23351607 0.07638150
v 0.32954711 0.23351607 0.07638150
v 0.34576686 0.28694417 0.07476517
v 0.34576686 0.28694417 0.07476517
v 0.33651885 0.24907730 0.00459936
v 0.32452267 0.23989255 0.07695194
v 0.31997050 0.27056516 0.00839137
v 0.34221732 0.24141273 0.00839137
v 0.33262043 0.23406497 0.06380337
v 0.31037356 0.26321735 0.06380337
v 0.31778621 0.26889276 0.02150546
v 0.34003301 0.23974034 0.02150546
v 0.35198097 0.29491214 0.00976349
v 0.35563586 0.25175054 0.07238607
v 0.37422777 0.26575972 0.00976349
v 0.35299559 0.29532815 0.00504964
v 0.37230048 0.27007242 0.00311312
v 0.33698496 0.27439487 0.07531317
v 0.33367147 0.28053285 0.07238612
v 0.37495996 0.26654584 0.00504964
v 0.35719416 0.28986782 0.00311312
v 0.35209133 0.25459948 0.07531317
v -0.06120497 0.05784207 0.26001868
v -0.06120497 0.05784207 0.18781507
v -0.08453217 0.08850710 0.25387967
v -0.08453217 0.08850711 0.18167605
v -0.04837194 0.08732575 0.25877714
v -0.04837194 0.08732575 0.25877714
v -0.07456339 0.06733845 0.25877714
v -0.07456339 0.06733845 0.25877714
v -0.04837196 0.08732576 0.18761647
v -0.04837196 0.08732576 0.18761647
v -0.07456339 0.06733845 0.18761643
v -0.07456339 0.06733845 0.18761643
v -0.13157170 0.15034304 0.21721915
v -0.13157171 0.15034306 0.14501554
v -0.10960051 0.11339676 0.16845374
v -0.10960051 0.11339676 0.16845374
v -0.08340905 0.13338406 0.16845374
v -0.08340905 0.13338406 0.16845374
v -0.08340905 0.13338406 0.23961445
v -0.08340905 0.13338406 0.23961445
v -0.10960051 0.11339676 0.23961445
v -0.10960051 0.11339676 0.23961445
v -0.24335501 0.34602910 0.02164807
v -0.18543651 0.22115150 0.15012202
v -0.18543650 0.22115147 0.07791836
v -0.16245094 0.18287162 0.18559683
v -0.16245094 0.18287162 0.18559683
v -0.16245094 0.18287162 0.11443617
v -0.16245094 0.18287162 0.11443617
v -0.13625949 0.20285894 0.11443617
v -0.13625949 0.20285894 0.11443617
v -0.13625951 0.20285897 0.18559683
v -0.13625951 0.20285897 0.18559683
v -0.23551146 0.28701372 0.08785686
v -0.23976835 0.29257363 0.01565320
v -0.21529090 0.25233722 0.11397606
v -0.21529090 0.25233722 0.11397606
v -0.21581929 0.25302735 0.04281539
v -0.21581929 0.25302735 0.04281539
v -0.18962784 0.27301468 0.04281539
v -0.18962784 0.27301468 0.04281539
v -0.18909945 0.27232452 0.11397606
v -0.18909945 0.27232452 0.11397606
v -0.28196746 0.34853109 0.07479614
v -0.28196746 0.34853109 0.07479614
v -0.31018400 0.38538462 0.00373747
v -0.31018400 0.38538462 0.00373747
v -0.30967506 0.37673023 0.00373747
v -0.30967506 0.37673023 0.00373747
v -0.24696343 0.34838568 0.00524936
v -0.24696343 0.34838568 0.00524936
v -0.25720341 0.36186854 0.07479614
v -0.25720341 0.36186854 0.07479614
v -0.26039973 0.31173862 0.07641007
v -0.26039973 0.31173862 0.07641007
v -0.04140957 0.07294838 0.26001873
v -0.04140957 0.07294839 0.18781507
v -0.06473676 0.10361344 0.25387971
v -0.06473676 0.10361344 0.18167605
v -0.11177622 0.16544946 0.21721915
v -0.11177619 0.16544945 0.14501549
v -0.16564107 0.23625787 0.15012202
v -0.16564108 0.23625787 0.07791836
v -0.21571594 0.30212011 0.08785686
v -0.21997281 0.30768001 0.01565320
v -0.26236397 0.36349097 0.07479609
v -0.26236397 0.36349097 0.07479609
v -0.29058050 0.40034451 0.00373747
v -0.29058050 0.40034451 0.00373747
v -0.08986200 0.12845967 0.16780374
v -0.05482489 0.08240138 0.18696643
v -0.14271244 0.19793454 0.11378612
v -0.29019050 0.39180278 0.00311303
v -0.19608081 0.26809030 0.04216535
v -0.19554816 0.26739462 0.11451797
v -0.26341560 0.35683217 0.07531673
v -0.14271244 0.19793454 0.18613875
v -0.05482488 0.08240137 0.25931905
v -0.08986201 0.12845968 0.24015636
v -0.03789834 0.07562789 0.18975520
v -0.06668064 0.05366346 0.18975520
v -0.06122563 0.10629286 0.18361618
v -0.09000770 0.08432860 0.18361618
v -0.10826503 0.16812894 0.14695567
v -0.13704720 0.14616457 0.14695567
v -0.16212996 0.23893731 0.07985853
v -0.19091198 0.21697299 0.07985853
v -0.21645717 0.31035370 0.01759333
v -0.24523940 0.28838931 0.01759333
v -0.28805971 0.40220666 0.00509534
v -0.28805971 0.40220666 0.00509534
v -0.31399774 0.38241286 0.00509530
v -0.31399774 0.38241286 0.00509530
v -0.29586528 0.39926289 0.00505316
v -0.29171544 0.40199180 0.00685234
v -0.31129995 0.37523148 0.00685239
v -0.28251764 0.39719583 0.00685234
v -0.31151084 0.38688552 0.00685234
v -0.18848465 0.27387790 0.04598593
v -0.21763687 0.25163114 0.04598593
v -0.13512075 0.20372798 0.11760671
v -0.11142252 0.11200633 0.17162428
v -0.08227030 0.13425308 0.17162428
v -0.16427294 0.18148120 0.11760671
v -0.07638543 0.06594802 0.19078697
v -0.04723319 0.08819476 0.19078701
v -0.28638076 0.39502425 0.02008056
v -0.27759252 0.39076316 0.02008052
v -0.30617616 0.37991792 0.02008056
v -0.18838680 0.27375010 0.05921410
v -0.13512075 0.20372798 0.13083488
v -0.04723319 0.08819476 0.20401518
v -0.27250738 0.32378223 0.02164807
v -0.07638543 0.06594802 0.20401514
v -0.16427295 0.18148122 0.13083488
v -0.11142253 0.11200635 0.18485245
v -0.21753902 0.25150334 0.05921410
v -0.30637478 0.36879872 0.02008056
v -0.08227030 0.13425308 0.18485245
v -0.26907474 0.37982638 0.00984904
v -0.09023545 0.08415481 0.18841206
v -0.10812268 0.16823755 0.15175155
v -0.13727495 0.14599076 0.15175155
v -0.16198760 0.23904592 0.08465441
v -0.19113975 0.21679921 0.08465441
v -0.21613262 0.31022434 0.02238921
v -0.24528497 0.28797754 0.02238921
v -0.28687221 0.40085861 0.00984904
v -0.28687221 0.40085861 0.00984904
v -0.31306371 0.38087113 0.00984904
v -0.31306371 0.38087113 0.00984904
v -0.29480947 0.39788545 0.00984904
v -0.06108328 0.10640149 0.18841206
v -0.06690839 0.05348965 0.19455107
v -0.03775599 0.07573652 0.19455107
v -0.03789834 0.07562789 0.25717366
v -0.06668064 0.05366346 0.25717362
v -0.06122563 0.10629286 0.25103465
v -0.26810184 0.36300114 0.07247167
v -0.28678995 0.34687690 0.07243655
v -0.28678995 0.34687690 0.07243655
v -0.26085199 0.36667075 0.07243655
v -0.26085199 0.36667075 0.07243655
v -0.24116407 0.28306652 0.08501184
v -0.21238183 0.30503092 0.08501180
v -0.19091198 0.21697299 0.14727695
v -0.16212996 0.23893731 0.14727695
v -0.13704720 0.14616457 0.21437409
v -0.10826501 0.16812892 0.21437409
v -0.09000770 0.08432861 0.25103465
v -0.27315499 0.32839824 0.00524936
v -0.27315499 0.32839824 0.00524936
v -0.28373712 0.39652411 0.00373747
v -0.28373712 0.39652411 0.00373747
v -0.23420817 0.33172602 0.07641007
v -0.23420817 0.33172602 0.07641007
v -0.28314134 0.34207464 0.07479609
v -0.28314134 0.34207464 0.07479609
v -0.25341645 0.34346116 0.00459931
v -0.24055939 0.32666860 0.07695194
v -0.27486989 0.32686787 0.00841985
v -0.24571750 0.34911472 0.00841985
v -0.24921243 0.35358972 0.07247167
v -0.29893560 0.35897615 0.00505316
v -0.29822714 0.35757953 0.00984904
v -0.27368735 0.37829082 0.00311312
v -0.27160907 0.33461530 0.07531673
v -0.27015330 0.38094050 0.00505316
v -0.29348278 0.36318447 0.00311307
v -0.25181360 0.34972160 0.07531673
v -0.27799471 0.33162530 0.07247167
v -0.26456283 0.31340586 0.06394598
v -0.08227030 0.13425308 0.22715040
v -0.28981234 0.34716656 0.06237851
v -0.21720989 0.25107345 0.10151206
v -0.11142253 0.11200635 0.22715036
v -0.16427295 0.18148122 0.17313279
v -0.07638543 0.06594802 0.24631309
v -0.04723319 0.08819476 0.24631309
v -0.13512075 0.20372798 0.17313279
v -0.18805767 0.27332021 0.10151201
v -0.28823667 0.35648720 0.06237851
v -0.26103008 0.36913103 0.06237851
v -0.26844122 0.37159347 0.06237851
v -0.23541040 0.33565266 0.06394598
v 0.05671666 -0.06020435 0.26001868
v 0.05671664 -0.06020434 0.18781507
v 0.08004395 -0.09086932 0.25387967
v 0.08004395 -0.09086932 0.18167601
v 0.04421576 -0.08943455 0.25877714
v 0.04421576 -0.08943455 0.25877714
v 0.07002766 -0.06973694 0.25877714
v 0.07002766 -0.06973694 0.25877714
v 0.07002764 -0.06973693 0.18761643
v 0.07002764 -0.06973693 0.18761643
v 0.04421579 -0.08943454 0.18761643
v 0.04421579 -0.08943454 0.18761643
v 0.22211588 -0.27763153 0.01895315
v 0.19880934 -0.29541737 0.02089323
v 0.20336431 -0.29194130 0.09115676
v 0.12708329 -0.15270542 0.21721915
v 0.12708328 -0.15270541 0.14501549
v 0.07925290 -0.13549287 0.16845369
v 0.07925290 -0.13549287 0.16845369
v 0.07925286 -0.13549288 0.23961440
v 0.07925286 -0.13549288 0.23961440
v 0.10506475 -0.11579526 0.16845374
v 0.10506475 -0.11579526 0.16845374
v 0.10506475 -0.11579526 0.23961445
v 0.10506475 -0.11579526 0.23961445
v 0.22211593 -0.27763157 0.09115676
v 0.20336433 -0.29194132 0.01895315
v 0.18038409 -0.22277264 0.15094699
v 0.18038407 -0.22277262 0.07874333
v 0.13203281 -0.20487509 0.18569996
v 0.13203281 -0.20487509 0.18569996
v 0.15784455 -0.18517762 0.18569996
v 0.15784455 -0.18517762 0.18569996
v 0.15784454 -0.18517760 0.11453929
v 0.15784454 -0.18517760 0.11453929
v 0.13203281 -0.20487509 0.11453925
v 0.13203281 -0.20487509 0.11453925
v 0.22754405 -0.27348912 0.02089323
v 0.28380273 -0.39772251 0.02008052
v 0.18096840 -0.27235864 0.04835773
v 0.23989661 -0.30103701 0.07614162
v 0.24364102 -0.30592758 0.00393805
v 0.20968028 -0.30694757 0.00762116
v 0.20968028 -0.30694757 0.00762116
v 0.18248671 -0.27119997 0.11634786
v 0.18248671 -0.27119997 0.11634786
v 0.23549219 -0.28724981 0.00762116
v 0.23549219 -0.28724981 0.00762116
v 0.20829860 -0.25150239 0.11634790
v 0.20829860 -0.25150239 0.11634790
v 0.21012060 -0.25011195 0.04835777
v 0.28191076 -0.35668546 0.07479609
v 0.28191076 -0.35668546 0.07479609
v 0.30607912 -0.38825173 0.00373747
v 0.30607912 -0.38825173 0.00373747
v 0.23502739 -0.28664274 0.07878182
v 0.23502739 -0.28664274 0.07878182
v 0.20829858 -0.25150235 0.04518723
v 0.20829858 -0.25150235 0.04518723
v 0.03796519 -0.07451400 0.26001868
v 0.03796519 -0.07451400 0.18781502
v 0.06129226 -0.10517913 0.25387967
v 0.06129239 -0.10517907 0.18167601
v 0.10833176 -0.16701508 0.21721915
v 0.10833179 -0.16701508 0.14501549
v 0.16163258 -0.23708228 0.15094699
v 0.16163258 -0.23708230 0.07874333
v 0.22114498 -0.31534675 0.07614162
v 0.22488948 -0.32023744 0.00393805
v 0.26337578 -0.37082986 0.07479609
v 0.26337578 -0.37082986 0.07479609
v 0.28754418 -0.40239620 0.00373751
v 0.28754418 -0.40239620 0.00373751
v 0.20921537 -0.30634036 0.07878182
v 0.20921537 -0.30634036 0.07878182
v 0.03341018 -0.07799002 0.18975515
v 0.06214469 -0.05606207 0.18975520
v 0.18248671 -0.27119997 0.04518723
v 0.18248671 -0.27119997 0.04518723
v 0.05673726 -0.10865517 0.18361614
v 0.08547200 -0.08672705 0.18361618
v 0.10377677 -0.17049115 0.14695562
v 0.13251133 -0.14856315 0.14695567
v 0.15707760 -0.24055835 0.08068346
v 0.18581215 -0.21863033 0.08068346
v 0.22033056 -0.32370835 0.00587818
v 0.24906533 -0.30178015 0.00587818
v 0.28432393 -0.40480103 0.00509530
v 0.28432393 -0.40480103 0.00509530
v 0.30984958 -0.38532188 0.00509530
v 0.30984958 -0.38532188 0.00509530
v 0.28835059 -0.40366248 0.00685234
v 0.30710208 -0.38935282 0.00685234
v 0.23731033 -0.28585423 0.01079170
v 0.13051445 -0.20603377 0.11770979
v 0.15966656 -0.18378720 0.11770983
v 0.20815800 -0.30810112 0.01079170
v 0.10688677 -0.11440486 0.17162428
v 0.07773454 -0.13665156 0.17162423
v 0.04269743 -0.09059323 0.19078697
v 0.07184965 -0.06834652 0.19078697
v 0.27028919 -0.32922542 0.02018360
v 0.30255415 -0.38341276 0.02008052
v 0.13051445 -0.20603377 0.13093796
v 0.20807189 -0.30798867 0.02401987
v 0.04269743 -0.09059323 0.20401514
v 0.21012060 -0.25011195 0.06158590
v 0.07773454 -0.13665156 0.18485245
v 0.07184965 -0.06834652 0.20401514
v 0.10688677 -0.11440486 0.18485245
v 0.15966654 -0.18378718 0.13093796
v 0.23722426 -0.28574180 0.02401987
v 0.27481732 -0.39537194 0.02008056
v 0.28065254 -0.39997455 0.00373747
v 0.28065254 -0.39997455 0.00373747
v 0.23362111 -0.33851397 0.07494560
v 0.23362111 -0.33851397 0.07494560
v 0.30617819 -0.38049540 0.00373747
v 0.30617819 -0.38049540 0.00373747
v 0.25943300 -0.31881640 0.07494555
v 0.25943300 -0.31881640 0.07494555
v 0.30781034 -0.37900600 0.00685234
v 0.27907576 -0.40093393 0.00685234
v 0.18096838 -0.27235862 0.06158590
v 0.10358696 -0.17063597 0.15175150
v 0.13273910 -0.14838937 0.15175150
v 0.15688780 -0.24070315 0.08547939
v 0.18603988 -0.21845650 0.08547934
v 0.21998052 -0.32364387 0.01067401
v 0.24913280 -0.30139700 0.01067401
v 0.28324898 -0.40366695 0.00984904
v 0.28324898 -0.40366695 0.00984904
v 0.30906071 -0.38396946 0.00984904
v 0.30906071 -0.38396946 0.00984904
v 0.08569974 -0.08655324 0.18841206
v 0.05654747 -0.10880002 0.18841206
v 0.06237245 -0.05588828 0.19455107
v 0.03322039 -0.07813487 0.19455107
v 0.22777183 -0.27331532 0.02568911
v 0.19880928 -0.29541730 0.08831169
v 0.03341018 -0.07799002 0.25717362
v 0.06214471 -0.05606209 0.25717362
v 0.05673725 -0.10865517 0.25103460
v 0.08547200 -0.08672705 0.25103465
v 0.28654561 -0.35488458 0.07243651
v 0.28654561 -0.35488458 0.07243651
v 0.26101994 -0.37436371 0.07243651
v 0.26101994 -0.37436371 0.07243651
v 0.24548061 -0.29709813 0.07329660
v 0.21674573 -0.31902624 0.07329660
v 0.18581215 -0.21863033 0.14810193
v 0.15707758 -0.24055833 0.14810193
v 0.13251134 -0.14856315 0.21437409
v 0.10377676 -0.17049114 0.21437409
v 0.19861954 -0.29556217 0.02568911
v 0.22754414 -0.27348921 0.08831169
v 0.28726031 -0.36343751 0.06237842
v 0.26049686 -0.37666801 0.06237842
v 0.23693476 -0.28536370 0.06631778
v 0.15966654 -0.18378718 0.17323591
v 0.10688677 -0.11440486 0.22715036
v 0.07184965 -0.06834652 0.24631309
v 0.07773454 -0.13665156 0.22715036
v 0.21012064 -0.25011200 0.10388381
v 0.04269743 -0.09059322 0.24631309
v 0.20778234 -0.30761048 0.06631778
v 0.13051445 -0.20603377 0.17323587
v 0.26331128 -0.32011160 0.06248155
v 0.26850883 -0.37774715 0.06237842
v 0.18096838 -0.27235862 0.10388381
v 0.30355186 -0.37344399 0.02008052
v 0.24113689 -0.35147211 0.02018360
v 0.24482439 -0.35314656 0.00378498
v 0.24482439 -0.35314656 0.00378498
v 0.25770226 -0.36999923 0.07479605
v 0.25770226 -0.36999923 0.07479605
v 0.27063624 -0.33344892 0.00378498
v 0.27063624 -0.33344892 0.00378498
v 0.28322789 -0.35052003 0.07479609
v 0.28322789 -0.35052003 0.07479609
v 0.27236418 -0.33193558 0.00695547
v 0.24321194 -0.35418236 0.00695543
v 0.23415897 -0.34235829 0.06248155
v 0.28923139 -0.35474005 0.06237842
v 0.27752432 -0.33934643 0.07247158
v 0.24878975 -0.36127445 0.07247158
v 0.26607420 -0.38424238 0.00984904
v 0.29522635 -0.36199574 0.00984904
v 0.27165672 -0.38171567 0.00311312
v 0.27130131 -0.34245049 0.07531669
v 0.25254983 -0.35676017 0.07531669
v 0.29040823 -0.36740598 0.00311307
v 0.26708181 -0.38516566 0.00505316
v 0.29581638 -0.36323764 0.00505316
v -0.12893393 -0.08143817 0.24008506
v -0.11382754 -0.10123364 0.16788496
v -0.08287562 -0.04640108 0.25924775
v -0.08555507 -0.04288991 0.18898422
v -0.06776931 -0.06619647 0.18704769
v -0.06359077 -0.07167207 0.25632065
v -0.17912393 -0.15955957 0.18314039
v -0.13161337 -0.07792701 0.16982153
v -0.10964908 -0.10670916 0.23715796
v -0.18330240 -0.15408406 0.11386739
v -0.19840884 -0.13428863 0.18606744
v -0.20108827 -0.13077746 0.11580396
v -0.36506754 -0.26096740 0.07524448
v -0.37634565 -0.30088775 0.00319127
v -0.24874792 -0.21252099 0.11151966
v -0.25342287 -0.20742560 0.04224666
v -0.26801061 -0.18723301 0.11444671
v -0.27120821 -0.18411860 0.04418318
v -0.38435630 -0.30698135 0.00506014
v -0.39397821 -0.27772769 0.00506014
v -0.34706846 -0.28684620 0.07237683
v -0.25290417 -0.20702844 0.11444671
v -0.34999779 -0.28071478 0.07524448
v -0.18330240 -0.15408406 0.18606744
v -0.06776931 -0.06619647 0.25924775
v -0.11382754 -0.10123364 0.24008501
v -0.12893393 -0.08143817 0.16788496
v -0.08287562 -0.04640108 0.18704769
v -0.19840884 -0.13428863 0.11386739
v -0.39141540 -0.28114032 0.00319132
v -0.26852929 -0.18763013 0.04224661
v -0.39942599 -0.28723395 0.00506019
v -0.39851343 -0.28650471 0.00976349
v -0.37228579 -0.30615360 0.00506019
v -0.39302167 -0.27677798 0.00976349
v -0.38340715 -0.30630007 0.00976349
v -0.27129527 -0.18395975 0.04889707
v -0.24924389 -0.21290073 0.04418318
v -0.20119689 -0.13063513 0.12051785
v -0.10964907 -0.10670913 0.16982153
v -0.13172199 -0.07778466 0.17453542
v -0.17912394 -0.15955957 0.11580396
v -0.06359076 -0.07167207 0.18898422
v -0.08566370 -0.04274757 0.19369811
v 0.12208982 0.07973390 0.24008501
v 0.10698346 0.09952938 0.16788496
v 0.07603154 0.04469681 0.25924775
v 0.07871098 0.04118564 0.18898422
v 0.06092522 0.06449221 0.18704765
v 0.05674669 0.06996779 0.25632065
v 0.17227984 0.15785532 0.18314039
v 0.12476927 0.07622274 0.16982153
v 0.10280495 0.10500486 0.23715796
v 0.17645831 0.15237981 0.11386739
v 0.19156473 0.13258437 0.18606744
v 0.19424413 0.12907319 0.11580396
v 0.36357296 0.26334292 0.07524448
v 0.37276350 0.30166494 0.00319127
v 0.24206488 0.21093935 0.11151966
v 0.24671979 0.20582864 0.04224666
v 0.26132846 0.18565209 0.11444671
v 0.26450515 0.18252165 0.04418318
v 0.37779209 0.30549008 0.00506014
v 0.39039809 0.27850649 0.00506014
v 0.34548700 0.28915521 0.07237683
v 0.24622207 0.20544757 0.11444671
v 0.34850328 0.28309034 0.07524448
v 0.17645831 0.15237981 0.18606744
v 0.06092522 0.06449221 0.25924770
v 0.10698345 0.09952937 0.24008501
v 0.12208982 0.07973389 0.16788496
v 0.07603153 0.04469680 0.18704765
v 0.19156470 0.13258436 0.11386739
v 0.38783320 0.28191752 0.00319132
v 0.26182623 0.18603321 0.04224661
v 0.39286171 0.28574265 0.00506019
v 0.39194582 0.28501150 0.00976349
v 0.36870572 0.30693238 0.00506019
v 0.38951051 0.27760965 0.00976349
v 0.37683953 0.30480686 0.00976349
v 0.26459307 0.18236346 0.04889707
v 0.24254083 0.21130377 0.04418318
v 0.19435278 0.12893086 0.12051785
v 0.10280496 0.10500487 0.16982153
v 0.12487789 0.07608039 0.17453542
v 0.17227981 0.15785532 0.11580396
v 0.05674669 0.06996779 0.18898422
v 0.07881960 0.04104330 0.19369811
v -0.08555506 -0.04288991 0.25632069
v -0.13161337 -0.07792701 0.23715796
v -0.20108829 -0.13077747 0.18314039
v -0.27071221 -0.18373886 0.11151966
v -0.35687276 -0.28593888 0.07237683
v -0.36876086 -0.25842032 0.07237683
v -0.37194253 -0.26619157 0.07237683
v -0.06341697 -0.07189981 0.19369811
v -0.17895012 -0.15978732 0.12051785
v -0.10947525 -0.10693689 0.17453542
v -0.24904852 -0.21311195 0.04889707
v -0.37105732 -0.30556033 0.00976349
v -0.32313202 -0.26946582 0.01133104
v -0.33380759 -0.23167951 0.07395363
v -0.34537889 -0.24031347 0.01133104
v -0.32382728 -0.26963732 0.00661715
v -0.34312458 -0.24437576 0.00468058
v -0.31548517 -0.25457546 0.07688068
v -0.31184317 -0.26046180 0.07395358
v -0.34579167 -0.24085500 0.00661720
v -0.32801823 -0.26417125 0.00468058
v -0.33059161 -0.23478001 0.07688068
v 0.07871098 0.04118564 0.25632069
v 0.12476927 0.07622274 0.23715796
v 0.19424415 0.12907320 0.18314039
v 0.26402918 0.18215723 0.11151966
v 0.35330749 0.28674371 0.07237683
v 0.36717942 0.26072933 0.07237683
v 0.36837720 0.26699630 0.07237683
v 0.05657288 0.07019555 0.19369811
v 0.17210601 0.15808306 0.12051785
v 0.10263117 0.10523262 0.17453542
v 0.24234634 0.21151568 0.04889707
v 0.36754616 0.30639195 0.00976349
v 0.31955501 0.27024703 0.01133104
v 0.33073296 0.23284540 0.07395363
v 0.34180179 0.24109458 0.01133104
v 0.32022742 0.27040102 0.00661715
v 0.33952413 0.24513900 0.00468058
v 0.31243415 0.25575935 0.07688068
v 0.30876864 0.26162770 0.07395358
v 0.34219174 0.24161870 0.00661720
v 0.32441783 0.26493454 0.00468058
v 0.32754052 0.23596388 0.07688068
v -0.08592377 0.13146499 0.24008862
v -0.10571926 0.11635863 0.16788496
v -0.05088669 0.08540668 0.25925131
v -0.04737553 0.08808613 0.18898782
v -0.07068208 0.07030038 0.18704769
v -0.31034926 0.37398980 0.00984908
v -0.08241264 0.13414445 0.16982509
v -0.15856970 0.18583349 0.11386739
v -0.13877424 0.20093989 0.18607105
v -0.13526309 0.20361933 0.11580752
v -0.25950636 0.35983700 0.07525151
v -0.30599364 0.37969210 0.00319127
v -0.21193806 0.25598925 0.04224661
v -0.19161045 0.27040062 0.11445027
v -0.18863086 0.27377432 0.04418675
v -0.31151127 0.38694560 0.00506370
v -0.28282570 0.39731437 0.00506370
v -0.21140593 0.25529424 0.11445023
v -0.27925378 0.34476727 0.07525151
v -0.15856971 0.18583351 0.18607105
v -0.07068208 0.07030038 0.25925131
v -0.10571926 0.11635863 0.24008862
v -0.08592380 0.13146501 0.16788496
v -0.05088670 0.08540669 0.18704769
v -0.13877425 0.20093991 0.11386739
v -0.28624626 0.39476188 0.00319132
v -0.19214257 0.27109560 0.04224661
v -0.29176383 0.40201533 0.00506370
v -0.31125163 0.37562195 0.00506370
v -0.29068572 0.40064695 0.00984908
v -0.25720379 0.36384964 0.07246292
v -0.21741301 0.25181004 0.04418675
v -0.31048112 0.38554062 0.00984908
v -0.18846576 0.27385322 0.04898267
v -0.11119475 0.11218014 0.16982509
v -0.13512073 0.20372796 0.12060340
v -0.16404520 0.18165502 0.11580752
v -0.07615767 0.06612183 0.18898778
v -0.04723319 0.08819475 0.19378370
v -0.28156698 0.39595420 0.00984908
v -0.07638542 0.06594801 0.19378370
v -0.16427295 0.18148122 0.12060340
v -0.11142253 0.11200635 0.17462097
v -0.21761798 0.25160649 0.04898262
v -0.28562963 0.34215715 0.07246292
v -0.08227029 0.13425306 0.17462097
v -0.24526149 0.34851914 0.01141659
v -0.27441382 0.32627223 0.01141659
v -0.27473587 0.32716411 0.00662071
v -0.24947815 0.34646649 0.00468058
v -0.25642934 0.31458418 0.07688424
v -0.24595357 0.34912855 0.00662071
v -0.26927370 0.33136016 0.00468058
v -0.23663387 0.32969058 0.07688424
v -0.26243931 0.31110363 0.07403922
v -0.08241264 0.13414445 0.23724355
v -0.21690360 0.25114469 0.11160521
v -0.11119477 0.11218015 0.23724355
v -0.16404518 0.18165500 0.18322598
v -0.07615767 0.06612182 0.25640624
v -0.04737553 0.08808613 0.25640629
v -0.13526307 0.20361933 0.18322598
v -0.18812146 0.27310897 0.11160521
v -0.28381931 0.35077722 0.07246288
v -0.26407184 0.36584690 0.07246288
v -0.23365703 0.33306805 0.07403922
v 0.06619384 -0.07266258 0.18704765
v 0.04744224 -0.08697237 0.25925131
v 0.30774128 -0.37936943 0.00506370
v 0.04288723 -0.09044839 0.18898778
v 0.13525926 -0.20241290 0.18617413
v 0.07792432 -0.13650671 0.16982509
v 0.10123095 -0.11872092 0.16788496
v 0.08247932 -0.13303066 0.24008862
v 0.23165829 -0.29017556 0.00705242
v 0.20835120 -0.30796074 0.00899251
v 0.13070426 -0.20588892 0.11591060
v 0.15401072 -0.18810321 0.11397052
v 0.21243860 -0.30387398 0.07925599
v 0.30711380 -0.38942810 0.00506370
v 0.27940879 -0.40099054 0.00506370
v 0.30252713 -0.38339838 0.00319127
v 0.26070713 -0.36746627 0.07525142
v 0.27940451 -0.35319794 0.07525142
v 0.23119025 -0.28956425 0.07925599
v 0.10123096 -0.11872092 0.24008862
v 0.15401076 -0.18810327 0.18617413
v 0.06619385 -0.07266260 0.25925131
v 0.04744232 -0.08697231 0.18704765
v 0.08247940 -0.13303061 0.16788496
v 0.21290668 -0.30448533 0.00705242
v 0.13525929 -0.20241292 0.11397047
v 0.28841651 -0.40369642 0.00506370
v 0.28382977 -0.39766676 0.00319132
v 0.18096838 -0.27235862 0.05135442
v 0.28747272 -0.40251591 0.00984904
v 0.27196360 -0.33141238 0.00995212
v 0.23708598 -0.28603250 0.00899255
v 0.30622421 -0.38820621 0.00984904
v 0.15943876 -0.18396093 0.11591060
v 0.10665900 -0.11457863 0.16982509
v 0.13051448 -0.20603377 0.12070648
v 0.20814139 -0.30807940 0.01378839
v 0.04269743 -0.09059323 0.19378366
v 0.07162189 -0.06852031 0.18898778
v 0.21012060 -0.25011195 0.05135442
v 0.20446474 -0.25442807 0.04461841
v 0.18115819 -0.27221382 0.04655854
v 0.18571317 -0.26873773 0.11682207
v 0.20446474 -0.25442809 0.11682207
v 0.18571321 -0.26873778 0.04461841
v 0.20989287 -0.25028573 0.04655854
v 0.07773452 -0.13665155 0.17462097
v 0.23729372 -0.28583253 0.01378843
v 0.07184965 -0.06834652 0.19378370
v 0.10688675 -0.11440484 0.17462097
v 0.15966651 -0.18378716 0.12070648
v 0.23663793 -0.28544729 0.07641097
v 0.24281140 -0.35365920 0.00995212
v 0.28349159 -0.35857515 0.07246283
v 0.23268366 -0.34003862 0.07257470
v 0.15943878 -0.18396098 0.18332907
v 0.10665901 -0.11457864 0.23724355
v 0.07162190 -0.06852032 0.25640624
v 0.07792432 -0.13650672 0.23724355
v 0.20989289 -0.25028578 0.11397696
v 0.04288721 -0.09044838 0.25640624
v 0.20790306 -0.30737542 0.07641097
v 0.13070426 -0.20588892 0.18332907
v 0.26141838 -0.31811060 0.07257470
v 0.26479432 -0.37284355 0.07246283
v 0.18115815 -0.27221375 0.11397701
v 0.28558555 -0.35043189 0.07246283
v 0.25725308 -0.37205299 0.07246283
v 0.27825381 -0.39986033 0.00984904
v 0.30698831 -0.37793233 0.00984904
v 0.24805084 -0.35068437 0.00321615
v 0.25552089 -0.32163992 0.07541981
v 0.23676934 -0.33594962 0.07541981
v 0.26680235 -0.33637460 0.00321620
v 0.24348410 -0.35414504 0.00515628
v 0.27221876 -0.33221691 0.00515628
v 0.36400562 0.26790032 0.00000000
v 0.36465059 0.26705794 0.00106093
v 0.36316324 0.26725534 0.00106093
v 0.36446167 0.26730467 0.00031073
v 0.36446167 0.26730467 0.00031073
v 0.36389165 0.26704156 0.00044839
v 0.36389165 0.26704156 0.00044839
v 0.36389165 0.26704156 0.00044839
v 0.36386605 0.26684860 0.00106093
v 0.36386605 0.26684860 0.00106093
v 0.36340997 0.26744424 0.00031073
v 0.36340997 0.26744424 0.00031073
v 0.36316324 0.26725534 0.00396261
v 0.36465059 0.26705794 0.00396261
v 0.36386605 0.26684860 0.00396261
v 0.36386605 0.26684860 0.00396261
v 0.35104865 0.28482334 0.00000000
v 0.35020630 0.28417839 0.00106093
v 0.35040370 0.28566569 0.00106093
v 0.35045303 0.28436731 0.00031073
v 0.35045303 0.28436731 0.00031073
v 0.35018994 0.28493733 0.00044839
v 0.35018994 0.28493733 0.00044839
v 0.35018994 0.28493733 0.00044839
v 0.34999698 0.28496296 0.00106093
v 0.34999698 0.28496296 0.00106093
v 0.35059260 0.28541896 0.00031073
v 0.35059260 0.28541896 0.00031073
v 0.35040370 0.28566569 0.00396261
v 0.35020630 0.28417839 0.00396261
v 0.34999698 0.28496296 0.00396261
v 0.34999698 0.28496296 0.00396261
v 0.38521166 0.28413661 0.00000000
v 0.38605403 0.28478158 0.00106093
v 0.38585661 0.28329423 0.00106093
v 0.38580730 0.28459268 0.00031073
v 0.38580730 0.28459268 0.00031073
v 0.38607039 0.28402262 0.00044839
v 0.38607039 0.28402262 0.00044839
v 0.38607039 0.28402262 0.00044839
v 0.38626335 0.28399704 0.00106093
v 0.38626335 0.28399704 0.00106093
v 0.38566771 0.28354096 0.00031073
v 0.38566771 0.28354096 0.00031073
v 0.38585661 0.28329423 0.00396261
v 0.38605403 0.28478158 0.00396261
v 0.38626335 0.28399704 0.00396261
v 0.38626335 0.28399704 0.00396261
v 0.37225469 0.30105963 0.00000000
v 0.37160974 0.30190200 0.00106093
v 0.37309711 0.30170458 0.00106093
v 0.37179868 0.30165530 0.00031073
v 0.37179868 0.30165530 0.00031073
v 0.37236875 0.30191837 0.00044839
v 0.37236875 0.30191837 0.00044839
v 0.37236875 0.30191837 0.00044839
v 0.37239430 0.30211139 0.00106093
v 0.37239430 0.30211139 0.00106093
v 0.37285038 0.30151573 0.00031073
v 0.37285038 0.30151573 0.00031073
v 0.37309711 0.30170458 0.00396261
v 0.37160974 0.30190200 0.00396261
v 0.37239433 0.30211132 0.00396261
v 0.37239433 0.30211132 0.00396261
v -0.26588000 0.36548391 0.00000000
v -0.26503409 0.36612419 0.00106093
v -0.26523976 0.36463797 0.00106093
v -0.26528183 0.36593662 0.00031073
v -0.26528183 0.36593662 0.00031073
v -0.26502192 0.36536516 0.00044843
v -0.26502192 0.36536516 0.00044843
v -0.26502192 0.36536516 0.00044843
v -0.26482910 0.36533848 0.00106093
v -0.26482910 0.36533848 0.00106093
v -0.26542726 0.36488572 0.00031073
v -0.26542726 0.36488572 0.00031073
v -0.26523976 0.36463797 0.00396266
v -0.26503409 0.36612419 0.00396266
v -0.26482910 0.36533852 0.00396266
v -0.26482910 0.36533852 0.00396266
v -0.28287453 0.35262083 0.00000000
v -0.28223425 0.35177491 0.00106093
v -0.28372047 0.35198058 0.00106093
v -0.28242180 0.35202270 0.00031073
v -0.28242180 0.35202270 0.00031073
v -0.28299326 0.35176279 0.00044843
v -0.28299326 0.35176279 0.00044843
v -0.28299326 0.35176279 0.00044843
v -0.28301996 0.35156994 0.00106093
v -0.28301996 0.35156994 0.00106093
v -0.28347268 0.35216809 0.00031073
v -0.28347268 0.35216809 0.00031073
v -0.28372047 0.35198058 0.00396266
v -0.28223425 0.35177491 0.00396266
v -0.28301996 0.35156994 0.00396266
v -0.28301996 0.35156994 0.00396266
v -0.28199858 0.38677960 0.00000000
v -0.28263889 0.38762553 0.00106093
v -0.28115267 0.38741981 0.00106093
v -0.28245134 0.38737776 0.00031073
v -0.28245134 0.38737776 0.00031073
v -0.28187986 0.38763761 0.00044843
v -0.28187986 0.38763761 0.00044843
v -0.28187986 0.38763761 0.00044843
v -0.28185315 0.38783043 0.00106093
v -0.28185315 0.38783043 0.00106093
v -0.28140044 0.38723231 0.00031073
v -0.28140044 0.38723231 0.00031073
v -0.28115267 0.38741981 0.00396266
v -0.28263889 0.38762553 0.00396266
v -0.28185315 0.38783043 0.00396266
v -0.28185315 0.38783043 0.00396266
v -0.29899312 0.37391652 0.00000000
v -0.29983905 0.37327625 0.00106093
v -0.29963338 0.37476249 0.00106093
v -0.29959130 0.37346380 0.00031073
v -0.29959130 0.37346380 0.00031073
v -0.29985122 0.37403528 0.00044843
v -0.29985122 0.37403528 0.00044843
v -0.29985122 0.37403528 0.00044843
v -0.30004402 0.37406197 0.00106093
v -0.30004402 0.37406197 0.00106093
v -0.29944588 0.37451470 0.00031073
v -0.29944588 0.37451470 0.00031073
v -0.29963338 0.37476249 0.00396266
v -0.29983905 0.37327625 0.00396266
v -0.30004402 0.37406197 0.00396266
v -0.30004402 0.37406197 0.00396266
v -0.36567745 -0.26561377 0.00000005
v -0.36631711 -0.26476737 0.00106098
v -0.36483107 -0.26497414 0.00106098
v -0.36612974 -0.26501527 0.00031078
v -0.36612974 -0.26501527 0.00031078
v -0.36555805 -0.26475574 0.00044848
v -0.36555805 -0.26475574 0.00044848
v -0.36555805 -0.26475574 0.00044848
v -0.36553125 -0.26456296 0.00106098
v -0.36553125 -0.26456296 0.00106098
v -0.36507892 -0.26516146 0.00031078
v -0.36507892 -0.26516146 0.00031078
v -0.36483107 -0.26497414 0.00396266
v -0.36631711 -0.26476737 0.00396266
v -0.36553125 -0.26456296 0.00396266
v -0.36553125 -0.26456296 0.00396266
v -0.35282677 -0.28261766 0.00000005
v -0.35198036 -0.28197801 0.00106098
v -0.35218711 -0.28346407 0.00106098
v -0.35222828 -0.28216535 0.00031078
v -0.35222828 -0.28216535 0.00031078
v -0.35196877 -0.28273704 0.00044848
v -0.35196877 -0.28273704 0.00044848
v -0.35196877 -0.28273704 0.00044848
v -0.35177597 -0.28276388 0.00106098
v -0.35177597 -0.28276388 0.00106098
v -0.35237448 -0.28321619 0.00031078
v -0.35237448 -0.28321619 0.00031078
v -0.35218711 -0.28346407 0.00396266
v -0.35198036 -0.28197801 0.00396266
v -0.35177597 -0.28276388 0.00396266
v -0.35177597 -0.28276388 0.00396266
v -0.38698488 -0.28171685 0.00000005
v -0.38783127 -0.28235649 0.00106098
v -0.38762451 -0.28087042 0.00106098
v -0.38758336 -0.28216914 0.00031078
v -0.38758336 -0.28216914 0.00031078
v -0.38784285 -0.28159750 0.00044848
v -0.38784285 -0.28159750 0.00044848
v -0.38784285 -0.28159750 0.00044848
v -0.38803567 -0.28157068 0.00106098
v -0.38803567 -0.28157068 0.00106098
v -0.38743719 -0.28111837 0.00031078
v -0.38743719 -0.28111837 0.00031078
v -0.38762451 -0.28087042 0.00396266
v -0.38783127 -0.28235649 0.00396266
v -0.38803567 -0.28157068 0.00396266
v -0.38803567 -0.28157068 0.00396266
v -0.37413411 -0.29872074 0.00000005
v -0.37349449 -0.29956715 0.00106098
v -0.37498058 -0.29936042 0.00106098
v -0.37368191 -0.29931927 0.00031078
v -0.37368191 -0.29931927 0.00031078
v -0.37425355 -0.29957873 0.00044848
v -0.37425355 -0.29957873 0.00044848
v -0.37425355 -0.29957873 0.00044848
v -0.37428037 -0.29977157 0.00106098
v -0.37428037 -0.29977157 0.00106098
v -0.37473266 -0.29917307 0.00031078
v -0.37473266 -0.29917307 0.00031078
v -0.37498058 -0.29936042 0.00396266
v -0.37349449 -0.29956715 0.00396266
v -0.37428032 -0.29977153 0.00396266
v -0.37428032 -0.29977153 0.00396266
v 0.26276028 -0.36773315 0.00000009
v 0.26190896 -0.36836622 0.00106102
v 0.26212725 -0.36688181 0.00106102
v 0.26215831 -0.36818077 0.00031082
v 0.26215831 -0.36818077 0.00031082
v 0.26190324 -0.36760708 0.00044848
v 0.26190324 -0.36760708 0.00044848
v 0.26190324 -0.36760708 0.00044848
v 0.26171066 -0.36757877 0.00106102
v 0.26171066 -0.36757877 0.00106102
v 0.26231264 -0.36713117 0.00031082
v 0.26231264 -0.36713117 0.00031082
v 0.26212725 -0.36688181 0.00396266
v 0.26190896 -0.36836622 0.00396266
v 0.26171068 -0.36757882 0.00396266
v 0.26171068 -0.36757882 0.00396266
v 0.27986367 -0.35501518 0.00000009
v 0.27923061 -0.35416386 0.00106102
v 0.28071501 -0.35438213 0.00106102
v 0.27941602 -0.35441318 0.00031082
v 0.27941602 -0.35441318 0.00031082
v 0.27998971 -0.35415816 0.00044848
v 0.27998971 -0.35415816 0.00044848
v 0.27998971 -0.35415816 0.00044848
v 0.28001802 -0.35396556 0.00106102
v 0.28001802 -0.35396556 0.00106102
v 0.28046566 -0.35456754 0.00031082
v 0.28046566 -0.35456754 0.00031082
v 0.28071501 -0.35438213 0.00396266
v 0.27923061 -0.35416386 0.00396266
v 0.28001802 -0.35396556 0.00396266
v 0.28001802 -0.35396556 0.00396266
v 0.27869708 -0.38916523 0.00000009
v 0.27933014 -0.39001657 0.00106102
v 0.27784574 -0.38979833 0.00106102
v 0.27914473 -0.38976723 0.00031082
v 0.27914473 -0.38976723 0.00031082
v 0.27857103 -0.39002221 0.00044848
v 0.27857103 -0.39002221 0.00044848
v 0.27857103 -0.39002221 0.00044848
v 0.27854275 -0.39021485 0.00106102
v 0.27854275 -0.39021485 0.00106102
v 0.27809511 -0.38961290 0.00031082
v 0.27809511 -0.38961290 0.00031082
v 0.27784574 -0.38979833 0.00396266
v 0.27933014 -0.39001657 0.00396266
v 0.27854275 -0.39021485 0.00396266
v 0.27854275 -0.39021485 0.00396266
v 0.29580047 -0.37644724 0.00000009
v 0.29665181 -0.37581421 0.00106102
v 0.29643352 -0.37729865 0.00106102
v 0.29640247 -0.37599962 0.00031082
v 0.29640247 -0.37599962 0.00031082
v 0.29665751 -0.37657333 0.00044848
v 0.29665751 -0.37657333 0.00044848
v 0.29665751 -0.37657333 0.00044848
v 0.29685011 -0.37660162 0.00106102
v 0.29685011 -0.37660162 0.00106102
v 0.29624811 -0.37704924 0.00031082
v 0.29624811 -0.37704924 0.00031082
v 0.29643352 -0.37729865 0.00396266
v 0.29665181 -0.37581421 0.00396266
v 0.29685009 -0.37660157 0.00396266
v 0.29685009 -0.37660157 0.00396266
vt 0.06043696 0.55029923
vt 0.06043696 0.55029923
vt 0.67891037 0.17511123
vt 0.06653357 0.55029923
vt 0.06653357 0.55029923
vt 0.06043696 0.55965859
vt 0.06043696 0.55965859
vt 0.66955137 0.17511123
vt 0.06653357 0.55965859
vt 0.06653357 0.55965859
vt 0.06043696 0.56901801
vt 0.66487181 0.16700602
vt 0.06043696 0.56901801
vt 0.06653357 0.56901801
vt 0.06653357 0.56901801
vt 0.66955137 0.15890014
vt 0.06043696 0.57837713
vt 0.06043696 0.57837713
vt 0.06653357 0.57837713
vt 0.06653357 0.57837713
vt 0.67891037 0.15890014
vt 0.06043696 0.58773685
vt 0.06043696 0.58773685
vt 0.06653357 0.58773685
vt 0.06653357 0.58773685
vt 0.06043696 0.54093963
vt 0.68359017 0.16700602
vt 0.06043696 0.59709620
vt 0.06653357 0.54093963
vt 0.06653357 0.59709620
vt 0.06619456 0.48759645
vt 0.38559568 0.00861883
vt 0.06043050 0.48759645
vt 0.06619456 0.48610216
vt 0.38502419 0.00999898
vt 0.06043050 0.48610216
vt 0.06619456 0.48460871
vt 0.38396776 0.01105511
vt 0.06043050 0.48460871
vt 0.06619456 0.48311478
vt 0.38258743 0.01162708
vt 0.06043050 0.48311478
vt 0.38109350 0.01162708
vt 0.06619456 0.48162061
vt 0.06043050 0.48162061
vt 0.37971330 0.01105511
vt 0.06619456 0.48012680
vt 0.06043050 0.48012680
vt 0.37865674 0.00999898
vt 0.06619456 0.47863299
vt 0.06043050 0.47863299
vt 0.37808526 0.00861883
vt 0.06619456 0.47713929
vt 0.06043050 0.47713929
vt 0.37808526 0.00712478
vt 0.06619456 0.47564524
vt 0.06043050 0.47564524
vt 0.37865674 0.00574458
vt 0.06619456 0.47415119
vt 0.06043050 0.47415119
vt 0.37971330 0.00468832
vt 0.06619456 0.47265726
vt 0.06043050 0.47265726
vt 0.38109350 0.00411665
vt 0.06619456 0.47116381
vt 0.06043050 0.47116345
vt 0.38258743 0.00411665
vt 0.06619456 0.46966976
vt 0.06043050 0.46966976
vt 0.06619456 0.46817523
vt 0.38396776 0.00468832
vt 0.06043050 0.46817523
vt 0.06619456 0.46668142
vt 0.38502419 0.00574458
vt 0.06043050 0.46668142
vt 0.06619456 0.48909038
vt 0.06619456 0.46518797
vt 0.38559568 0.00712478
vt 0.06043050 0.48909038
vt 0.06043050 0.46518797
vt 0.96982330 0.63927948
vt 0.00411916 0.10192859
vt 0.96873742 0.63927948
vt 0.96982330 0.63344979
vt 0.00592589 0.09638739
vt 0.96873742 0.63344979
vt 0.96982330 0.62762034
vt 0.00935626 0.09167516
vt 0.96873742 0.62762034
vt 0.96982330 0.62179041
vt 0.01407528 0.08825362
vt 0.96873742 0.62179041
vt 0.96982330 0.61596107
vt 0.01962066 0.08645809
vt 0.96873742 0.61596107
vt 0.02544904 0.08646405
vt 0.96982330 0.61013174
vt 0.96873742 0.61013174
vt 0.03099060 0.08827066
vt 0.96982330 0.60430205
vt 0.96873742 0.60430205
vt 0.03570271 0.09170163
vt 0.96982330 0.59847212
vt 0.96873742 0.59847212
vt 0.03912401 0.09642017
vt 0.96982330 0.59264302
vt 0.96873742 0.59264302
vt 0.04091978 0.10196543
vt 0.96982330 0.58681333
vt 0.96873742 0.58681333
vt 0.04091382 0.10779381
vt 0.96982330 0.58098364
vt 0.96873778 0.58098364
vt 0.03910732 0.11333549
vt 0.96982330 0.57515419
vt 0.96873778 0.57515419
vt 0.03567648 0.11804760
vt 0.96982330 0.56932497
vt 0.96873778 0.56932497
vt 0.03095770 0.12146854
vt 0.96982330 0.56349516
vt 0.96873778 0.56349516
vt 0.02541208 0.12326443
vt 0.96982330 0.55766571
vt 0.96873778 0.55766571
vt 0.96982330 0.55183578
vt 0.01958346 0.12325883
vt 0.96873742 0.55183578
vt 0.96982330 0.54600644
vt 0.01404214 0.12145150
vt 0.96873742 0.54600644
vt 0.96982330 0.54017711
vt 0.00933051 0.11802137
vt 0.96873742 0.54017711
vt 0.96982330 0.65093851
vt 0.96982330 0.53434741
vt 0.00590873 0.11330223
vt 0.96873742 0.53434741
vt 0.96873778 0.65093851
vt 0.96982330 0.64510906
vt 0.00411320 0.10775745
vt 0.96873742 0.64510906
vt 0.98028767 0.79282236
vt 0.52937365 0.39450550
vt 0.98160183 0.79282236
vt 0.98028767 0.79691172
vt 0.52937329 0.39041662
vt 0.98160183 0.79691124
vt 0.98028767 0.80100060
vt 0.53063643 0.38652766
vt 0.98160183 0.80100060
vt 0.98028767 0.80508924
vt 0.53303981 0.38321948
vt 0.98160183 0.80508924
vt 0.98028767 0.80917811
vt 0.53634763 0.38081598
vt 0.98160183 0.80917811
vt 0.54023588 0.37955201
vt 0.98028767 0.81326747
vt 0.98160183 0.81326747
vt 0.54432523 0.37955165
vt 0.98028767 0.81735635
vt 0.98160183 0.81735635
vt 0.54821408 0.38081479
vt 0.98028767 0.82144523
vt 0.98160183 0.82144523
vt 0.55152214 0.38321805
vt 0.98028767 0.82553387
vt 0.98160183 0.82553387
vt 0.55392599 0.38652587
vt 0.98028767 0.82962275
vt 0.98160183 0.82962275
vt 0.55518985 0.39041471
vt 0.98028767 0.83371162
vt 0.98160183 0.83371162
vt 0.55519044 0.39450371
vt 0.98028767 0.83780050
vt 0.98160183 0.83780050
vt 0.55392683 0.39839268
vt 0.98028767 0.84188938
vt 0.98160183 0.84188938
vt 0.55152369 0.40170085
vt 0.98028767 0.84597826
vt 0.98160183 0.84597826
vt 0.54821587 0.40410447
vt 0.98028767 0.85006714
vt 0.98160183 0.85006714
vt 0.54432738 0.40536833
vt 0.98028767 0.85415626
vt 0.98160183 0.85415626
vt 0.98028767 0.85824537
vt 0.54023826 0.40536845
vt 0.98160183 0.85824537
vt 0.98028767 0.86233401
vt 0.53634942 0.40410554
vt 0.98160183 0.86233401
vt 0.98028767 0.86642289
vt 0.98028767 0.78464484
vt 0.53304136 0.40170217
vt 0.98160183 0.86642289
vt 0.98160183 0.78464484
vt 0.98028767 0.78873348
vt 0.53063750 0.39839399
vt 0.98160183 0.78873348
vt 0.96036041 0.60957944
vt 0.02032614 0.14723098
vt 0.96036041 0.60957944
vt 0.95426452 0.60957944
vt 0.95426452 0.60957944
vt 0.96036041 0.61893904
vt 0.96036041 0.61893904
vt 0.02032876 0.13787198
vt 0.95426452 0.61893904
vt 0.95426452 0.61893904
vt 0.96036041 0.62829864
vt 0.96036041 0.62829864
vt 0.01222426 0.13318992
vt 0.95426452 0.62829864
vt 0.95426452 0.62829864
vt 0.96036041 0.63765788
vt 0.00411820 0.13786745
vt 0.96036041 0.63765788
vt 0.95426452 0.63765788
vt 0.95426452 0.63765788
vt 0.00411552 0.14722681
vt 0.96036041 0.64701736
vt 0.96036041 0.64701736
vt 0.95426452 0.64701736
vt 0.95426452 0.64701736
vt 0.01221955 0.15190828
vt 0.96036041 0.60022044
vt 0.96036041 0.65637672
vt 0.95426452 0.60022044
vt 0.95426452 0.65637672
vt 0.36928415 0.00574672
vt 0.07442904 0.49778378
vt 0.08019304 0.49778378
vt 0.07442904 0.49628901
vt 0.36822784 0.00469065
vt 0.08019304 0.49628901
vt 0.07442904 0.49479520
vt 0.36684752 0.00411886
vt 0.08019304 0.49479520
vt 0.07442904 0.49330175
vt 0.36535358 0.00411886
vt 0.08019304 0.49330175
vt 0.07442904 0.49180770
vt 0.36397338 0.00469065
vt 0.08019304 0.49180770
vt 0.07442904 0.49031341
vt 0.36291730 0.00574672
vt 0.08019304 0.49031341
vt 0.07442904 0.48881960
vt 0.36234558 0.00712693
vt 0.08019304 0.48881960
vt 0.07442904 0.48732579
vt 0.36234534 0.00862116
vt 0.08019304 0.48732579
vt 0.07442904 0.48583186
vt 0.36291718 0.01000112
vt 0.08019304 0.48583186
vt 0.36397302 0.01105744
vt 0.07442904 0.48433805
vt 0.08019304 0.48433805
vt 0.36535358 0.01162916
vt 0.07442904 0.48284423
vt 0.08019304 0.48284423
vt 0.36684752 0.01162916
vt 0.07442904 0.48135042
vt 0.08019304 0.48135042
vt 0.36822736 0.01105785
vt 0.07442904 0.47985661
vt 0.08019304 0.47985661
vt 0.36928380 0.01000112
vt 0.07442904 0.50226438
vt 0.07442904 0.47836268
vt 0.08019304 0.50226438
vt 0.08019304 0.47836268
vt 0.36985588 0.00862116
vt 0.07442904 0.50077152
vt 0.08019304 0.50077152
vt 0.36985588 0.00712693
vt 0.07442904 0.49927711
vt 0.08019304 0.49927711
vt 0.13410497 0.78799415
vt 0.37423450 0.87637448
vt 0.37532061 0.87637448
vt 0.37423450 0.87054646
vt 0.13067770 0.78328013
vt 0.37532061 0.87054646
vt 0.37423450 0.86471868
vt 0.12596083 0.77985549
vt 0.37532061 0.86471868
vt 0.37423450 0.85889077
vt 0.12041712 0.77805650
vt 0.37532061 0.85889077
vt 0.37423450 0.85306263
vt 0.11458874 0.77805841
vt 0.37532061 0.85306263
vt 0.37423450 0.84723449
vt 0.10904551 0.77986026
vt 0.37532061 0.84723449
vt 0.37423450 0.84140658
vt 0.10433125 0.78328800
vt 0.37532061 0.84140658
vt 0.37423450 0.83557916
vt 0.10090685 0.78800476
vt 0.37532061 0.83557916
vt 0.37423450 0.82975090
vt 0.09910703 0.79354846
vt 0.37532061 0.82975090
vt 0.37423450 0.82392275
vt 0.09910870 0.79937673
vt 0.37532061 0.82392275
vt 0.37423450 0.81809556
vt 0.10091162 0.80491984
vt 0.37532061 0.81809556
vt 0.10433888 0.80963457
vt 0.37423450 0.81226742
vt 0.37532061 0.81226742
vt 0.10905552 0.81305885
vt 0.37423450 0.80643928
vt 0.37532061 0.80643928
vt 0.11459899 0.81485868
vt 0.37423450 0.80061102
vt 0.37532061 0.80061102
vt 0.12042785 0.81485617
vt 0.37423450 0.79478288
vt 0.37532061 0.79478288
vt 0.12597084 0.81305373
vt 0.37423450 0.78895509
vt 0.37532061 0.78895509
vt 0.13068533 0.80962670
vt 0.37423450 0.78312755
vt 0.37532061 0.78312755
vt 0.13411021 0.80491006
vt 0.37423450 0.77729917
vt 0.37532061 0.77729917
vt 0.13590908 0.79936612
vt 0.37423450 0.88802981
vt 0.37423450 0.77147126
vt 0.37532026 0.77147126
vt 0.37532061 0.88802981
vt 0.13590789 0.79353738
vt 0.37423450 0.88220215
vt 0.37532061 0.88220215
vt 0.70491123 0.40411490
vt 0.11554936 0.68949413
vt 0.11686310 0.68949413
vt 0.11554936 0.68540454
vt 0.70821953 0.40171152
vt 0.11686310 0.68540454
vt 0.11554936 0.68131542
vt 0.71062291 0.39840347
vt 0.11686310 0.68131542
vt 0.11554936 0.67722631
vt 0.71188688 0.39451462
vt 0.11686310 0.67722631
vt 0.11554936 0.67313647
vt 0.71188712 0.39042574
vt 0.11686310 0.67313647
vt 0.11554936 0.66904759
vt 0.71062374 0.38653702
vt 0.11686310 0.66904759
vt 0.11554936 0.66495872
vt 0.70822036 0.38322872
vt 0.11686310 0.66495872
vt 0.11554936 0.66086984
vt 0.70491266 0.38082522
vt 0.11686310 0.66086984
vt 0.11554936 0.65678000
vt 0.70102417 0.37956160
vt 0.11686310 0.65678000
vt 0.11554936 0.65269113
vt 0.69693482 0.37956113
vt 0.11686310 0.65269113
vt 0.11554936 0.64860129
vt 0.69304597 0.38082486
vt 0.11686310 0.64860129
vt 0.68973768 0.38322753
vt 0.11554936 0.64451218
vt 0.11686310 0.64451218
vt 0.68733442 0.38653547
vt 0.11554936 0.64042330
vt 0.11686310 0.64042330
vt 0.68607068 0.39042431
vt 0.11554936 0.63633418
vt 0.11686310 0.63633418
vt 0.68607008 0.39451307
vt 0.11554936 0.63224483
vt 0.11686310 0.63224483
vt 0.68733358 0.39840204
vt 0.11554936 0.62815571
vt 0.11686310 0.62815571
vt 0.68973696 0.40171057
vt 0.11554936 0.62406611
vt 0.11686310 0.62406611
vt 0.69304454 0.40411371
vt 0.11554936 0.70176148
vt 0.11554936 0.61997700
vt 0.11686310 0.70176148
vt 0.11686310 0.61997700
vt 0.69693339 0.40537781
vt 0.11554936 0.69767213
vt 0.11686310 0.69767213
vt 0.70102239 0.40537781
vt 0.11554936 0.69358277
vt 0.11686310 0.69358277
vt 0.80055821 0.44872326
vt 0.65720224 0.00943673
vt 0.80055821 0.50488001
vt 0.79446185 0.44872338
vt 0.79446185 0.50488001
vt 0.66530752 0.00475633
vt 0.80055821 0.49552065
vt 0.80055821 0.49552065
vt 0.79446185 0.49552065
vt 0.79446185 0.49552065
vt 0.67341280 0.00943565
vt 0.80055821 0.48616117
vt 0.80055821 0.48616117
vt 0.79446185 0.48616141
vt 0.79446185 0.48616141
vt 0.80055821 0.47680169
vt 0.67341352 0.01879513
vt 0.80055821 0.47680169
vt 0.79446185 0.47680169
vt 0.79446185 0.47680169
vt 0.80055821 0.46744221
vt 0.80055821 0.46744221
vt 0.66530871 0.02347517
vt 0.79446185 0.46744221
vt 0.79446185 0.46744221
vt 0.80055821 0.45808250
vt 0.80055821 0.45808250
vt 0.65720296 0.01879597
vt 0.79446185 0.45808250
vt 0.79446185 0.45808250
vt 0.12742352 0.53699243
vt 0.16154760 0.01162201
vt 0.12165904 0.53699243
vt 0.16016752 0.01105028
vt 0.12742352 0.53549826
vt 0.12165904 0.53549826
vt 0.15911114 0.00999385
vt 0.12742352 0.53400433
vt 0.12165904 0.53400433
vt 0.15853930 0.00861406
vt 0.12742352 0.53251016
vt 0.12165904 0.53251016
vt 0.15853930 0.00712007
vt 0.12742352 0.53101671
vt 0.12165904 0.53101671
vt 0.15911090 0.00573981
vt 0.12742352 0.52952242
vt 0.12165904 0.52952242
vt 0.16016752 0.00468332
vt 0.12742352 0.52802861
vt 0.12165904 0.52802861
vt 0.16154760 0.00411183
vt 0.12742352 0.52653456
vt 0.12165904 0.52653456
vt 0.16304147 0.00411183
vt 0.12742352 0.52504075
vt 0.12165904 0.52504075
vt 0.12742352 0.52354693
vt 0.16442180 0.00468314
vt 0.12165904 0.52354693
vt 0.12742352 0.52205312
vt 0.16547823 0.00573963
vt 0.12165904 0.52205312
vt 0.12742352 0.52055919
vt 0.16604978 0.00712007
vt 0.12165904 0.52055919
vt 0.12742352 0.51906538
vt 0.16604960 0.00861377
vt 0.12165904 0.51906538
vt 0.12742352 0.51757121
vt 0.16547805 0.00999403
vt 0.12165904 0.51757121
vt 0.12742352 0.51607776
vt 0.16442156 0.01105052
vt 0.12165904 0.51607776
vt 0.12742352 0.53848624
vt 0.12742352 0.51458287
vt 0.16304147 0.01162201
vt 0.12165904 0.53848624
vt 0.12165904 0.51458287
vt 0.62970114 0.78717840
vt 0.66057193 0.81485319
vt 0.63078737 0.78717840
vt 0.65474331 0.81485593
vt 0.62970114 0.79300559
vt 0.63078737 0.79300559
vt 0.64919913 0.81305730
vt 0.62970114 0.79883301
vt 0.63078737 0.79883301
vt 0.64448202 0.80963337
vt 0.62970114 0.80466068
vt 0.63078737 0.80466068
vt 0.64105380 0.80491984
vt 0.62970114 0.81048810
vt 0.63078737 0.81048810
vt 0.63925004 0.79937720
vt 0.62970114 0.81631553
vt 0.63078737 0.81631553
vt 0.63924694 0.79354823
vt 0.62970114 0.82214320
vt 0.63078737 0.82214320
vt 0.64104581 0.78800392
vt 0.62970114 0.82797110
vt 0.63078737 0.82797110
vt 0.64446938 0.78328729
vt 0.62970114 0.83379829
vt 0.63078737 0.83379829
vt 0.64918315 0.77985895
vt 0.62970114 0.83962619
vt 0.63078737 0.83962619
vt 0.65472567 0.77805507
vt 0.62970114 0.84545362
vt 0.63078737 0.84545362
vt 0.62970114 0.85128176
vt 0.66055417 0.77805233
vt 0.63078737 0.85128176
vt 0.62970114 0.85710943
vt 0.66609848 0.77985084
vt 0.63078737 0.85710943
vt 0.62970114 0.86293757
vt 0.67081559 0.78327465
vt 0.63078737 0.86293757
vt 0.62970114 0.86876523
vt 0.67424393 0.78798866
vt 0.63078737 0.86876523
vt 0.62970114 0.87459314
vt 0.67604780 0.79353118
vt 0.63078737 0.87459314
vt 0.62970114 0.88042080
vt 0.67605054 0.79935968
vt 0.63078737 0.88042080
vt 0.62970114 0.88624871
vt 0.67425179 0.80490375
vt 0.63078737 0.88624871
vt 0.62970114 0.89207685
vt 0.67082798 0.80962110
vt 0.63078737 0.89207685
vt 0.62970114 0.89790475
vt 0.62970114 0.78135073
vt 0.66611397 0.81304896
vt 0.63078737 0.89790475
vt 0.63078737 0.78135073
vt 0.14413714 0.79532009
vt 0.40566260 0.02867037
vt 0.14545131 0.79532009
vt 0.40235627 0.02626508
vt 0.14413714 0.79940885
vt 0.14545131 0.79940885
vt 0.39995503 0.02295572
vt 0.14413714 0.80349773
vt 0.14545131 0.80349773
vt 0.39869350 0.01906604
vt 0.14413714 0.80758685
vt 0.14545131 0.80758685
vt 0.39869589 0.01497698
vt 0.14413714 0.81167537
vt 0.14545131 0.81167537
vt 0.39996159 0.01108897
vt 0.14413714 0.81576449
vt 0.14545131 0.81576449
vt 0.40236717 0.00778240
vt 0.14413714 0.81985313
vt 0.14545131 0.81985313
vt 0.40567625 0.00538111
vt 0.14413714 0.82394212
vt 0.14545131 0.82394212
vt 0.40956581 0.00411999
vt 0.14413714 0.82803053
vt 0.14545131 0.82803053
vt 0.41365492 0.00412214
vt 0.14413714 0.83211941
vt 0.14545131 0.83211941
vt 0.14413714 0.83620852
vt 0.41754299 0.00538808
vt 0.14545131 0.83620852
vt 0.14413714 0.84029728
vt 0.42084956 0.00779349
vt 0.14545131 0.84029728
vt 0.14413714 0.84438592
vt 0.42325079 0.01110315
vt 0.14545131 0.84438592
vt 0.14413714 0.84847468
vt 0.42451251 0.01499248
vt 0.14545131 0.84847468
vt 0.14413714 0.85256404
vt 0.42451018 0.01908153
vt 0.14545131 0.85256404
vt 0.14413714 0.85665268
vt 0.42324418 0.02296913
vt 0.14545131 0.85665268
vt 0.14413714 0.86074144
vt 0.42083907 0.02627599
vt 0.14545131 0.86074144
vt 0.14413714 0.86482972
vt 0.41752940 0.02867740
vt 0.14545131 0.86482972
vt 0.14413714 0.86891872
vt 0.41363972 0.02993906
vt 0.14545131 0.86891872
vt 0.14413714 0.87300771
vt 0.14413714 0.79123133
vt 0.40955073 0.02993631
vt 0.14545131 0.87300771
vt 0.14545131 0.79123133
vt 0.15119553 0.01221859
vt 0.96049368 0.54370981
vt 0.96049368 0.54370981
vt 0.95439768 0.54370981
vt 0.95439768 0.54370981
vt 0.14650965 0.00411713
vt 0.96049368 0.55306894
vt 0.96049368 0.55306894
vt 0.95439768 0.55306894
vt 0.95439768 0.55306894
vt 0.96049368 0.56242841
vt 0.13715029 0.00412428
vt 0.96049368 0.56242841
vt 0.95439768 0.56242841
vt 0.95439768 0.56242841
vt 0.96049368 0.57178801
vt 0.96049368 0.57178801
vt 0.13247705 0.01223350
vt 0.95439768 0.57178801
vt 0.95439768 0.57178801
vt 0.96049368 0.58114737
vt 0.96049368 0.58114737
vt 0.13716328 0.02033508
vt 0.95439768 0.58114737
vt 0.95439768 0.58114737
vt 0.96049368 0.59050685
vt 0.14652240 0.02032828
vt 0.96049368 0.53434986
vt 0.95439768 0.59050685
vt 0.95439768 0.53434986
vt 0.17878354 0.01162255
vt 0.26772416 0.62770939
vt 0.27348816 0.62770939
vt 0.18016243 0.01104844
vt 0.26772416 0.62621558
vt 0.27348816 0.62621558
vt 0.18121707 0.00999039
vt 0.26772416 0.62472177
vt 0.27348816 0.62472177
vt 0.18178606 0.00860864
vt 0.26772416 0.62322688
vt 0.27348816 0.62322688
vt 0.18178356 0.00711519
vt 0.26772416 0.62173343
vt 0.27348816 0.62173343
vt 0.26772416 0.62024021
vt 0.18120921 0.00573599
vt 0.27348816 0.62024021
vt 0.26772416 0.61874521
vt 0.18015110 0.00468135
vt 0.27348816 0.61874521
vt 0.26772416 0.61725175
vt 0.17876959 0.00411242
vt 0.27348816 0.61725175
vt 0.26772404 0.61575747
vt 0.17727602 0.00411516
vt 0.27348816 0.61575747
vt 0.26772404 0.61426365
vt 0.17589664 0.00468934
vt 0.27348816 0.61426365
vt 0.26772404 0.61276984
vt 0.17484212 0.00574797
vt 0.27348816 0.61276984
vt 0.26772404 0.61127603
vt 0.17427289 0.00712895
vt 0.27348816 0.61127603
vt 0.26772404 0.60978210
vt 0.17427552 0.00862294
vt 0.27348816 0.60978210
vt 0.17484975 0.01000178
vt 0.26772404 0.60828829
vt 0.27348816 0.60828829
vt 0.17590785 0.01105648
vt 0.26772404 0.60679412
vt 0.26772416 0.63069665
vt 0.27348816 0.63069665
vt 0.27348816 0.60679412
vt 0.17728949 0.01162559
vt 0.26772416 0.62920320
vt 0.27348816 0.62920320
vt 0.56032300 0.80490863
vt 0.41632998 0.78312385
vt 0.41524374 0.78312385
vt 0.56374860 0.80962455
vt 0.41632998 0.78895104
vt 0.41524374 0.78895104
vt 0.56846380 0.81305075
vt 0.41632998 0.79477918
vt 0.41524374 0.79477918
vt 0.57400715 0.81485260
vt 0.41632998 0.80060732
vt 0.41524374 0.80060732
vt 0.57983565 0.81485295
vt 0.41632998 0.80643523
vt 0.41524374 0.80643523
vt 0.58537924 0.81305230
vt 0.41632998 0.81226337
vt 0.41524374 0.81226337
vt 0.41632998 0.81809103
vt 0.59009445 0.80962729
vt 0.41524374 0.81809103
vt 0.41632998 0.82391870
vt 0.59352136 0.80491161
vt 0.41524374 0.82391870
vt 0.41632998 0.82974637
vt 0.59532273 0.79936910
vt 0.41524374 0.82974637
vt 0.41632998 0.83557475
vt 0.59532356 0.79354012
vt 0.41524374 0.83557475
vt 0.41632998 0.84140289
vt 0.59352326 0.78799701
vt 0.41524374 0.84140289
vt 0.41632998 0.84723032
vt 0.59009767 0.78328133
vt 0.41524374 0.84723032
vt 0.41632998 0.85305822
vt 0.58538294 0.77985442
vt 0.41524374 0.85305822
vt 0.41632998 0.85888636
vt 0.57983899 0.77805269
vt 0.41524374 0.85888636
vt 0.41632998 0.86471355
vt 0.57401073 0.77805197
vt 0.41524374 0.86471355
vt 0.41632998 0.87054193
vt 0.56846738 0.77985263
vt 0.41524374 0.87054193
vt 0.56375110 0.78327787
vt 0.41632998 0.87636960
vt 0.41524374 0.87636960
vt 0.56032467 0.78799331
vt 0.41632998 0.88219726
vt 0.41524374 0.88219726
vt 0.55852330 0.79353666
vt 0.41632998 0.88802540
vt 0.41632998 0.77146852
vt 0.41524374 0.88802540
vt 0.41524374 0.77146852
vt 0.55852282 0.79936481
vt 0.41632998 0.77729571
vt 0.41524374 0.77729571
vt 0.48995161 0.08137381
vt 0.40456402 0.85414922
vt 0.40587842 0.85414922
vt 0.49326515 0.07897711
vt 0.40456402 0.85006034
vt 0.40587842 0.85006034
vt 0.49567568 0.07567453
vt 0.40456402 0.84597123
vt 0.40587842 0.84597123
vt 0.49694777 0.07178831
vt 0.40456402 0.84188259
vt 0.40587842 0.84188259
vt 0.49695635 0.06769955
vt 0.40456402 0.83779418
vt 0.40587842 0.83779418
vt 0.49570119 0.06380785
vt 0.40456402 0.83370531
vt 0.40587842 0.83370531
vt 0.40456402 0.82961667
vt 0.49330461 0.06049514
vt 0.40587842 0.82961667
vt 0.40456402 0.82552779
vt 0.49000192 0.05808437
vt 0.40587842 0.82552779
vt 0.40456402 0.82143891
vt 0.48611629 0.05681217
vt 0.40587842 0.82143891
vt 0.40456402 0.81735051
vt 0.48202705 0.05680358
vt 0.40587842 0.81735051
vt 0.40456402 0.81326115
vt 0.47813559 0.05805874
vt 0.40587842 0.81326115
vt 0.40456402 0.80917275
vt 0.47482240 0.06045508
vt 0.40587842 0.80917275
vt 0.40456402 0.80508387
vt 0.47241151 0.06375778
vt 0.40587842 0.80508387
vt 0.40456402 0.80099499
vt 0.47113979 0.06764352
vt 0.40587842 0.80099499
vt 0.40456402 0.79690635
vt 0.47113085 0.07173264
vt 0.40587842 0.79690635
vt 0.40456402 0.79281747
vt 0.47238612 0.07562435
vt 0.40587842 0.79281747
vt 0.47478282 0.07893753
vt 0.40456402 0.78872907
vt 0.40587842 0.78872907
vt 0.47808528 0.08134770
vt 0.40456402 0.86641514
vt 0.40456402 0.78464019
vt 0.40587842 0.86641514
vt 0.40587842 0.78464019
vt 0.48197126 0.08261991
vt 0.40456402 0.86232626
vt 0.40587842 0.86232626
vt 0.48606062 0.08262873
vt 0.40456402 0.85823762
vt 0.40587842 0.85823762
vt 0.83660215 0.37539816
vt 0.83254927 0.37539816
vt 0.83660215 0.44965529
vt 0.83254927 0.44965529
vt 0.83660215 0.52391291
vt 0.83254927 0.52391291
vt 0.83660215 0.59817052
vt 0.83254927 0.59817052
vt 0.83660215 0.67242742
vt 0.83254927 0.67242742
vt 0.83660215 0.74668455
vt 0.83254927 0.74668455
vt 0.83660215 0.82094216
vt 0.83254927 0.82094216
vt 0.83660215 0.89519930
vt 0.88175118 0.00412464
vt 0.83254927 0.89519930
vt 0.87769818 0.00412464
vt 0.88175118 0.07838011
vt 0.87769818 0.07838011
vt 0.88175118 0.15263534
vt 0.87769818 0.15263534
vt 0.88175118 0.22689080
vt 0.87769818 0.22689080
vt 0.88175118 0.30114603
vt 0.87769818 0.30114603
vt 0.88175118 0.37540126
vt 0.87769818 0.37540126
vt 0.88175118 0.44965649
vt 0.87769818 0.44965649
vt 0.88175118 0.52391195
vt 0.87769818 0.52391195
vt 0.88175118 0.59816742
vt 0.87769818 0.59816742
vt 0.88175118 0.67242289
vt 0.87769818 0.67242289
vt 0.88175118 0.74667907
vt 0.87769818 0.74667907
vt 0.88175118 0.82093501
vt 0.87769818 0.82093501
vt 0.83660215 0.00411177
vt 0.88175118 0.89519048
vt 0.83254927 0.00411177
vt 0.87769818 0.89519048
vt 0.83660215 0.07836914
vt 0.83254927 0.07836914
vt 0.83660215 0.15262604
vt 0.83254927 0.15262604
vt 0.83660215 0.22688365
vt 0.83254927 0.22688365
vt 0.83660215 0.30114126
vt 0.83254927 0.30114126
vt 0.82485479 0.37539816
vt 0.81686455 0.37539816
vt 0.82043689 0.37539816
vt 0.82485479 0.44965553
vt 0.82043689 0.44965529
vt 0.81686455 0.44965529
vt 0.82485479 0.52391291
vt 0.82043689 0.52391291
vt 0.81686455 0.52391291
vt 0.82485479 0.59817028
vt 0.82043689 0.59817052
vt 0.81686455 0.59817052
vt 0.82485479 0.67242742
vt 0.82043689 0.67242742
vt 0.81686455 0.67242742
vt 0.82485479 0.74668479
vt 0.82043689 0.74668455
vt 0.81686455 0.74668455
vt 0.82485479 0.82094216
vt 0.82043689 0.82094216
vt 0.81686455 0.82094216
vt 0.82485479 0.89519930
vt 0.87000370 0.00412464
vt 0.82043689 0.89519930
vt 0.86558592 0.00412464
vt 0.81686455 0.89519930
vt 0.86201346 0.00412464
vt 0.87000370 0.07838011
vt 0.86558592 0.07838011
vt 0.86201322 0.07838011
vt 0.87000370 0.15263534
vt 0.86558592 0.15263534
vt 0.86201322 0.15263534
vt 0.87000370 0.22689080
vt 0.86558592 0.22689080
vt 0.86201322 0.22689080
vt 0.87000370 0.30114603
vt 0.86558592 0.30114603
vt 0.86201322 0.30114603
vt 0.87000370 0.37540126
vt 0.86558592 0.37540126
vt 0.86201322 0.37540126
vt 0.87000370 0.44965649
vt 0.86558592 0.44965649
vt 0.86201322 0.44965649
vt 0.87000370 0.52391195
vt 0.86558592 0.52391195
vt 0.86201322 0.52391195
vt 0.87000370 0.59816742
vt 0.86558592 0.59816742
vt 0.86201322 0.59816742
vt 0.87000370 0.67242312
vt 0.86558592 0.67242289
vt 0.86201322 0.67242289
vt 0.87000370 0.74667907
vt 0.86558592 0.74667907
vt 0.86201322 0.74667907
vt 0.87000370 0.82093453
vt 0.86558592 0.82093501
vt 0.86201322 0.82093501
vt 0.82485479 0.00411177
vt 0.87000370 0.89519048
vt 0.82043689 0.00411177
vt 0.86558592 0.89519048
vt 0.81686455 0.00411177
vt 0.86201346 0.89519048
vt 0.82485479 0.07836914
vt 0.82043689 0.07836914
vt 0.81686455 0.07836914
vt 0.82485479 0.15262628
vt 0.82043689 0.15262604
vt 0.81686455 0.15262604
vt 0.82485479 0.22688365
vt 0.82043689 0.22688365
vt 0.81686455 0.22688365
vt 0.82485479 0.30114079
vt 0.82043689 0.30114126
vt 0.81686455 0.30114126
vt 0.84082073 0.37539816
vt 0.84082073 0.44965529
vt 0.84082073 0.52391291
vt 0.84082073 0.59817052
vt 0.84082073 0.67242742
vt 0.84082073 0.74668455
vt 0.84082073 0.82094216
vt 0.84082061 0.89519930
vt 0.88596976 0.00412464
vt 0.88596976 0.07838011
vt 0.88596976 0.15263510
vt 0.88596976 0.22689104
vt 0.88596976 0.30114603
vt 0.88596976 0.37540126
vt 0.88596976 0.44965649
vt 0.88596976 0.52391195
vt 0.88596976 0.59816742
vt 0.88596976 0.67242289
vt 0.88596976 0.74667907
vt 0.88596976 0.82093501
vt 0.84082061 0.00411177
vt 0.88596976 0.89519048
vt 0.84082073 0.07836914
vt 0.84082073 0.15262604
vt 0.84082073 0.22688365
vt 0.84082073 0.30114126
vt 0.70029557 0.42133784
vt 0.81162542 0.44965553
vt 0.65442443 0.40577149
vt 0.81162542 0.37539816
vt 0.74057484 0.44824624
vt 0.81162542 0.52391291
vt 0.77251744 0.48466277
vt 0.81162542 0.59817028
vt 0.79394639 0.52810574
vt 0.81162542 0.67242742
vt 0.80340111 0.57561469
vt 0.81162542 0.74668479
vt 0.80023766 0.62395167
vt 0.81162542 0.82094216
vt 0.78467131 0.66982269
vt 0.81162542 0.89519930
vt 0.85677421 0.00412464
vt 0.75776315 0.71010184
vt 0.85677421 0.07838011
vt 0.72134674 0.74204469
vt 0.85677421 0.15263534
vt 0.67790401 0.76347351
vt 0.85677421 0.22689080
vt 0.63039505 0.77292848
vt 0.85677421 0.30114603
vt 0.58205795 0.76976514
vt 0.85677421 0.37540126
vt 0.53618681 0.75419879
vt 0.85677421 0.44965649
vt 0.49590713 0.72729063
vt 0.85677421 0.52391195
vt 0.46396446 0.69087386
vt 0.85677421 0.59816742
vt 0.44253552 0.64743066
vt 0.85677421 0.67242312
vt 0.43308073 0.59992170
vt 0.85677421 0.74667907
vt 0.43624419 0.55158472
vt 0.85677421 0.82093453
vt 0.45181048 0.50571370
vt 0.81162542 0.00411177
vt 0.85677421 0.89519048
vt 0.47871882 0.46543431
vt 0.81162542 0.07836914
vt 0.51513523 0.43349171
vt 0.81162542 0.15262628
vt 0.55857837 0.41206264
vt 0.81162542 0.22688365
vt 0.60608727 0.40260816
vt 0.81162542 0.30114079
vt 0.27483821 0.27483678
vt 0.61824077 0.58776760
vt 0.83254927 0.41252685
vt 0.83497399 0.44965529
vt 0.83497399 0.37539816
vt 0.83660215 0.41252685
vt 0.83832723 0.44965529
vt 0.83832723 0.37539816
vt 0.84082061 0.41252685
vt 0.83254927 0.48678422
vt 0.83497399 0.52391291
vt 0.83660215 0.48678422
vt 0.83832723 0.52391291
vt 0.84082061 0.48678422
vt 0.83254927 0.56104159
vt 0.83497399 0.59817052
vt 0.83660215 0.56104159
vt 0.83832723 0.59817052
vt 0.84082061 0.56104159
vt 0.83254927 0.63529873
vt 0.83497399 0.67242742
vt 0.83660215 0.63529873
vt 0.83832723 0.67242742
vt 0.84082061 0.63529873
vt 0.83254927 0.70955610
vt 0.83497399 0.74668455
vt 0.83660215 0.70955610
vt 0.83832723 0.74668455
vt 0.84082061 0.70955610
vt 0.83254927 0.78381348
vt 0.83497399 0.82094216
vt 0.83660215 0.78381348
vt 0.83832723 0.82094216
vt 0.84082061 0.78381348
vt 0.83254927 0.85807061
vt 0.83497423 0.89519930
vt 0.88012302 0.00412464
vt 0.83660215 0.85807061
vt 0.83832723 0.89519930
vt 0.88347638 0.00412464
vt 0.84082061 0.85807061
vt 0.87769818 0.04125237
vt 0.88012302 0.07838011
vt 0.88175118 0.04125237
vt 0.88347638 0.07838011
vt 0.88596976 0.04125237
vt 0.87769818 0.11550736
vt 0.88012302 0.15263534
vt 0.88175118 0.11550736
vt 0.88347638 0.15263534
vt 0.88596976 0.11550760
vt 0.87769818 0.18976331
vt 0.88012302 0.22689080
vt 0.88175118 0.18976331
vt 0.88347638 0.22689080
vt 0.88596976 0.18976307
vt 0.87769818 0.26401854
vt 0.88012302 0.30114603
vt 0.88175118 0.26401854
vt 0.88347638 0.30114603
vt 0.88596976 0.26401830
vt 0.87769818 0.33827376
vt 0.88012302 0.37540126
vt 0.88175118 0.33827376
vt 0.88347638 0.37540126
vt 0.88596976 0.33827376
vt 0.87769818 0.41252875
vt 0.88012302 0.44965649
vt 0.88175118 0.41252875
vt 0.88347638 0.44965649
vt 0.88596976 0.41252899
vt 0.87769818 0.48678398
vt 0.88012302 0.52391195
vt 0.88175118 0.48678398
vt 0.88347638 0.52391195
vt 0.88596976 0.48678422
vt 0.87769818 0.56103969
vt 0.88012302 0.59816742
vt 0.88175118 0.56103969
vt 0.88347638 0.59816742
vt 0.88596976 0.56103945
vt 0.87769818 0.63529539
vt 0.88012302 0.67242289
vt 0.88175118 0.63529539
vt 0.88347638 0.67242289
vt 0.88596976 0.63529539
vt 0.87769818 0.70955110
vt 0.88012302 0.74667907
vt 0.88175118 0.70955110
vt 0.88347638 0.74667907
vt 0.88596976 0.70955110
vt 0.87769818 0.78380656
vt 0.88012302 0.82093501
vt 0.88175118 0.78380656
vt 0.88347638 0.82093501
vt 0.88596976 0.78380656
vt 0.87769818 0.85806251
vt 0.83497423 0.00411177
vt 0.88012302 0.89519048
vt 0.88175118 0.85806251
vt 0.83832723 0.00411177
vt 0.88347638 0.89519048
vt 0.88596976 0.85806251
vt 0.83254927 0.04124022
vt 0.83497399 0.07836914
vt 0.83660215 0.04124022
vt 0.83832723 0.07836914
vt 0.84082061 0.04124022
vt 0.83254927 0.11549759
vt 0.83497399 0.15262604
vt 0.83660215 0.11549759
vt 0.83832723 0.15262604
vt 0.84082061 0.11549759
vt 0.83254927 0.18975496
vt 0.83497399 0.22688365
vt 0.83660215 0.18975496
vt 0.83832723 0.22688365
vt 0.84082061 0.18975496
vt 0.83254927 0.26401234
vt 0.83497399 0.30114126
vt 0.83660215 0.26401234
vt 0.83832723 0.30114126
vt 0.84082061 0.26401234
vt 0.83254927 0.33826971
vt 0.83660215 0.33826971
vt 0.84082061 0.33826971
vt 0.82233042 0.37539816
vt 0.82485479 0.41252661
vt 0.82233042 0.44965529
vt 0.82043689 0.41252685
vt 0.81864709 0.37539816
vt 0.81864709 0.44965529
vt 0.81686455 0.41252685
vt 0.81482524 0.37539816
vt 0.81482524 0.44965529
vt 0.67786944 0.41205359
vt 0.81162542 0.41252685
vt 0.82485479 0.48678422
vt 0.82233042 0.52391291
vt 0.82043689 0.48678422
vt 0.81864709 0.52391291
vt 0.81686455 0.48678422
vt 0.81482524 0.52391291
vt 0.72131574 0.43347383
vt 0.81162542 0.48678422
vt 0.82485479 0.56104159
vt 0.82233042 0.59817052
vt 0.82043689 0.56104159
vt 0.81864709 0.59817052
vt 0.81686455 0.56104159
vt 0.81482524 0.59817052
vt 0.75773787 0.46540904
vt 0.81162542 0.56104159
vt 0.82485479 0.63529921
vt 0.82233042 0.67242742
vt 0.82043689 0.63529873
vt 0.81864709 0.67242742
vt 0.81686455 0.63529873
vt 0.81482524 0.67242742
vt 0.78465354 0.50568295
vt 0.81162542 0.63529873
vt 0.82485479 0.70955586
vt 0.82233042 0.74668455
vt 0.82043689 0.70955610
vt 0.81864709 0.74668455
vt 0.81686455 0.70955610
vt 0.81482524 0.74668455
vt 0.80022848 0.55155087
vt 0.81162542 0.70955610
vt 0.82485479 0.78381348
vt 0.82233042 0.82094216
vt 0.82043689 0.78381348
vt 0.81864709 0.82094216
vt 0.81686455 0.78381348
vt 0.81482524 0.82094216
vt 0.80340111 0.59988642
vt 0.81162542 0.78381348
vt 0.82485479 0.85807061
vt 0.82233042 0.89519930
vt 0.86747932 0.00412464
vt 0.82043689 0.85807061
vt 0.81864709 0.89519930
vt 0.86379600 0.00412464
vt 0.81686455 0.85807061
vt 0.81482524 0.89519930
vt 0.85997403 0.00412464
vt 0.79395556 0.64739633
vt 0.81162542 0.85807061
vt 0.87000370 0.04125237
vt 0.86747932 0.07838011
vt 0.86558592 0.04125237
vt 0.86379600 0.07838011
vt 0.86201322 0.04125237
vt 0.85997415 0.07838011
vt 0.77253532 0.69084311
vt 0.85677421 0.04125237
vt 0.87000370 0.11550736
vt 0.86747932 0.15263534
vt 0.86558592 0.11550736
vt 0.86379600 0.15263534
vt 0.86201322 0.11550736
vt 0.85997415 0.15263534
vt 0.74060023 0.72726512
vt 0.85677421 0.11550760
vt 0.87000370 0.18976355
vt 0.86747932 0.22689080
vt 0.86558592 0.18976331
vt 0.86379600 0.22689080
vt 0.86201322 0.18976331
vt 0.85997415 0.22689080
vt 0.70032668 0.75418067
vt 0.85677421 0.18976307
vt 0.87000370 0.26401854
vt 0.86747932 0.30114603
vt 0.86558592 0.26401854
vt 0.86379600 0.30114603
vt 0.86201322 0.26401854
vt 0.85997415 0.30114603
vt 0.65445888 0.76975560
vt 0.85677421 0.26401830
vt 0.87000370 0.33827376
vt 0.86747932 0.37540126
vt 0.86558592 0.33827376
vt 0.86379600 0.37540126
vt 0.86201322 0.33827376
vt 0.85997415 0.37540126
vt 0.60612303 0.77292848
vt 0.85677421 0.33827376
vt 0.87000370 0.41252875
vt 0.86747932 0.44965649
vt 0.86558592 0.41252875
vt 0.86379600 0.44965649
vt 0.86201322 0.41252875
vt 0.85997415 0.44965649
vt 0.55861282 0.76348281
vt 0.85677421 0.41252899
vt 0.87000370 0.48678398
vt 0.86747932 0.52391195
vt 0.86558592 0.48678398
vt 0.86379600 0.52391195
vt 0.86201322 0.48678398
vt 0.85997415 0.52391195
vt 0.51516634 0.74206281
vt 0.85677421 0.48678422
vt 0.87000370 0.56103969
vt 0.86747932 0.59816742
vt 0.86558592 0.56103969
vt 0.86379600 0.59816742
vt 0.86201322 0.56103969
vt 0.85997415 0.59816742
vt 0.47874403 0.71012759
vt 0.85677421 0.56103945
vt 0.87000370 0.63529539
vt 0.86747932 0.67242289
vt 0.86558592 0.63529539
vt 0.86379600 0.67242289
vt 0.86201322 0.63529539
vt 0.85997415 0.67242289
vt 0.45182824 0.66985369
vt 0.85677421 0.63529539
vt 0.87000370 0.70955110
vt 0.86747932 0.74667907
vt 0.86558592 0.70955110
vt 0.86379600 0.74667907
vt 0.86201322 0.70955110
vt 0.85997415 0.74667907
vt 0.43625337 0.62398553
vt 0.85677421 0.70955110
vt 0.87000370 0.78380656
vt 0.86747932 0.82093501
vt 0.86558592 0.78380656
vt 0.86379600 0.82093501
vt 0.86201322 0.78380656
vt 0.85997415 0.82093501
vt 0.43308067 0.57564974
vt 0.85677421 0.78380656
vt 0.87000370 0.85806251
vt 0.82233042 0.00411177
vt 0.86747932 0.89519048
vt 0.86558592 0.85806251
vt 0.81864709 0.00411177
vt 0.86379600 0.89519048
vt 0.86201322 0.85806251
vt 0.81482524 0.00411177
vt 0.85997403 0.89519048
vt 0.44252628 0.52813983
vt 0.85677421 0.85806251
vt 0.82485479 0.04124022
vt 0.82233042 0.07836914
vt 0.82043689 0.04124022
vt 0.81864709 0.07836914
vt 0.81686455 0.04124022
vt 0.81482524 0.07836914
vt 0.46394658 0.48469353
vt 0.81162542 0.04124022
vt 0.82485479 0.11549759
vt 0.82233042 0.15262604
vt 0.82043689 0.11549759
vt 0.81864709 0.15262604
vt 0.81686455 0.11549759
vt 0.81482524 0.15262604
vt 0.49588180 0.44827104
vt 0.81162542 0.11549759
vt 0.82485479 0.18975496
vt 0.82233042 0.22688365
vt 0.82043689 0.18975496
vt 0.81864709 0.22688365
vt 0.81686455 0.18975496
vt 0.81482524 0.22688365
vt 0.53615558 0.42135549
vt 0.81162542 0.18975496
vt 0.82485479 0.26401234
vt 0.82233042 0.30114126
vt 0.82043689 0.26401234
vt 0.81864709 0.30114126
vt 0.81686455 0.26401234
vt 0.81482524 0.30114126
vt 0.58202344 0.40578079
vt 0.81162542 0.26401234
vt 0.82485479 0.33826971
vt 0.82043689 0.33826971
vt 0.81686455 0.33826971
vt 0.63035935 0.40260816
vt 0.81162542 0.33826971
vt 0.03272986 0.39692044
vt 0.84852749 0.37539816
vt 0.07257724 0.45542312
vt 0.84852749 0.44965553
vt 0.12620842 0.50161886
vt 0.84852749 0.52391291
vt 0.18996871 0.53236008
vt 0.84852749 0.59817028
vt 0.25951254 0.54555106
vt 0.84852749 0.67242742
vt 0.33010089 0.54029322
vt 0.84852749 0.74668479
vt 0.39692342 0.51694512
vt 0.84852749 0.82094216
vt 0.45542574 0.47709751
vt 0.84852749 0.89519930
vt 0.89367712 0.00412464
vt 0.50162137 0.42346621
vt 0.89367712 0.07838011
vt 0.53236198 0.35970616
vt 0.89367712 0.15263534
vt 0.54555321 0.29016232
vt 0.89367712 0.22689080
vt 0.54029524 0.21957374
vt 0.89367712 0.30114603
vt 0.51694703 0.15275121
vt 0.89367712 0.37540126
vt 0.47709942 0.09424901
vt 0.89367712 0.44965649
vt 0.42346799 0.04805326
vt 0.89367712 0.52391195
vt 0.35970819 0.01731277
vt 0.89367712 0.59816742
vt 0.29016447 0.00412202
vt 0.89367712 0.67242312
vt 0.21957636 0.00937963
vt 0.89367712 0.74667907
vt 0.15275431 0.03272796
vt 0.89367712 0.82093453
vt 0.09425187 0.07257509
vt 0.84852749 0.00411177
vt 0.89367712 0.89519048
vt 0.04805624 0.12620616
vt 0.84852749 0.07836914
vt 0.01731539 0.18996572
vt 0.84852749 0.15262628
vt 0.00412416 0.25950956
vt 0.84852749 0.22688365
vt 0.00938177 0.33009839
vt 0.84852749 0.30114079
vt 0.69759703 0.42681098
vt 0.65323448 0.41175675
vt 0.73655188 0.45283437
vt 0.76744390 0.48805332
vt 0.78816819 0.53006768
vt 0.79731202 0.57601428
vt 0.79425251 0.62276149
vt 0.77919817 0.66712427
vt 0.75317490 0.70607901
vt 0.71795607 0.73697114
vt 0.67594182 0.75769544
vt 0.62999529 0.76683927
vt 0.58324784 0.76377988
vt 0.53888506 0.74872541
vt 0.49993026 0.72270226
vt 0.46903783 0.68748307
vt 0.44831371 0.64546871
vt 0.43916965 0.59952211
vt 0.44222927 0.55277467
vt 0.45728362 0.50841212
vt 0.48330712 0.46945715
vt 0.51852602 0.43856502
vt 0.56054038 0.41784096
vt 0.60648686 0.40869713
vt 0.82870144 0.22688365
vt 0.82870144 0.15262604
vt 0.82870144 0.07836914
vt 0.82870144 0.00411177
vt 0.87385046 0.89519048
vt 0.87385046 0.82093501
vt 0.87385046 0.74667907
vt 0.87385046 0.67242289
vt 0.87385046 0.59816742
vt 0.87385046 0.52391195
vt 0.87385046 0.44965649
vt 0.87385046 0.37540126
vt 0.87385046 0.30114603
vt 0.82870144 0.30114126
vt 0.82870144 0.37539816
vt 0.82870144 0.44965529
vt 0.82870144 0.52391291
vt 0.82870144 0.59817052
vt 0.82870144 0.67242742
vt 0.82870144 0.74668455
vt 0.82870144 0.82094216
vt 0.82870144 0.89519930
vt 0.87385046 0.00412464
vt 0.87385046 0.07838011
vt 0.87385046 0.15263534
vt 0.87385046 0.22689080
vt 0.83497399 0.41252685
vt 0.83832723 0.41252685
vt 0.83497399 0.48678422
vt 0.83832723 0.48678422
vt 0.83497399 0.56104159
vt 0.83832723 0.56104159
vt 0.83497399 0.63529873
vt 0.83832723 0.63529873
vt 0.83497399 0.70955610
vt 0.83832723 0.70955610
vt 0.83497399 0.78381348
vt 0.83832723 0.78381348
vt 0.83497399 0.85807061
vt 0.83832723 0.85807061
vt 0.88012302 0.04125237
vt 0.88347638 0.04125237
vt 0.88012302 0.11550736
vt 0.88347638 0.11550736
vt 0.88012302 0.18976331
vt 0.88347638 0.18976331
vt 0.88012302 0.26401854
vt 0.88347638 0.26401854
vt 0.88012302 0.33827376
vt 0.88347638 0.33827376
vt 0.88012302 0.41252875
vt 0.88347638 0.41252875
vt 0.88012302 0.48678398
vt 0.88347638 0.48678398
vt 0.88012302 0.56103969
vt 0.88347638 0.56103969
vt 0.88012302 0.63529539
vt 0.88347638 0.63529539
vt 0.88012302 0.70955110
vt 0.88347638 0.70955110
vt 0.88012302 0.78380656
vt 0.88347638 0.78380656
vt 0.88012302 0.85806251
vt 0.88347638 0.85806251
vt 0.83497399 0.04124022
vt 0.83832723 0.04124022
vt 0.83497399 0.11549759
vt 0.83832723 0.11549759
vt 0.83497399 0.18975496
vt 0.83832723 0.18975496
vt 0.83497399 0.26401234
vt 0.83832723 0.26401234
vt 0.82870144 0.78381348
vt 0.83497399 0.33826971
vt 0.83832723 0.33826971
vt 0.82233042 0.41252685
vt 0.81864709 0.41252685
vt 0.81482524 0.41252685
vt 0.82233042 0.48678422
vt 0.81864709 0.48678422
vt 0.81482524 0.48678422
vt 0.82233042 0.56104159
vt 0.81864709 0.56104159
vt 0.81482524 0.56104159
vt 0.82233042 0.63529873
vt 0.81864709 0.63529873
vt 0.81482524 0.63529873
vt 0.82233042 0.70955610
vt 0.81864709 0.70955610
vt 0.81482524 0.70955610
vt 0.82233042 0.78381348
vt 0.81864709 0.78381348
vt 0.81482524 0.78381348
vt 0.82233042 0.85807061
vt 0.81864709 0.85807061
vt 0.81482524 0.85807061
vt 0.86747932 0.04125237
vt 0.86379600 0.04125237
vt 0.85997415 0.04125237
vt 0.86747932 0.11550736
vt 0.86379600 0.11550736
vt 0.85997415 0.11550736
vt 0.86747932 0.18976331
vt 0.86379600 0.18976331
vt 0.85997415 0.18976331
vt 0.86747932 0.26401854
vt 0.86379600 0.26401854
vt 0.85997415 0.26401854
vt 0.86747932 0.33827376
vt 0.86379600 0.33827376
vt 0.85997415 0.33827376
vt 0.86747932 0.41252875
vt 0.86379600 0.41252875
vt 0.85997415 0.41252875
vt 0.86747932 0.48678398
vt 0.86379600 0.48678398
vt 0.85997415 0.48678398
vt 0.86747932 0.56103969
vt 0.86379600 0.56103969
vt 0.85997415 0.56103969
vt 0.86747932 0.63529539
vt 0.86379600 0.63529539
vt 0.85997415 0.63529539
vt 0.86747932 0.70955110
vt 0.86379600 0.70955110
vt 0.85997415 0.70955110
vt 0.86747932 0.78380656
vt 0.86379600 0.78380656
vt 0.85997415 0.78380656
vt 0.86747932 0.85806251
vt 0.86379600 0.85806251
vt 0.85997415 0.85806251
vt 0.82233042 0.04124022
vt 0.81864709 0.04124022
vt 0.81482524 0.04124022
vt 0.82233042 0.11549759
vt 0.81864709 0.11549759
vt 0.81482524 0.11549759
vt 0.82233042 0.18975496
vt 0.81864709 0.18975496
vt 0.81482524 0.18975496
vt 0.82233042 0.26401234
vt 0.81864709 0.26401234
vt 0.81482524 0.26401234
vt 0.82233042 0.33826971
vt 0.81864709 0.33826971
vt 0.81482524 0.33826971
vt 0.82870144 0.04124022
vt 0.87385046 0.85806251
vt 0.87385046 0.78380656
vt 0.87385046 0.33827376
vt 0.87385046 0.26401854
vt 0.87385046 0.18976331
vt 0.87385046 0.11550736
vt 0.87385046 0.04125237
vt 0.82870144 0.85807061
vt 0.82870144 0.70955610
vt 0.05047476 0.42765594
vt 0.84852749 0.41252685
vt 0.09767234 0.48051858
vt 0.84852749 0.48678422
vt 0.15694368 0.51936412
vt 0.84852749 0.56104159
vt 0.22424936 0.54154539
vt 0.84852749 0.63529873
vt 0.29500258 0.54555106
vt 0.84852749 0.70955610
vt 0.36438179 0.53110766
vt 0.84852749 0.78381348
vt 0.42765856 0.49920011
vt 0.84852749 0.85807061
vt 0.48052084 0.45200205
vt 0.89367712 0.04125237
vt 0.51936638 0.39273095
vt 0.89367712 0.11550760
vt 0.54154766 0.32542562
vt 0.89367712 0.18976307
vt 0.54555321 0.25467205
vt 0.89367712 0.26401830
vt 0.53110981 0.18529296
vt 0.89367712 0.33827376
vt 0.49920189 0.12201619
vt 0.89367712 0.41252899
vt 0.45200408 0.06915379
vt 0.89367712 0.48678422
vt 0.39273298 0.03030849
vt 0.89367712 0.56103945
vt 0.32542753 0.00812745
vt 0.89367712 0.63529539
vt 0.25467467 0.00412202
vt 0.89367712 0.70955110
vt 0.18529582 0.01856518
vt 0.89367712 0.78380656
vt 0.12201881 0.05047297
vt 0.89367712 0.85806251
vt 0.06915665 0.09767008
vt 0.84852749 0.04124022
vt 0.03031111 0.15694118
vt 0.84852749 0.11549759
vt 0.00812984 0.22424650
vt 0.84852749 0.18975496
vt 0.00412405 0.29500008
vt 0.84852749 0.26401234
vt 0.01856709 0.36437893
vt 0.84852749 0.33826971
vt 0.67597604 0.41763306
vt 0.71804285 0.43837333
vt 0.75330853 0.46929431
vt 0.77936947 0.50828934
vt 0.79444981 0.55270052
vt 0.79752171 0.59950185
vt 0.78837609 0.64550304
vt 0.76763606 0.68756986
vt 0.73671496 0.72283578
vt 0.69772005 0.74889660
vt 0.65330887 0.76397705
vt 0.60650778 0.76704931
vt 0.56050634 0.75790358
vt 0.51843923 0.73716354
vt 0.48317343 0.70624232
vt 0.45711231 0.66724730
vt 0.44203204 0.62283564
vt 0.43896002 0.57603455
vt 0.44810581 0.53003311
vt 0.46884573 0.48796654
vt 0.49976712 0.45270061
vt 0.53876203 0.42664003
vt 0.58317333 0.41155934
vt 0.62997448 0.40848732
vt 0.87385046 0.41252875
vt 0.87385046 0.48678398
vt 0.87385046 0.56103969
vt 0.87385046 0.63529539
vt 0.82870144 0.26401234
vt 0.87385046 0.70955110
vt 0.82870144 0.48678422
vt 0.82870144 0.56104159
vt 0.82870144 0.63529873
vt 0.82870144 0.33826971
vt 0.82870144 0.11549759
vt 0.82870144 0.18975496
vt 0.82870144 0.41252685
vt 0.02080858 0.06455088
vt 0.07299221 0.98148990
vt 0.07299221 0.77476168
vt 0.45567912 0.74694610
vt 0.55077529 0.79160553
vt 0.01511955 0.05672085
vt 0.07299221 0.97115350
vt 0.45119661 0.75020301
vt 0.55077684 0.78430218
vt 0.01212895 0.04751599
vt 0.07299221 0.96081710
vt 0.44793957 0.75468576
vt 0.54852152 0.77735573
vt 0.01212919 0.03783715
vt 0.07299221 0.95048058
vt 0.44622737 0.75995564
vt 0.54423046 0.77144629
vt 0.01512015 0.02863264
vt 0.07299221 0.94014430
vt 0.44622737 0.76549649
vt 0.53832304 0.76715225
vt 0.02080917 0.02080262
vt 0.07299221 0.92980766
vt 0.44793969 0.77076638
vt 0.53137767 0.76489347
vt 0.02863932 0.01511395
vt 0.07299221 0.91947138
vt 0.45119661 0.77524912
vt 0.52407444 0.76489180
vt 0.03784418 0.01212311
vt 0.07299221 0.90913498
vt 0.45567924 0.77850592
vt 0.51712775 0.76714700
vt 0.04752278 0.01212358
vt 0.07299221 0.89879870
vt 0.46094912 0.78021824
vt 0.51121831 0.77143842
vt 0.05672741 0.01511431
vt 0.07299221 0.88846207
vt 0.46649009 0.78021824
vt 0.50692427 0.77734596
vt 0.06455719 0.02080333
vt 0.07299221 0.87812579
vt 0.47175997 0.77850592
vt 0.50466561 0.78429121
vt 0.07024622 0.02863348
vt 0.07299221 0.86778927
vt 0.47624248 0.77524865
vt 0.50466430 0.79159456
vt 0.07299221 0.85745287
vt 0.07323682 0.03783846
vt 0.47949952 0.77076626
vt 0.50691915 0.79854077
vt 0.07299221 0.84711647
vt 0.07323658 0.04751694
vt 0.48121184 0.76549637
vt 0.51121068 0.80445021
vt 0.07024562 0.05672145
vt 0.07299221 0.83678019
vt 0.48121172 0.75995541
vt 0.51711810 0.80874449
vt 0.06455660 0.06455147
vt 0.07299221 0.82644367
vt 0.47949940 0.75468552
vt 0.52406335 0.81100303
vt 0.05672646 0.07024038
vt 0.07299221 0.81610703
vt 0.47624248 0.75020289
vt 0.53136647 0.81100482
vt 0.04752171 0.07323074
vt 0.07299221 0.80577075
vt 0.47175986 0.74694586
vt 0.53831303 0.80874950
vt 0.03784323 0.07323074
vt 0.07299221 0.79543436
vt 0.46648997 0.74523377
vt 0.54422259 0.80445784
vt 0.02863848 0.07023978
vt 0.07299221 0.78509808
vt 0.46094888 0.74523377
vt 0.54851663 0.79855078
vt 0.01507854 0.07028043
vt 0.98725224 0.54459405
vt 0.98725224 0.29393947
vt 0.00789964 0.06039929
vt 0.98725224 0.53206122
vt 0.00412560 0.04878342
vt 0.98725224 0.51952851
vt 0.00412583 0.03656948
vt 0.98725224 0.50699580
vt 0.00790024 0.02495372
vt 0.98725224 0.49446309
vt 0.01507938 0.01507270
vt 0.98725224 0.48193026
vt 0.02496064 0.00789392
vt 0.98725224 0.46939754
vt 0.03657675 0.00411987
vt 0.98725224 0.45686483
vt 0.04879045 0.00411999
vt 0.98725224 0.44433212
vt 0.06040633 0.00789452
vt 0.98725224 0.43179929
vt 0.07028723 0.01507366
vt 0.98725224 0.41926658
vt 0.07746625 0.02495480
vt 0.98725224 0.40673387
vt 0.08124030 0.03657103
vt 0.98725224 0.39420104
vt 0.08123994 0.04878461
vt 0.98725224 0.38166833
vt 0.07746553 0.06040049
vt 0.98725224 0.36913562
vt 0.07028639 0.07028139
vt 0.98725224 0.35660291
vt 0.06040514 0.07746029
vt 0.98725224 0.34407008
vt 0.04878902 0.08123434
vt 0.98725224 0.33153737
vt 0.03657532 0.08123398
vt 0.98725224 0.31900477
vt 0.02495944 0.07745969
vt 0.98725224 0.30647206
vt 0.44642735 0.02467167
vt 0.56403112 0.37319219
vt 0.56403112 0.19183147
vt 0.57593989 0.37319219
vt 0.57593989 0.19183147
vt 0.58784890 0.37319219
vt 0.58784890 0.19183147
vt 0.71888530 0.79610759
vt 0.44521618 0.02839947
vt 0.56403112 0.36412418
vt 0.57593989 0.36412418
vt 0.58784890 0.36412418
vt 0.71482790 0.79610997
vt 0.44521618 0.03231847
vt 0.56403112 0.35505605
vt 0.57593989 0.35505605
vt 0.58784890 0.35505605
vt 0.71096814 0.79485852
vt 0.44642711 0.03604603
vt 0.56403112 0.34598804
vt 0.57593989 0.34598804
vt 0.58784890 0.34598804
vt 0.70768428 0.79247564
vt 0.44873071 0.03921676
vt 0.56403112 0.33692002
vt 0.57593989 0.33692002
vt 0.58784890 0.33692002
vt 0.70529735 0.78919429
vt 0.45190144 0.04152048
vt 0.56403112 0.32785189
vt 0.57593989 0.32785189
vt 0.58784890 0.32785189
vt 0.70404124 0.78533632
vt 0.45562887 0.04273188
vt 0.56403112 0.31878388
vt 0.57593989 0.31878388
vt 0.58784890 0.31878388
vt 0.70403862 0.78127891
vt 0.45954800 0.04273188
vt 0.56403112 0.30971575
vt 0.57593989 0.30971575
vt 0.58784890 0.30971575
vt 0.70529044 0.77741927
vt 0.46327555 0.04152107
vt 0.56403112 0.30064774
vt 0.57593989 0.30064774
vt 0.58784890 0.30064774
vt 0.70767319 0.77413529
vt 0.46644628 0.03921735
vt 0.56403112 0.29157972
vt 0.57593989 0.29157972
vt 0.58784890 0.29157972
vt 0.71095431 0.77174836
vt 0.46875012 0.03604674
vt 0.56403112 0.28251159
vt 0.57593989 0.28251159
vt 0.58784890 0.28251159
vt 0.71481252 0.77049226
vt 0.46996152 0.03231955
vt 0.56403112 0.27344358
vt 0.57593989 0.27344358
vt 0.58784890 0.27344358
vt 0.71887004 0.77048999
vt 0.46996152 0.02840006
vt 0.56403112 0.26437545
vt 0.57593989 0.26437545
vt 0.58784890 0.26437545
vt 0.72272968 0.77174157
vt 0.46875060 0.02467251
vt 0.56403112 0.25530744
vt 0.57593989 0.25530744
vt 0.58784890 0.25530744
vt 0.72601342 0.77412432
vt 0.46644700 0.02150178
vt 0.56403112 0.24623942
vt 0.57593989 0.24623942
vt 0.58784890 0.24623942
vt 0.72840035 0.77740556
vt 0.46327627 0.01919782
vt 0.56403112 0.23717129
vt 0.57593989 0.23717129
vt 0.58784890 0.23717129
vt 0.72965646 0.78126341
vt 0.45954895 0.01798677
vt 0.56403112 0.22810328
vt 0.57593989 0.22810328
vt 0.58784890 0.22810328
vt 0.72965896 0.78532094
vt 0.45562959 0.01798654
vt 0.56403112 0.21903527
vt 0.57593989 0.21903527
vt 0.58784890 0.21903527
vt 0.72840750 0.78918070
vt 0.45190215 0.01919758
vt 0.56403112 0.20996737
vt 0.57593989 0.20996737
vt 0.58784890 0.20996737
vt 0.72602463 0.79246467
vt 0.44873130 0.02150106
vt 0.56403112 0.20089936
vt 0.57593989 0.20089936
vt 0.58784890 0.20089936
vt 0.72274351 0.79485148
vt 0.09087968 0.77476168
vt 0.09087980 0.98148990
vt 0.73268092 0.40850389
vt 0.09087980 0.97115350
vt 0.73604512 0.39814317
vt 0.09087980 0.96081710
vt 0.74244630 0.38932884
vt 0.09087980 0.95048058
vt 0.75125790 0.38292408
vt 0.09087980 0.94014430
vt 0.76161742 0.37955558
vt 0.09087968 0.92980766
vt 0.77251077 0.37955344
vt 0.09087968 0.91947138
vt 0.78287148 0.38291752
vt 0.09087968 0.90913486
vt 0.79168594 0.38931847
vt 0.09087968 0.89879870
vt 0.79809058 0.39813030
vt 0.09087968 0.88846207
vt 0.80145907 0.40848982
vt 0.09087968 0.87812579
vt 0.80146122 0.41938317
vt 0.09087968 0.86778927
vt 0.79809725 0.42974401
vt 0.09087968 0.85745287
vt 0.79169595 0.43855834
vt 0.09087968 0.84711647
vt 0.78288448 0.44496298
vt 0.09087968 0.83678019
vt 0.77252507 0.44833148
vt 0.09087968 0.82644367
vt 0.76163173 0.44833362
vt 0.09087968 0.81610703
vt 0.75127077 0.44496965
vt 0.09087968 0.80577075
vt 0.74245632 0.43856859
vt 0.09087968 0.79543436
vt 0.73605156 0.42975700
vt 0.09087968 0.78509808
vt 0.73268342 0.41939723
vt 0.73748457 0.40926385
vt 0.74037898 0.40034997
vt 0.74588585 0.39276707
vt 0.75346673 0.38725686
vt 0.76237917 0.38435888
vt 0.77175093 0.38435698
vt 0.78066468 0.38725114
vt 0.78824782 0.39275825
vt 0.79375792 0.40033901
vt 0.79665577 0.40925145
vt 0.79665780 0.41862333
vt 0.79376352 0.42753696
vt 0.78825653 0.43512011
vt 0.78067589 0.44063020
vt 0.77176332 0.44352829
vt 0.76239133 0.44353008
vt 0.75347769 0.44063592
vt 0.74589467 0.43512869
vt 0.74038446 0.42754805
vt 0.73748660 0.41863561
vt 0.59985423 0.36412418
vt 0.71290505 0.80829722
vt 0.59985423 0.37319219
vt 0.59985423 0.19183147
vt 0.72082269 0.80829257
vt 0.59985423 0.35505605
vt 0.70537341 0.80585498
vt 0.59985423 0.34598804
vt 0.69896507 0.80120498
vt 0.59985423 0.33692002
vt 0.69430757 0.79480237
vt 0.59985423 0.32785189
vt 0.69185627 0.78727371
vt 0.59985423 0.31878388
vt 0.69185162 0.77935606
vt 0.59985423 0.30971575
vt 0.69429362 0.77182442
vt 0.59985423 0.30064774
vt 0.69894385 0.76541632
vt 0.59985423 0.29157972
vt 0.70534647 0.76075846
vt 0.59985423 0.28251159
vt 0.71287525 0.75830716
vt 0.59985423 0.27344358
vt 0.72079289 0.75830263
vt 0.59985423 0.26437545
vt 0.72832441 0.76074475
vt 0.59985423 0.25530744
vt 0.73473263 0.76539475
vt 0.59985423 0.24623942
vt 0.73939049 0.77179772
vt 0.59985423 0.23717129
vt 0.74184167 0.77932614
vt 0.59985423 0.22810328
vt 0.74184620 0.78724378
vt 0.59985423 0.21903527
vt 0.73940408 0.79477531
vt 0.59985423 0.20996737
vt 0.73475409 0.80118376
vt 0.59985423 0.20089936
vt 0.72835135 0.80584139
vt 0.43134189 0.02620113
vt 0.55377984 0.36412418
vt 0.43391132 0.01829386
vt 0.55377984 0.37319219
vt 0.55377984 0.19183147
vt 0.43134153 0.03451550
vt 0.55377984 0.35505605
vt 0.43391049 0.04242313
vt 0.55377984 0.34598804
vt 0.43879747 0.04914963
vt 0.55377984 0.33692002
vt 0.44552350 0.05403674
vt 0.55377984 0.32785189
vt 0.45343077 0.05660617
vt 0.55377984 0.31878388
vt 0.46174526 0.05660629
vt 0.55377984 0.30971575
vt 0.46965241 0.05403757
vt 0.55377984 0.30064774
vt 0.47637916 0.04915071
vt 0.55377984 0.29157972
vt 0.48126638 0.04242444
vt 0.55377984 0.28251159
vt 0.48383582 0.03451717
vt 0.55377984 0.27344358
vt 0.48383605 0.02620280
vt 0.55377984 0.26437545
vt 0.48126698 0.01829553
vt 0.55377984 0.25530744
vt 0.47638035 0.01156914
vt 0.55377984 0.24623942
vt 0.46965408 0.00668168
vt 0.55377984 0.23717129
vt 0.46174693 0.00411212
vt 0.55377984 0.22810328
vt 0.45343268 0.00411212
vt 0.55377984 0.21903527
vt 0.44552505 0.00668097
vt 0.55377984 0.20996737
vt 0.43879855 0.01156771
vt 0.55377984 0.20089936
vt 0.43610573 0.02695596
vt 0.43610573 0.02695596
vt 0.43820906 0.02048373
vt 0.43820906 0.02048373
vt 0.43610561 0.03376114
vt 0.43610561 0.03376114
vt 0.43820834 0.04023325
vt 0.43820834 0.04023325
vt 0.44220817 0.04573882
vt 0.44220817 0.04573882
vt 0.44771349 0.04973912
vt 0.44771349 0.04973912
vt 0.45418549 0.05184233
vt 0.45418549 0.05184233
vt 0.46099079 0.05184269
vt 0.46099079 0.05184269
vt 0.46746290 0.04973972
vt 0.46746290 0.04973972
vt 0.47296870 0.04574013
vt 0.47296870 0.04574013
vt 0.47696888 0.04023445
vt 0.47696888 0.04023445
vt 0.47907186 0.03376257
vt 0.47907186 0.03376257
vt 0.47907209 0.02695727
vt 0.47907209 0.02695727
vt 0.47696948 0.02048528
vt 0.47696948 0.02048528
vt 0.47296953 0.01497948
vt 0.47296953 0.01497948
vt 0.46746445 0.01097918
vt 0.46746445 0.01097918
vt 0.46099222 0.00887620
vt 0.46099222 0.00887620
vt 0.45418692 0.00887609
vt 0.45418692 0.00887609
vt 0.44771481 0.01097870
vt 0.44771481 0.01097870
vt 0.44220912 0.01497829
vt 0.44220912 0.01497829
vt 0.01274276 0.73483312
vt 0.01274276 0.44872081
vt 0.01274276 0.72052741
vt 0.01274276 0.70622170
vt 0.01274276 0.69191623
vt 0.01274276 0.67761064
vt 0.01274276 0.66330481
vt 0.01274276 0.64899945
vt 0.01274276 0.63469374
vt 0.01274276 0.62038815
vt 0.01274276 0.60608256
vt 0.01274276 0.59177697
vt 0.01274276 0.57747126
vt 0.01274276 0.56316566
vt 0.01274276 0.54886019
vt 0.01274276 0.53455448
vt 0.01274276 0.52024889
vt 0.01274276 0.50594318
vt 0.01274276 0.49163759
vt 0.01274276 0.47733200
vt 0.01274276 0.46302640
vt 0.00412405 0.72052741
vt 0.43696922 0.73597586
vt 0.00412393 0.44872081
vt 0.00412405 0.73483300
vt 0.44654471 0.72901881
vt 0.00412405 0.70622182
vt 0.43001217 0.74555135
vt 0.00412405 0.69191611
vt 0.42635471 0.75680792
vt 0.00412405 0.67761064
vt 0.42635471 0.76864398
vt 0.00412405 0.66330481
vt 0.43001229 0.77990079
vt 0.00412405 0.64899945
vt 0.43696922 0.78947628
vt 0.00412405 0.63469374
vt 0.44654495 0.79643333
vt 0.00412405 0.62038803
vt 0.45780152 0.80009079
vt 0.00412405 0.60608268
vt 0.46963769 0.80009079
vt 0.00412405 0.59177697
vt 0.48089439 0.79643321
vt 0.00412405 0.57747126
vt 0.49046987 0.78947628
vt 0.00412405 0.56316566
vt 0.49742705 0.77990055
vt 0.00412405 0.54886019
vt 0.50108439 0.76864362
vt 0.00412405 0.53455448
vt 0.50108439 0.75680792
vt 0.00412405 0.52024889
vt 0.49742693 0.74555135
vt 0.00412405 0.50594318
vt 0.49046975 0.73597550
vt 0.00412405 0.49163771
vt 0.48089415 0.72901857
vt 0.00412405 0.47733200
vt 0.46963757 0.72536111
vt 0.00412405 0.46302640
vt 0.45780152 0.72536111
vt 0.98313856 0.53206122
vt 0.98313856 0.51952851
vt 0.98313856 0.50699580
vt 0.98313856 0.49446309
vt 0.98313856 0.48193026
vt 0.98313856 0.46939754
vt 0.98313856 0.45686483
vt 0.98313856 0.44433212
vt 0.98313856 0.43179929
vt 0.98313856 0.41926658
vt 0.98313856 0.40673387
vt 0.98313856 0.39420104
vt 0.98313856 0.38166833
vt 0.98313856 0.36913562
vt 0.98313856 0.35660291
vt 0.98313856 0.34407008
vt 0.98313856 0.33153737
vt 0.98313856 0.31900477
vt 0.98313856 0.30647206
vt 0.98313856 0.54459405
vt 0.98313856 0.29393947
vt 0.03689766 0.98943341
vt 0.03689766 0.74512720
vt 0.04993594 0.99311435
vt 0.04993773 0.74251974
vt 0.03511524 0.98943341
vt 0.03511524 0.74512720
vt 0.05042744 0.75566125
vt 0.03511524 0.97721803
vt 0.03689766 0.97721803
vt 0.05070126 0.76841557
vt 0.03511524 0.96500278
vt 0.03689766 0.96500278
vt 0.05078053 0.78071117
vt 0.03511524 0.95278740
vt 0.03689766 0.95278740
vt 0.05062294 0.79300308
vt 0.03511524 0.94057214
vt 0.03689766 0.94057214
vt 0.05067480 0.80547500
vt 0.03511524 0.92835677
vt 0.03689766 0.92835677
vt 0.05080926 0.81788266
vt 0.03511524 0.91614151
vt 0.03689766 0.91614151
vt 0.05085909 0.83010352
vt 0.03511524 0.90392613
vt 0.03689766 0.90392613
vt 0.03511524 0.89171076
vt 0.05069602 0.84238362
vt 0.03689766 0.89171076
vt 0.03511524 0.87949550
vt 0.05074215 0.85478854
vt 0.03689766 0.87949550
vt 0.03511524 0.86728013
vt 0.05078650 0.86702335
vt 0.03689766 0.86728013
vt 0.03511524 0.85506487
vt 0.05062294 0.87930465
vt 0.03689766 0.85506487
vt 0.03511524 0.84284949
vt 0.05066884 0.89170992
vt 0.03689766 0.84284949
vt 0.03511524 0.83063412
vt 0.05071306 0.90394545
vt 0.03689766 0.83063412
vt 0.03511524 0.81841886
vt 0.05054772 0.91623521
vt 0.03689766 0.81841886
vt 0.03511524 0.80620348
vt 0.05058956 0.92870963
vt 0.03689766 0.80620348
vt 0.03511524 0.79398823
vt 0.05064785 0.94122529
vt 0.03689766 0.79398823
vt 0.03511524 0.78177285
vt 0.05055678 0.95394874
vt 0.03689766 0.78177285
vt 0.05062079 0.96674490
vt 0.03511524 0.76955760
vt 0.03689766 0.76955760
vt 0.05041277 0.97968554
vt 0.03511524 0.75734234
vt 0.03689766 0.75734234
vt 0.03901029 0.97721803
vt 0.99406397 0.77206004
vt 0.98071718 0.53206122
vt 0.99588430 0.77206004
vt 0.03901029 0.96500278
vt 0.99406362 0.76058865
vt 0.98071718 0.51952851
vt 0.99588430 0.76058865
vt 0.03901029 0.95278740
vt 0.99406362 0.74911714
vt 0.98071718 0.50699580
vt 0.99588430 0.74911714
vt 0.03901029 0.94057214
vt 0.99406362 0.73764598
vt 0.98071718 0.49446309
vt 0.99588430 0.73764598
vt 0.03901029 0.92835677
vt 0.99406362 0.72617435
vt 0.98071718 0.48193026
vt 0.99588430 0.72617435
vt 0.03901029 0.91614151
vt 0.99406362 0.71470320
vt 0.98071718 0.46939754
vt 0.99588430 0.71470320
vt 0.03901029 0.90392613
vt 0.99406362 0.70323169
vt 0.98071718 0.45686483
vt 0.99588430 0.70323169
vt 0.03901029 0.89171076
vt 0.99406362 0.69176030
vt 0.99588430 0.69176030
vt 0.98071718 0.44433212
vt 0.03901029 0.87949550
vt 0.99406397 0.68028903
vt 0.99588430 0.68028903
vt 0.98071718 0.43179929
vt 0.03901029 0.86728013
vt 0.99406397 0.66881764
vt 0.99588430 0.66881764
vt 0.98071718 0.41926658
vt 0.03901029 0.85506487
vt 0.99406397 0.65734649
vt 0.99588454 0.65734649
vt 0.98071718 0.40673387
vt 0.03901029 0.84284949
vt 0.99406397 0.64587522
vt 0.99588454 0.64587522
vt 0.98071718 0.39420104
vt 0.03901029 0.83063412
vt 0.99406397 0.63440382
vt 0.99588454 0.63440382
vt 0.98071718 0.38166833
vt 0.03901029 0.81841886
vt 0.99406397 0.62293243
vt 0.99588454 0.62293243
vt 0.98071718 0.36913562
vt 0.03901029 0.80620348
vt 0.99406397 0.61146116
vt 0.99588454 0.61146116
vt 0.98071718 0.35660291
vt 0.03901029 0.79398823
vt 0.99406397 0.59998965
vt 0.99588454 0.59998965
vt 0.98071718 0.34407008
vt 0.03901029 0.78177285
vt 0.99406397 0.58851838
vt 0.99588430 0.58851838
vt 0.98071718 0.33153737
vt 0.03901029 0.76955760
vt 0.99406397 0.57704699
vt 0.98071718 0.31900477
vt 0.99588430 0.57704699
vt 0.03901029 0.75734234
vt 0.99406362 0.56557584
vt 0.98071718 0.30647206
vt 0.99588430 0.56557584
vt 0.98071718 0.54459405
vt 0.98071718 0.29393947
vt 0.99588406 0.55410433
vt 0.99588454 0.78353167
vt 0.03901029 0.98943341
vt 0.03901029 0.74512720
vt 0.99406362 0.55410433
vt 0.99406397 0.78353167
vt 0.06494009 0.74249387
vt 0.06520820 0.99299908
vt 0.05220139 0.44872069
vt 0.05220151 0.73483300
vt 0.06439471 0.75582612
vt 0.05220151 0.72052741
vt 0.06400037 0.76864719
vt 0.05220151 0.70622182
vt 0.06374228 0.78094184
vt 0.05220151 0.69191623
vt 0.06378734 0.79315090
vt 0.05220151 0.67761064
vt 0.06392169 0.80555797
vt 0.05220151 0.66330492
vt 0.06397271 0.81802988
vt 0.05220151 0.64899945
vt 0.06380856 0.83031869
vt 0.05220151 0.63469374
vt 0.05220151 0.62038803
vt 0.06385291 0.84255397
vt 0.05220151 0.60608268
vt 0.06389952 0.85495889
vt 0.05220151 0.59177685
vt 0.06373620 0.86724019
vt 0.05220151 0.57747126
vt 0.06378031 0.87947524
vt 0.05220151 0.56316555
vt 0.06382668 0.89188051
vt 0.05220151 0.54886007
vt 0.06366336 0.90416098
vt 0.05220151 0.53455448
vt 0.06371439 0.91638172
vt 0.05220139 0.52024889
vt 0.06386375 0.92878032
vt 0.05220139 0.50594306
vt 0.06404769 0.94131577
vt 0.05220139 0.49163759
vt 0.06420982 0.95407569
vt 0.06418252 0.96686912
vt 0.05220139 0.47733200
vt 0.06448030 0.97974181
vt 0.05220139 0.46302640
vt 0.06034291 0.75564075
vt 0.05445337 0.75554073
vt 0.06015718 0.76856649
vt 0.05453873 0.76843011
vt 0.06003177 0.78088820
vt 0.05451572 0.78075385
vt 0.06002080 0.79312849
vt 0.05446911 0.79303467
vt 0.06009007 0.80554676
vt 0.05450678 0.80548596
vt 0.06012738 0.81799769
vt 0.05457664 0.81790388
vt 0.06008434 0.83027387
vt 0.05458093 0.83014750
vt 0.06007159 0.84252417
vt 0.05452955 0.84241986
vt 0.06006551 0.85492241
vt 0.05452359 0.85481834
vt 0.06001270 0.86719549
vt 0.05450952 0.86706829
vt 0.05999923 0.87944555
vt 0.05445683 0.87934113
vt 0.05999267 0.89184403
vt 0.05445039 0.89173985
vt 0.05994129 0.90411711
vt 0.05443740 0.90399027
vt 0.05994701 0.91636240
vt 0.05439365 0.91626859
vt 0.06003332 0.92878151
vt 0.05442429 0.92872560
vt 0.06014717 0.94131780
vt 0.05447555 0.94124889
vt 0.06024122 0.95406508
vt 0.05450296 0.95397365
vt 0.06028485 0.96687090
vt 0.05453110 0.96677935
vt 0.06043732 0.97989511
vt 0.05448735 0.97983789
vt 0.05415690 0.74193621
vt 0.05424094 0.99368858
vt 0.06067348 0.74190891
vt 0.06083620 0.99363792
vt 0.51936543 0.04922128
vt 0.97933900 0.15329504
vt 0.53023827 0.03439045
vt 0.97933900 0.13464689
vt 0.54395187 0.02213883
vt 0.97933900 0.11599874
vt 0.55993211 0.01298261
vt 0.97933900 0.09735060
vt 0.57747447 0.00733972
vt 0.97933900 0.07870221
vt 0.59581006 0.00546360
vt 0.97933900 0.06005406
vt 0.61413753 0.00743985
vt 0.97933900 0.04140568
vt 0.63165486 0.01318192
vt 0.97933900 0.02275753
vt 0.64759648 0.02243996
vt 0.79163027 0.28452468
vt 0.97933900 0.00410938
vt 0.66126740 0.03480887
vt 0.79163027 0.26584101
vt 0.67207181 0.04975057
vt 0.79163027 0.24715734
vt 0.67953885 0.06661320
vt 0.79163027 0.22847366
vt 0.68334830 0.08466554
vt 0.79163027 0.20978999
vt 0.68334591 0.10313153
vt 0.79163027 0.19110608
vt 0.67958534 0.12120175
vt 0.79163027 0.17247319
vt 0.79163027 0.15506482
vt 0.64608705 0.16667795
vt 0.63102043 0.17469311
vt 0.79163027 0.09746695
vt 0.61341512 0.18016219
vt 0.79163027 0.07885695
vt 0.59503448 0.18194175
vt 0.79163027 0.06017351
vt 0.57669961 0.17988896
vt 0.79163027 0.04148960
vt 0.55919683 0.17408133
vt 0.79163027 0.02280593
vt 0.54328477 0.16476798
vt 0.79163027 0.00412226
vt 0.97933900 0.28383279
vt 0.52965558 0.15235329
vt 0.97933900 0.26518440
vt 0.51890481 0.13737845
vt 0.97933900 0.24653625
vt 0.51150048 0.12049580
vt 0.97933900 0.22788811
vt 0.50776756 0.10244489
vt 0.97933900 0.20923996
vt 0.50786698 0.08401418
vt 0.97933900 0.19059157
vt 0.51179254 0.06600976
vt 0.97933900 0.17194343
vt 0.79163027 0.11463404
vt 0.67294204 0.13718200
vt 0.79163027 0.13495898
vt 0.66144860 0.15354133
vt 0.59556544 0.09341741
vt 0.51053154 0.06558013
vt 0.98755705 0.17194343
vt 0.50654662 0.08385110
vt 0.98755705 0.19059157
vt 0.50644457 0.10255504
vt 0.98755705 0.20923996
vt 0.51023209 0.12087393
vt 0.98755705 0.22788811
vt 0.51774514 0.13800764
vt 0.98755705 0.24653625
vt 0.52865493 0.15320587
vt 0.98755705 0.26518440
vt 0.54248583 0.16580606
vt 0.79983234 0.00412226
vt 0.98755705 0.28383279
vt 0.55863392 0.17525911
vt 0.79983234 0.02280593
vt 0.57639658 0.18115425
vt 0.79983234 0.04148960
vt 0.59500325 0.18323946
vt 0.79983234 0.06017351
vt 0.61365497 0.18143582
vt 0.79983234 0.07885695
vt 0.63151610 0.17589021
vt 0.79983234 0.09746695
vt 0.64680135 0.16775846
vt 0.79983234 0.11463404
vt 0.68082440 0.12157989
vt 0.79983234 0.17247319
vt 0.68463695 0.10324764
vt 0.79983234 0.19110608
vt 0.68463695 0.08450913
vt 0.79983234 0.20978999
vt 0.68076909 0.06618929
vt 0.79983234 0.22847366
vt 0.67318976 0.04907680
vt 0.79983234 0.24715734
vt 0.66222346 0.03391385
vt 0.79983234 0.26584101
vt 0.64834869 0.02136159
vt 0.79983234 0.28452468
vt 0.98755705 0.00410938
vt 0.63216960 0.01196718
vt 0.98755705 0.02275753
vt 0.61439192 0.00614071
vt 0.98755705 0.04140568
vt 0.59579217 0.00413656
vt 0.98755705 0.06005406
vt 0.57718480 0.00604129
vt 0.98755705 0.07870221
vt 0.55938303 0.01176858
vt 0.98755705 0.09735060
vt 0.54316771 0.02106166
vt 0.98755705 0.11599874
vt 0.52925265 0.03349543
vt 0.98755705 0.13464689
vt 0.51821792 0.04854465
vt 0.98755705 0.15329504
vt 0.67408502 0.13779163
vt 0.79983234 0.15506482
vt 0.66240895 0.15441370
vt 0.79983234 0.13495898
vt 0.00583959 0.73483300
vt 0.00583959 0.44872081
vt 0.98492098 0.53206122
vt 0.98492098 0.51952851
vt 0.98492098 0.50699580
vt 0.98492098 0.49446309
vt 0.98492098 0.48193026
vt 0.98492098 0.46939754
vt 0.98492098 0.45686483
vt 0.98492098 0.44433212
vt 0.98492098 0.43179929
vt 0.98492098 0.41926658
vt 0.98492098 0.40673387
vt 0.98492098 0.39420104
vt 0.98492098 0.38166833
vt 0.98492098 0.36913562
vt 0.98492098 0.35660291
vt 0.98492098 0.34407008
vt 0.98492098 0.33153737
vt 0.98492098 0.31900477
vt 0.98492098 0.30647206
vt 0.01150966 0.05856001
vt 0.01794350 0.06741560
vt 0.00812745 0.04814959
vt 0.00812745 0.03720355
vt 0.01151025 0.02679324
vt 0.01794434 0.01793778
vt 0.02680004 0.01150393
vt 0.03721035 0.00812137
vt 0.04815638 0.00812173
vt 0.05856681 0.01150441
vt 0.06742239 0.01793861
vt 0.07385612 0.02679420
vt 0.07723832 0.03720474
vt 0.07723820 0.04815066
vt 0.07385552 0.05856109
vt 0.06742144 0.06741643
vt 0.05856574 0.07385027
vt 0.04815519 0.07723272
vt 0.03720939 0.07723248
vt 0.02679884 0.07384968
vt 0.08854663 0.86778927
vt 0.07960296 0.87812591
vt 0.08854663 0.94014430
vt 0.07960296 0.95048058
vt 0.08854640 0.78509808
vt 0.07960296 0.79543436
vt 0.08854640 0.85745287
vt 0.08854663 0.92980790
vt 0.08854640 0.77476168
vt 0.08854663 0.98148990
vt 0.08854640 0.84711647
vt 0.08854663 0.91947138
vt 0.08854663 0.83677995
vt 0.08854663 0.90913486
vt 0.08854663 0.82644367
vt 0.08854663 0.89879870
vt 0.08854663 0.97115350
vt 0.08854640 0.81610703
vt 0.08854663 0.88846231
vt 0.08854663 0.96081698
vt 0.08854640 0.80577075
vt 0.55828667 0.37319219
vt 0.55828667 0.19183147
vt 0.56998181 0.37319219
vt 0.56998181 0.19183147
vt 0.58189797 0.37319219
vt 0.58189797 0.19183147
vt 0.55828667 0.36412418
vt 0.56998181 0.36412418
vt 0.58189797 0.36412418
vt 0.55828667 0.35505605
vt 0.56998181 0.35505605
vt 0.58189797 0.35505605
vt 0.55828667 0.34598804
vt 0.56998181 0.34598804
vt 0.58189797 0.34598804
vt 0.55828667 0.33692002
vt 0.56998181 0.33692002
vt 0.58189797 0.33692002
vt 0.55828667 0.32785189
vt 0.56998181 0.32785189
vt 0.58189797 0.32785189
vt 0.55828667 0.31878388
vt 0.56998181 0.31878388
vt 0.58189797 0.31878388
vt 0.55828667 0.30971575
vt 0.56998181 0.30971575
vt 0.58189797 0.30971575
vt 0.55828667 0.30064774
vt 0.56998181 0.30064774
vt 0.58189797 0.30064774
vt 0.55828667 0.29157972
vt 0.56998181 0.29157972
vt 0.58189797 0.29157972
vt 0.55828667 0.28251159
vt 0.56998181 0.28251159
vt 0.58189797 0.28251159
vt 0.55828667 0.27344358
vt 0.56998181 0.27344358
vt 0.58189797 0.27344358
vt 0.55828667 0.26437545
vt 0.56998181 0.26437545
vt 0.58189797 0.26437545
vt 0.55828667 0.25530744
vt 0.56998181 0.25530744
vt 0.58189797 0.25530744
vt 0.55828667 0.24623942
vt 0.56998181 0.24623942
vt 0.58189797 0.24623942
vt 0.55828667 0.23717129
vt 0.56998181 0.23717129
vt 0.58189797 0.23717129
vt 0.55828667 0.22810328
vt 0.56998181 0.22810328
vt 0.58189797 0.22810328
vt 0.55828667 0.21903527
vt 0.56998181 0.21903527
vt 0.58189797 0.21903527
vt 0.55828667 0.20996737
vt 0.56998181 0.20996737
vt 0.58189797 0.20996737
vt 0.55828667 0.20089936
vt 0.56998181 0.20089936
vt 0.58189797 0.20089936
vt 0.73809719 0.39918792
vt 0.73495567 0.40886366
vt 0.74407482 0.39095688
vt 0.75230372 0.38497543
vt 0.76197815 0.38183010
vt 0.77215099 0.38182807
vt 0.78182673 0.38496947
vt 0.79005802 0.39094746
vt 0.79603899 0.39917612
vt 0.79918480 0.40885031
vt 0.79918683 0.41902339
vt 0.79604518 0.42869890
vt 0.79006743 0.43693042
vt 0.78183866 0.44291162
vt 0.77216411 0.44605684
vt 0.76199150 0.44605923
vt 0.75231576 0.44291759
vt 0.74408436 0.43693984
vt 0.73810315 0.42871106
vt 0.73495758 0.41903651
vt 0.71326423 0.80602020
vt 0.71326423 0.80602020
vt 0.72046065 0.80601591
vt 0.72046065 0.80601591
vt 0.70641875 0.80380052
vt 0.70641875 0.80380052
vt 0.70059419 0.79957396
vt 0.70059419 0.79957396
vt 0.69636071 0.79375452
vt 0.69636071 0.79375452
vt 0.69413304 0.78691179
vt 0.69413304 0.78691179
vt 0.69412863 0.77971548
vt 0.69412863 0.77971548
vt 0.69634831 0.77287000
vt 0.69634831 0.77287000
vt 0.70057476 0.76704532
vt 0.70057476 0.76704532
vt 0.70639431 0.76281196
vt 0.70639431 0.76281196
vt 0.71323705 0.76058394
vt 0.71323705 0.76058394
vt 0.72043347 0.76057953
vt 0.72043347 0.76057953
vt 0.72727883 0.76279932
vt 0.72727883 0.76279932
vt 0.73310363 0.76702589
vt 0.73310363 0.76702589
vt 0.73733699 0.77284533
vt 0.73733699 0.77284533
vt 0.73956478 0.77968818
vt 0.73956478 0.77968818
vt 0.73956919 0.78688473
vt 0.73956919 0.78688473
vt 0.73734939 0.79373008
vt 0.73734939 0.79373008
vt 0.73312306 0.79955465
vt 0.73312306 0.79955465
vt 0.72730350 0.80378789
vt 0.72730350 0.80378789
vt 0.59381700 0.37319219
vt 0.59381700 0.19183147
vt 0.59381700 0.36412418
vt 0.59381700 0.35505605
vt 0.59381700 0.34598804
vt 0.59381700 0.33692002
vt 0.59381700 0.32785189
vt 0.59381700 0.31878388
vt 0.59381700 0.30971575
vt 0.59381700 0.30064774
vt 0.59381700 0.29157972
vt 0.59381700 0.28251159
vt 0.59381700 0.27344358
vt 0.59381700 0.26437545
vt 0.59381700 0.25530744
vt 0.59381700 0.24623942
vt 0.59381700 0.23717129
vt 0.59381700 0.22810328
vt 0.59381700 0.21903527
vt 0.59381700 0.20996737
vt 0.59381700 0.20089936
vt 0.43561864 0.01916373
vt 0.43323433 0.02650106
vt 0.43323410 0.03421557
vt 0.43561780 0.04155314
vt 0.44015253 0.04779458
vt 0.44639361 0.05232942
vt 0.45373058 0.05471361
vt 0.46144545 0.05471396
vt 0.46878254 0.05233014
vt 0.47502434 0.04779565
vt 0.47955906 0.04155469
vt 0.48194337 0.03421736
vt 0.48194361 0.02650273
vt 0.47955990 0.01916528
vt 0.47502553 0.01292396
vt 0.46878409 0.00838900
vt 0.46144700 0.00600445
vt 0.45373213 0.00600445
vt 0.44639504 0.00838828
vt 0.44015360 0.01292264
vt 0.71684897 0.78330010
vt 0.45758903 0.03035903
vt 0.00583959 0.72052741
vt 0.00583959 0.70622170
vt 0.00583959 0.69191623
vt 0.00583959 0.67761064
vt 0.00583959 0.66330492
vt 0.00583959 0.64899945
vt 0.00583959 0.63469374
vt 0.00583959 0.62038803
vt 0.00583959 0.60608256
vt 0.00583959 0.59177697
vt 0.00583959 0.57747126
vt 0.00583959 0.56316566
vt 0.00583959 0.54886019
vt 0.00583959 0.53455448
vt 0.00583959 0.52024889
vt 0.00583959 0.50594318
vt 0.00583959 0.49163771
vt 0.00583959 0.47733200
vt 0.00583959 0.46302640
vt 0.52772021 0.78794819
vt 0.03794408 0.79398823
vt 0.98183131 0.41926658
vt 0.03794408 0.87949550
vt 0.03794408 0.96500278
vt 0.98183131 0.43179929
vt 0.03794408 0.80620348
vt 0.98183131 0.44433212
vt 0.03794408 0.89171076
vt 0.03794408 0.98943341
vt 0.03794408 0.74512720
vt 0.03794408 0.97721803
vt 0.98183131 0.45686483
vt 0.98183131 0.54459405
vt 0.98183131 0.29393947
vt 0.03794408 0.83063412
vt 0.03794408 0.81841886
vt 0.98183131 0.46939754
vt 0.98183131 0.48193026
vt 0.03794408 0.91614151
vt 0.03794408 0.90392613
vt 0.98183131 0.30647206
vt 0.98492098 0.54459405
vt 0.98492098 0.29393947
vt 0.07960296 0.86778939
vt 0.08854663 0.87812591
vt 0.07960296 0.94014430
vt 0.08854663 0.95048058
vt 0.07960296 0.78509808
vt 0.08854640 0.79543436
vt 0.07960296 0.85745287
vt 0.07960296 0.92980790
vt 0.07960284 0.98148990
vt 0.07960284 0.77476168
vt 0.07960296 0.84711647
vt 0.07960296 0.91947138
vt 0.07960296 0.83677983
vt 0.07960296 0.90913486
vt 0.07960296 0.82644379
vt 0.07960296 0.89879870
vt 0.07960296 0.97115350
vt 0.07960296 0.81610703
vt 0.07960296 0.88846231
vt 0.07960296 0.96081710
vt 0.07960296 0.80577075
vt 0.98183131 0.31900477
vt 0.03604364 0.98943341
vt 0.03604364 0.74512720
vt 0.06202507 0.90414941
vt 0.03604364 0.97721803
vt 0.05233276 0.94123077
vt 0.03604364 0.96500278
vt 0.05241394 0.85479426
vt 0.03604364 0.95278740
vt 0.06212449 0.89187109
vt 0.03604364 0.94057214
vt 0.05239749 0.76840925
vt 0.03604364 0.92835677
vt 0.06210864 0.87946928
vt 0.03604364 0.91614151
vt 0.05228484 0.92871225
vt 0.03604364 0.90392613
vt 0.05239773 0.84239304
vt 0.03604364 0.89171076
vt 0.06209683 0.86722803
vt 0.03604364 0.87949550
vt 0.05220842 0.75558090
vt 0.03604364 0.86728013
vt 0.06219733 0.85494936
vt 0.03604364 0.85506487
vt 0.05225539 0.91624403
vt 0.03604364 0.84284949
vt 0.05235291 0.90395772
vt 0.03604364 0.83063412
vt 0.05249739 0.83011508
vt 0.03604364 0.81841886
vt 0.05247211 0.81788468
vt 0.03604364 0.80620348
vt 0.06218123 0.84254825
vt 0.03604364 0.79398823
vt 0.05176127 0.74218762
vt 0.05180371 0.99344945
vt 0.03604364 0.78177285
vt 0.05221474 0.97976601
vt 0.03604364 0.76955760
vt 0.06226504 0.81802166
vt 0.03604364 0.75734234
vt 0.99497390 0.77206004
vt 0.99497390 0.76058865
vt 0.99497390 0.74911714
vt 0.99497390 0.73764586
vt 0.99497390 0.72617435
vt 0.99497390 0.71470320
vt 0.99497390 0.70323169
vt 0.99497390 0.69176030
vt 0.99497390 0.68028903
vt 0.99497390 0.66881764
vt 0.99497390 0.65734649
vt 0.99497390 0.64587510
vt 0.99497390 0.63440382
vt 0.99497390 0.62293243
vt 0.99497390 0.61146104
vt 0.99497390 0.59998953
vt 0.99497390 0.58851838
vt 0.99497390 0.57704699
vt 0.99497390 0.56557560
vt 0.99497366 0.55410433
vt 0.99497426 0.78353167
vt 0.98183131 0.40673387
vt 0.03794408 0.95278740
vt 0.03794408 0.86728013
vt 0.98183131 0.39420104
vt 0.03794408 0.78177285
vt 0.98183131 0.38166833
vt 0.03794408 0.94057214
vt 0.03794408 0.85506487
vt 0.98183131 0.36913562
vt 0.03794408 0.76955760
vt 0.98183131 0.53206122
vt 0.98183131 0.35660291
vt 0.03794408 0.92835677
vt 0.98183131 0.51952851
vt 0.03794408 0.84284949
vt 0.98183131 0.34407008
vt 0.03794408 0.75734234
vt 0.98183131 0.50699580
vt 0.98183131 0.33153737
vt 0.98183131 0.49446309
vt 0.06216896 0.83030653
vt 0.04978120 0.72052741
vt 0.04978096 0.70622182
vt 0.04978096 0.69191635
vt 0.04978096 0.67761064
vt 0.04978096 0.66330492
vt 0.04978096 0.64899945
vt 0.04978096 0.63469374
vt 0.04978096 0.62038815
vt 0.04978096 0.60608256
vt 0.04978096 0.59177697
vt 0.04978096 0.57747126
vt 0.04978096 0.56316555
vt 0.04978096 0.54886007
vt 0.04978096 0.53455448
vt 0.04978096 0.52024889
vt 0.04978096 0.50594318
vt 0.04978096 0.49163759
vt 0.04978096 0.47733200
vt 0.04978085 0.46302640
vt 0.05739629 0.75556779
vt 0.05734742 0.76849329
vt 0.05727577 0.78082049
vt 0.05725098 0.79308224
vt 0.05729830 0.80551624
vt 0.05734599 0.81795025
vt 0.05733252 0.83021069
vt 0.05730438 0.84247267
vt 0.05729043 0.85486984
vt 0.05726123 0.86713183
vt 0.05723202 0.87939394
vt 0.05721760 0.89179122
vt 0.05718982 0.90405381
vt 0.05717647 0.91631651
vt 0.05722904 0.92875481
vt 0.05730581 0.94128525
vt 0.05737031 0.95402038
vt 0.05740905 0.96682811
vt 0.05746460 0.97988951
vt 0.05741155 0.74183464
vt 0.05753362 0.99375427
vt 0.05242479 0.78072143
vt 0.06205189 0.91638088
vt 0.05242562 0.86703527
vt 0.06259894 0.75573027
vt 0.06308913 0.74215424
vt 0.06330180 0.99336171
vt 0.05230641 0.95395219
vt 0.06217051 0.92878759
vt 0.06230080 0.76861537
vt 0.05233073 0.79301119
vt 0.06232047 0.94132507
vt 0.05232501 0.87931418
vt 0.06211197 0.78092575
vt 0.05234528 0.96675408
vt 0.06244743 0.95408022
vt 0.06212533 0.79314852
vt 0.05237162 0.80547416
vt 0.06246555 0.96688092
vt 0.05234098 0.89171565
vt 0.06222463 0.80555856
vt 0.06269658 0.97983730
vt 0.04978085 0.44872069
vt 0.04978120 0.73483312
vt 0.98678958 0.17194343
vt 0.51107943 0.06576324
vt 0.98678958 0.19059157
vt 0.50712073 0.08391714
vt 0.98678958 0.20923996
vt 0.50701964 0.10250092
vt 0.98678958 0.22788811
vt 0.51078331 0.12070179
vt 0.98678958 0.24653625
vt 0.51824892 0.13772511
vt 0.98678958 0.26518440
vt 0.52908862 0.15282512
vt 0.79906631 0.00412226
vt 0.98678935 0.28383279
vt 0.54283082 0.16534376
vt 0.79906654 0.02280593
vt 0.55887544 0.17473531
vt 0.79906654 0.04148984
vt 0.57652366 0.18059182
vt 0.79906654 0.06017327
vt 0.59501088 0.18266273
vt 0.79906654 0.07885718
vt 0.61354315 0.18086934
vt 0.79906654 0.09746695
vt 0.63129199 0.17535329
vt 0.79906654 0.11463404
vt 0.64648831 0.16727257
vt 0.79906654 0.17247319
vt 0.68026841 0.12140822
vt 0.79906654 0.19110608
vt 0.68406236 0.10319090
vt 0.79906654 0.20978999
vt 0.68406355 0.08457232
vt 0.79906654 0.22847366
vt 0.68022168 0.06637001
vt 0.79906654 0.24715734
vt 0.67269170 0.04936767
vt 0.79906654 0.26584101
vt 0.66179669 0.03430176
vt 0.79906631 0.28452468
vt 0.98678935 0.00410938
vt 0.64801157 0.02182984
vt 0.98678958 0.02275753
vt 0.63193691 0.01249576
vt 0.98678958 0.04140592
vt 0.61427391 0.00670624
vt 0.98678958 0.06005406
vt 0.59579384 0.00471449
vt 0.98678958 0.07870221
vt 0.57730591 0.00660610
vt 0.98678958 0.09735060
vt 0.55961812 0.01229644
vt 0.98678958 0.11599874
vt 0.54350626 0.02152920
vt 0.98678958 0.13464689
vt 0.52967560 0.03387952
vt 0.98678958 0.15329504
vt 0.51871574 0.04883647
vt 0.79906654 0.15506482
vt 0.67357194 0.13752604
vt 0.66197765 0.15402150
vt 0.79906654 0.13495898
vt 0.76707113 0.41394365
vt 0.98582864 0.57620358
vt 0.95625448 0.02994859
vt 0.98582864 0.58725083
vt 0.95625448 0.04286706
vt 0.98582864 0.59829819
vt 0.95625448 0.05578589
vt 0.95625448 0.06870461
vt 0.98582864 0.60934544
vt 0.95625448 0.08162332
vt 0.98582864 0.62039280
vt 0.95625448 0.09454191
vt 0.98582864 0.63143992
vt 0.95625448 0.10746062
vt 0.98582864 0.64248729
vt 0.95625448 0.12037933
vt 0.98582864 0.65353453
vt 0.95625448 0.13329792
vt 0.98582864 0.66458189
vt 0.95625448 0.14621675
vt 0.98582864 0.67562926
vt 0.95625448 0.15913546
vt 0.98582864 0.68667650
vt 0.95625448 0.17205417
vt 0.98582864 0.69772387
vt 0.95625448 0.18497300
vt 0.98582864 0.70877111
vt 0.98582864 0.71981835
vt 0.95625448 0.19789147
vt 0.98582864 0.73086572
vt 0.95625448 0.21081030
vt 0.98582864 0.74191296
vt 0.95625448 0.22372901
vt 0.98582864 0.75296044
vt 0.95625448 0.23664773
vt 0.98582864 0.76400757
vt 0.95625448 0.24956632
vt 0.98582864 0.77505481
vt 0.98582864 0.55410886
vt 0.95625448 0.26248503
vt 0.95625448 0.00411129
vt 0.98582864 0.56515622
vt 0.95625448 0.01702988
vt 0.96262479 0.02994859
vt 0.96262479 0.04286706
vt 0.96262479 0.05578589
vt 0.96262503 0.06870461
vt 0.96262479 0.08162332
vt 0.96262479 0.09454191
vt 0.96262479 0.10746062
vt 0.96262479 0.12037945
vt 0.96262479 0.13329792
vt 0.96262503 0.14621675
vt 0.96262479 0.15913546
vt 0.96262503 0.17205417
vt 0.96262479 0.18497300
vt 0.96262479 0.19789147
vt 0.96262479 0.21081030
vt 0.96262479 0.22372901
vt 0.96262479 0.23664773
vt 0.96262479 0.24956632
vt 0.96262455 0.26248503
vt 0.96262455 0.00411129
vt 0.96262479 0.01702988
vt 0.02688384 0.91028094
vt 0.12641215 0.02707136
vt 0.02688384 0.90110540
vt 0.12447035 0.03303576
vt 0.02688384 0.89192975
vt 0.12078023 0.03810787
vt 0.02688384 0.88275409
vt 0.11570346 0.04179144
vt 0.02688384 0.87357843
vt 0.10973704 0.04372621
vt 0.02688384 0.86440289
vt 0.10346496 0.04372215
vt 0.02688384 0.85522723
vt 0.09750056 0.04178023
vt 0.02688384 0.84605157
vt 0.09242857 0.03809023
vt 0.02688384 0.83687592
vt 0.08874476 0.03301346
vt 0.02688384 0.82770038
vt 0.08681035 0.02704704
vt 0.02688384 0.81852472
vt 0.08681417 0.02077472
vt 0.02688384 0.80934906
vt 0.08875620 0.01481056
vt 0.02688384 0.80017340
vt 0.09244621 0.00973845
vt 0.02688384 0.79099786
vt 0.09752297 0.00605488
vt 0.02688384 0.78182220
vt 0.10348940 0.00412035
vt 0.02688384 0.77264655
vt 0.10976160 0.00412405
vt 0.02688384 0.76347089
vt 0.11572576 0.00606620
vt 0.02688384 0.75429535
vt 0.12079787 0.00975597
vt 0.02688384 0.92863226
vt 0.02688384 0.74511969
vt 0.12448156 0.01483274
vt 0.02688384 0.91945660
vt 0.12641609 0.02079928
vt 0.42379200 0.71568179
vt 0.67926502 0.23770070
vt 0.66270065 0.23770070
vt 0.65040040 0.23770070
vt 0.63797426 0.23770070
vt 0.02304733 0.05117965
vt 0.62192082 0.23770070
vt 0.43008339 0.71772683
vt 0.67926502 0.24736416
vt 0.66270065 0.24736416
vt 0.65040040 0.24736416
vt 0.63797426 0.24736416
vt 0.02099645 0.04486156
vt 0.62192082 0.24736416
vt 0.43669879 0.71772766
vt 0.67926502 0.25702775
vt 0.66270065 0.25702775
vt 0.65040040 0.25702775
vt 0.63797426 0.25702775
vt 0.02099836 0.03821874
vt 0.62192082 0.25702775
vt 0.44299066 0.71568394
vt 0.67926502 0.26669121
vt 0.66270065 0.26669121
vt 0.65040040 0.26669121
vt 0.63797426 0.26669121
vt 0.02305281 0.03190184
vt 0.62192082 0.26669121
vt 0.44834316 0.71179640
vt 0.67926502 0.27635479
vt 0.66270065 0.27635479
vt 0.65040040 0.27635479
vt 0.63797426 0.27635479
vt 0.02695918 0.02652919
vt 0.62192082 0.27635479
vt 0.45223224 0.70644474
vt 0.67926502 0.28601837
vt 0.66270065 0.28601837
vt 0.65040040 0.28601837
vt 0.63797426 0.28601837
vt 0.03233433 0.02262616
vt 0.62192082 0.28601837
vt 0.45427740 0.70015311
vt 0.67926502 0.29568195
vt 0.66270065 0.29568195
vt 0.65040040 0.29568195
vt 0.63797426 0.29568195
vt 0.03865242 0.02057540
vt 0.62192082 0.29568195
vt 0.45427811 0.69353783
vt 0.67926502 0.30534542
vt 0.66270065 0.30534542
vt 0.65040040 0.30534542
vt 0.63797426 0.30534542
vt 0.04529500 0.02057731
vt 0.62192082 0.30534542
vt 0.45223463 0.68724585
vt 0.67926502 0.31500900
vt 0.66270065 0.31500900
vt 0.65040040 0.31500900
vt 0.63797426 0.31500900
vt 0.05161202 0.02263224
vt 0.62192082 0.31500900
vt 0.44834673 0.68189335
vt 0.67926502 0.32467258
vt 0.66270065 0.32467258
vt 0.65040040 0.32467258
vt 0.63797426 0.32467258
vt 0.05698502 0.02653813
vt 0.62192082 0.32467258
vt 0.44299519 0.67800450
vt 0.67926502 0.33433604
vt 0.66270065 0.33433604
vt 0.65040040 0.33433604
vt 0.63797426 0.33433604
vt 0.06088793 0.03191328
vt 0.62192082 0.33433604
vt 0.43670356 0.67595923
vt 0.67926502 0.34399962
vt 0.66270065 0.34399962
vt 0.65040040 0.34399962
vt 0.63797426 0.34399962
vt 0.06293869 0.03823149
vt 0.62192082 0.34399962
vt 0.43008816 0.67595840
vt 0.67926502 0.35366309
vt 0.66270065 0.35366309
vt 0.65040040 0.35366309
vt 0.63797426 0.35366309
vt 0.06293654 0.04487407
vt 0.62192082 0.35366309
vt 0.42379642 0.67800212
vt 0.67926502 0.36332667
vt 0.66270065 0.36332667
vt 0.65040040 0.36332667
vt 0.63797426 0.36332667
vt 0.06088209 0.05119109
vt 0.62192082 0.36332667
vt 0.41844380 0.68189001
vt 0.67926502 0.37299013
vt 0.66270065 0.37299013
vt 0.65040040 0.37299013
vt 0.63797426 0.37299013
vt 0.05697596 0.05656374
vt 0.62192082 0.37299013
vt 0.41455472 0.68724132
vt 0.67926502 0.38348901
vt 0.67926502 0.18854761
vt 0.66270065 0.38348901
vt 0.66270065 0.18854761
vt 0.65040040 0.38348901
vt 0.65040040 0.18854761
vt 0.63797426 0.38348901
vt 0.63797426 0.18854761
vt 0.05160081 0.06046653
vt 0.62192082 0.38348901
vt 0.62192082 0.18854761
vt 0.41250980 0.69353271
vt 0.67926502 0.19904649
vt 0.66270065 0.19904649
vt 0.65040040 0.19904649
vt 0.63797426 0.19904649
vt 0.04528248 0.06251752
vt 0.62192082 0.19904649
vt 0.41250885 0.70014822
vt 0.67926502 0.20871007
vt 0.66270065 0.20871007
vt 0.65040040 0.20871007
vt 0.63797426 0.20871007
vt 0.03863978 0.06251550
vt 0.62192082 0.20871007
vt 0.41455257 0.70644021
vt 0.67926502 0.21837354
vt 0.66270065 0.21837354
vt 0.65040040 0.21837354
vt 0.63797426 0.21837354
vt 0.03232288 0.06046093
vt 0.62192082 0.21837354
vt 0.41844046 0.71179247
vt 0.67926502 0.22803712
vt 0.66270065 0.22803712
vt 0.65040040 0.22803712
vt 0.63797426 0.22803712
vt 0.02695012 0.05655468
vt 0.62192082 0.22803712
vt 0.69287014 0.23860765
vt 0.72444499 0.29063928
vt 0.69287014 0.25240088
vt 0.73835289 0.29063928
vt 0.69287014 0.22481441
vt 0.71121764 0.29493713
vt 0.69287014 0.21102107
vt 0.69996595 0.30311203
vt 0.69179118 0.31436384
vt 0.69287014 0.19722795
vt 0.68749332 0.32759082
vt 0.69287014 0.18343472
vt 0.68749332 0.34149909
vt 0.69287014 0.16964138
vt 0.69179106 0.35472631
vt 0.69287014 0.15584815
vt 0.69287014 0.14205492
vt 0.69996595 0.36597812
vt 0.69287014 0.12826157
vt 0.71121788 0.37415302
vt 0.69287014 0.11446834
vt 0.72444510 0.37845063
vt 0.69287014 0.10067499
vt 0.73835301 0.37845063
vt 0.69287014 0.08688176
vt 0.75158012 0.37415302
vt 0.69287014 0.07308841
vt 0.76283193 0.36597800
vt 0.69287014 0.05929518
vt 0.77100694 0.35472631
vt 0.69287014 0.04550195
vt 0.77530479 0.34149897
vt 0.69287014 0.03170860
vt 0.77530479 0.32759106
vt 0.69287014 0.01791537
vt 0.77100682 0.31436372
vt 0.69287014 0.27998745
vt 0.69287014 0.00412202
vt 0.76283193 0.30311203
vt 0.69287014 0.26619422
vt 0.75158024 0.29493713
vt 0.01402974 0.91028094
vt 0.01402974 0.90110540
vt 0.01402974 0.89192975
vt 0.01402974 0.88275409
vt 0.01402974 0.87357843
vt 0.01402974 0.86440289
vt 0.01402974 0.85522723
vt 0.01402974 0.84605157
vt 0.01402974 0.83687592
vt 0.01402974 0.82770038
vt 0.01402974 0.81852472
vt 0.01402974 0.80934906
vt 0.01402974 0.80017340
vt 0.01402974 0.79099786
vt 0.01402974 0.78182220
vt 0.01402974 0.77264655
vt 0.01402974 0.76347089
vt 0.01402974 0.75429535
vt 0.01402974 0.92863226
vt 0.01402974 0.74511969
vt 0.01402974 0.91945660
vt 0.01900220 0.91028094
vt 0.01900220 0.90110540
vt 0.01900220 0.89192975
vt 0.01900220 0.88275409
vt 0.01900220 0.87357843
vt 0.01900220 0.86440289
vt 0.01900220 0.85522723
vt 0.01900220 0.84605157
vt 0.01900220 0.83687592
vt 0.01900220 0.82770038
vt 0.01900220 0.81852472
vt 0.01900220 0.80934906
vt 0.01900220 0.80017340
vt 0.01900220 0.79099786
vt 0.01900220 0.78182220
vt 0.01900220 0.77264655
vt 0.01900220 0.76347089
vt 0.01900220 0.75429535
vt 0.01900220 0.92863226
vt 0.01900220 0.74511969
vt 0.01900220 0.91945660
vt 0.71641421 0.25240088
vt 0.71641421 0.23860765
vt 0.71641421 0.22481441
vt 0.71641421 0.21102107
vt 0.71641421 0.19722795
vt 0.71641421 0.18343472
vt 0.71641421 0.16964138
vt 0.71641421 0.15584815
vt 0.71641421 0.14205492
vt 0.71641421 0.12826157
vt 0.71641421 0.11446834
vt 0.71641421 0.10067499
vt 0.71641421 0.08688176
vt 0.71641421 0.07308841
vt 0.71641421 0.05929518
vt 0.71641421 0.04550195
vt 0.71641421 0.03170860
vt 0.71641421 0.01791537
vt 0.71641421 0.27998745
vt 0.71641421 0.00412202
vt 0.71641421 0.26619422
vt 0.67206478 0.23770070
vt 0.67206478 0.24736416
vt 0.67206478 0.25702775
vt 0.67206478 0.26669121
vt 0.67206478 0.27635479
vt 0.67206478 0.28601837
vt 0.67206478 0.29568195
vt 0.67206478 0.30534542
vt 0.67206478 0.31500900
vt 0.67206478 0.32467258
vt 0.67206478 0.33433604
vt 0.67206478 0.34399962
vt 0.67206478 0.35366309
vt 0.67206478 0.36332667
vt 0.67206478 0.37299013
vt 0.67206478 0.38348901
vt 0.67206478 0.18854761
vt 0.67206478 0.19904649
vt 0.67206478 0.20871007
vt 0.67206478 0.21837354
vt 0.67206478 0.22803712
vt 0.62807369 0.23770070
vt 0.62807369 0.24736416
vt 0.62807369 0.25702775
vt 0.62807369 0.26669121
vt 0.62807369 0.27635479
vt 0.62807369 0.28601837
vt 0.62807369 0.29568195
vt 0.62807369 0.30534542
vt 0.62807369 0.31500900
vt 0.62807369 0.32467258
vt 0.62807369 0.33433604
vt 0.62807369 0.34399962
vt 0.62807369 0.35366309
vt 0.62807369 0.36332667
vt 0.62807369 0.37299013
vt 0.62807369 0.38348901
vt 0.62807369 0.18854761
vt 0.62807369 0.19904649
vt 0.62807369 0.20871007
vt 0.62807369 0.21837354
vt 0.62807369 0.22803712
vt 0.67489386 0.23770070
vt 0.67489386 0.24736416
vt 0.67489386 0.25702775
vt 0.67489386 0.26669121
vt 0.67489386 0.27635479
vt 0.67489386 0.28601837
vt 0.67489386 0.29568195
vt 0.67489386 0.30534542
vt 0.67489386 0.31500900
vt 0.67489386 0.32467258
vt 0.67489386 0.33433604
vt 0.67489386 0.34399962
vt 0.67489386 0.35366309
vt 0.67489386 0.36332667
vt 0.67489386 0.37299013
vt 0.67489386 0.38348901
vt 0.67489386 0.18854761
vt 0.67489386 0.19904649
vt 0.67489386 0.20871007
vt 0.67489386 0.21837354
vt 0.67489386 0.22803712
vt 0.78044224 0.23860765
vt 0.96606016 0.04286706
vt 0.78044224 0.22481441
vt 0.96606016 0.05578589
vt 0.78044224 0.21102107
vt 0.96606016 0.06870461
vt 0.78044224 0.19722795
vt 0.96606016 0.08162332
vt 0.78044224 0.18343472
vt 0.96606016 0.09454191
vt 0.78044224 0.16964138
vt 0.96606016 0.10746062
vt 0.78044224 0.15584815
vt 0.96606016 0.12037945
vt 0.78044224 0.14205492
vt 0.96606016 0.13329792
vt 0.78044224 0.12826157
vt 0.96606040 0.14621675
vt 0.78044224 0.11446834
vt 0.96606016 0.15913546
vt 0.78044224 0.10067499
vt 0.96606016 0.17205417
vt 0.78044224 0.08688176
vt 0.96606016 0.18497300
vt 0.78044224 0.07308841
vt 0.96606016 0.19789147
vt 0.78044224 0.05929518
vt 0.96606016 0.21081030
vt 0.78044224 0.04550195
vt 0.96606016 0.22372901
vt 0.78044224 0.03170860
vt 0.96606016 0.23664773
vt 0.78044224 0.01791537
vt 0.96606016 0.24956632
vt 0.78044224 0.27998745
vt 0.78044224 0.00412202
vt 0.96606016 0.26248503
vt 0.96606016 0.00411129
vt 0.78044224 0.26619422
vt 0.96606040 0.01702988
vt 0.96606016 0.02994859
vt 0.78044224 0.25240088
vt 0.78339028 0.23860765
vt 0.97110343 0.04286706
vt 0.96912360 0.04286706
vt 0.96912360 0.04286706
vt 0.78339028 0.22481441
vt 0.97110343 0.05578589
vt 0.96912360 0.05578589
vt 0.96912360 0.05578589
vt 0.78339028 0.21102107
vt 0.97110343 0.06870461
vt 0.96912360 0.06870461
vt 0.96912360 0.06870461
vt 0.78339028 0.19722795
vt 0.97110343 0.08162332
vt 0.96912360 0.08162332
vt 0.96912360 0.08162332
vt 0.78339028 0.18343472
vt 0.97110343 0.09454191
vt 0.96912360 0.09454191
vt 0.96912360 0.09454191
vt 0.78339028 0.16964138
vt 0.97110343 0.10746062
vt 0.96912360 0.10746062
vt 0.96912360 0.10746062
vt 0.78339028 0.15584815
vt 0.97110343 0.12037933
vt 0.96912360 0.12037945
vt 0.96912360 0.12037945
vt 0.78339028 0.14205492
vt 0.97110343 0.13329792
vt 0.96912360 0.13329792
vt 0.96912360 0.13329792
vt 0.78339028 0.12826157
vt 0.97110343 0.14621675
vt 0.96912360 0.14621675
vt 0.96912360 0.14621675
vt 0.78339028 0.11446834
vt 0.97110343 0.15913546
vt 0.96912360 0.15913546
vt 0.96912360 0.15913546
vt 0.78339028 0.10067499
vt 0.97110343 0.17205417
vt 0.96912360 0.17205417
vt 0.96912360 0.17205417
vt 0.78339028 0.08688176
vt 0.97110343 0.18497300
vt 0.96912360 0.18497300
vt 0.96912360 0.18497300
vt 0.78339028 0.07308841
vt 0.97110343 0.19789147
vt 0.96912360 0.19789147
vt 0.96912360 0.19789147
vt 0.78339028 0.05929518
vt 0.97110343 0.21081030
vt 0.96912360 0.21081030
vt 0.96912360 0.21081030
vt 0.78339028 0.04550195
vt 0.97110343 0.22372901
vt 0.96912360 0.22372901
vt 0.96912360 0.22372901
vt 0.78339028 0.03170860
vt 0.97110343 0.23664773
vt 0.96912360 0.23664773
vt 0.96912360 0.23664773
vt 0.78339028 0.01791537
vt 0.97110343 0.24956632
vt 0.96912360 0.24956632
vt 0.96912360 0.24956632
vt 0.78339028 0.27998745
vt 0.78339028 0.00412202
vt 0.97110343 0.26248503
vt 0.97110343 0.00411129
vt 0.96912360 0.26248503
vt 0.96912360 0.00411129
vt 0.96912360 0.26248503
vt 0.96912360 0.00411129
vt 0.78339028 0.26619422
vt 0.97110343 0.01702988
vt 0.96912384 0.01702976
vt 0.96912384 0.01702976
vt 0.96912360 0.02994859
vt 0.96912360 0.02994859
vt 0.78339028 0.25240088
vt 0.97110343 0.02994859
vt 0.98210835 0.69772387
vt 0.00660396 0.80934906
vt 0.00660396 0.81852472
vt 0.98210835 0.68667650
vt 0.98210835 0.62039280
vt 0.00660396 0.87357843
vt 0.00660396 0.88275409
vt 0.98210835 0.60934544
vt 0.98210835 0.56515622
vt 0.00660396 0.91945660
vt 0.00660396 0.92863226
vt 0.00660396 0.74511969
vt 0.98210835 0.77505493
vt 0.98210835 0.55410886
vt 0.98210835 0.70877123
vt 0.00660396 0.80017340
vt 0.98210835 0.63144004
vt 0.00660396 0.86440289
vt 0.98210835 0.57620358
vt 0.00660396 0.91028094
vt 0.98210835 0.71981835
vt 0.00660396 0.79099786
vt 0.98210835 0.64248729
vt 0.00660396 0.85522723
vt 0.98210835 0.73086572
vt 0.00660396 0.78182220
vt 0.98210835 0.65353453
vt 0.00660396 0.84605157
vt 0.98210835 0.74191284
vt 0.00660396 0.77264655
vt 0.98210835 0.66458189
vt 0.00660396 0.83687592
vt 0.98210835 0.58725083
vt 0.00660396 0.90110540
vt 0.98210835 0.75296021
vt 0.00660396 0.76347089
vt 0.98210835 0.67562926
vt 0.00660396 0.82770038
vt 0.98210835 0.59829819
vt 0.00660396 0.89192975
vt 0.98210835 0.76400757
vt 0.00660396 0.75429535
vt 0.60808784 0.27727425
vt 0.98033571 0.69772387
vt 0.00411439 0.80934906
vt 0.60918230 0.27727425
vt 0.00411439 0.81852472
vt 0.60918230 0.28384674
vt 0.60808784 0.28384674
vt 0.98033571 0.68667650
vt 0.60808784 0.19183195
vt 0.98033571 0.62039280
vt 0.00411439 0.87357843
vt 0.60918242 0.19183195
vt 0.00411439 0.88275409
vt 0.60918242 0.19840443
vt 0.60808784 0.19840443
vt 0.98033571 0.60934544
vt 0.60808784 0.22469449
vt 0.98033571 0.56515622
vt 0.00411439 0.91945660
vt 0.60918230 0.22469449
vt 0.00411439 0.92863226
vt 0.00411439 0.74511969
vt 0.60918230 0.23126698
vt 0.60808772 0.23126698
vt 0.98033571 0.77505481
vt 0.98033571 0.55410886
vt 0.60808784 0.27070177
vt 0.98033571 0.70877111
vt 0.00411439 0.80017340
vt 0.60918230 0.27070177
vt 0.60808784 0.31670928
vt 0.98033571 0.63143992
vt 0.00411439 0.86440289
vt 0.60918242 0.31670928
vt 0.60808784 0.21812201
vt 0.98033571 0.57620358
vt 0.00411439 0.91028094
vt 0.60918230 0.21812201
vt 0.60808772 0.26412952
vt 0.98033571 0.71981835
vt 0.00411439 0.79099786
vt 0.60918230 0.26412952
vt 0.60808784 0.31013680
vt 0.98033571 0.64248729
vt 0.00411439 0.85522723
vt 0.60918242 0.31013680
vt 0.60808772 0.25755703
vt 0.98033571 0.73086572
vt 0.00411439 0.78182220
vt 0.60918230 0.25755703
vt 0.60808784 0.30356431
vt 0.98033571 0.65353453
vt 0.00411439 0.84605157
vt 0.60918242 0.30356431
vt 0.60808772 0.25098443
vt 0.98033571 0.74191296
vt 0.00411439 0.77264655
vt 0.60918230 0.25098443
vt 0.60808784 0.29699183
vt 0.98033571 0.66458189
vt 0.00411439 0.83687592
vt 0.60918230 0.29699183
vt 0.60808784 0.21154952
vt 0.98033571 0.58725083
vt 0.00411439 0.90110540
vt 0.60918230 0.21154952
vt 0.60808772 0.24441195
vt 0.98033571 0.75296044
vt 0.00411439 0.76347089
vt 0.60918230 0.24441195
vt 0.60808784 0.29041934
vt 0.98033571 0.67562926
vt 0.00411439 0.82770038
vt 0.60918230 0.29041934
vt 0.60808784 0.20497704
vt 0.98033571 0.59829819
vt 0.00411439 0.89192975
vt 0.60918242 0.20497704
vt 0.60808772 0.23783946
vt 0.98033571 0.76400757
vt 0.00411439 0.75429535
vt 0.60918230 0.23783946
vt 0.76653719 0.25240088
vt 0.76653719 0.23860765
vt 0.76653719 0.22481441
vt 0.76653719 0.21102107
vt 0.76653719 0.19722795
vt 0.76653719 0.18343472
vt 0.76653719 0.16964138
vt 0.76653719 0.15584815
vt 0.76653719 0.14205492
vt 0.76653719 0.12826157
vt 0.76653719 0.11446834
vt 0.76653719 0.10067499
vt 0.76653719 0.08688176
vt 0.76653719 0.07308841
vt 0.76653719 0.05929518
vt 0.76653719 0.04550195
vt 0.76653719 0.03170860
vt 0.76653719 0.01791537
vt 0.76653719 0.27998745
vt 0.76653719 0.00412202
vt 0.76653719 0.26619422
vt 0.70031214 0.25240088
vt 0.96454358 0.04286706
vt 0.96454358 0.05578589
vt 0.96454358 0.06870461
vt 0.96454358 0.08162332
vt 0.96454358 0.09454191
vt 0.96454358 0.10746062
vt 0.96454358 0.12037945
vt 0.96454358 0.13329792
vt 0.96454358 0.14621675
vt 0.96454358 0.15913546
vt 0.96454358 0.17205417
vt 0.96454358 0.18497300
vt 0.96454358 0.19789147
vt 0.96454358 0.21081030
vt 0.96454358 0.22372901
vt 0.96454358 0.23664773
vt 0.96454358 0.24956632
vt 0.96454382 0.26248503
vt 0.96454382 0.00411129
vt 0.96454358 0.01702988
vt 0.95944476 0.04286706
vt 0.95944452 0.02994859
vt 0.95944476 0.05578589
vt 0.95944452 0.06870461
vt 0.95944476 0.08162332
vt 0.95944476 0.09454191
vt 0.95944476 0.10746062
vt 0.95944476 0.12037945
vt 0.95944476 0.13329792
vt 0.95944452 0.14621675
vt 0.95944476 0.15913546
vt 0.95944452 0.17205417
vt 0.95944476 0.18497300
vt 0.95944476 0.19789147
vt 0.95944476 0.21081030
vt 0.95944452 0.22372901
vt 0.95944476 0.23664773
vt 0.95944476 0.24956632
vt 0.95944452 0.26248503
vt 0.95944452 0.00411129
vt 0.95944476 0.01702988
vt 0.01029158 0.80934906
vt 0.98374248 0.68667650
vt 0.01029158 0.87357843
vt 0.98374248 0.60934544
vt 0.01029158 0.91945660
vt 0.98374224 0.77505493
vt 0.98374224 0.55410886
vt 0.01029158 0.80017340
vt 0.01029158 0.86440289
vt 0.01029158 0.91028094
vt 0.01029158 0.79099786
vt 0.01029158 0.85522723
vt 0.01029158 0.78182220
vt 0.01029158 0.84605157
vt 0.01029158 0.77264655
vt 0.01029158 0.83687592
vt 0.01029158 0.90110540
vt 0.01029158 0.76347089
vt 0.01029158 0.82770038
vt 0.01029158 0.89192975
vt 0.01029158 0.75429535
vt 0.66806746 0.23770070
vt 0.65668869 0.23770070
vt 0.64409733 0.23770070
vt 0.62556148 0.23770070
vt 0.66806746 0.24736416
vt 0.65668869 0.24736416
vt 0.64409733 0.24736416
vt 0.62556148 0.24736416
vt 0.66806746 0.25702775
vt 0.65668869 0.25702775
vt 0.64409733 0.25702775
vt 0.62556148 0.25702775
vt 0.66806746 0.26669121
vt 0.65668869 0.26669121
vt 0.64409733 0.26669121
vt 0.62556148 0.26669121
vt 0.66806746 0.27635479
vt 0.65668869 0.27635479
vt 0.64409733 0.27635479
vt 0.62556148 0.27635479
vt 0.66806746 0.28601837
vt 0.65668869 0.28601837
vt 0.64409733 0.28601837
vt 0.62556148 0.28601837
vt 0.66806746 0.29568195
vt 0.65668869 0.29568195
vt 0.64409733 0.29568195
vt 0.62556148 0.29568195
vt 0.66806746 0.30534542
vt 0.65668869 0.30534542
vt 0.64409733 0.30534542
vt 0.62556148 0.30534542
vt 0.66806746 0.31500900
vt 0.65668869 0.31500900
vt 0.64409733 0.31500900
vt 0.62556148 0.31500900
vt 0.66806746 0.32467258
vt 0.65668869 0.32467258
vt 0.64409733 0.32467258
vt 0.62556148 0.32467258
vt 0.66806746 0.33433604
vt 0.65668869 0.33433604
vt 0.64409733 0.33433604
vt 0.62556148 0.33433604
vt 0.66806746 0.34399962
vt 0.65668869 0.34399962
vt 0.64409733 0.34399962
vt 0.62556148 0.34399962
vt 0.66806746 0.35366309
vt 0.65668869 0.35366309
vt 0.64409733 0.35366309
vt 0.62556148 0.35366309
vt 0.66806746 0.36332667
vt 0.65668869 0.36332667
vt 0.64409733 0.36332667
vt 0.62556148 0.36332667
vt 0.66806746 0.37299013
vt 0.65668869 0.37299013
vt 0.64409733 0.37299013
vt 0.62556148 0.37299013
vt 0.66806746 0.38348901
vt 0.66806746 0.18854761
vt 0.65668869 0.38348901
vt 0.65668869 0.18854761
vt 0.64409733 0.38348901
vt 0.64409733 0.18854761
vt 0.62556148 0.38348901
vt 0.62556148 0.18854761
vt 0.66806746 0.19904649
vt 0.65668869 0.19904649
vt 0.64409733 0.19904649
vt 0.62556148 0.19904649
vt 0.66806746 0.20871007
vt 0.65668869 0.20871007
vt 0.64409733 0.20871007
vt 0.62556148 0.20871007
vt 0.66806746 0.21837354
vt 0.65668869 0.21837354
vt 0.64409733 0.21837354
vt 0.62556148 0.21837354
vt 0.66806746 0.22803712
vt 0.65668869 0.22803712
vt 0.64409733 0.22803712
vt 0.62556148 0.22803712
vt 0.73774242 0.29449379
vt 0.72505546 0.29449379
vt 0.71298945 0.29841423
vt 0.70272553 0.30587161
vt 0.69526827 0.31613564
vt 0.69134784 0.32820141
vt 0.69134784 0.34088850
vt 0.69526815 0.35295463
vt 0.70272541 0.36321855
vt 0.71298945 0.37067556
vt 0.72505546 0.37459612
vt 0.73774266 0.37459612
vt 0.74980855 0.37067556
vt 0.76007247 0.36321855
vt 0.76752985 0.35295463
vt 0.77145040 0.34088850
vt 0.77145040 0.32820141
vt 0.76752985 0.31613541
vt 0.76007247 0.30587149
vt 0.74980843 0.29841423
vt 0.73139906 0.33454490
vt 0.01639986 0.90110540
vt 0.01639986 0.91028094
vt 0.01639986 0.89192975
vt 0.01639986 0.88275409
vt 0.01639986 0.87357843
vt 0.01639986 0.86440289
vt 0.01639986 0.85522723
vt 0.01639986 0.84605157
vt 0.01639986 0.83687592
vt 0.01639986 0.82770038
vt 0.01639986 0.81852472
vt 0.01639986 0.80934906
vt 0.01639986 0.80017340
vt 0.01639986 0.79099786
vt 0.01639986 0.78182220
vt 0.01639986 0.77264655
vt 0.01639986 0.76347089
vt 0.01639986 0.75429535
vt 0.01639986 0.92863226
vt 0.01639986 0.74511969
vt 0.01639986 0.91945660
vt 0.10661316 0.02392316
vt 0.70031214 0.23860765
vt 0.70031214 0.22481441
vt 0.70031214 0.21102107
vt 0.70031214 0.19722795
vt 0.70031214 0.18343472
vt 0.70031214 0.16964138
vt 0.70031214 0.15584815
vt 0.70031214 0.14205492
vt 0.70031214 0.12826157
vt 0.70031214 0.11446834
vt 0.70031214 0.10067499
vt 0.70031214 0.08688176
vt 0.70031214 0.07308841
vt 0.70031214 0.05929518
vt 0.70031214 0.04550195
vt 0.70031214 0.03170860
vt 0.70031214 0.01791537
vt 0.70031214 0.27998745
vt 0.70031214 0.00412202
vt 0.70031214 0.26619422
vt 0.74237990 0.25240088
vt 0.67409229 0.23770070
vt 0.67409229 0.24736416
vt 0.67409229 0.25702775
vt 0.67409229 0.26669121
vt 0.67409229 0.27635479
vt 0.67409229 0.28601837
vt 0.67409229 0.29568195
vt 0.67409229 0.30534542
vt 0.67409229 0.31500900
vt 0.67409229 0.32467258
vt 0.67409229 0.33433604
vt 0.67409229 0.34399962
vt 0.67409229 0.35366309
vt 0.67409229 0.36332667
vt 0.67409229 0.37299013
vt 0.67409229 0.38348901
vt 0.67409229 0.18854761
vt 0.67409229 0.19904649
vt 0.67409229 0.20871007
vt 0.67409229 0.21837354
vt 0.67409229 0.22803712
vt 0.63234258 0.23770070
vt 0.63234258 0.24736416
vt 0.63234258 0.25702775
vt 0.63234258 0.26669121
vt 0.63234258 0.27635479
vt 0.63234258 0.28601837
vt 0.63234258 0.29568195
vt 0.63234258 0.30534542
vt 0.63234258 0.31500900
vt 0.63234258 0.32467258
vt 0.63234258 0.33433604
vt 0.63234258 0.34399962
vt 0.63234258 0.35366309
vt 0.63234258 0.36332667
vt 0.63234258 0.37299013
vt 0.63234258 0.38348901
vt 0.63234258 0.18854761
vt 0.63234258 0.19904649
vt 0.63234258 0.20871007
vt 0.63234258 0.21837354
vt 0.63234258 0.22803712
vt 0.67584991 0.23770070
vt 0.67584991 0.24736416
vt 0.67584991 0.25702775
vt 0.67584991 0.26669121
vt 0.67584991 0.27635479
vt 0.67584991 0.28601837
vt 0.67584991 0.29568195
vt 0.67584991 0.30534542
vt 0.67584991 0.31500900
vt 0.67584991 0.32467258
vt 0.67584991 0.33433604
vt 0.67584991 0.34399962
vt 0.67584991 0.35366309
vt 0.67584991 0.36332667
vt 0.67584991 0.37299013
vt 0.67584991 0.38348901
vt 0.67584991 0.18854761
vt 0.67584991 0.19904649
vt 0.67584991 0.20871007
vt 0.67584991 0.21837354
vt 0.67584991 0.22803712
vt 0.77781868 0.23860765
vt 0.96763825 0.06870461
vt 0.77781868 0.22481441
vt 0.78193402 0.01791537
vt 0.77781868 0.21102107
vt 0.77781868 0.19722795
vt 0.96763825 0.15913546
vt 0.77781868 0.18343472
vt 0.77781868 0.16964138
vt 0.96763825 0.24956632
vt 0.77781868 0.15584815
vt 0.77781868 0.14205492
vt 0.78193402 0.10067499
vt 0.77781868 0.12826157
vt 0.96763825 0.09454191
vt 0.77781868 0.11446834
vt 0.77781868 0.10067499
vt 0.78193402 0.27998745
vt 0.78193402 0.00412202
vt 0.77781868 0.08688176
vt 0.78193402 0.26619422
vt 0.77781868 0.07308841
vt 0.78193402 0.05929518
vt 0.77781868 0.05929518
vt 0.77781868 0.04550195
vt 0.96763825 0.18497300
vt 0.77781868 0.03170860
vt 0.96763825 0.17205417
vt 0.77781868 0.01791537
vt 0.78193402 0.18343472
vt 0.77781868 0.27998745
vt 0.77781868 0.00412202
vt 0.78193402 0.16964138
vt 0.77781868 0.26619422
vt 0.96763825 0.01702988
vt 0.96763802 0.26248503
vt 0.96763802 0.00411129
vt 0.96763825 0.21081030
vt 0.78193402 0.08688176
vt 0.96454358 0.02994859
vt 0.78193402 0.07308841
vt 0.97011352 0.04286706
vt 0.97011352 0.05578589
vt 0.97011352 0.06870461
vt 0.97011352 0.08162332
vt 0.97011352 0.09454191
vt 0.97011352 0.10746062
vt 0.97011352 0.12037945
vt 0.97011352 0.13329792
vt 0.97011352 0.14621675
vt 0.97011352 0.15913546
vt 0.97011352 0.17205417
vt 0.97011352 0.18497300
vt 0.97011352 0.19789147
vt 0.97011352 0.21081030
vt 0.97011352 0.22372901
vt 0.97011352 0.23664773
vt 0.97011352 0.24956632
vt 0.97011352 0.26248503
vt 0.97011352 0.00411129
vt 0.97011375 0.01702976
vt 0.97011375 0.02994859
vt 0.96763825 0.08162332
vt 0.78193402 0.11446834
vt 0.96763825 0.23664773
vt 0.78193402 0.19722795
vt 0.78193402 0.21102107
vt 0.96763849 0.14621675
vt 0.78193402 0.03170860
vt 0.96763825 0.05578589
vt 0.78193402 0.12826157
vt 0.96763825 0.22372901
vt 0.78193402 0.22481441
vt 0.96763825 0.13329792
vt 0.78193402 0.04550195
vt 0.96763825 0.04286706
vt 0.78193402 0.14205492
vt 0.78193402 0.23860765
vt 0.96763825 0.12037945
vt 0.96763825 0.02994859
vt 0.78193402 0.15584815
vt 0.96763825 0.19789147
vt 0.78193402 0.25240088
vt 0.96763825 0.10746062
vt 0.98374248 0.69772387
vt 0.98110962 0.75296021
vt 0.01029158 0.81852472
vt 0.98110962 0.76400757
vt 0.98374248 0.62039280
vt 0.00485158 0.80017340
vt 0.01029158 0.88275409
vt 0.00485158 0.80934906
vt 0.98374248 0.56515622
vt 0.00485158 0.77264655
vt 0.01029158 0.92863226
vt 0.01029158 0.74511969
vt 0.98374248 0.70877123
vt 0.98110962 0.62039280
vt 0.98374248 0.63144004
vt 0.98374248 0.57620358
vt 0.00485158 0.81852472
vt 0.98374248 0.71981835
vt 0.00485158 0.82770038
vt 0.98374248 0.64248729
vt 0.98110962 0.69772387
vt 0.98374248 0.73086572
vt 0.98110962 0.70877123
vt 0.98374248 0.65353453
vt 0.98374248 0.74191284
vt 0.98110962 0.74191284
vt 0.98374248 0.66458189
vt 0.98110962 0.67562926
vt 0.98374248 0.58725083
vt 0.98110938 0.68667650
vt 0.98374248 0.75296021
vt 0.00485158 0.86440289
vt 0.98374248 0.67562926
vt 0.98374248 0.59829819
vt 0.00485158 0.83687592
vt 0.98374248 0.76400757
vt 0.00485158 0.84605157
vt 0.00485158 0.88275409
vt 0.00485158 0.89192975
vt 0.98110962 0.63144004
vt 0.60863513 0.27727425
vt 0.60863513 0.28384674
vt 0.60863513 0.19183195
vt 0.60863513 0.19840443
vt 0.60863513 0.22469449
vt 0.60863513 0.23126698
vt 0.60863513 0.27070200
vt 0.60863513 0.31670928
vt 0.60863513 0.21812201
vt 0.60863513 0.26412952
vt 0.60863513 0.31013703
vt 0.60863513 0.25755703
vt 0.60863513 0.30356455
vt 0.60863513 0.25098443
vt 0.60863513 0.29699183
vt 0.60863513 0.21154952
vt 0.60863513 0.24441195
vt 0.60863525 0.29041934
vt 0.60863513 0.20497704
vt 0.60863513 0.23783946
vt 0.98110962 0.65353453
vt 0.98110962 0.64248729
vt 0.00485158 0.87357843
vt 0.98110962 0.56515622
vt 0.98110962 0.77505493
vt 0.98110962 0.55410886
vt 0.00485158 0.76347089
vt 0.00485158 0.75429535
vt 0.00485158 0.85522723
vt 0.98110962 0.59829819
vt 0.98110962 0.58725083
vt 0.00485158 0.92863226
vt 0.00485158 0.74511969
vt 0.00485158 0.91945660
vt 0.98110962 0.73086572
vt 0.98110962 0.71981835
vt 0.00485158 0.90110540
vt 0.98110962 0.60934544
vt 0.00485158 0.79099786
vt 0.00485158 0.78182220
vt 0.98110962 0.66458189
vt 0.98110938 0.57620358
vt 0.00485158 0.91028094
vt 0.74237990 0.16964138
vt 0.74237990 0.15584815
vt 0.74237990 0.14205492
vt 0.74237990 0.12826157
vt 0.74237990 0.11446834
vt 0.74237990 0.10067499
vt 0.74237990 0.08688176
vt 0.74237990 0.07308841
vt 0.77781868 0.25240088
vt 0.74237990 0.23860765
vt 0.74237990 0.22481441
vt 0.74237990 0.21102107
vt 0.74237990 0.19722795
vt 0.74237990 0.18343472
vt 0.74237990 0.05929518
vt 0.74237990 0.04550195
vt 0.74237990 0.03170860
vt 0.74237990 0.01791537
vt 0.74237990 0.27998745
vt 0.74237990 0.00412202
vt 0.74237990 0.26619422
vt 0.04196763 0.04154646
vt 0.43339372 0.69684291
vt 0.69635427 0.32899451
vt 0.73694956 0.36958992
vt 0.72584844 0.36958992
vt 0.72584844 0.29950023
vt 0.69978464 0.31843662
vt 0.71529067 0.36615932
vt 0.75648844 0.35963440
vt 0.76644385 0.34009552
vt 0.76301348 0.35065341
vt 0.76644385 0.32899451
vt 0.74750721 0.30293059
vt 0.71529067 0.30293071
vt 0.76301348 0.31843662
vt 0.69635415 0.34009552
vt 0.70630980 0.30945563
vt 0.75648832 0.30945563
vt 0.69978464 0.35065341
vt 0.73694956 0.29950023
vt 0.74750733 0.36615932
vt 0.70630956 0.35963440
vt 0.25645721 0.81673670
vt 0.75586790 0.95553112
vt 0.35684144 0.54239845
vt 0.77386171 0.95561075
vt 0.22179615 0.79861116
vt 0.94616467 0.52949429
vt 0.32143188 0.56026912
vt 0.92822737 0.52945471
vt 0.22860527 0.77842712
vt 0.94629508 0.50815463
vt 0.26319945 0.79669142
vt 0.75599092 0.93426514
vt 0.32799935 0.58055687
vt 0.92826039 0.50812101
vt 0.36327755 0.56248903
vt 0.77385265 0.93432999
vt 0.23132730 0.73161650
vt 0.94630891 0.46123433
vt 0.26569462 0.75023508
vt 0.75600880 0.88768148
vt 0.33065391 0.62745070
vt 0.92832190 0.46126771
vt 0.36558008 0.60882068
vt 0.77387613 0.88769054
vt 0.22313845 0.67148018
vt 0.94614953 0.40054321
vt 0.25737679 0.69036222
vt 0.75589436 0.82723808
vt 0.32277620 0.68775511
vt 0.92821246 0.40061307
vt 0.35756278 0.66869569
vt 0.77380115 0.82722569
vt 0.21714985 0.61285162
vt 0.94597214 0.34140873
vt 0.25021482 0.63371325
vt 0.75575715 0.77011251
vt 0.31699359 0.74640918
vt 0.92817420 0.34142256
vt 0.35074484 0.72561002
vt 0.77379400 0.77016640
vt 0.00465190 0.39340782
vt 0.24010050 0.55452919
vt 0.94602174 0.27827024
vt 0.00463855 0.43759060
vt 0.26569462 0.58899069
vt 0.75640243 0.72249150
vt 0.02171421 0.39308310
vt 0.33912408 0.80485606
vt 0.92904633 0.27816343
vt 0.02190566 0.43770909
vt 0.36558008 0.77074862
vt 0.77327770 0.72262621
vt 0.76031524 0.95559120
vt 0.94172698 0.52943897
vt 0.76040596 0.93437195
vt 0.94184059 0.50804758
vt 0.76042098 0.88784528
vt 0.94186598 0.46106005
vt 0.76031488 0.82742977
vt 0.94172043 0.40034080
vt 0.76020724 0.77027154
vt 0.94156796 0.34128165
vt 0.00880122 0.43753076
vt 0.76043183 0.72206569
vt 0.00889850 0.39273810
vt 0.94197816 0.27747011
vt 0.22355676 0.79950666
vt 0.32349193 0.55927396
vt 0.23039162 0.77928901
vt 0.33011425 0.57964253
vt 0.23312795 0.73243141
vt 0.33279455 0.62664080
vt 0.22494638 0.67226219
vt 0.32493103 0.68701482
vt 0.21892226 0.61369848
vt 0.31909204 0.74553752
vt 0.00465167 0.39534187
vt 0.24186122 0.55475760
vt 0.02207732 0.39510417
vt 0.34102345 0.80453801
vt 0.00909257 0.39518476
vt 0.21020603 0.80431128
vt 0.78412825 0.92181349
vt 0.41077447 0.51929355
vt 0.80212051 0.92189026
vt 0.17540324 0.78645110
vt 0.91989452 0.52023339
vt 0.37522936 0.53692937
vt 0.90195495 0.52019477
vt 0.18205762 0.76621437
vt 0.92002386 0.49888992
vt 0.21679425 0.78421307
vt 0.78424805 0.90054989
vt 0.38166082 0.55727005
vt 0.90198678 0.49885750
vt 0.41707599 0.53943586
vt 0.80210811 0.90061188
vt 0.18441904 0.71937966
vt 0.92003554 0.45196390
vt 0.21893215 0.73773479
vt 0.78425831 0.85397029
vt 0.38399613 0.60420084
vt 0.90204602 0.45199847
vt 0.41906357 0.58580065
vt 0.80212408 0.85397649
vt 0.17576528 0.65930104
vt 0.91987282 0.39126539
vt 0.21015489 0.67791963
vt 0.78413397 0.79353142
vt 0.37570035 0.66447902
vt 0.90193397 0.39133596
vt 0.41063809 0.64564872
vt 0.80204028 0.79351616
vt 0.16966486 0.60004759
vt 0.91969770 0.33147717
vt 0.20295250 0.62053561
vt 0.78399271 0.73565722
vt 0.36983812 0.72377443
vt 0.90189701 0.33148861
vt 0.40381145 0.70333648
vt 0.80202979 0.73571229
vt 0.19233191 0.54119349
vt 0.49256849 0.00444841
vt 0.91974336 0.26799631
vt 0.21899080 0.57383609
vt 0.49249232 0.04709816
vt 0.78465718 0.68601394
vt 0.39179873 0.78259754
vt 0.50939798 0.00440717
vt 0.90277690 0.26789260
vt 0.41915524 0.75048423
vt 0.50949979 0.04711890
vt 0.80152589 0.68614984
vt 0.78857523 0.92187309
vt 0.91545624 0.52017784
vt 0.78866261 0.90065575
vt 0.91556865 0.49878359
vt 0.78867012 0.85413361
vt 0.91559166 0.45178962
vt 0.78855425 0.79372144
vt 0.91544312 0.39106345
vt 0.78844303 0.73581171
vt 0.91529268 0.33135319
vt 0.49656439 0.04714131
vt 0.78868502 0.68584013
vt 0.49665797 0.00411749
vt 0.91569585 0.26758242
vt 0.17717111 0.78733373
vt 0.37729692 0.53594804
vt 0.18385077 0.76706243
vt 0.38378286 0.55636930
vt 0.18622637 0.72018099
vt 0.38614333 0.60340524
vt 0.17757928 0.66006875
vt 0.37786126 0.66375279
vt 0.17144370 0.60088253
vt 0.37194240 0.72291279
vt 0.19393253 0.54174018
vt 0.49229717 0.00616717
vt 0.39350009 0.78196383
vt 0.50994313 0.00611734
vt 0.49669826 0.00605392
vt 0.25023103 0.81351185
vt 0.35034013 0.54560137
vt 0.25701237 0.79346251
vt 0.35685086 0.56568980
vt 0.25952387 0.74697089
vt 0.35916877 0.61206245
vt 0.25121891 0.68704748
vt 0.35115898 0.67201042
vt 0.24425137 0.62994385
vt 0.34449077 0.72940564
vt 0.00415754 0.42966914
vt 0.26157522 0.58231640
vt 0.02267516 0.42969060
vt 0.36126935 0.77737761
vt 0.00884032 0.42907476
vt 0.22987819 0.80280256
vt 0.32985544 0.55606723
vt 0.23670685 0.78266811
vt 0.33646774 0.57629776
vt 0.23938572 0.73589349
vt 0.33905625 0.62315655
vt 0.23116112 0.67575717
vt 0.33113742 0.68347144
vt 0.22489333 0.61749768
vt 0.32504976 0.74178243
vt 0.00411916 0.40345407
vt 0.24670255 0.56112361
vt 0.02267516 0.40330577
vt 0.34610510 0.79830194
vt 0.00891042 0.40290284
vt 0.33224750 0.79152489
vt 0.92832106 0.29322910
vt 0.23304236 0.56775665
vt 0.94628900 0.29332805
vt 0.26097262 0.59854341
vt 0.75592715 0.73317075
vt 0.36106563 0.76110649
vt 0.77387613 0.73330402
vt 0.94184297 0.29329181
vt 0.76036149 0.73334622
vt 0.33423758 0.79040718
vt 0.23474169 0.56876206
vt 0.25597382 0.59295559
vt 0.35573602 0.76665854
vt 0.33938456 0.78489089
vt 0.23982322 0.57438493
vt 0.20395470 0.80113435
vt 0.40424883 0.52245307
vt 0.21058214 0.78103185
vt 0.41062498 0.54259396
vt 0.21273613 0.73451781
vt 0.41262758 0.58900023
vt 0.20397091 0.67465186
vt 0.40420926 0.64892149
vt 0.19694948 0.61683536
vt 0.39751828 0.70706511
vt 0.21457052 0.56774163
vt 0.49207377 0.03954220
vt 0.41458368 0.75652122
vt 0.51016927 0.03954339
vt 0.49657023 0.03926802
vt 0.38368499 0.53278327
vt 0.18351829 0.79058099
vt 0.19019222 0.77039266
vt 0.39016163 0.55306649
vt 0.19251132 0.72359490
vt 0.39243162 0.59996247
vt 0.18382156 0.66351581
vt 0.38409507 0.66025162
vt 0.17745733 0.60461473
vt 0.37794197 0.71922135
vt 0.19900930 0.54774857
vt 0.49208343 0.01405382
vt 0.39880359 0.77617025
vt 0.51016927 0.01400781
vt 0.49660873 0.01378989
vt 0.38583231 0.77105713
vt 0.90206176 0.28102469
vt 0.18624842 0.55277538
vt 0.92002827 0.28112435
vt 0.21477962 0.58259726
vt 0.78418499 0.69575500
vt 0.41514647 0.74162936
vt 0.80212802 0.69589019
vt 0.91558224 0.28108931
vt 0.78861886 0.69592309
vt 0.38784015 0.76994324
vt 0.18795729 0.55376291
vt 0.20966351 0.57719469
vt 0.40970051 0.74698186
vt 0.39306402 0.76459956
vt 0.19315088 0.55921340
vt 0.93768531 0.26708031
vt 0.95446771 0.52498865
vt 0.31029117 0.56217909
vt 0.97245842 0.52507162
vt 0.90331155 0.24836493
vt 0.91989076 0.78322816
vt 0.27513480 0.58063316
vt 0.90195286 0.78318858
vt 0.91046113 0.22829723
vt 0.92002070 0.76188731
vt 0.94476014 0.24714971
vt 0.95459145 0.50371838
vt 0.28203309 0.60082102
vt 0.90198553 0.76185393
vt 0.31704640 0.58217144
vt 0.97245663 0.50378704
vt 0.91397601 0.18153667
vt 0.92003429 0.71496582
vt 0.94803900 0.20074344
vt 0.95462376 0.45711923
vt 0.28545368 0.64768410
vt 0.90204632 0.71499968
vt 0.32010114 0.62847185
vt 0.97249418 0.45713496
vt 0.90681309 0.12126374
vt 0.91987383 0.65427232
vt 0.94074172 0.14073730
vt 0.95453542 0.39666295
vt 0.27856684 0.70813370
vt 0.90193617 0.65434265
vt 0.31306481 0.68848872
vt 0.97244209 0.39665747
vt 0.90191442 0.06235957
vt 0.91969681 0.59497499
vt 0.93418747 0.08463383
vt 0.95441788 0.34018588
vt 0.27383959 0.76706839
vt 0.90189815 0.59498835
vt 0.30683088 0.74485898
vt 0.97244388 0.34024000
vt 0.78408325 0.29460812
vt 0.91974568 0.53175163
vt 0.92593187 0.00435829
vt 0.78397655 0.34169722
vt 0.94803900 0.04454899
vt 0.95500761 0.29750180
vt 0.29708433 0.82509685
vt 0.80092192 0.29426765
vt 0.90277207 0.53164577
vt 0.32010114 0.78535819
vt 0.80116057 0.34177947
vt 0.97187775 0.29763007
vt 0.95891279 0.52504730
vt 0.91545284 0.78317285
vt 0.95900625 0.50382137
vt 0.91556633 0.76178050
vt 0.95903569 0.45727658
vt 0.91559100 0.71479154
vt 0.95895499 0.39684653
vt 0.91544461 0.65407014
vt 0.95886427 0.34034896
vt 0.91529238 0.59484863
vt 0.78809035 0.34165478
vt 0.95903391 0.29722619
vt 0.78822362 0.29392767
vt 0.91570115 0.53104806
vt 0.90507013 0.24929690
vt 0.27719212 0.57959747
vt 0.91224605 0.22919655
vt 0.28414643 0.59986472
vt 0.91577560 0.18239021
vt 0.28759384 0.64683080
vt 0.90862066 0.12208462
vt 0.28072238 0.70734930
vt 0.90368074 0.06325269
vt 0.27593160 0.76614499
vt 0.78403747 0.29648232
vt 0.92763048 0.00476527
vt 0.29890585 0.82459497
vt 0.80132449 0.29625154
vt 0.78838658 0.29622865
vt 0.29679620 0.80475426
vt 0.92513019 0.02467728
vt 0.29050207 0.59638619
vt 0.92202789 0.18598914
vt 0.29385400 0.64321232
vt 0.91482919 0.12571764
vt 0.28692567 0.70367026
vt 0.90955299 0.06734085
vt 0.28179443 0.76210427
vt 0.78353906 0.30519056
vt 0.93187505 0.01227546
vt 0.30340600 0.81725264
vt 0.80187201 0.30506539
vt 0.78820276 0.30458713
vt 0.91855794 0.23271179
vt 0.28356087 0.57625771
vt 0.91139024 0.25272942
vt 0.29017282 0.81241417
vt 0.90204954 0.54622769
vt 0.91886133 0.01704073
vt 0.92001700 0.54632688
vt 0.94392818 0.05255413
vt 0.95454901 0.30652261
vt 0.31615424 0.77726603
vt 0.97249418 0.30665016
vt 0.91557121 0.54629087
vt 0.95898122 0.30673146
vt 0.29214036 0.81120181
vt 0.92053348 0.01812434
vt 0.31134748 0.78361154
vt 0.93156332 0.26378059
vt 0.30388558 0.56545925
vt 0.93867880 0.24384689
vt 0.78811657 0.33277225
vt 0.31639552 0.79280710
vt 0.80187201 0.33333516
vt 0.78353918 0.33332300
vt 0.94453794 0.03703666
vt 0.30076206 0.74887991
vt 0.92841941 0.08064103
vt 0.30675972 0.69187617
vt 0.93469054 0.13735008
vt 0.31378794 0.63178778
vt 0.94197470 0.19740582
vt 0.31071723 0.58544803
vt 0.93948168 0.04616642
vt 0.16417789 0.78786850
vt 0.95436597 0.91955471
vt 0.10472071 0.49956107
vt 0.97210455 0.91959572
vt 0.12910354 0.76981783
vt 0.92829949 0.54100180
vt 0.06929362 0.51749539
vt 0.94601852 0.54101634
vt 0.13581610 0.74957252
vt 0.92822236 0.56237149
vt 0.17077863 0.76779890
vt 0.95444465 0.89824581
vt 0.07589364 0.53778434
vt 0.94600457 0.56239033
vt 0.11118042 0.51965237
vt 0.97206235 0.89829636
vt 0.13859582 0.70269871
vt 0.92824835 0.60925317
vt 0.17324769 0.72140574
vt 0.95445311 0.85162473
vt 0.07862091 0.58469033
vt 0.94593722 0.60923505
vt 0.11355102 0.56599522
vt 0.97205865 0.85165071
vt 0.13086617 0.64311123
vt 0.92834049 0.66912341
vt 0.16534042 0.66218758
vt 0.95440757 0.79188776
vt 0.07098639 0.64434075
vt 0.94595987 0.66908216
vt 0.10573196 0.62521577
vt 0.97202897 0.79189682
vt 0.12335193 0.57384706
vt 0.92842656 0.74001384
vt 0.15654516 0.59516525
vt 0.95422244 0.72389579
vt 0.06355727 0.71366978
vt 0.94602281 0.73999190
vt 0.09708476 0.69238734
vt 0.97206545 0.72389507
vt 0.14882779 0.52464890
vt 0.62074685 0.82645607
vt 0.92873496 0.79586744
vt 0.17324769 0.56134105
vt 0.62088645 0.78140354
vt 0.95478582 0.68605399
vt 0.08880162 0.76292920
vt 0.60445142 0.82661009
vt 0.94532162 0.79589009
vt 0.11355102 0.72635770
vt 0.60426056 0.78140354
vt 0.97133136 0.68609405
vt 0.13103676 0.77077556
vt 0.07136619 0.51648998
vt 0.13779044 0.75047183
vt 0.07802081 0.53685880
vt 0.14058983 0.70352125
vt 0.08077288 0.58386898
vt 0.13286865 0.64387798
vt 0.07314873 0.64359355
vt 0.12526453 0.57482290
vt 0.06560814 0.71264672
vt 0.15052915 0.52520823
vt 0.62110782 0.82460260
vt 0.09056115 0.76231527
vt 0.60394359 0.82473969
vt 0.12328434 0.59527349
vt 0.06366825 0.69225860
vt 0.09640133 0.67404866
vt 0.97201979 0.74238658
vt 0.06151450 0.69299865
vt 0.94600123 0.71847463
vt 0.15586567 0.61343193
vt 0.95432281 0.74239206
vt 0.12129033 0.59451389
vt 0.92844909 0.71852875
vt 0.14689839 0.70704007
vt 0.08708501 0.58034444
vt 0.13912511 0.64745808
vt 0.07940376 0.63999510
vt 0.13127410 0.57865310
vt 0.07162106 0.70885301
vt 0.15524733 0.53198934
vt 0.62144995 0.81623960
vt 0.09538329 0.75559354
vt 0.60357642 0.81626654
vt 0.08442748 0.53347421
vt 0.14417946 0.75387406
vt 0.07778382 0.51324439
vt 0.13743544 0.77406144
vt 0.12948895 0.59877992
vt 0.06986499 0.68874598
vt 0.14962852 0.61008048
vt 0.15785789 0.78467274
vt 0.09826708 0.50274682
vt 0.16451991 0.76460195
vt 0.10480320 0.52283573
vt 0.10950732 0.73318148
vt 0.60356712 0.78936934
vt 0.16927981 0.55450320
vt 0.62146842 0.78936863
vt 0.09090161 0.69623494
vt 0.15050817 0.59132838
vt 0.09937227 0.62850165
vt 0.15910578 0.65889263
vt 0.10718918 0.56921697
vt 0.16700613 0.71816969
vt 0.09003627 0.67740536
vt 0.08911967 0.74368715
vt 0.14897025 0.54384470
vt 0.14225757 0.53662157
vt 0.92824274 0.78206348
vt 0.16915405 0.56966734
vt 0.95425618 0.69539595
vt 0.08225775 0.75094461
vt 0.94599599 0.78208518
vt 0.10950720 0.71799469
vt 0.97197604 0.69543672
vt 0.08423162 0.74974012
vt 0.14409864 0.53775811
vt 0.16428494 0.56372237
vt 0.10448623 0.72393107
vt 0.25513744 0.81606174
vt 0.35530257 0.54313350
vt 0.77118665 0.95562744
vt 0.93090433 0.52942967
vt 0.26186812 0.79604244
vt 0.36171341 0.56316304
vt 0.77119297 0.93440294
vt 0.93093580 0.50803447
vt 0.25998938 0.80900240
vt 0.75595480 0.94700050
vt 0.36021364 0.55018640
vt 0.77383119 0.94708538
vt 0.22533834 0.79084325
vt 0.94625813 0.52097297
vt 0.32483935 0.56809306
vt 0.92820758 0.52092052
vt 0.26435018 0.74961329
vt 0.36398625 0.60942650
vt 0.77122051 0.88782954
vt 0.93099171 0.46110129
vt 0.33038294 0.60098767
vt 0.92831558 0.48764062
vt 0.23106325 0.75803995
vt 0.94631344 0.48763871
vt 0.26555133 0.77646542
vt 0.75600904 0.91390276
vt 0.36549354 0.58266163
vt 0.77387577 0.91393805
vt 0.25602245 0.68974972
vt 0.35594594 0.66927290
vt 0.77114409 0.82739782
vt 0.93087298 0.40040970
vt 0.36259639 0.63809848
vt 0.77384907 0.85820794
vt 0.32778776 0.65701270
vt 0.92828459 0.43166351
vt 0.22833836 0.70212078
vt 0.94624728 0.43160486
vt 0.26261425 0.72091889
vt 0.75596362 0.85821652
vt 0.24890995 0.63297558
vt 0.34917736 0.72636271
vt 0.77112228 0.77028704
vt 0.93082863 0.34131098
vt 0.35241127 0.69876671
vt 0.77377039 0.79683757
vt 0.31771660 0.71796989
vt 0.92815775 0.36999750
vt 0.21789706 0.64134216
vt 0.94603115 0.36993814
vt 0.25199056 0.66040516
vt 0.75581306 0.79683137
vt 0.00437450 0.43595266
vt 0.26504958 0.58749223
vt 0.02239776 0.43606210
vt 0.36478341 0.77223730
vt 0.01970279 0.43757963
vt 0.77116495 0.72223043
vt 0.01938140 0.39279819
vt 0.93117982 0.27753735
vt 0.33733892 0.80161643
vt 0.92850596 0.28180337
vt 0.22397089 0.58716106
vt 0.94609421 0.31480598
vt 0.26455700 0.59136677
vt 0.75606471 0.72511697
vt 0.35499322 0.74675584
vt 0.77385086 0.74881649
vt 0.75761646 0.95556402
vt 0.94441718 0.52946305
vt 0.75772327 0.93435097
vt 0.94454604 0.50806165
vt 0.75773746 0.88782358
vt 0.94456607 0.46107650
vt 0.75762337 0.82740808
vt 0.94441527 0.40035677
vt 0.75749856 0.77024722
vt 0.94424099 0.34129763
vt 0.00610018 0.43747115
vt 0.75779301 0.72212362
vt 0.00624466 0.39316392
vt 0.94462925 0.27762365
vt 0.94186610 0.48749423
vt 0.94180077 0.52090311
vt 0.94181091 0.43140912
vt 0.94193643 0.28178716
vt 0.94161445 0.36975646
vt 0.00884843 0.43538404
vt 0.76024574 0.79701352
vt 0.76041692 0.72523856
vt 0.76037902 0.85839963
vt 0.76037449 0.94707632
vt 0.76042265 0.91404009
vt 0.22269404 0.79905939
vt 0.32261479 0.55971098
vt 0.22953427 0.77883077
vt 0.32924521 0.58009815
vt 0.23227727 0.73196268
vt 0.33193529 0.62711310
vt 0.22410131 0.67179132
vt 0.32407868 0.68749022
vt 0.21808231 0.61323047
vt 0.31824481 0.74599886
vt 0.00470662 0.39437246
vt 0.24100542 0.55433011
vt 0.02196288 0.39411616
vt 0.34014344 0.80495119
vt 0.00905430 0.39424729
vt 0.00669658 0.39527583
vt 0.33925474 0.80051279
vt 0.23996663 0.55864739
vt 0.01916981 0.39511371
vt 0.21969497 0.64213324
vt 0.31985688 0.71720552
vt 0.23014402 0.70291471
vt 0.33250988 0.60012794
vt 0.23285627 0.75887704
vt 0.32993686 0.65624905
vt 0.32693601 0.56711769
vt 0.22711635 0.79173112
vt 0.20888090 0.80364656
vt 0.37873435 0.53524137
vt 0.79944581 0.92190742
vt 0.90463203 0.52016878
vt 0.21545792 0.78357434
vt 0.41550648 0.54009891
vt 0.79944867 0.90068483
vt 0.90466255 0.49877143
vt 0.21367884 0.79654956
vt 0.78421384 0.91328382
vt 0.41409481 0.52710772
vt 0.80208868 0.91336584
vt 0.17888606 0.77865624
vt 0.91998738 0.51171064
vt 0.37858462 0.54477906
vt 0.90193456 0.51165843
vt 0.21758294 0.73712301
vt 0.41746497 0.58639574
vt 0.79946858 0.85411572
vt 0.90471607 0.45183158
vt 0.38390589 0.57772493
vt 0.90204090 0.47837448
vt 0.18435884 0.74580669
vt 0.92004138 0.47837210
vt 0.21899080 0.76396775
vt 0.78426272 0.88018894
vt 0.41915524 0.55963111
vt 0.80212802 0.88022184
vt 0.20879555 0.67731690
vt 0.40901649 0.64621615
vt 0.79938334 0.79368806
vt 0.90459460 0.39113259
vt 0.41587961 0.61507034
vt 0.80209225 0.82449651
vt 0.38092613 0.63375664
vt 0.90200716 0.42238975
vt 0.18120229 0.68990397
vt 0.91997248 0.42233038
vt 0.21562636 0.70844030
vt 0.78420860 0.82450795
vt 0.20164180 0.61981010
vt 0.40223992 0.70407891
vt 0.79935783 0.73582768
vt 0.90455192 0.33138061
vt 0.40532982 0.67580318
vt 0.80200785 0.76304150
vt 0.37047184 0.69474721
vt 0.90188020 0.36064529
vt 0.17033434 0.62912226
vt 0.91975206 0.36058593
vt 0.20458806 0.64789987
vt 0.78404683 0.76303554
vt 0.21820807 0.57259631
vt 0.49218488 0.04565144
vt 0.41822815 0.75170469
vt 0.51000905 0.04567409
vt 0.50735712 0.04713774
vt 0.79941314 0.68596363
vt 0.50723159 0.00419331
vt 0.90490729 0.26758790
vt 0.39053273 0.78032994
vt 0.90224606 0.27042103
vt 0.17693281 0.57301974
vt 0.91983110 0.30346942
vt 0.21817482 0.57560110
vt 0.78432542 0.68793464
vt 0.40864420 0.72605109
vt 0.80209106 0.71271658
vt 0.78587669 0.92184591
vt 0.91814691 0.52020192
vt 0.78598017 0.90063524
vt 0.91827446 0.49879766
vt 0.78598684 0.85411143
vt 0.91829234 0.45180631
vt 0.78586286 0.79370046
vt 0.91813844 0.39107919
vt 0.78573447 0.73578763
vt 0.91796595 0.33136916
vt 0.49390650 0.04711819
vt 0.78604633 0.68585563
vt 0.49403143 0.00425339
vt 0.91834790 0.26767111
vt 0.91559321 0.47822762
vt 0.91552943 0.51164079
vt 0.91553551 0.42213464
vt 0.91566700 0.27045584
vt 0.91533536 0.36040616
vt 0.49657464 0.04540396
vt 0.78848010 0.76321530
vt 0.78867441 0.68807983
vt 0.78862351 0.82469010
vt 0.78863317 0.91335869
vt 0.78867596 0.88032627
vt 0.17630482 0.78689337
vt 0.37641680 0.53637910
vt 0.18298984 0.76661038
vt 0.38291037 0.55681968
vt 0.18537188 0.71971846
vt 0.38528049 0.60387158
vt 0.17673063 0.65960479
vt 0.37700546 0.66422224
vt 0.17059898 0.60042214
vt 0.37109041 0.72336721
vt 0.19308197 0.54127693
vt 0.49235845 0.00519443
vt 0.39262462 0.78239965
vt 0.50983679 0.00515389
vt 0.49668586 0.00509238
vt 0.49411631 0.00609708
vt 0.39238179 0.77918792
vt 0.19270623 0.54439306
vt 0.50722849 0.00606799
vt 0.17213786 0.62990046
vt 0.37261736 0.69399452
vt 0.18301439 0.69068384
vt 0.38603950 0.57687926
vt 0.18615830 0.74663019
vt 0.38308167 0.63300753
vt 0.38068879 0.54381847
vt 0.18067110 0.77953053
vt 0.25379777 0.80578232
vt 0.25936806 0.77322221
vt 0.25645185 0.71762657
vt 0.24584889 0.65702176
vt 0.01980925 0.42916107
vt 0.25999403 0.58524060
vt 0.00612843 0.42915487
vt 0.35961938 0.77438378
vt 0.34601045 0.70216799
vt 0.35906672 0.58587837
vt 0.35619068 0.64137864
vt 0.35378325 0.55337834
vt 0.22497737 0.80024385
vt 0.32492375 0.55855799
vt 0.23180842 0.78004861
vt 0.33154023 0.57888937
vt 0.23453104 0.73320842
vt 0.33419883 0.62585831
vt 0.22633851 0.67304540
vt 0.32632077 0.68622136
vt 0.22026837 0.61453390
vt 0.32043409 0.74471235
vt 0.00442398 0.39712620
vt 0.24301648 0.55606818
vt 0.02230370 0.39691329
vt 0.34224641 0.80326796
vt 0.00908864 0.39684510
vt 0.33333194 0.56385875
vt 0.33616495 0.65271211
vt 0.33881342 0.59671307
vt 0.32601082 0.71368527
vt 0.34419537 0.79455185
vt 0.23345673 0.79505968
vt 0.23914111 0.76229763
vt 0.23637712 0.70640802
vt 0.22586322 0.64563251
vt 0.01973104 0.40281105
vt 0.24479985 0.56477332
vt 0.00620759 0.40291381
vt 0.32351816 0.77205944
vt 0.92823333 0.31475282
vt 0.23829293 0.55769777
vt 0.94631344 0.28191161
vt 0.25461459 0.61273503
vt 0.75581211 0.74871516
vt 0.36441600 0.76834798
vt 0.77377981 0.72525573
vt 0.94167727 0.31473827
vt 0.76026207 0.74886918
vt 0.32555795 0.77104187
vt 0.22570479 0.58809757
vt 0.24911261 0.60808516
vt 0.34917533 0.75141048
vt 0.33113515 0.76648784
vt 0.23125482 0.59274912
vt 0.33542955 0.78925371
vt 0.25988626 0.59741354
vt 0.23592162 0.56994033
vt 0.33341086 0.79093218
vt 0.94453996 0.29331040
vt 0.77120727 0.73340654
vt 0.35974228 0.76228809
vt 0.23392820 0.56822729
vt 0.93099755 0.29323459
vt 0.75766927 0.73330379
vt 0.40922999 0.52001834
vt 0.20746207 0.79337740
vt 0.21278226 0.76077199
vt 0.20943820 0.70519495
vt 0.19841683 0.64456582
vt 0.50745070 0.03930235
vt 0.21345305 0.56978846
vt 0.49386990 0.03930449
vt 0.41335654 0.75438309
vt 0.39889824 0.67916059
vt 0.41270387 0.56280494
vt 0.40944922 0.61830854
vt 0.40764022 0.53025651
vt 0.17859745 0.78806019
vt 0.18527341 0.76781058
vt 0.38521445 0.55562592
vt 0.18763554 0.72094727
vt 0.38755369 0.60263133
vt 0.17897773 0.66084123
vt 0.37925720 0.66296864
vt 0.17279875 0.60170341
vt 0.37329340 0.72210121
vt 0.19515395 0.54297709
vt 0.49221027 0.00791121
vt 0.39479780 0.78079867
vt 0.51002455 0.00785732
vt 0.49669158 0.00774050
vt 0.38710952 0.54060149
vt 0.38933718 0.62951183
vt 0.39236903 0.57350588
vt 0.37879908 0.69052243
vt 0.39746511 0.77358437
vt 0.18703735 0.78281021
vt 0.19246995 0.75000238
vt 0.18927526 0.69412947
vt 0.17833459 0.63334751
vt 0.50743639 0.01377201
vt 0.19771957 0.55022955
vt 0.49390864 0.01379991
vt 0.37681270 0.75076199
vt 0.90196353 0.30341387
vt 0.19105351 0.54341698
vt 0.92004138 0.27052879
vt 0.20795500 0.59800839
vt 0.78406161 0.71261287
vt 0.41828132 0.74868798
vt 0.80202967 0.68807459
vt 0.91541260 0.30340433
vt 0.78850955 0.71276021
vt 0.37885964 0.74975514
vt 0.17867517 0.57394171
vt 0.20238602 0.59347105
vt 0.40276277 0.73058677
vt 0.38450217 0.74529743
vt 0.18429518 0.57849002
vt 0.38904512 0.76882434
vt 0.21367061 0.58150673
vt 0.18915915 0.55490685
vt 0.38701260 0.77045798
vt 0.91827959 0.28110743
vt 0.79945952 0.69598603
vt 0.41380107 0.74276567
vt 0.18713725 0.55323911
vt 0.90473753 0.28103161
vt 0.78592736 0.69588161
vt 0.96978456 0.52508640
vt 0.90462983 0.78316355
vt 0.96979731 0.50385523
vt 0.90466106 0.76176763
vt 0.94134456 0.25940466
vt 0.95455319 0.51645756
vt 0.31378531 0.56991673
vt 0.97243232 0.51654482
vt 0.90698487 0.24065733
vt 0.91998398 0.77470660
vt 0.27867007 0.58840442
vt 0.90193284 0.77465391
vt 0.96983856 0.45726562
vt 0.90471637 0.71483326
vt 0.28474987 0.62121892
vt 0.90204048 0.74137282
vt 0.91326386 0.20795298
vt 0.92003894 0.74137092
vt 0.94745260 0.22696662
vt 0.95461541 0.48334885
vt 0.31958890 0.60231066
vt 0.97248524 0.48338938
vt 0.91632301 0.04272485
vt 0.96978515 0.39681983
vt 0.90459669 0.65413928
vt 0.31759703 0.65780282
vt 0.97247785 0.42764521
vt 0.28307235 0.67729926
vt 0.90200865 0.68539381
vt 0.91148931 0.15199232
vt 0.91997206 0.68533516
vt 0.94545764 0.17137933
vt 0.95459086 0.42764568
vt 0.96977443 0.34036422
vt 0.90455270 0.59487772
vt 0.30836225 0.71856499
vt 0.97241956 0.36634254
vt 0.27401769 0.73846340
vt 0.90188169 0.62370825
vt 0.90209895 0.09101200
vt 0.91975486 0.62364888
vt 0.93582326 0.11077499
vt 0.95446914 0.36633182
vt 0.79898357 0.34169388
vt 0.96976513 0.29736090
vt 0.79862869 0.29399204
vt 0.90490460 0.53110003
vt 0.29537308 0.82215142
vt 0.90223396 0.53500700
vt 0.90934414 0.03647161
vt 0.91982162 0.56802106
vt 0.94706982 0.04646850
vt 0.95467502 0.29964113
vt 0.31069028 0.76456261
vt 0.97248966 0.32039809
vt 0.95621401 0.52502060
vt 0.91814327 0.78319645
vt 0.95632261 0.50380087
vt 0.91827166 0.76179481
vt 0.95635146 0.45725465
vt 0.91829133 0.71480799
vt 0.95626348 0.39682460
vt 0.91813934 0.65408587
vt 0.95615631 0.34032416
vt 0.91796541 0.59486461
vt 0.78540397 0.34162211
vt 0.95639580 0.29725885
vt 0.78560710 0.29431939
vt 0.91835237 0.53118563
vt 0.91559136 0.74122691
vt 0.91552639 0.77463651
vt 0.91553569 0.68513942
vt 0.91566241 0.53500390
vt 0.91533816 0.62346745
vt 0.95889920 0.36650896
vt 0.95902342 0.29981732
vt 0.95900565 0.42782187
vt 0.95897204 0.51653099
vt 0.95902854 0.48348141
vt 0.90420312 0.24882936
vt 0.27630997 0.58005500
vt 0.91138452 0.22871685
vt 0.28327298 0.60034132
vt 0.91492122 0.18190026
vt 0.28673089 0.64732409
vt 0.90777200 0.12159252
vt 0.27986634 0.70784545
vt 0.90284079 0.06275725
vt 0.27508390 0.76663399
vt 0.78408849 0.29550004
vt 0.92679876 0.00425506
vt 0.29805350 0.82508850
vt 0.80121374 0.29524589
vt 0.78834963 0.29528093
vt 0.78598392 0.29632831
vt 0.29722178 0.82094789
vt 0.92583102 0.00830579
vt 0.79847705 0.29616666
vt 0.90389532 0.09184265
vt 0.27615762 0.73765397
vt 0.91329414 0.15282512
vt 0.28687584 0.62031627
vt 0.91505533 0.20882845
vt 0.28522193 0.67649221
vt 0.28076446 0.58738828
vt 0.90876073 0.24158239
vt 0.78550363 0.30461144
vt 0.93008679 0.01552057
vt 0.79902112 0.30452180
vt 0.91004735 0.09549880
vt 0.91952091 0.15645552
vt 0.91509908 0.24504733
vt 0.28828108 0.78667545
vt 0.28716457 0.58399534
vt 0.29144681 0.67282057
vt 0.29317963 0.61676717
vt 0.28229845 0.73397994
vt 0.30158520 0.81392860
vt 0.92133576 0.21238470
vt 0.92163152 0.01950145
vt 0.28558803 0.59907317
vt 0.91719240 0.18320680
vt 0.28901279 0.64600968
vt 0.91002613 0.12290716
vt 0.28212643 0.70651650
vt 0.90502161 0.06415772
vt 0.27726948 0.76525140
vt 0.78382468 0.29839420
vt 0.92869145 0.00632167
vt 0.30004227 0.82308674
vt 0.80153561 0.29819751
vt 0.78838134 0.29801488
vt 0.91367692 0.22999477
vt 0.27864039 0.57884336
vt 0.90650529 0.25007343
vt 0.93640071 0.26639700
vt 0.30878425 0.56292653
vt 0.94346339 0.24649215
vt 0.78811657 0.33955383
vt 0.31936395 0.78690124
vt 0.80167115 0.34011054
vt 0.78368354 0.34004164
vt 0.94746393 0.04299617
vt 0.30530190 0.74564457
vt 0.93292934 0.08386350
vt 0.31147623 0.68907523
vt 0.93942076 0.14011812
vt 0.31853628 0.62908769
vt 0.94672829 0.20011401
vt 0.31551254 0.58285737
vt 0.28096509 0.79292130
vt 0.90195918 0.56796765
vt 0.92003894 0.53511548
vt 0.92419583 0.00725722
vt 0.93818802 0.06509733
vt 0.95445460 0.32030153
vt 0.31907761 0.78342080
vt 0.97238439 0.29977345
vt 0.91540432 0.56795430
vt 0.95890230 0.32047462
vt 0.28298616 0.79183412
vt 0.91106135 0.03747034
vt 0.94295555 0.05128431
vt 0.29133379 0.81178451
vt 0.29324913 0.80985022
vt 0.91826808 0.54630923
vt 0.96982676 0.30678368
vt 0.91973704 0.01753259
vt 0.90472579 0.54623342
vt 0.95628864 0.30668497
vt 0.31493175 0.77858949
vt 0.30521965 0.76974273
vt 0.94137496 0.22364926
vt 0.31490862 0.79034948
vt 0.30207455 0.72205591
vt 0.31325960 0.60560298
vt 0.31128979 0.66115642
vt 0.30745232 0.57318401
vt 0.93525845 0.25611043
vt 0.93940157 0.16801476
vt 0.92980152 0.10730004
vt 0.79908943 0.33284760
vt 0.94315773 0.03942823
vt 0.78540277 0.33284283
vt 0.93305522 0.05992913
vt 0.96946144 0.91961575
vt 0.94336790 0.54104471
vt 0.96943390 0.89836836
vt 0.94335920 0.56247854
vt 0.16763139 0.78010440
vt 0.95442975 0.91100645
vt 0.10810041 0.50735044
vt 0.97206140 0.91106319
vt 0.07271409 0.52531815
vt 0.94604641 0.54957151
vt 0.13258493 0.76201892
vt 0.92822450 0.54953933
vt 0.94338852 0.71866345
vt 0.12243438 0.59479928
vt 0.95653367 0.74254513
vt 0.96943641 0.85178256
vt 0.94330329 0.60939956
vt 0.13827264 0.72915363
vt 0.92823511 0.58288479
vt 0.17308831 0.74760127
vt 0.95444942 0.87786007
vt 0.07830846 0.55822015
vt 0.94595546 0.58288193
vt 0.11342549 0.53982782
vt 0.97206807 0.87789583
vt 0.96939087 0.74253798
vt 0.93065566 0.71870661
vt 0.96940684 0.79206014
vt 0.94333667 0.66928506
vt 0.17029536 0.69218421
vt 0.95443368 0.82224894
vt 0.11062527 0.59520340
vt 0.97204745 0.82226396
vt 0.07582092 0.61417174
vt 0.94593710 0.63870049
vt 0.13576114 0.67324257
vt 0.92829067 0.63873339
vt 0.06281567 0.69273281
vt 0.61910903 0.81663108
vt 0.12751412 0.61585355
vt 0.96941686 0.72395468
vt 0.94338161 0.74003506
vt 0.11995912 0.58404040
vt 0.92854649 0.72920561
vt 0.16000199 0.63420367
vt 0.95438123 0.76347113
vt 0.06021762 0.70347166
vt 0.94593483 0.72913218
vt 0.10046673 0.65323353
vt 0.97200716 0.76347780
vt 0.06785500 0.67166328
vt 0.60638571 0.78143716
vt 0.96923983 0.68587685
vt 0.60668159 0.82684135
vt 0.94322139 0.79631281
vt 0.09492791 0.68448949
vt 0.97210455 0.73194456
vt 0.06569266 0.67239380
vt 0.94599670 0.69747066
vt 0.95660019 0.91958618
vt 0.93053180 0.54103327
vt 0.95665956 0.89832687
vt 0.93045610 0.56245923
vt 0.95666206 0.85176110
vt 0.93047076 0.60940981
vt 0.95661652 0.79205298
vt 0.93055302 0.66931462
vt 0.95646071 0.72396111
vt 0.93065041 0.74005532
vt 0.61909258 0.78144002
vt 0.95655072 0.68584681
vt 0.61886728 0.82668281
vt 0.93050557 0.79629397
vt 0.15435112 0.60302496
vt 0.95420694 0.73196840
vt 0.13015437 0.77032685
vt 0.07047737 0.51693487
vt 0.12551141 0.61509967
vt 0.92838472 0.69751430
vt 0.13691545 0.75000668
vt 0.07714009 0.53732204
vt 0.13972425 0.70304227
vt 0.07990277 0.58434963
vt 0.13200879 0.64339399
vt 0.07228458 0.64407992
vt 0.12439978 0.57434964
vt 0.06473804 0.71311665
vt 0.14967918 0.52471566
vt 0.62101984 0.82560611
vt 0.08969998 0.76280308
vt 0.60405922 0.82574868
vt 0.61876047 0.82468820
vt 0.60672021 0.82479858
vt 0.06230807 0.70262790
vt 0.13776124 0.67403078
vt 0.07797992 0.61339688
vt 0.12190330 0.58487320
vt 0.08044755 0.55734897
vt 0.14025640 0.73001266
vt 0.13454592 0.76296234
vt 0.07482326 0.52433300
vt 0.08009458 0.72617555
vt 0.60633779 0.81664157
vt 0.14403605 0.67759299
vt 0.12800610 0.58831906
vt 0.14097106 0.76629281
vt 0.07410288 0.66807532
vt 0.14660239 0.73347378
vt 0.08127332 0.52103472
vt 0.08680320 0.55389380
vt 0.08425462 0.60981941
vt 0.06838870 0.69919848
vt 0.15369582 0.53484082
vt 0.14733827 0.52718067
vt 0.92831463 0.79296017
vt 0.16272271 0.58238053
vt 0.95425308 0.70969915
vt 0.08730984 0.76036477
vt 0.94584495 0.79298091
vt 0.10318065 0.70523238
vt 0.97200346 0.70973015
vt 0.08914649 0.75916290
vt 0.14908063 0.52829838
vt 0.13376272 0.61942434
vt 0.14201963 0.70432019
vt 0.08220351 0.58306885
vt 0.13428593 0.64468908
vt 0.07456553 0.64277864
vt 0.12663472 0.57566738
vt 0.06697857 0.71181130
vt 0.15170360 0.52660918
vt 0.62124312 0.82273364
vt 0.09177113 0.76093364
vt 0.60379970 0.82284904
vt 0.07947385 0.53608894
vt 0.13923931 0.75124526
vt 0.07282555 0.51575756
vt 0.13249099 0.77151752
vt 0.06506503 0.69146276
vt 0.15438998 0.61283875
vt 0.16276801 0.78717089
vt 0.10320282 0.50028658
vt 0.16934955 0.76714635
vt 0.10963655 0.52031565
vt 0.11273944 0.72774839
vt 0.60375142 0.78294492
vt 0.17250836 0.55994701
vt 0.62130678 0.78294086
vt 0.09559894 0.69322705
vt 0.15517569 0.59435320
vt 0.10413623 0.62577200
vt 0.16387248 0.66161013
vt 0.11197710 0.56658888
vt 0.17179585 0.72080278
vt 0.12468410 0.59606767
vt 0.09479487 0.67462492
vt 0.60627782 0.78972578
vt 0.16797662 0.55672884
vt 0.08842659 0.68793297
vt 0.10426748 0.59845924
vt 0.10704815 0.54302621
vt 0.10171950 0.51052380
vt 0.16683173 0.74438858
vt 0.09410965 0.65654826
vt 0.16136777 0.77691722
vt 0.14801192 0.59959769
vt 0.16406024 0.68891621
vt 0.09759498 0.71011758
vt 0.61916780 0.78972530
vt 0.15377104 0.63088417
vt 0.09379649 0.75269723
vt 0.13985288 0.56134224
vt 0.13249838 0.55533648
vt 0.92830580 0.76080203
vt 0.17232025 0.56317067
vt 0.95435786 0.68807507
vt 0.07258964 0.73220706
vt 0.94604641 0.76081848
vt 0.11258769 0.72451544
vt 0.97184765 0.68811870
vt 0.07459688 0.73108363
vt 0.13437128 0.55640078
vt 0.15727949 0.57750130
vt 0.10813916 0.73091793
vt 0.10825300 0.71924639
vt 0.16801608 0.56844378
vt 0.14524853 0.53904271
vt 0.08538389 0.74846387
vt 0.93047768 0.78206539
vt 0.96933317 0.69555497
vt 0.95648539 0.69552469
vt 0.94334728 0.78208041
vt 0.14328969 0.53719115
vt 0.08341908 0.75030565
vt 0.75773960 0.91401911
vt 0.93098778 0.48751092
vt 0.75769264 0.94705153
vt 0.22625232 0.79127884
vt 0.93088883 0.52087736
vt 0.35867012 0.55090094
vt 0.36098826 0.63868141
vt 0.23200250 0.75841403
vt 0.36391389 0.58329916
vt 0.93094987 0.43146944
vt 0.75769192 0.85837793
vt 0.22929692 0.70244312
vt 0.75774485 0.72521544
vt 0.93109816 0.28174949
vt 0.35079670 0.69938087
vt 0.93081206 0.36981773
vt 0.75754601 0.79699230
vt 0.21885240 0.64166927
vt 0.01914215 0.39422178
vt 0.23916101 0.55812526
vt 0.36316407 0.76957393
vt 0.77110881 0.79699636
vt 0.77120513 0.72532225
vt 0.77119333 0.85837126
vt 0.77116710 0.94712067
vt 0.77121812 0.91404629
vt 0.94456762 0.48751020
vt 0.94450516 0.52092195
vt 0.94450873 0.43142509
vt 0.94461864 0.28183317
vt 0.94430119 0.36977100
vt 0.00669205 0.39444304
vt 0.00653291 0.39681673
vt 0.33844185 0.80101967
vt 0.24110234 0.55991125
vt 0.01933324 0.39672637
vt 0.22107744 0.64291501
vt 0.31900811 0.71766996
vt 0.23154116 0.70369840
vt 0.33164632 0.60059142
vt 0.23426580 0.75964522
vt 0.32908237 0.65672541
vt 0.32605636 0.56756377
vt 0.22853911 0.79247785
vt 0.78599316 0.88030481
vt 0.90471369 0.47824478
vt 0.78595155 0.91333485
vt 0.17980349 0.77908492
vt 0.90461618 0.51161575
vt 0.41254592 0.52781177
vt 0.41426706 0.61564279
vt 0.18530083 0.74617338
vt 0.41757071 0.56025815
vt 0.90467292 0.42219591
vt 0.78593665 0.82466888
vt 0.18216336 0.69021845
vt 0.78600448 0.68805027
vt 0.90483683 0.27040792
vt 0.40371048 0.67640924
vt 0.90453428 0.36046696
vt 0.78577977 0.76319456
vt 0.17129159 0.62944293
vt 0.50720739 0.00513721
vt 0.19189930 0.54388046
vt 0.41697907 0.74980140
vt 0.79934579 0.76319861
vt 0.79945630 0.68815899
vt 0.79943687 0.82465959
vt 0.79942495 0.91340160
vt 0.79947048 0.88033009
vt 0.91829509 0.47824335
vt 0.91823441 0.51165938
vt 0.91823369 0.42215109
vt 0.91834694 0.27049041
vt 0.91802210 0.36042023
vt 0.49412692 0.00518894
vt 0.49404204 0.00773644
vt 0.39158177 0.77967787
vt 0.19387567 0.54559278
vt 0.50729036 0.00772977
vt 0.17352664 0.63067031
vt 0.37176490 0.69445276
vt 0.18441784 0.69145632
vt 0.38517261 0.57733727
vt 0.18757379 0.74738717
vt 0.38222337 0.63347816
vt 0.37980580 0.54425859
vt 0.18209958 0.78026581
vt 0.25866711 0.80833650
vt 0.26421332 0.77583051
vt 0.26126361 0.72030520
vt 0.25064099 0.65976954
vt 0.01970005 0.43549085
vt 0.26355374 0.59014297
vt 0.00619519 0.43541837
vt 0.32837224 0.56638718
vt 0.33133304 0.65545559
vt 0.33392406 0.59935999
vt 0.32123506 0.71641994
vt 0.34041345 0.79929614
vt 0.32683158 0.77007031
vt 0.25341988 0.61179447
vt 0.22697330 0.58909202
vt 0.32471466 0.77152991
vt 0.94435269 0.31475639
vt 0.77117628 0.74890995
vt 0.35355222 0.74774790
vt 0.22487354 0.58759999
vt 0.93090028 0.31471729
vt 0.75755781 0.74883485
vt 0.21235132 0.79589391
vt 0.21764779 0.76334357
vt 0.21427095 0.70783639
vt 0.20323360 0.64727449
vt 0.50739932 0.04543543
vt 0.21712339 0.57446742
vt 0.49390173 0.04541826
vt 0.38213062 0.54309678
vt 0.38448405 0.63222313
vt 0.38745964 0.57612062
vt 0.37400174 0.69322014
vt 0.39355862 0.77805758
vt 0.38014638 0.74880219
vt 0.20674872 0.59708858
vt 0.17995775 0.57491541
vt 0.37801182 0.75023651
vt 0.91808897 0.30342197
vt 0.79941696 0.71280408
vt 0.40719402 0.72702122
vt 0.17783833 0.57345247
vt 0.90463072 0.30338049
vt 0.78580707 0.71272707
vt 0.95634478 0.48345995
vt 0.90471292 0.74124336
vt 0.95628923 0.51650667
vt 0.90789276 0.24110889
vt 0.90461433 0.77461076
vt 0.29827809 0.81951404
vt 0.91419786 0.20834374
vt 0.90467417 0.68520021
vt 0.95631808 0.42779994
vt 0.91244358 0.15233207
vt 0.95635217 0.29978514
vt 0.90482593 0.53496361
vt 0.90453601 0.62352872
vt 0.95620030 0.36648774
vt 0.90304965 0.09135652
vt 0.79844761 0.29525900
vt 0.92504770 0.00771761
vt 0.96975893 0.36649561
vt 0.96981126 0.29988790
vt 0.96982235 0.42779875
vt 0.96976894 0.51657772
vt 0.96982783 0.48349094
vt 0.91829288 0.74124265
vt 0.91823125 0.77465510
vt 0.91823363 0.68515587
vt 0.91834426 0.53504682
vt 0.91802490 0.62348199
vt 0.78597975 0.29548240
vt 0.29643714 0.82151699
vt 0.78581619 0.29799533
vt 0.94618386 0.04509974
vt 0.27530539 0.73814011
vt 0.79864454 0.29790902
vt 0.90528923 0.09266758
vt 0.28600812 0.62080121
vt 0.91470474 0.15364790
vt 0.28436339 0.67698956
vt 0.27987969 0.58785462
vt 0.91019827 0.24236751
vt 0.92686683 0.00979805
vt 0.28221679 0.58661866
vt 0.28663242 0.67565942
vt 0.28830504 0.61950994
vt 0.27754784 0.73682570
vt 0.31792593 0.78478861
vt 0.91647893 0.20963573
vt 0.91228729 0.03859806
vt 0.28421831 0.79072857
vt 0.28215110 0.79236531
vt 0.91808009 0.56797218
vt 0.96981722 0.32051039
vt 0.91023856 0.03693008
vt 0.90462613 0.56793284
vt 0.95619732 0.32043910
vt 0.30931747 0.76564479
vt 0.94614857 0.22632432
vt 0.30677700 0.71919012
vt 0.31803894 0.60295963
vt 0.31601751 0.65839577
vt 0.31227326 0.57064342
vt 0.94005746 0.25873065
vt 0.94414026 0.17075896
vt 0.93450862 0.11013079
vt 0.79901671 0.33964467
vt 0.78543854 0.33959150
vt 0.93707269 0.06406856
vt 0.94339246 0.54961705
vt 0.95665193 0.91105413
vt 0.08835673 0.75971079
vt 0.13366151 0.76250577
vt 0.95664191 0.82240415
vt 0.13938642 0.72954130
vt 0.94331580 0.58301115
vt 0.95666111 0.87797070
vt 0.94332272 0.72925425
vt 0.12106180 0.58442020
vt 0.13689983 0.67354798
vt 0.94330961 0.63889003
vt 0.95643866 0.73207259
vt 0.60675454 0.82573533
vt 0.14829016 0.52774477
vt 0.94328302 0.79301715
vt 0.95650780 0.68819523
vt 0.96929634 0.68822861
vt 0.96945703 0.73204303
vt 0.96944308 0.87800026
vt 0.96942604 0.82241631
vt 0.96942842 0.91110134
vt 0.93046290 0.54958725
vt 0.93046290 0.58301020
vt 0.93074757 0.72932220
vt 0.93050712 0.63891244
vt 0.61874557 0.82562280
vt 0.93047553 0.79300332
vt 0.12892711 0.61666179
vt 0.61887491 0.82297540
vt 0.07587039 0.73002696
vt 0.06146622 0.70307755
vt 0.60660326 0.82304597
vt 0.07711458 0.61388135
vt 0.07957280 0.55782080
vt 0.13918304 0.67483878
vt 0.12328196 0.58564687
vt 0.13600361 0.76371694
vt 0.07393181 0.52478647
vt 0.06926739 0.67085099
vt 0.94337708 0.69767761
vt 0.12665594 0.61537075
vt 0.95659101 0.76363873
vt 0.96938348 0.76364422
vt 0.93059427 0.69770861
vt 0.06699288 0.67214727
vt 0.14169490 0.73079872
vt 0.06368065 0.70185852
vt 0.07628703 0.52358556
vt 0.08188844 0.55656385
vt 0.07940161 0.61258531
vt 0.09332514 0.68516231
vt 0.13564169 0.55746460
vt 0.60634720 0.78329420
vt 0.16147912 0.58134842
vt 0.10903740 0.59577155
vt 0.11186612 0.54045391
vt 0.10657775 0.50805473
vt 0.17164767 0.74697542
vt 0.09886682 0.65378857
vt 0.16621792 0.77942252
vt 0.15288115 0.60235834
vt 0.16883326 0.69159889
vt 0.10182452 0.70629954
vt 0.61911559 0.78328562
vt 0.15853107 0.63362646
vt 0.11138272 0.72577119
vt 0.17124021 0.56191278
vt 0.15018249 0.52964497
vt 0.09025455 0.75784039
vt 0.93053955 0.76081109
vt 0.96935833 0.70980430
vt 0.95648599 0.70978236
vt 0.94339830 0.76082349
vt 0.13353276 0.55588078
vt 0.07375348 0.73160100
vt 0.78440988 0.35036325
vt 0.68175322 0.02779174
vt 0.90350205 0.21380270
vt 0.68219143 0.02777636
vt 0.78396153 0.35034359
vt 0.68213278 0.02742445
vt 0.78402793 0.34998286
vt 0.90388995 0.21417761
vt 0.68178326 0.02735412
vt 0.90353280 0.21424961
vt 0.78438914 0.34991765
vt 0.90394944 0.21381807
vt 0.90189821 0.21384990
vt 0.68019038 0.02773201
vt 0.68020791 0.02729130
vt 0.90191382 0.21431065
vt 0.79602528 0.35041583
vt 0.90351027 0.20233941
vt 0.49486387 0.08707678
vt 0.79604769 0.34996295
vt 0.90394825 0.20232391
vt 0.49447572 0.08670175
vt 0.79641187 0.35003054
vt 0.90388972 0.20197213
vt 0.49483287 0.08662951
vt 0.90354007 0.20190191
vt 0.49441588 0.08706129
vt 0.79647732 0.35039508
vt 0.49646783 0.08702803
vt 0.90194792 0.20227981
vt 0.49645185 0.08656740
vt 0.90196544 0.20183921
vt 0.78449082 0.36483419
vt 0.90284318 0.19080436
vt 0.68173867 0.04216719
vt 0.78446937 0.36528146
vt 0.90239769 0.19082010
vt 0.68212658 0.04254234
vt 0.78411126 0.36521482
vt 0.90245813 0.19117737
vt 0.68176967 0.04261434
vt 0.90281326 0.19124758
vt 0.68218642 0.04218268
vt 0.78404701 0.36485624
vt 0.68013471 0.04221511
vt 0.90441507 0.19086123
vt 0.68015021 0.04267597
vt 0.90439898 0.19130516
vt 0.79603708 0.36489820
vt 0.49485481 0.10145223
vt 0.90283746 0.17934000
vt 0.49441731 0.10146785
vt 0.79647732 0.36492002
vt 0.49447596 0.10181963
vt 0.79641163 0.36527491
vt 0.90245527 0.17897105
vt 0.49482572 0.10188997
vt 0.90280658 0.17889881
vt 0.79605639 0.36533892
vt 0.90239757 0.17932510
vt 0.90443164 0.17929196
vt 0.49641812 0.10151112
vt 0.49640083 0.10195196
vt 0.90441507 0.17883444
vt 0.51885337 0.00466323
vt 0.90352213 0.00484002
vt 0.09104961 0.05906534
vt 0.51841241 0.00464368
vt 0.90395916 0.00482571
vt 0.09143692 0.05944276
vt 0.51847547 0.00428855
vt 0.90390193 0.00447512
vt 0.09107810 0.05951405
vt 0.90355372 0.00440371
vt 0.09149808 0.05908215
vt 0.51883000 0.00422180
vt 0.08944792 0.05911613
vt 0.90195668 0.00478506
vt 0.08946317 0.05956817
vt 0.90197456 0.00433576
vt 0.53043407 0.00456870
vt 0.09106070 0.04760063
vt 0.68209970 0.00478995
vt 0.09149867 0.04758537
vt 0.53045267 0.00411654
vt 0.09144014 0.04723310
vt 0.53081757 0.00418139
vt 0.68171144 0.00441504
vt 0.09109050 0.04716289
vt 0.68206871 0.00434279
vt 0.53088564 0.00454593
vt 0.68165183 0.00477445
vt 0.68370378 0.00474131
vt 0.08949751 0.04754114
vt 0.08951515 0.04710007
vt 0.68368781 0.00428057
vt 0.51886398 0.01913893
vt 0.60858357 0.33570242
vt 0.90351057 0.01921260
vt 0.51884526 0.01959121
vt 0.60813797 0.33571815
vt 0.51848024 0.01952624
vt 0.60819864 0.33607519
vt 0.90389848 0.01958728
vt 0.60855377 0.33614528
vt 0.90354145 0.01965952
vt 0.51841253 0.01916194
vt 0.90395796 0.01922810
vt 0.90190721 0.01926088
vt 0.61015558 0.33575940
vt 0.61013949 0.33620298
vt 0.90192294 0.01972151
vt 0.53044444 0.01904476
vt 0.68209100 0.01916492
vt 0.60857773 0.32423818
vt 0.53088552 0.01906419
vt 0.68165314 0.01918054
vt 0.53082258 0.01941931
vt 0.60819554 0.32386911
vt 0.68171191 0.01953244
vt 0.60854709 0.32379687
vt 0.68206143 0.01960266
vt 0.53046781 0.01948607
vt 0.60813785 0.32422328
vt 0.61017203 0.32419002
vt 0.68365419 0.01922405
vt 0.61015534 0.32373250
vt 0.68363667 0.01966476
vt 0.95498979 0.28295016
vt 0.94594443 0.08503461
vt 0.00572312 0.17104208
vt 0.94549882 0.08505034
vt 0.95497000 0.28339791
vt 0.00611115 0.17141676
vt 0.94555938 0.08540761
vt 0.95461047 0.28333271
vt 0.00575411 0.17148888
vt 0.94591451 0.08547795
vt 0.00617087 0.17105746
vt 0.95454431 0.28297353
vt 0.00411952 0.17108929
vt 0.94751692 0.08509159
vt 0.00413501 0.17155015
vt 0.94750082 0.08553553
vt 0.95490742 0.27133882
vt 0.00572896 0.15957928
vt 0.94526201 0.00479758
vt 0.00616693 0.15956390
vt 0.95445442 0.27131879
vt 0.00610816 0.15921199
vt 0.94487423 0.00442266
vt 0.95452058 0.27095294
vt 0.00575864 0.15914178
vt 0.94523138 0.00435066
vt 0.94481462 0.00478208
vt 0.95488644 0.27088618
vt 0.94686574 0.00474918
vt 0.00416660 0.15952039
vt 0.00418413 0.15907943
vt 0.94684964 0.00428867
vt 0.96944487 0.28295779
vt 0.54248470 0.17604077
vt 0.94593894 0.07065773
vt 0.54293031 0.17602515
vt 0.96988499 0.28297782
vt 0.54286963 0.17566788
vt 0.94555640 0.07028842
vt 0.96982086 0.28333271
vt 0.54251415 0.17559755
vt 0.94590807 0.07021606
vt 0.94549894 0.07064259
vt 0.96946621 0.28339791
vt 0.94753337 0.07060838
vt 0.54091185 0.17598474
vt 0.54092795 0.17554080
vt 0.94751656 0.07015085
vt 0.96940482 0.27140772
vt 0.94525057 0.01916969
vt 0.54249412 0.18750632
vt 0.94481367 0.01918399
vt 0.96942711 0.27096307
vt 0.54287571 0.18787813
vt 0.94487089 0.01953459
vt 0.96978617 0.27102804
vt 0.54252249 0.18794918
vt 0.94521898 0.01960611
vt 0.54293472 0.18752253
vt 0.96985257 0.27138674
vt 0.54090172 0.18755972
vt 0.94681603 0.01922488
vt 0.54091841 0.18800843
vt 0.94679826 0.01967394
vt 0.56386471 0.38330007
vt 0.04958856 0.10480070
vt 0.00570428 0.19410062
vt 0.04915142 0.10481489
vt 0.56341672 0.38327789
vt 0.00608575 0.19447243
vt 0.04920876 0.10516584
vt 0.56348479 0.38291812
vt 0.00573242 0.19454348
vt 0.04955697 0.10523713
vt 0.00614464 0.19411707
vt 0.56384540 0.38285506
vt 0.00411189 0.19415343
vt 0.05115390 0.10485566
vt 0.00412822 0.19460237
vt 0.05113626 0.10530531
vt 0.57544494 0.38339567
vt 0.00569856 0.18263519
vt 0.94471931 0.09700692
vt 0.00614440 0.18261909
vt 0.57546818 0.38294768
vt 0.00608397 0.18226194
vt 0.57582676 0.38301599
vt 0.94433129 0.09663236
vt 0.00572824 0.18219149
vt 0.94468820 0.09656012
vt 0.57588959 0.38337564
vt 0.94427168 0.09699154
vt 0.94632256 0.09695899
vt 0.00412607 0.18257821
vt 0.00414193 0.18213415
vt 0.94630671 0.09649801
vt 0.56386137 0.39777672
vt 0.90349412 0.15953088
vt 0.04960012 0.09042847
vt 0.56383812 0.39822495
vt 0.90393984 0.15951514
vt 0.04921186 0.09005380
vt 0.56347954 0.39815640
vt 0.90387940 0.15915787
vt 0.04956913 0.08998156
vt 0.90352392 0.15908754
vt 0.04915237 0.09041321
vt 0.56341672 0.39779663
vt 0.05120349 0.09038019
vt 0.90192127 0.15947354
vt 0.05118740 0.08991957
vt 0.90193760 0.15902984
vt 0.57544160 0.39787233
vt 0.94470775 0.11137950
vt 0.90349722 0.17099631
vt 0.57588959 0.39789450
vt 0.94427061 0.11139369
vt 0.57582152 0.39825439
vt 0.90387857 0.17136812
vt 0.94432795 0.11174464
vt 0.90352547 0.17143917
vt 0.94467616 0.11181593
vt 0.57546091 0.39831734
vt 0.90393770 0.17101276
vt 0.90190482 0.17104864
vt 0.94627297 0.11143458
vt 0.90192127 0.17149758
vt 0.94625533 0.11188400
f 1/1 4/4 9/9
f 1/1 9/9 6/6
f 7/7 10/10 14/14
f 7/7 14/14 11/11
f 13/13 15/15 19/19
f 13/13 19/19 17/17
f 18/18 20/20 25/25
f 18/18 25/25 23/23
f 22/22 24/24 30/30
f 22/22 30/30 28/28
f 26/26 29/29 5/5
f 26/26 5/5 2/2
f 16/16 21/21 27/27
f 31/31 33/33 36/36
f 31/31 36/36 34/34
f 34/34 36/36 39/39
f 34/34 39/39 37/37
f 37/37 39/39 42/42
f 37/37 42/42 40/40
f 40/40 42/42 45/45
f 40/40 45/45 44/44
f 44/44 45/45 48/48
f 44/44 48/48 47/47
f 47/47 48/48 51/51
f 47/47 51/51 50/50
f 50/50 51/51 54/54
f 50/50 54/54 53/53
f 53/53 54/54 57/57
f 53/53 57/57 56/56
f 56/56 57/57 60/60
f 56/56 60/60 59/59
f 59/59 60/60 63/63
f 59/59 63/63 62/62
f 62/62 63/63 66/66
f 62/62 66/66 65/65
f 65/65 66/66 69/69
f 65/65 69/69 68/68
f 68/68 69/69 72/72
f 68/68 72/72 70/70
f 70/70 72/72 75/75
f 70/70 75/75 73/73
f 73/73 75/75 80/80
f 73/73 80/80 77/77
f 76/76 79/79 33/33
f 76/76 33/33 31/31
f 52/52 64/64 78/78
f 180/180 181/181 184/184
f 180/180 184/184 183/183
f 81/81 83/83 86/86
f 81/81 86/86 84/84
f 84/84 86/86 89/89
f 84/84 89/89 87/87
f 159/159 160/160 163/163
f 159/159 163/163 162/162
f 87/87 89/89 92/92
f 87/87 92/92 90/90
f 177/177 178/178 181/181
f 177/177 181/181 180/180
f 90/90 92/92 95/95
f 90/90 95/95 93/93
f 93/93 95/95 98/98
f 93/93 98/98 97/97
f 155/155 157/157 160/160
f 155/155 160/160 159/159
f 97/97 98/98 101/101
f 97/97 101/101 100/100
f 174/174 175/175 178/178
f 174/174 178/178 177/177
f 100/100 101/101 104/104
f 100/100 104/104 103/103
f 103/103 104/104 107/107
f 103/103 107/107 106/106
f 152/152 154/154 157/157
f 152/152 157/157 155/155
f 106/106 107/107 110/110
f 106/106 110/110 109/109
f 171/171 172/172 175/175
f 171/171 175/175 174/174
f 109/109 110/110 113/113
f 109/109 113/113 112/112
f 112/112 113/113 116/116
f 112/112 116/116 115/115
f 149/149 151/151 154/154
f 149/149 154/154 152/152
f 115/115 116/116 119/119
f 115/115 119/119 118/118
f 168/168 169/169 172/172
f 168/168 172/172 171/171
f 118/118 119/119 122/122
f 118/118 122/122 121/121
f 121/121 122/122 125/125
f 121/121 125/125 124/124
f 146/146 148/148 151/151
f 146/146 151/151 149/149
f 124/124 125/125 128/128
f 124/124 128/128 126/126
f 165/165 166/166 169/169
f 165/165 169/169 168/168
f 126/126 128/128 131/131
f 126/126 131/131 129/129
f 129/129 131/131 134/134
f 129/129 134/134 132/132
f 143/143 145/145 148/148
f 143/143 148/148 146/146
f 132/132 134/134 138/138
f 132/132 138/138 136/136
f 135/135 139/139 142/142
f 135/135 142/142 140/140
f 162/162 163/163 166/166
f 162/162 166/166 165/165
f 140/140 142/142 83/83
f 140/140 83/83 81/81
f 91/91 102/102 127/127
f 183/183 184/184 187/187
f 183/183 187/187 186/186
f 186/186 187/187 190/190
f 186/186 190/190 189/189
f 189/189 190/190 193/193
f 189/189 193/193 191/191
f 191/191 193/193 196/196
f 191/191 196/196 194/194
f 194/194 196/196 200/200
f 194/194 200/200 197/197
f 179/179 182/182 185/185
f 185/185 188/188 192/192
f 192/192 195/195 199/199
f 199/199 203/203 144/144
f 144/144 147/147 150/150
f 150/150 153/153 156/156
f 156/156 158/158 161/161
f 161/161 164/164 167/167
f 167/167 170/170 173/173
f 173/173 176/176 179/179
f 179/179 185/185 192/192
f 192/192 199/199 144/144
f 144/144 150/150 156/156
f 156/156 161/161 167/167
f 167/167 173/173 179/179
f 179/179 192/192 144/144
f 144/144 156/156 167/167
f 144/144 167/167 179/179
f 198/198 201/201 204/204
f 198/198 204/204 202/202
f 202/202 204/204 145/145
f 202/202 145/145 143/143
f 205/205 211/211 214/214
f 205/205 214/214 208/208
f 210/210 215/215 218/218
f 210/210 218/218 213/213
f 216/216 220/220 223/223
f 216/216 223/223 219/219
f 222/222 226/226 228/228
f 222/222 228/228 224/224
f 227/227 232/232 234/234
f 227/227 234/234 229/229
f 231/231 207/207 209/209
f 231/231 209/209 233/233
f 221/221 217/217 212/212
f 236/236 238/238 240/240
f 236/236 240/240 237/237
f 238/238 241/241 243/243
f 238/238 243/243 240/240
f 241/241 244/244 246/246
f 241/241 246/246 243/243
f 244/244 247/247 249/249
f 244/244 249/249 246/246
f 247/247 250/250 252/252
f 247/247 252/252 249/249
f 250/250 253/253 255/255
f 250/250 255/255 252/252
f 253/253 256/256 258/258
f 253/253 258/258 255/255
f 256/256 259/259 261/261
f 256/256 261/261 258/258
f 259/259 263/263 264/264
f 259/259 264/264 261/261
f 263/263 266/266 267/267
f 263/263 267/267 264/264
f 266/266 269/269 270/270
f 266/266 270/270 267/267
f 269/269 272/272 273/273
f 269/269 273/273 270/270
f 272/272 276/276 278/278
f 272/272 278/278 273/273
f 275/275 280/280 281/281
f 275/275 281/281 277/277
f 280/280 283/283 284/284
f 280/280 284/284 281/281
f 283/283 236/236 237/237
f 283/283 237/237 284/284
f 245/245 239/239 262/262
f 384/384 387/387 388/388
f 384/384 388/388 385/385
f 286/286 288/288 290/290
f 286/286 290/290 287/287
f 288/288 291/291 293/293
f 288/288 293/293 290/290
f 362/362 365/365 367/367
f 362/362 367/367 364/364
f 291/291 294/294 296/296
f 291/291 296/296 293/293
f 381/381 384/384 385/385
f 381/381 385/385 382/382
f 294/294 297/297 299/299
f 294/294 299/299 296/296
f 297/297 300/300 302/302
f 297/297 302/302 299/299
f 359/359 362/362 364/364
f 359/359 364/364 361/361
f 300/300 303/303 305/305
f 300/300 305/305 302/302
f 377/377 381/381 382/382
f 377/377 382/382 379/379
f 303/303 306/306 308/308
f 303/303 308/308 305/305
f 306/306 309/309 311/311
f 306/306 311/311 308/308
f 356/356 359/359 361/361
f 356/356 361/361 358/358
f 309/309 312/312 314/314
f 309/309 314/314 311/311
f 374/374 377/377 379/379
f 374/374 379/379 376/376
f 312/312 315/315 317/317
f 312/312 317/317 314/314
f 315/315 319/319 320/320
f 315/315 320/320 317/317
f 353/353 356/356 358/358
f 353/353 358/358 355/355
f 319/319 322/322 323/323
f 319/319 323/323 320/320
f 371/371 374/374 376/376
f 371/371 376/376 373/373
f 322/322 325/325 326/326
f 322/322 326/326 323/323
f 325/325 328/328 329/329
f 325/325 329/329 326/326
f 350/350 353/353 355/355
f 350/350 355/355 352/352
f 328/328 331/331 332/332
f 328/328 332/332 329/329
f 368/368 371/371 373/373
f 368/368 373/373 370/370
f 331/331 334/334 335/335
f 331/331 335/335 332/332
f 334/334 337/337 338/338
f 334/334 338/338 335/335
f 348/348 350/350 352/352
f 348/348 352/352 349/349
f 337/337 341/341 342/342
f 337/337 342/342 338/338
f 340/340 345/345 346/346
f 340/340 346/346 343/343
f 365/365 368/368 370/370
f 365/365 370/370 367/367
f 345/345 286/286 287/287
f 345/345 287/287 346/346
f 295/295 289/289 324/324
f 387/387 390/390 391/391
f 387/387 391/391 388/388
f 390/390 393/393 394/394
f 390/390 394/394 391/391
f 393/393 396/396 397/397
f 393/393 397/397 394/394
f 396/396 400/400 402/402
f 396/396 402/402 397/397
f 399/399 404/404 405/405
f 399/399 405/405 401/401
f 366/366 403/403 389/389
f 404/404 407/407 408/408
f 404/404 408/408 405/405
f 407/407 348/348 349/349
f 407/407 349/349 408/408
f 411/411 413/413 417/417
f 411/411 417/417 415/415
f 416/416 418/418 423/423
f 416/416 423/423 421/421
f 420/420 422/422 428/428
f 420/420 428/428 426/426
f 424/424 427/427 433/433
f 424/424 433/433 430/430
f 429/429 432/432 437/437
f 429/429 437/437 434/434
f 435/435 438/438 412/412
f 435/435 412/412 409/409
f 425/425 431/431 436/436
f 439/439 441/441 444/444
f 439/439 444/444 443/443
f 443/443 444/444 447/447
f 443/443 447/447 446/446
f 446/446 447/447 450/450
f 446/446 450/450 449/449
f 449/449 450/450 453/453
f 449/449 453/453 452/452
f 452/452 453/453 456/456
f 452/452 456/456 455/455
f 455/455 456/456 459/459
f 455/455 459/459 458/458
f 458/458 459/459 462/462
f 458/458 462/462 461/461
f 461/461 462/462 465/465
f 461/461 465/465 464/464
f 464/464 465/465 468/468
f 464/464 468/468 466/466
f 466/466 468/468 471/471
f 466/466 471/471 469/469
f 469/469 471/471 474/474
f 469/469 474/474 472/472
f 472/472 474/474 477/477
f 472/472 477/477 475/475
f 475/475 477/477 480/480
f 475/475 480/480 478/478
f 478/478 480/480 483/483
f 478/478 483/483 481/481
f 481/481 483/483 488/488
f 481/481 488/488 485/485
f 484/484 487/487 441/441
f 484/484 441/441 439/439
f 467/467 473/473 486/486
f 587/587 589/589 592/592
f 587/587 592/592 590/590
f 489/489 491/491 494/494
f 489/489 494/494 493/493
f 493/493 494/494 497/497
f 493/493 497/497 496/496
f 567/567 568/568 571/571
f 567/567 571/571 570/570
f 496/496 497/497 500/500
f 496/496 500/500 499/499
f 584/584 586/586 589/589
f 584/584 589/589 587/587
f 499/499 500/500 503/503
f 499/499 503/503 502/502
f 502/502 503/503 506/506
f 502/502 506/506 505/505
f 564/564 565/565 568/568
f 564/564 568/568 567/567
f 505/505 506/506 509/509
f 505/505 509/509 508/508
f 581/581 583/583 586/586
f 581/581 586/586 584/584
f 508/508 509/509 512/512
f 508/508 512/512 511/511
f 511/511 512/512 515/515
f 511/511 515/515 514/514
f 561/561 562/562 565/565
f 561/561 565/565 564/564
f 514/514 515/515 518/518
f 514/514 518/518 517/517
f 579/579 580/580 583/583
f 579/579 583/583 581/581
f 517/517 518/518 521/521
f 517/517 521/521 520/520
f 520/520 521/521 524/524
f 520/520 524/524 522/522
f 558/558 559/559 562/562
f 558/558 562/562 561/561
f 522/522 524/524 527/527
f 522/522 527/527 525/525
f 576/576 577/577 580/580
f 576/576 580/580 579/579
f 525/525 527/527 530/530
f 525/525 530/530 528/528
f 528/528 530/530 533/533
f 528/528 533/533 531/531
f 555/555 556/556 559/559
f 555/555 559/559 558/558
f 531/531 533/533 536/536
f 531/531 536/536 534/534
f 573/573 574/574 577/577
f 573/573 577/577 576/576
f 534/534 536/536 539/539
f 534/534 539/539 537/537
f 537/537 539/539 542/542
f 537/537 542/542 540/540
f 551/551 553/553 556/556
f 551/551 556/556 555/555
f 540/540 542/542 545/545
f 540/540 545/545 543/543
f 543/543 545/545 549/549
f 543/543 549/549 546/546
f 570/570 571/571 574/574
f 570/570 574/574 573/573
f 547/547 550/550 491/491
f 547/547 491/491 489/489
f 498/498 510/510 535/535
f 590/590 592/592 595/595
f 590/590 595/595 593/593
f 593/593 595/595 598/598
f 593/593 598/598 596/596
f 596/596 598/598 601/601
f 596/596 601/601 599/599
f 599/599 601/601 604/604
f 599/599 604/604 602/602
f 602/602 604/604 607/607
f 602/602 607/607 605/605
f 552/552 563/563 575/575
f 605/605 607/607 611/611
f 605/605 611/611 608/608
f 609/609 612/612 553/553
f 609/609 553/553 551/551
f 615/615 620/620 622/622
f 615/615 622/622 617/617
f 619/619 625/625 627/627
f 619/619 627/627 621/621
f 623/623 629/629 632/632
f 623/623 632/632 626/626
f 628/628 633/633 636/636
f 628/628 636/636 631/631
f 634/634 638/638 641/641
f 634/634 641/641 637/637
f 640/640 614/614 616/616
f 640/640 616/616 642/642
f 630/630 624/624 618/618
f 644/644 647/647 648/648
f 644/644 648/648 645/645
f 647/647 650/650 651/651
f 647/647 651/651 648/648
f 650/650 653/653 654/654
f 650/650 654/654 651/651
f 653/653 656/656 657/657
f 653/653 657/657 654/654
f 656/656 658/658 660/660
f 656/656 660/660 657/657
f 658/658 661/661 663/663
f 658/658 663/663 660/660
f 661/661 664/664 666/666
f 661/661 666/666 663/663
f 664/664 667/667 669/669
f 664/664 669/669 666/666
f 667/667 670/670 672/672
f 667/667 672/672 669/669
f 670/670 673/673 675/675
f 670/670 675/675 672/672
f 673/673 676/676 678/678
f 673/673 678/678 675/675
f 676/676 679/679 681/681
f 676/676 681/681 678/678
f 679/679 683/683 684/684
f 679/679 684/684 681/681
f 683/683 686/686 689/689
f 683/683 689/689 684/684
f 687/687 691/691 692/692
f 687/687 692/692 688/688
f 691/691 644/644 645/645
f 691/691 645/645 692/692
f 652/652 646/646 671/671
f 791/791 794/794 796/796
f 791/791 796/796 793/793
f 694/694 697/697 698/698
f 694/694 698/698 695/695
f 697/697 700/700 701/701
f 697/697 701/701 698/698
f 771/771 773/773 775/775
f 771/771 775/775 772/772
f 700/700 703/703 704/704
f 700/700 704/704 701/701
f 788/788 791/791 793/793
f 788/788 793/793 790/790
f 703/703 706/706 707/707
f 703/703 707/707 704/704
f 706/706 709/709 710/710
f 706/706 710/710 707/707
f 768/768 771/771 772/772
f 768/768 772/772 769/769
f 709/709 711/711 713/713
f 709/709 713/713 710/710
f 785/785 788/788 790/790
f 785/785 790/790 787/787
f 711/711 714/714 716/716
f 711/711 716/716 713/713
f 714/714 717/717 719/719
f 714/714 719/719 716/716
f 765/765 768/768 769/769
f 765/765 769/769 766/766
f 717/717 720/720 722/722
f 717/717 722/722 719/719
f 782/782 785/785 787/787
f 782/782 787/787 784/784
f 720/720 723/723 725/725
f 720/720 725/725 722/722
f 723/723 726/726 728/728
f 723/723 728/728 725/725
f 762/762 765/765 766/766
f 762/762 766/766 763/763
f 726/726 729/729 731/731
f 726/726 731/731 728/728
f 779/779 782/782 784/784
f 779/779 784/784 781/781
f 729/729 732/732 734/734
f 729/729 734/734 731/731
f 732/732 735/735 737/737
f 732/732 737/737 734/734
f 759/759 762/762 763/763
f 759/759 763/763 760/760
f 735/735 738/738 740/740
f 735/735 740/740 737/737
f 776/776 779/779 781/781
f 776/776 781/781 778/778
f 738/738 742/742 743/743
f 738/738 743/743 740/740
f 742/742 745/745 746/746
f 742/742 746/746 743/743
f 756/756 759/759 760/760
f 756/756 760/760 757/757
f 745/745 748/748 750/750
f 745/745 750/750 746/746
f 749/749 753/753 754/754
f 749/749 754/754 751/751
f 773/773 776/776 778/778
f 773/773 778/778 775/775
f 753/753 694/694 695/695
f 753/753 695/695 754/754
f 733/733 721/721 708/708
f 794/794 797/797 799/799
f 794/794 799/799 796/796
f 797/797 800/800 802/802
f 797/797 802/802 799/799
f 800/800 804/804 805/805
f 800/800 805/805 802/802
f 804/804 808/808 810/810
f 804/804 810/810 805/805
f 807/807 812/812 813/813
f 807/807 813/813 809/809
f 774/774 811/811 798/798
f 812/812 815/815 816/816
f 812/812 816/816 813/813
f 815/815 756/756 757/757
f 815/815 757/757 816/816
f 27/27 3/3 16/16
f 3/3 8/8 16/16
f 8/8 12/12 16/16
f 78/78 32/32 35/35
f 35/35 38/38 78/78
f 38/38 41/41 78/78
f 41/41 43/43 46/46
f 46/46 49/49 52/52
f 52/52 55/55 64/64
f 55/55 58/58 64/64
f 58/58 61/61 64/64
f 64/64 67/67 78/78
f 67/67 71/71 78/78
f 71/71 74/74 78/78
f 41/41 46/46 78/78
f 46/46 52/52 78/78
f 141/141 82/82 91/91
f 82/82 85/85 91/91
f 85/85 88/88 91/91
f 91/91 94/94 96/96
f 96/96 99/99 91/91
f 99/99 102/102 91/91
f 102/102 105/105 108/108
f 108/108 111/111 114/114
f 114/114 117/117 127/127
f 117/117 120/120 127/127
f 120/120 123/123 127/127
f 127/127 130/130 133/133
f 133/133 137/137 141/141
f 102/102 108/108 127/127
f 108/108 114/114 127/127
f 127/127 133/133 141/141
f 141/141 91/91 127/127
f 212/212 206/206 230/230
f 230/230 225/225 212/212
f 225/225 221/221 212/212
f 239/239 235/235 282/282
f 282/282 279/279 274/274
f 274/274 271/271 268/268
f 268/268 265/265 262/262
f 262/262 260/260 257/257
f 257/257 254/254 251/251
f 251/251 248/248 245/245
f 245/245 242/242 239/239
f 239/239 282/282 274/274
f 274/274 268/268 239/239
f 268/268 262/262 239/239
f 262/262 257/257 251/251
f 251/251 245/245 262/262
f 289/289 285/285 344/344
f 344/344 339/339 289/289
f 339/339 336/336 289/289
f 336/336 333/333 330/330
f 330/330 327/327 324/324
f 324/324 321/321 318/318
f 318/318 316/316 313/313
f 313/313 310/310 307/307
f 307/307 304/304 301/301
f 301/301 298/298 295/295
f 295/295 292/292 289/289
f 336/336 330/330 289/289
f 330/330 324/324 289/289
f 324/324 318/318 313/313
f 313/313 307/307 324/324
f 307/307 301/301 324/324
f 301/301 295/295 324/324
f 389/389 386/386 378/378
f 386/386 383/383 378/378
f 383/383 380/380 378/378
f 378/378 375/375 372/372
f 372/372 369/369 366/366
f 366/366 363/363 354/354
f 363/363 360/360 354/354
f 360/360 357/357 354/354
f 354/354 351/351 347/347
f 347/347 406/406 403/403
f 403/403 398/398 389/389
f 398/398 395/395 389/389
f 395/395 392/392 389/389
f 378/378 372/372 389/389
f 372/372 366/366 389/389
f 354/354 347/347 366/366
f 347/347 403/403 366/366
f 436/436 410/410 425/425
f 410/410 414/414 425/425
f 414/414 419/419 425/425
f 486/486 440/440 448/448
f 440/440 442/442 448/448
f 442/442 445/445 448/448
f 448/448 451/451 454/454
f 454/454 457/457 460/460
f 460/460 463/463 467/467
f 467/467 470/470 473/473
f 473/473 476/476 486/486
f 476/476 479/479 486/486
f 479/479 482/482 486/486
f 448/448 454/454 486/486
f 454/454 460/460 486/486
f 460/460 467/467 486/486
f 548/548 490/490 492/492
f 492/492 495/495 548/548
f 495/495 498/498 548/548
f 498/498 501/501 504/504
f 504/504 507/507 498/498
f 507/507 510/510 498/498
f 510/510 513/513 516/516
f 516/516 519/519 510/510
f 519/519 523/523 510/510
f 523/523 526/526 529/529
f 529/529 532/532 535/535
f 535/535 538/538 548/548
f 538/538 541/541 548/548
f 541/541 544/544 548/548
f 523/523 529/529 510/510
f 529/529 535/535 510/510
f 548/548 498/498 535/535
f 588/588 591/591 594/594
f 594/594 597/597 600/600
f 600/600 603/603 606/606
f 606/606 610/610 600/600
f 610/610 552/552 600/600
f 552/552 554/554 557/557
f 557/557 560/560 552/552
f 560/560 563/563 552/552
f 563/563 566/566 575/575
f 566/566 569/569 575/575
f 569/569 572/572 575/575
f 575/575 578/578 582/582
f 582/582 585/585 575/575
f 585/585 588/588 575/575
f 588/588 594/594 600/600
f 588/588 600/600 575/575
f 600/600 552/552 575/575
f 618/618 613/613 639/639
f 639/639 635/635 618/618
f 635/635 630/630 618/618
f 646/646 643/643 690/690
f 690/690 685/685 682/682
f 682/682 680/680 677/677
f 677/677 674/674 671/671
f 671/671 668/668 665/665
f 665/665 662/662 659/659
f 659/659 655/655 652/652
f 652/652 649/649 646/646
f 646/646 690/690 671/671
f 690/690 682/682 671/671
f 682/682 677/677 671/671
f 671/671 665/665 659/659
f 659/659 652/652 671/671
f 696/696 693/693 752/752
f 752/752 747/747 744/744
f 744/744 741/741 739/739
f 739/739 736/736 733/733
f 733/733 730/730 721/721
f 730/730 727/727 721/721
f 727/727 724/724 721/721
f 721/721 718/718 708/708
f 718/718 715/715 708/708
f 715/715 712/712 708/708
f 708/708 705/705 702/702
f 702/702 699/699 696/696
f 696/696 752/752 744/744
f 744/744 739/739 733/733
f 708/708 702/702 733/733
f 702/702 696/696 733/733
f 696/696 744/744 733/733
f 798/798 795/795 792/792
f 792/792 789/789 798/798
f 789/789 786/786 798/798
f 786/786 783/783 774/774
f 783/783 780/780 774/774
f 780/780 777/777 774/774
f 774/774 770/770 761/761
f 770/770 767/767 761/761
f 767/767 764/764 761/761
f 761/761 758/758 811/811
f 758/758 755/755 811/811
f 755/755 814/814 811/811
f 811/811 806/806 798/798
f 806/806 803/803 798/798
f 803/803 801/801 798/798
f 798/798 786/786 774/774
f 774/774 761/761 811/811
f 820/820 1025/1025 1447/1447
f 820/820 1447/1447 1026/1026
f 1025/1025 818/818 1027/1027
f 1025/1025 1027/1027 1447/1447
f 1447/1447 1027/1027 817/817
f 1447/1447 817/817 1028/1028
f 1026/1026 1447/1447 1028/1028
f 1026/1026 1028/1028 819/819
f 819/819 1028/1028 1448/1448
f 819/819 1448/1448 1029/1029
f 1028/1028 817/817 1030/1030
f 1028/1028 1030/1030 1448/1448
f 1448/1448 1030/1030 947/947
f 1448/1448 947/947 1031/1031
f 1029/1029 1448/1448 1031/1031
f 1029/1029 1031/1031 948/948
f 822/822 1032/1032 1449/1449
f 822/822 1449/1449 1033/1033
f 1032/1032 820/820 1026/1026
f 1032/1032 1026/1026 1449/1449
f 1449/1449 1026/1026 819/819
f 1449/1449 819/819 1034/1034
f 1033/1033 1449/1449 1034/1034
f 1033/1033 1034/1034 821/821
f 821/821 1034/1034 1450/1450
f 821/821 1450/1450 1035/1035
f 1034/1034 819/819 1029/1029
f 1034/1034 1029/1029 1450/1450
f 1450/1450 1029/1029 948/948
f 1450/1450 948/948 1036/1036
f 1035/1035 1450/1450 1036/1036
f 1035/1035 1036/1036 949/949
f 824/824 1037/1037 1451/1451
f 824/824 1451/1451 1038/1038
f 1037/1037 822/822 1033/1033
f 1037/1037 1033/1033 1451/1451
f 1451/1451 1033/1033 821/821
f 1451/1451 821/821 1039/1039
f 1038/1038 1451/1451 1039/1039
f 1038/1038 1039/1039 823/823
f 823/823 1039/1039 1452/1452
f 823/823 1452/1452 1040/1040
f 1039/1039 821/821 1035/1035
f 1039/1039 1035/1035 1452/1452
f 1452/1452 1035/1035 949/949
f 1452/1452 949/949 1041/1041
f 1040/1040 1452/1452 1041/1041
f 1040/1040 1041/1041 950/950
f 826/826 1042/1042 1453/1453
f 826/826 1453/1453 1043/1043
f 1042/1042 824/824 1038/1038
f 1042/1042 1038/1038 1453/1453
f 1453/1453 1038/1038 823/823
f 1453/1453 823/823 1044/1044
f 1043/1043 1453/1453 1044/1044
f 1043/1043 1044/1044 825/825
f 825/825 1044/1044 1454/1454
f 825/825 1454/1454 1045/1045
f 1044/1044 823/823 1040/1040
f 1044/1044 1040/1040 1454/1454
f 1454/1454 1040/1040 950/950
f 1454/1454 950/950 1046/1046
f 1045/1045 1454/1454 1046/1046
f 1045/1045 1046/1046 951/951
f 828/828 1047/1047 1455/1455
f 828/828 1455/1455 1048/1048
f 1047/1047 826/826 1043/1043
f 1047/1047 1043/1043 1455/1455
f 1455/1455 1043/1043 825/825
f 1455/1455 825/825 1049/1049
f 1048/1048 1455/1455 1049/1049
f 1048/1048 1049/1049 827/827
f 827/827 1049/1049 1456/1456
f 827/827 1456/1456 1050/1050
f 1049/1049 825/825 1045/1045
f 1049/1049 1045/1045 1456/1456
f 1456/1456 1045/1045 951/951
f 1456/1456 951/951 1051/1051
f 1050/1050 1456/1456 1051/1051
f 1050/1050 1051/1051 952/952
f 830/830 1052/1052 1457/1457
f 830/830 1457/1457 1053/1053
f 1052/1052 828/828 1048/1048
f 1052/1052 1048/1048 1457/1457
f 1457/1457 1048/1048 827/827
f 1457/1457 827/827 1054/1054
f 1053/1053 1457/1457 1054/1054
f 1053/1053 1054/1054 829/829
f 829/829 1054/1054 1458/1458
f 829/829 1458/1458 1055/1055
f 1054/1054 827/827 1050/1050
f 1054/1054 1050/1050 1458/1458
f 1458/1458 1050/1050 952/952
f 1458/1458 952/952 1056/1056
f 1055/1055 1458/1458 1056/1056
f 1055/1055 1056/1056 953/953
f 833/833 1057/1057 1459/1459
f 833/833 1459/1459 1058/1058
f 1057/1057 830/830 1053/1053
f 1057/1057 1053/1053 1459/1459
f 1459/1459 1053/1053 829/829
f 1459/1459 829/829 1060/1060
f 1058/1058 1459/1459 1060/1060
f 1058/1058 1060/1060 831/831
f 831/831 1060/1060 1460/1460
f 831/831 1460/1460 1061/1061
f 1060/1060 829/829 1055/1055
f 1060/1060 1055/1055 1460/1460
f 1460/1460 1055/1055 953/953
f 1460/1460 953/953 1063/1063
f 1061/1061 1460/1460 1063/1063
f 1061/1061 1063/1063 954/954
f 836/836 1064/1064 1461/1461
f 836/836 1461/1461 1065/1065
f 1064/1064 834/834 1059/1059
f 1064/1064 1059/1059 1461/1461
f 1461/1461 1059/1059 832/832
f 1461/1461 832/832 1066/1066
f 1065/1065 1461/1461 1066/1066
f 1065/1065 1066/1066 835/835
f 835/835 1066/1066 1462/1462
f 835/835 1462/1462 1067/1067
f 1066/1066 832/832 1062/1062
f 1066/1066 1062/1062 1462/1462
f 1462/1462 1062/1062 955/955
f 1462/1462 955/955 1068/1068
f 1067/1067 1462/1462 1068/1068
f 1067/1067 1068/1068 956/956
f 838/838 1069/1069 1463/1463
f 838/838 1463/1463 1070/1070
f 1069/1069 836/836 1065/1065
f 1069/1069 1065/1065 1463/1463
f 1463/1463 1065/1065 835/835
f 1463/1463 835/835 1071/1071
f 1070/1070 1463/1463 1071/1071
f 1070/1070 1071/1071 837/837
f 837/837 1071/1071 1464/1464
f 837/837 1464/1464 1072/1072
f 1071/1071 835/835 1067/1067
f 1071/1071 1067/1067 1464/1464
f 1464/1464 1067/1067 956/956
f 1464/1464 956/956 1073/1073
f 1072/1072 1464/1464 1073/1073
f 1072/1072 1073/1073 957/957
f 840/840 1074/1074 1465/1465
f 840/840 1465/1465 1075/1075
f 1074/1074 838/838 1070/1070
f 1074/1074 1070/1070 1465/1465
f 1465/1465 1070/1070 837/837
f 1465/1465 837/837 1076/1076
f 1075/1075 1465/1465 1076/1076
f 1075/1075 1076/1076 839/839
f 839/839 1076/1076 1466/1466
f 839/839 1466/1466 1077/1077
f 1076/1076 837/837 1072/1072
f 1076/1076 1072/1072 1466/1466
f 1466/1466 1072/1072 957/957
f 1466/1466 957/957 1078/1078
f 1077/1077 1466/1466 1078/1078
f 1077/1077 1078/1078 958/958
f 842/842 1079/1079 1467/1467
f 842/842 1467/1467 1080/1080
f 1079/1079 840/840 1075/1075
f 1079/1079 1075/1075 1467/1467
f 1467/1467 1075/1075 839/839
f 1467/1467 839/839 1081/1081
f 1080/1080 1467/1467 1081/1081
f 1080/1080 1081/1081 841/841
f 841/841 1081/1081 1468/1468
f 841/841 1468/1468 1082/1082
f 1081/1081 839/839 1077/1077
f 1081/1081 1077/1077 1468/1468
f 1468/1468 1077/1077 958/958
f 1468/1468 958/958 1083/1083
f 1082/1082 1468/1468 1083/1083
f 1082/1082 1083/1083 959/959
f 844/844 1084/1084 1469/1469
f 844/844 1469/1469 1085/1085
f 1084/1084 842/842 1080/1080
f 1084/1084 1080/1080 1469/1469
f 1469/1469 1080/1080 841/841
f 1469/1469 841/841 1086/1086
f 1085/1085 1469/1469 1086/1086
f 1085/1085 1086/1086 843/843
f 843/843 1086/1086 1470/1470
f 843/843 1470/1470 1087/1087
f 1086/1086 841/841 1082/1082
f 1086/1086 1082/1082 1470/1470
f 1470/1470 1082/1082 959/959
f 1470/1470 959/959 1088/1088
f 1087/1087 1470/1470 1088/1088
f 1087/1087 1088/1088 960/960
f 846/846 1089/1089 1471/1471
f 846/846 1471/1471 1090/1090
f 1089/1089 844/844 1085/1085
f 1089/1089 1085/1085 1471/1471
f 1471/1471 1085/1085 843/843
f 1471/1471 843/843 1091/1091
f 1090/1090 1471/1471 1091/1091
f 1090/1090 1091/1091 845/845
f 845/845 1091/1091 1472/1472
f 845/845 1472/1472 1092/1092
f 1091/1091 843/843 1087/1087
f 1091/1091 1087/1087 1472/1472
f 1472/1472 1087/1087 960/960
f 1472/1472 960/960 1093/1093
f 1092/1092 1472/1472 1093/1093
f 1092/1092 1093/1093 961/961
f 848/848 1094/1094 1473/1473
f 848/848 1473/1473 1095/1095
f 1094/1094 846/846 1090/1090
f 1094/1094 1090/1090 1473/1473
f 1473/1473 1090/1090 845/845
f 1473/1473 845/845 1096/1096
f 1095/1095 1473/1473 1096/1096
f 1095/1095 1096/1096 847/847
f 847/847 1096/1096 1474/1474
f 847/847 1474/1474 1097/1097
f 1096/1096 845/845 1092/1092
f 1096/1096 1092/1092 1474/1474
f 1474/1474 1092/1092 961/961
f 1474/1474 961/961 1098/1098
f 1097/1097 1474/1474 1098/1098
f 1097/1097 1098/1098 962/962
f 850/850 1099/1099 1475/1475
f 850/850 1475/1475 1100/1100
f 1099/1099 848/848 1095/1095
f 1099/1099 1095/1095 1475/1475
f 1475/1475 1095/1095 847/847
f 1475/1475 847/847 1101/1101
f 1100/1100 1475/1475 1101/1101
f 1100/1100 1101/1101 849/849
f 849/849 1101/1101 1476/1476
f 849/849 1476/1476 1102/1102
f 1101/1101 847/847 1097/1097
f 1101/1101 1097/1097 1476/1476
f 1476/1476 1097/1097 962/962
f 1476/1476 962/962 1103/1103
f 1102/1102 1476/1476 1103/1103
f 1102/1102 1103/1103 963/963
f 852/852 1104/1104 1477/1477
f 852/852 1477/1477 1105/1105
f 1104/1104 850/850 1100/1100
f 1104/1104 1100/1100 1477/1477
f 1477/1477 1100/1100 849/849
f 1477/1477 849/849 1106/1106
f 1105/1105 1477/1477 1106/1106
f 1105/1105 1106/1106 851/851
f 851/851 1106/1106 1478/1478
f 851/851 1478/1478 1107/1107
f 1106/1106 849/849 1102/1102
f 1106/1106 1102/1102 1478/1478
f 1478/1478 1102/1102 963/963
f 1478/1478 963/963 1108/1108
f 1107/1107 1478/1478 1108/1108
f 1107/1107 1108/1108 964/964
f 854/854 1109/1109 1479/1479
f 854/854 1479/1479 1110/1110
f 1109/1109 852/852 1105/1105
f 1109/1109 1105/1105 1479/1479
f 1479/1479 1105/1105 851/851
f 1479/1479 851/851 1111/1111
f 1110/1110 1479/1479 1111/1111
f 1110/1110 1111/1111 853/853
f 853/853 1111/1111 1480/1480
f 853/853 1480/1480 1112/1112
f 1111/1111 851/851 1107/1107
f 1111/1111 1107/1107 1480/1480
f 1480/1480 1107/1107 964/964
f 1480/1480 964/964 1113/1113
f 1112/1112 1480/1480 1113/1113
f 1112/1112 1113/1113 965/965
f 856/856 1114/1114 1481/1481
f 856/856 1481/1481 1115/1115
f 1114/1114 854/854 1110/1110
f 1114/1114 1110/1110 1481/1481
f 1481/1481 1110/1110 853/853
f 1481/1481 853/853 1116/1116
f 1115/1115 1481/1481 1116/1116
f 1115/1115 1116/1116 855/855
f 855/855 1116/1116 1482/1482
f 855/855 1482/1482 1117/1117
f 1116/1116 853/853 1112/1112
f 1116/1116 1112/1112 1482/1482
f 1482/1482 1112/1112 965/965
f 1482/1482 965/965 1118/1118
f 1117/1117 1482/1482 1118/1118
f 1117/1117 1118/1118 966/966
f 860/860 1119/1119 1483/1483
f 860/860 1483/1483 1121/1121
f 1119/1119 856/856 1115/1115
f 1119/1119 1115/1115 1483/1483
f 1483/1483 1115/1115 855/855
f 1483/1483 855/855 1122/1122
f 1121/1121 1483/1483 1122/1122
f 1121/1121 1122/1122 858/858
f 858/858 1122/1122 1484/1484
f 858/858 1484/1484 1124/1124
f 1122/1122 855/855 1117/1117
f 1122/1122 1117/1117 1484/1484
f 1484/1484 1117/1117 966/966
f 1484/1484 966/966 1125/1125
f 1124/1124 1484/1484 1125/1125
f 1124/1124 1125/1125 968/968
f 862/862 1126/1126 1485/1485
f 862/862 1485/1485 1127/1127
f 1126/1126 859/859 1120/1120
f 1126/1126 1120/1120 1485/1485
f 1485/1485 1120/1120 857/857
f 1485/1485 857/857 1128/1128
f 1127/1127 1485/1485 1128/1128
f 1127/1127 1128/1128 861/861
f 861/861 1128/1128 1486/1486
f 861/861 1486/1486 1129/1129
f 1128/1128 857/857 1123/1123
f 1128/1128 1123/1123 1486/1486
f 1486/1486 1123/1123 967/967
f 1486/1486 967/967 1130/1130
f 1129/1129 1486/1486 1130/1130
f 1129/1129 1130/1130 969/969
f 864/864 1131/1131 1487/1487
f 864/864 1487/1487 1132/1132
f 1131/1131 862/862 1127/1127
f 1131/1131 1127/1127 1487/1487
f 1487/1487 1127/1127 861/861
f 1487/1487 861/861 1133/1133
f 1132/1132 1487/1487 1133/1133
f 1132/1132 1133/1133 863/863
f 863/863 1133/1133 1488/1488
f 863/863 1488/1488 1134/1134
f 1133/1133 861/861 1129/1129
f 1133/1133 1129/1129 1488/1488
f 1488/1488 1129/1129 969/969
f 1488/1488 969/969 1135/1135
f 1134/1134 1488/1488 1135/1135
f 1134/1134 1135/1135 970/970
f 866/866 1136/1136 1489/1489
f 866/866 1489/1489 1137/1137
f 1136/1136 864/864 1132/1132
f 1136/1136 1132/1132 1489/1489
f 1489/1489 1132/1132 863/863
f 1489/1489 863/863 1138/1138
f 1137/1137 1489/1489 1138/1138
f 1137/1137 1138/1138 865/865
f 865/865 1138/1138 1490/1490
f 865/865 1490/1490 1139/1139
f 1138/1138 863/863 1134/1134
f 1138/1138 1134/1134 1490/1490
f 1490/1490 1134/1134 970/970
f 1490/1490 970/970 1140/1140
f 1139/1139 1490/1490 1140/1140
f 1139/1139 1140/1140 971/971
f 868/868 1141/1141 1491/1491
f 868/868 1491/1491 1142/1142
f 1141/1141 866/866 1137/1137
f 1141/1141 1137/1137 1491/1491
f 1491/1491 1137/1137 865/865
f 1491/1491 865/865 1143/1143
f 1142/1142 1491/1491 1143/1143
f 1142/1142 1143/1143 867/867
f 867/867 1143/1143 1492/1492
f 867/867 1492/1492 1144/1144
f 1143/1143 865/865 1139/1139
f 1143/1143 1139/1139 1492/1492
f 1492/1492 1139/1139 971/971
f 1492/1492 971/971 1145/1145
f 1144/1144 1492/1492 1145/1145
f 1144/1144 1145/1145 972/972
f 830/830 1441/1441 1493/1493
f 830/830 1493/1493 1052/1052
f 1441/1441 887/887 1192/1192
f 1441/1441 1192/1192 1493/1493
f 1493/1493 1192/1192 884/884
f 1493/1493 884/884 1440/1440
f 1052/1052 1493/1493 1440/1440
f 1052/1052 1440/1440 828/828
f 818/818 1146/1146 1494/1494
f 818/818 1494/1494 1027/1027
f 1146/1146 868/868 1142/1142
f 1146/1146 1142/1142 1494/1494
f 1494/1494 1142/1142 867/867
f 1494/1494 867/867 1147/1147
f 1027/1027 1494/1494 1147/1147
f 1027/1027 1147/1147 817/817
f 817/817 1147/1147 1495/1495
f 817/817 1495/1495 1030/1030
f 1147/1147 867/867 1144/1144
f 1147/1147 1144/1144 1495/1495
f 1495/1495 1144/1144 972/972
f 1495/1495 972/972 1148/1148
f 1030/1030 1495/1495 1148/1148
f 1030/1030 1148/1148 947/947
f 1376/1376 1604/1604 1023/1023
f 869/869 1150/1150 1496/1496
f 869/869 1496/1496 1149/1149
f 1150/1150 872/872 1151/1151
f 1150/1150 1151/1151 1496/1496
f 1496/1496 1151/1151 873/873
f 1496/1496 873/873 1152/1152
f 1149/1149 1496/1496 1152/1152
f 1149/1149 1152/1152 871/871
f 871/871 1152/1152 1497/1497
f 871/871 1497/1497 1153/1153
f 1152/1152 873/873 1154/1154
f 1152/1152 1154/1154 1497/1497
f 1497/1497 1154/1154 874/874
f 1497/1497 874/874 1155/1155
f 1153/1153 1497/1497 1155/1155
f 1153/1153 1155/1155 870/870
f 870/870 1155/1155 1498/1498
f 870/870 1498/1498 1156/1156
f 1155/1155 874/874 1157/1157
f 1155/1155 1157/1157 1498/1498
f 1498/1498 1157/1157 974/974
f 1498/1498 974/974 1159/1159
f 1156/1156 1498/1498 1159/1159
f 1156/1156 1159/1159 976/976
f 872/872 1160/1160 1499/1499
f 872/872 1499/1499 1151/1151
f 1160/1160 875/875 1161/1161
f 1160/1160 1161/1161 1499/1499
f 1499/1499 1161/1161 876/876
f 1499/1499 876/876 1162/1162
f 1151/1151 1499/1499 1162/1162
f 1151/1151 1162/1162 873/873
f 873/873 1162/1162 1500/1500
f 873/873 1500/1500 1154/1154
f 1162/1162 876/876 1163/1163
f 1162/1162 1163/1163 1500/1500
f 1500/1500 1163/1163 877/877
f 1500/1500 877/877 1164/1164
f 1154/1154 1500/1500 1164/1164
f 1154/1154 1164/1164 874/874
f 874/874 1164/1164 1501/1501
f 874/874 1501/1501 1157/1157
f 1164/1164 877/877 1165/1165
f 1164/1164 1165/1165 1501/1501
f 1501/1501 1165/1165 978/978
f 1501/1501 978/978 1167/1167
f 1157/1157 1501/1501 1167/1167
f 1157/1157 1167/1167 974/974
f 875/875 1168/1168 1502/1502
f 875/875 1502/1502 1161/1161
f 1168/1168 878/878 1169/1169
f 1168/1168 1169/1169 1502/1502
f 1502/1502 1169/1169 879/879
f 1502/1502 879/879 1170/1170
f 1161/1161 1502/1502 1170/1170
f 1161/1161 1170/1170 876/876
f 876/876 1170/1170 1503/1503
f 876/876 1503/1503 1163/1163
f 1170/1170 879/879 1171/1171
f 1170/1170 1171/1171 1503/1503
f 1503/1503 1171/1171 880/880
f 1503/1503 880/880 1172/1172
f 1163/1163 1503/1503 1172/1172
f 1163/1163 1172/1172 877/877
f 877/877 1172/1172 1504/1504
f 877/877 1504/1504 1165/1165
f 1172/1172 880/880 1173/1173
f 1172/1172 1173/1173 1504/1504
f 1504/1504 1173/1173 980/980
f 1504/1504 980/980 1175/1175
f 1165/1165 1504/1504 1175/1175
f 1165/1165 1175/1175 978/978
f 878/878 1176/1176 1505/1505
f 878/878 1505/1505 1169/1169
f 1176/1176 881/881 1177/1177
f 1176/1176 1177/1177 1505/1505
f 1505/1505 1177/1177 882/882
f 1505/1505 882/882 1178/1178
f 1169/1169 1505/1505 1178/1178
f 1169/1169 1178/1178 879/879
f 879/879 1178/1178 1506/1506
f 879/879 1506/1506 1171/1171
f 1178/1178 882/882 1179/1179
f 1178/1178 1179/1179 1506/1506
f 1506/1506 1179/1179 883/883
f 1506/1506 883/883 1180/1180
f 1171/1171 1506/1506 1180/1180
f 1171/1171 1180/1180 880/880
f 880/880 1180/1180 1507/1507
f 880/880 1507/1507 1173/1173
f 1180/1180 883/883 1181/1181
f 1180/1180 1181/1181 1507/1507
f 1507/1507 1181/1181 982/982
f 1507/1507 982/982 1183/1183
f 1173/1173 1507/1507 1183/1183
f 1173/1173 1183/1183 980/980
f 881/881 1184/1184 1508/1508
f 881/881 1508/1508 1177/1177
f 1184/1184 884/884 1185/1185
f 1184/1184 1185/1185 1508/1508
f 1508/1508 1185/1185 885/885
f 1508/1508 885/885 1186/1186
f 1177/1177 1508/1508 1186/1186
f 1177/1177 1186/1186 882/882
f 882/882 1186/1186 1509/1509
f 882/882 1509/1509 1179/1179
f 1186/1186 885/885 1187/1187
f 1186/1186 1187/1187 1509/1509
f 1509/1509 1187/1187 886/886
f 1509/1509 886/886 1188/1188
f 1179/1179 1509/1509 1188/1188
f 1179/1179 1188/1188 883/883
f 883/883 1188/1188 1510/1510
f 883/883 1510/1510 1181/1181
f 1188/1188 886/886 1189/1189
f 1188/1188 1189/1189 1510/1510
f 1510/1510 1189/1189 984/984
f 1510/1510 984/984 1191/1191
f 1181/1181 1510/1510 1191/1191
f 1181/1181 1191/1191 982/982
f 884/884 1192/1192 1511/1511
f 884/884 1511/1511 1185/1185
f 1192/1192 887/887 1193/1193
f 1192/1192 1193/1193 1511/1511
f 1511/1511 1193/1193 888/888
f 1511/1511 888/888 1194/1194
f 1185/1185 1511/1511 1194/1194
f 1185/1185 1194/1194 885/885
f 885/885 1194/1194 1512/1512
f 885/885 1512/1512 1187/1187
f 1194/1194 888/888 1195/1195
f 1194/1194 1195/1195 1512/1512
f 1512/1512 1195/1195 889/889
f 1512/1512 889/889 1196/1196
f 1187/1187 1512/1512 1196/1196
f 1187/1187 1196/1196 886/886
f 886/886 1196/1196 1513/1513
f 886/886 1513/1513 1189/1189
f 1196/1196 889/889 1197/1197
f 1196/1196 1197/1197 1513/1513
f 1513/1513 1197/1197 986/986
f 1513/1513 986/986 1199/1199
f 1189/1189 1513/1513 1199/1199
f 1189/1189 1199/1199 984/984
f 887/887 1200/1200 1514/1514
f 887/887 1514/1514 1193/1193
f 1200/1200 890/890 1201/1201
f 1200/1200 1201/1201 1514/1514
f 1514/1514 1201/1201 892/892
f 1514/1514 892/892 1203/1203
f 1193/1193 1514/1514 1203/1203
f 1193/1193 1203/1203 888/888
f 888/888 1203/1203 1515/1515
f 888/888 1515/1515 1195/1195
f 1203/1203 892/892 1204/1204
f 1203/1203 1204/1204 1515/1515
f 1515/1515 1204/1204 894/894
f 1515/1515 894/894 1206/1206
f 1195/1195 1515/1515 1206/1206
f 1195/1195 1206/1206 889/889
f 889/889 1206/1206 1516/1516
f 889/889 1516/1516 1197/1197
f 1206/1206 894/894 1207/1207
f 1206/1206 1207/1207 1516/1516
f 1516/1516 1207/1207 988/988
f 1516/1516 988/988 1210/1210
f 1197/1197 1516/1516 1210/1210
f 1197/1197 1210/1210 986/986
f 891/891 1211/1211 1517/1517
f 891/891 1517/1517 1202/1202
f 1211/1211 896/896 1212/1212
f 1211/1211 1212/1212 1517/1517
f 1517/1517 1212/1212 897/897
f 1517/1517 897/897 1213/1213
f 1202/1202 1517/1517 1213/1213
f 1202/1202 1213/1213 893/893
f 893/893 1213/1213 1518/1518
f 893/893 1518/1518 1205/1205
f 1213/1213 897/897 1214/1214
f 1213/1213 1214/1214 1518/1518
f 1518/1518 1214/1214 898/898
f 1518/1518 898/898 1215/1215
f 1205/1205 1518/1518 1215/1215
f 1205/1205 1215/1215 895/895
f 895/895 1215/1215 1519/1519
f 895/895 1519/1519 1208/1208
f 1215/1215 898/898 1216/1216
f 1215/1215 1216/1216 1519/1519
f 1519/1519 1216/1216 991/991
f 1519/1519 991/991 1218/1218
f 1208/1208 1519/1519 1218/1218
f 1208/1208 1218/1218 989/989
f 896/896 1219/1219 1520/1520
f 896/896 1520/1520 1212/1212
f 1219/1219 899/899 1220/1220
f 1219/1219 1220/1220 1520/1520
f 1520/1520 1220/1220 900/900
f 1520/1520 900/900 1221/1221
f 1212/1212 1520/1520 1221/1221
f 1212/1212 1221/1221 897/897
f 897/897 1221/1221 1521/1521
f 897/897 1521/1521 1214/1214
f 1221/1221 900/900 1222/1222
f 1221/1221 1222/1222 1521/1521
f 1521/1521 1222/1222 901/901
f 1521/1521 901/901 1223/1223
f 1214/1214 1521/1521 1223/1223
f 1214/1214 1223/1223 898/898
f 898/898 1223/1223 1522/1522
f 898/898 1522/1522 1216/1216
f 1223/1223 901/901 1224/1224
f 1223/1223 1224/1224 1522/1522
f 1522/1522 1224/1224 993/993
f 1522/1522 993/993 1226/1226
f 1216/1216 1522/1522 1226/1226
f 1216/1216 1226/1226 991/991
f 899/899 1227/1227 1523/1523
f 899/899 1523/1523 1220/1220
f 1227/1227 902/902 1228/1228
f 1227/1227 1228/1228 1523/1523
f 1523/1523 1228/1228 903/903
f 1523/1523 903/903 1229/1229
f 1220/1220 1523/1523 1229/1229
f 1220/1220 1229/1229 900/900
f 900/900 1229/1229 1524/1524
f 900/900 1524/1524 1222/1222
f 1229/1229 903/903 1230/1230
f 1229/1229 1230/1230 1524/1524
f 1524/1524 1230/1230 904/904
f 1524/1524 904/904 1231/1231
f 1222/1222 1524/1524 1231/1231
f 1222/1222 1231/1231 901/901
f 901/901 1231/1231 1525/1525
f 901/901 1525/1525 1224/1224
f 1231/1231 904/904 1232/1232
f 1231/1231 1232/1232 1525/1525
f 1525/1525 1232/1232 995/995
f 1525/1525 995/995 1234/1234
f 1224/1224 1525/1525 1234/1234
f 1224/1224 1234/1234 993/993
f 902/902 1235/1235 1526/1526
f 902/902 1526/1526 1228/1228
f 1235/1235 905/905 1236/1236
f 1235/1235 1236/1236 1526/1526
f 1526/1526 1236/1236 906/906
f 1526/1526 906/906 1237/1237
f 1228/1228 1526/1526 1237/1237
f 1228/1228 1237/1237 903/903
f 903/903 1237/1237 1527/1527
f 903/903 1527/1527 1230/1230
f 1237/1237 906/906 1238/1238
f 1237/1237 1238/1238 1527/1527
f 1527/1527 1238/1238 907/907
f 1527/1527 907/907 1239/1239
f 1230/1230 1527/1527 1239/1239
f 1230/1230 1239/1239 904/904
f 904/904 1239/1239 1528/1528
f 904/904 1528/1528 1232/1232
f 1239/1239 907/907 1240/1240
f 1239/1239 1240/1240 1528/1528
f 1528/1528 1240/1240 997/997
f 1528/1528 997/997 1242/1242
f 1232/1232 1528/1528 1242/1242
f 1232/1232 1242/1242 995/995
f 905/905 1243/1243 1529/1529
f 905/905 1529/1529 1236/1236
f 1243/1243 908/908 1244/1244
f 1243/1243 1244/1244 1529/1529
f 1529/1529 1244/1244 909/909
f 1529/1529 909/909 1245/1245
f 1236/1236 1529/1529 1245/1245
f 1236/1236 1245/1245 906/906
f 906/906 1245/1245 1530/1530
f 906/906 1530/1530 1238/1238
f 1245/1245 909/909 1246/1246
f 1245/1245 1246/1246 1530/1530
f 1530/1530 1246/1246 910/910
f 1530/1530 910/910 1247/1247
f 1238/1238 1530/1530 1247/1247
f 1238/1238 1247/1247 907/907
f 907/907 1247/1247 1531/1531
f 907/907 1531/1531 1240/1240
f 1247/1247 910/910 1248/1248
f 1247/1247 1248/1248 1531/1531
f 1531/1531 1248/1248 999/999
f 1531/1531 999/999 1250/1250
f 1240/1240 1531/1531 1250/1250
f 1240/1240 1250/1250 997/997
f 908/908 1251/1251 1532/1532
f 908/908 1532/1532 1244/1244
f 1251/1251 911/911 1252/1252
f 1251/1251 1252/1252 1532/1532
f 1532/1532 1252/1252 912/912
f 1532/1532 912/912 1253/1253
f 1244/1244 1532/1532 1253/1253
f 1244/1244 1253/1253 909/909
f 909/909 1253/1253 1533/1533
f 909/909 1533/1533 1246/1246
f 1253/1253 912/912 1254/1254
f 1253/1253 1254/1254 1533/1533
f 1533/1533 1254/1254 913/913
f 1533/1533 913/913 1255/1255
f 1246/1246 1533/1533 1255/1255
f 1246/1246 1255/1255 910/910
f 910/910 1255/1255 1534/1534
f 910/910 1534/1534 1248/1248
f 1255/1255 913/913 1256/1256
f 1255/1255 1256/1256 1534/1534
f 1534/1534 1256/1256 1001/1001
f 1534/1534 1001/1001 1258/1258
f 1248/1248 1534/1534 1258/1258
f 1248/1248 1258/1258 999/999
f 911/911 1259/1259 1535/1535
f 911/911 1535/1535 1252/1252
f 1259/1259 914/914 1260/1260
f 1259/1259 1260/1260 1535/1535
f 1535/1535 1260/1260 915/915
f 1535/1535 915/915 1261/1261
f 1252/1252 1535/1535 1261/1261
f 1252/1252 1261/1261 912/912
f 912/912 1261/1261 1536/1536
f 912/912 1536/1536 1254/1254
f 1261/1261 915/915 1262/1262
f 1261/1261 1262/1262 1536/1536
f 1536/1536 1262/1262 916/916
f 1536/1536 916/916 1263/1263
f 1254/1254 1536/1536 1263/1263
f 1254/1254 1263/1263 913/913
f 913/913 1263/1263 1537/1537
f 913/913 1537/1537 1256/1256
f 1263/1263 916/916 1264/1264
f 1263/1263 1264/1264 1537/1537
f 1537/1537 1264/1264 1003/1003
f 1537/1537 1003/1003 1266/1266
f 1256/1256 1537/1537 1266/1266
f 1256/1256 1266/1266 1001/1001
f 914/914 1267/1267 1538/1538
f 914/914 1538/1538 1260/1260
f 1267/1267 917/917 1268/1268
f 1267/1267 1268/1268 1538/1538
f 1538/1538 1268/1268 918/918
f 1538/1538 918/918 1269/1269
f 1260/1260 1538/1538 1269/1269
f 1260/1260 1269/1269 915/915
f 915/915 1269/1269 1539/1539
f 915/915 1539/1539 1262/1262
f 1269/1269 918/918 1270/1270
f 1269/1269 1270/1270 1539/1539
f 1539/1539 1270/1270 919/919
f 1539/1539 919/919 1271/1271
f 1262/1262 1539/1539 1271/1271
f 1262/1262 1271/1271 916/916
f 916/916 1271/1271 1540/1540
f 916/916 1540/1540 1264/1264
f 1271/1271 919/919 1272/1272
f 1271/1271 1272/1272 1540/1540
f 1540/1540 1272/1272 1005/1005
f 1540/1540 1005/1005 1274/1274
f 1264/1264 1540/1540 1274/1274
f 1264/1264 1274/1274 1003/1003
f 917/917 1275/1275 1541/1541
f 917/917 1541/1541 1268/1268
f 1275/1275 920/920 1276/1276
f 1275/1275 1276/1276 1541/1541
f 1541/1541 1276/1276 921/921
f 1541/1541 921/921 1277/1277
f 1268/1268 1541/1541 1277/1277
f 1268/1268 1277/1277 918/918
f 918/918 1277/1277 1542/1542
f 918/918 1542/1542 1270/1270
f 1277/1277 921/921 1278/1278
f 1277/1277 1278/1278 1542/1542
f 1542/1542 1278/1278 922/922
f 1542/1542 922/922 1279/1279
f 1270/1270 1542/1542 1279/1279
f 1270/1270 1279/1279 919/919
f 919/919 1279/1279 1543/1543
f 919/919 1543/1543 1272/1272
f 1279/1279 922/922 1280/1280
f 1279/1279 1280/1280 1543/1543
f 1543/1543 1280/1280 1007/1007
f 1543/1543 1007/1007 1282/1282
f 1272/1272 1543/1543 1282/1282
f 1272/1272 1282/1282 1005/1005
f 920/920 1283/1283 1544/1544
f 920/920 1544/1544 1276/1276
f 1283/1283 923/923 1284/1284
f 1283/1283 1284/1284 1544/1544
f 1544/1544 1284/1284 924/924
f 1544/1544 924/924 1285/1285
f 1276/1276 1544/1544 1285/1285
f 1276/1276 1285/1285 921/921
f 921/921 1285/1285 1545/1545
f 921/921 1545/1545 1278/1278
f 1285/1285 924/924 1286/1286
f 1285/1285 1286/1286 1545/1545
f 1545/1545 1286/1286 925/925
f 1545/1545 925/925 1287/1287
f 1278/1278 1545/1545 1287/1287
f 1278/1278 1287/1287 922/922
f 922/922 1287/1287 1546/1546
f 922/922 1546/1546 1280/1280
f 1287/1287 925/925 1288/1288
f 1287/1287 1288/1288 1546/1546
f 1546/1546 1288/1288 1009/1009
f 1546/1546 1009/1009 1290/1290
f 1280/1280 1546/1546 1290/1290
f 1280/1280 1290/1290 1007/1007
f 923/923 1291/1291 1547/1547
f 923/923 1547/1547 1284/1284
f 1291/1291 926/926 1292/1292
f 1291/1291 1292/1292 1547/1547
f 1547/1547 1292/1292 927/927
f 1547/1547 927/927 1293/1293
f 1284/1284 1547/1547 1293/1293
f 1284/1284 1293/1293 924/924
f 924/924 1293/1293 1548/1548
f 924/924 1548/1548 1286/1286
f 1293/1293 927/927 1294/1294
f 1293/1293 1294/1294 1548/1548
f 1548/1548 1294/1294 928/928
f 1548/1548 928/928 1295/1295
f 1286/1286 1548/1548 1295/1295
f 1286/1286 1295/1295 925/925
f 925/925 1295/1295 1549/1549
f 925/925 1549/1549 1288/1288
f 1295/1295 928/928 1296/1296
f 1295/1295 1296/1296 1549/1549
f 1549/1549 1296/1296 1011/1011
f 1549/1549 1011/1011 1298/1298
f 1288/1288 1549/1549 1298/1298
f 1288/1288 1298/1298 1009/1009
f 926/926 1299/1299 1550/1550
f 926/926 1550/1550 1292/1292
f 1299/1299 930/930 1301/1301
f 1299/1299 1301/1301 1550/1550
f 1550/1550 1301/1301 932/932
f 1550/1550 932/932 1302/1302
f 1292/1292 1550/1550 1302/1302
f 1292/1292 1302/1302 927/927
f 927/927 1302/1302 1551/1551
f 927/927 1551/1551 1294/1294
f 1302/1302 932/932 1304/1304
f 1302/1302 1304/1304 1551/1551
f 1551/1551 1304/1304 934/934
f 1551/1551 934/934 1305/1305
f 1294/1294 1551/1551 1305/1305
f 1294/1294 1305/1305 928/928
f 928/928 1305/1305 1552/1552
f 928/928 1552/1552 1296/1296
f 1305/1305 934/934 1307/1307
f 1305/1305 1307/1307 1552/1552
f 1552/1552 1307/1307 1014/1014
f 1552/1552 1014/1014 1309/1309
f 1296/1296 1552/1552 1309/1309
f 1296/1296 1309/1309 1011/1011
f 929/929 1310/1310 1553/1553
f 929/929 1553/1553 1300/1300
f 1310/1310 935/935 1311/1311
f 1310/1310 1311/1311 1553/1553
f 1553/1553 1311/1311 936/936
f 1553/1553 936/936 1312/1312
f 1300/1300 1553/1553 1312/1312
f 1300/1300 1312/1312 931/931
f 931/931 1312/1312 1554/1554
f 931/931 1554/1554 1303/1303
f 1312/1312 936/936 1313/1313
f 1312/1312 1313/1313 1554/1554
f 1554/1554 1313/1313 937/937
f 1554/1554 937/937 1314/1314
f 1303/1303 1554/1554 1314/1314
f 1303/1303 1314/1314 933/933
f 933/933 1314/1314 1555/1555
f 933/933 1555/1555 1306/1306
f 1314/1314 937/937 1315/1315
f 1314/1314 1315/1315 1555/1555
f 1555/1555 1315/1315 1016/1016
f 1555/1555 1016/1016 1317/1317
f 1306/1306 1555/1555 1317/1317
f 1306/1306 1317/1317 1013/1013
f 935/935 1318/1318 1556/1556
f 935/935 1556/1556 1311/1311
f 1318/1318 938/938 1319/1319
f 1318/1318 1319/1319 1556/1556
f 1556/1556 1319/1319 939/939
f 1556/1556 939/939 1320/1320
f 1311/1311 1556/1556 1320/1320
f 1311/1311 1320/1320 936/936
f 936/936 1320/1320 1557/1557
f 936/936 1557/1557 1313/1313
f 1320/1320 939/939 1321/1321
f 1320/1320 1321/1321 1557/1557
f 1557/1557 1321/1321 940/940
f 1557/1557 940/940 1322/1322
f 1313/1313 1557/1557 1322/1322
f 1313/1313 1322/1322 937/937
f 937/937 1322/1322 1558/1558
f 937/937 1558/1558 1315/1315
f 1322/1322 940/940 1323/1323
f 1322/1322 1323/1323 1558/1558
f 1558/1558 1323/1323 1018/1018
f 1558/1558 1018/1018 1325/1325
f 1315/1315 1558/1558 1325/1325
f 1315/1315 1325/1325 1016/1016
f 938/938 1326/1326 1559/1559
f 938/938 1559/1559 1319/1319
f 1326/1326 941/941 1327/1327
f 1326/1326 1327/1327 1559/1559
f 1559/1559 1327/1327 942/942
f 1559/1559 942/942 1328/1328
f 1319/1319 1559/1559 1328/1328
f 1319/1319 1328/1328 939/939
f 939/939 1328/1328 1560/1560
f 939/939 1560/1560 1321/1321
f 1328/1328 942/942 1329/1329
f 1328/1328 1329/1329 1560/1560
f 1560/1560 1329/1329 943/943
f 1560/1560 943/943 1330/1330
f 1321/1321 1560/1560 1330/1330
f 1321/1321 1330/1330 940/940
f 940/940 1330/1330 1561/1561
f 940/940 1561/1561 1323/1323
f 1330/1330 943/943 1331/1331
f 1330/1330 1331/1331 1561/1561
f 1561/1561 1331/1331 1020/1020
f 1561/1561 1020/1020 1333/1333
f 1323/1323 1561/1561 1333/1333
f 1323/1323 1333/1333 1018/1018
f 941/941 1334/1334 1562/1562
f 941/941 1562/1562 1327/1327
f 1334/1334 944/944 1335/1335
f 1334/1334 1335/1335 1562/1562
f 1562/1562 1335/1335 945/945
f 1562/1562 945/945 1336/1336
f 1327/1327 1562/1562 1336/1336
f 1327/1327 1336/1336 942/942
f 942/942 1336/1336 1563/1563
f 942/942 1563/1563 1329/1329
f 1336/1336 945/945 1337/1337
f 1336/1336 1337/1337 1563/1563
f 1563/1563 1337/1337 946/946
f 1563/1563 946/946 1338/1338
f 1329/1329 1563/1563 1338/1338
f 1329/1329 1338/1338 943/943
f 943/943 1338/1338 1564/1564
f 943/943 1564/1564 1331/1331
f 1338/1338 946/946 1339/1339
f 1338/1338 1339/1339 1564/1564
f 1564/1564 1339/1339 1022/1022
f 1564/1564 1022/1022 1341/1341
f 1331/1331 1564/1564 1341/1341
f 1331/1331 1341/1341 1020/1020
f 944/944 1342/1342 1565/1565
f 944/944 1565/1565 1335/1335
f 1342/1342 869/869 1149/1149
f 1342/1342 1149/1149 1565/1565
f 1565/1565 1149/1149 871/871
f 1565/1565 871/871 1343/1343
f 1335/1335 1565/1565 1343/1343
f 1335/1335 1343/1343 945/945
f 945/945 1343/1343 1566/1566
f 945/945 1566/1566 1337/1337
f 1343/1343 871/871 1153/1153
f 1343/1343 1153/1153 1566/1566
f 1566/1566 1153/1153 870/870
f 1566/1566 870/870 1344/1344
f 1337/1337 1566/1566 1344/1344
f 1337/1337 1344/1344 946/946
f 946/946 1344/1344 1567/1567
f 946/946 1567/1567 1339/1339
f 1344/1344 870/870 1156/1156
f 1344/1344 1156/1156 1567/1567
f 1567/1567 1156/1156 976/976
f 1567/1567 976/976 1346/1346
f 1339/1339 1567/1567 1346/1346
f 1339/1339 1346/1346 1022/1022
f 1407/1407 1636/1636 1024/1024
f 929/929 1424/1424 1568/1568
f 929/929 1568/1568 1310/1310
f 1424/1424 859/859 1126/1126
f 1424/1424 1126/1126 1568/1568
f 1568/1568 1126/1126 862/862
f 1568/1568 862/862 1423/1423
f 1310/1310 1568/1568 1423/1423
f 1310/1310 1423/1423 935/935
f 926/926 1426/1426 1569/1569
f 926/926 1569/1569 1299/1299
f 1426/1426 856/856 1119/1119
f 1426/1426 1119/1119 1569/1569
f 1569/1569 1119/1119 860/860
f 1569/1569 860/860 1425/1425
f 1299/1299 1569/1569 1425/1425
f 1299/1299 1425/1425 930/930
f 923/923 1427/1427 1570/1570
f 923/923 1570/1570 1291/1291
f 1427/1427 854/854 1114/1114
f 1427/1427 1114/1114 1570/1570
f 1570/1570 1114/1114 856/856
f 1570/1570 856/856 1426/1426
f 1291/1291 1570/1570 1426/1426
f 1291/1291 1426/1426 926/926
f 905/905 1433/1433 1571/1571
f 905/905 1571/1571 1243/1243
f 1433/1433 842/842 1084/1084
f 1433/1433 1084/1084 1571/1571
f 1571/1571 1084/1084 844/844
f 1571/1571 844/844 1432/1432
f 1243/1243 1571/1571 1432/1432
f 1243/1243 1432/1432 908/908
f 842/842 1433/1433 1572/1572
f 842/842 1572/1572 1079/1079
f 1433/1433 905/905 1235/1235
f 1433/1433 1235/1235 1572/1572
f 1572/1572 1235/1235 902/902
f 1572/1572 902/902 1446/1446
f 1079/1079 1572/1572 1446/1446
f 1079/1079 1446/1446 840/840
f 840/840 1446/1446 1573/1573
f 840/840 1573/1573 1074/1074
f 1446/1446 902/902 1227/1227
f 1446/1446 1227/1227 1573/1573
f 1573/1573 1227/1227 899/899
f 1573/1573 899/899 1445/1445
f 1074/1074 1573/1573 1445/1445
f 1074/1074 1445/1445 838/838
f 838/838 1445/1445 1574/1574
f 838/838 1574/1574 1069/1069
f 1445/1445 899/899 1219/1219
f 1445/1445 1219/1219 1574/1574
f 1574/1574 1219/1219 896/896
f 1574/1574 896/896 1444/1444
f 1069/1069 1574/1574 1444/1444
f 1069/1069 1444/1444 836/836
f 836/836 1444/1444 1575/1575
f 836/836 1575/1575 1064/1064
f 1444/1444 896/896 1211/1211
f 1444/1444 1211/1211 1575/1575
f 1575/1575 1211/1211 891/891
f 1575/1575 891/891 1443/1443
f 1064/1064 1575/1575 1443/1443
f 1064/1064 1443/1443 834/834
f 833/833 1442/1442 1576/1576
f 833/833 1576/1576 1057/1057
f 1442/1442 890/890 1200/1200
f 1442/1442 1200/1200 1576/1576
f 1576/1576 1200/1200 887/887
f 1576/1576 887/887 1441/1441
f 1057/1057 1576/1576 1441/1441
f 1057/1057 1441/1441 830/830
f 828/828 1440/1440 1577/1577
f 828/828 1577/1577 1047/1047
f 1440/1440 884/884 1184/1184
f 1440/1440 1184/1184 1577/1577
f 1577/1577 1184/1184 881/881
f 1577/1577 881/881 1439/1439
f 1047/1047 1577/1577 1439/1439
f 1047/1047 1439/1439 826/826
f 1023/1023 1349/1349 1578/1578
f 1349/1349 1023/1023 1580/1580
f 1579/1579 1350/1350 948/948
f 1579/1579 948/948 1031/1031
f 1348/1348 1579/1579 1031/1031
f 1348/1348 1031/1031 947/947
f 1023/1023 1351/1351 1580/1580
f 1351/1351 1023/1023 1582/1582
f 1581/1581 1352/1352 949/949
f 1581/1581 949/949 1036/1036
f 1350/1350 1581/1581 1036/1036
f 1350/1350 1036/1036 948/948
f 1023/1023 1353/1353 1582/1582
f 1353/1353 1023/1023 1584/1584
f 1583/1583 1354/1354 950/950
f 1583/1583 950/950 1041/1041
f 1352/1352 1583/1583 1041/1041
f 1352/1352 1041/1041 949/949
f 1023/1023 1355/1355 1584/1584
f 1355/1355 1023/1023 1586/1586
f 1585/1585 1356/1356 951/951
f 1585/1585 951/951 1046/1046
f 1354/1354 1585/1585 1046/1046
f 1354/1354 1046/1046 950/950
f 1023/1023 1357/1357 1586/1586
f 1357/1357 1023/1023 1588/1588
f 1587/1587 1358/1358 952/952
f 1587/1587 952/952 1051/1051
f 1356/1356 1587/1587 1051/1051
f 1356/1356 1051/1051 951/951
f 1023/1023 1359/1359 1588/1588
f 1359/1359 1023/1023 1590/1590
f 1589/1589 1360/1360 953/953
f 1589/1589 953/953 1056/1056
f 1358/1358 1589/1589 1056/1056
f 1358/1358 1056/1056 952/952
f 1023/1023 1361/1361 1590/1590
f 1361/1361 1023/1023 1592/1592
f 1591/1591 1362/1362 954/954
f 1591/1591 954/954 1063/1063
f 1360/1360 1591/1591 1063/1063
f 1360/1360 1063/1063 953/953
f 1023/1023 1364/1364 1592/1592
f 1364/1364 1023/1023 1594/1594
f 1593/1593 1365/1365 956/956
f 1593/1593 956/956 1068/1068
f 1363/1363 1593/1593 1068/1068
f 1363/1363 1068/1068 955/955
f 1023/1023 1366/1366 1594/1594
f 1366/1366 1023/1023 1596/1596
f 1595/1595 1367/1367 957/957
f 1595/1595 957/957 1073/1073
f 1365/1365 1595/1595 1073/1073
f 1365/1365 1073/1073 956/956
f 1023/1023 1368/1368 1596/1596
f 1368/1368 1023/1023 1598/1598
f 1597/1597 1369/1369 958/958
f 1597/1597 958/958 1078/1078
f 1367/1367 1597/1597 1078/1078
f 1367/1367 1078/1078 957/957
f 1023/1023 1370/1370 1598/1598
f 1370/1370 1023/1023 1600/1600
f 1599/1599 1371/1371 959/959
f 1599/1599 959/959 1083/1083
f 1369/1369 1599/1599 1083/1083
f 1369/1369 1083/1083 958/958
f 1023/1023 1372/1372 1600/1600
f 1372/1372 1023/1023 1602/1602
f 1601/1601 1373/1373 960/960
f 1601/1601 960/960 1088/1088
f 1371/1371 1601/1601 1088/1088
f 1371/1371 1088/1088 959/959
f 1023/1023 1374/1374 1602/1602
f 1604/1604 1374/1374 1023/1023
f 1603/1603 1375/1375 961/961
f 1603/1603 961/961 1093/1093
f 1373/1373 1603/1603 1093/1093
f 1373/1373 1093/1093 960/960
f 1605/1605 1377/1377 962/962
f 1605/1605 962/962 1098/1098
f 1375/1375 1605/1605 1098/1098
f 1375/1375 1098/1098 961/961
f 1606/1606 1023/1023 1378/1378
f 1378/1378 1023/1023 1608/1608
f 1607/1607 1379/1379 963/963
f 1607/1607 963/963 1103/1103
f 1377/1377 1607/1607 1103/1103
f 1377/1377 1103/1103 962/962
f 1608/1608 1023/1023 1380/1380
f 1380/1380 1023/1023 1610/1610
f 1609/1609 1381/1381 964/964
f 1609/1609 964/964 1108/1108
f 1379/1379 1609/1609 1108/1108
f 1379/1379 1108/1108 963/963
f 1610/1610 1023/1023 1382/1382
f 1382/1382 1023/1023 1612/1612
f 1611/1611 1383/1383 965/965
f 1611/1611 965/965 1113/1113
f 1381/1381 1611/1611 1113/1113
f 1381/1381 1113/1113 964/964
f 1612/1612 1023/1023 1384/1384
f 1384/1384 1023/1023 1614/1614
f 1613/1613 1385/1385 966/966
f 1613/1613 966/966 1118/1118
f 1383/1383 1613/1613 1118/1118
f 1383/1383 1118/1118 965/965
f 1614/1614 1023/1023 1386/1386
f 1386/1386 1023/1023 1616/1616
f 1615/1615 1388/1388 968/968
f 1615/1615 968/968 1125/1125
f 1385/1385 1615/1615 1125/1125
f 1385/1385 1125/1125 966/966
f 1616/1616 1023/1023 1389/1389
f 1389/1389 1023/1023 1618/1618
f 1617/1617 1390/1390 969/969
f 1617/1617 969/969 1130/1130
f 1387/1387 1617/1617 1130/1130
f 1387/1387 1130/1130 967/967
f 1618/1618 1023/1023 1391/1391
f 1391/1391 1023/1023 1620/1620
f 1619/1619 1392/1392 970/970
f 1619/1619 970/970 1135/1135
f 1390/1390 1619/1619 1135/1135
f 1390/1390 1135/1135 969/969
f 1620/1620 1023/1023 1393/1393
f 1393/1393 1023/1023 1622/1622
f 1621/1621 1394/1394 971/971
f 1621/1621 971/971 1140/1140
f 1392/1392 1621/1621 1140/1140
f 1392/1392 1140/1140 970/970
f 1023/1023 1395/1395 1622/1622
f 1395/1395 1023/1023 1624/1624
f 1623/1623 1396/1396 972/972
f 1623/1623 972/972 1145/1145
f 1394/1394 1623/1623 1145/1145
f 1394/1394 1145/1145 971/971
f 1023/1023 1347/1347 1624/1624
f 1625/1625 1348/1348 947/947
f 1625/1625 947/947 1148/1148
f 1396/1396 1625/1625 1148/1148
f 1396/1396 1148/1148 972/972
f 1626/1626 1024/1024 1398/1398
f 1399/1399 1024/1024 1627/1627
f 1626/1626 1398/1398 975/975
f 1626/1626 975/975 1158/1158
f 1397/1397 1626/1626 1158/1158
f 1397/1397 1158/1158 973/973
f 1024/1024 1397/1397 1627/1627
f 1400/1400 1024/1024 1628/1628
f 1627/1627 1397/1397 973/973
f 1627/1627 973/973 1166/1166
f 1399/1399 1627/1627 1166/1166
f 1399/1399 1166/1166 977/977
f 1024/1024 1399/1399 1628/1628
f 1401/1401 1024/1024 1629/1629
f 1628/1628 1399/1399 977/977
f 1628/1628 977/977 1174/1174
f 1400/1400 1628/1628 1174/1174
f 1400/1400 1174/1174 979/979
f 1024/1024 1400/1400 1629/1629
f 1402/1402 1024/1024 1630/1630
f 1629/1629 1400/1400 979/979
f 1629/1629 979/979 1182/1182
f 1401/1401 1629/1629 1182/1182
f 1401/1401 1182/1182 981/981
f 1630/1630 1024/1024 1401/1401
f 1403/1403 1024/1024 1631/1631
f 1630/1630 1401/1401 981/981
f 1630/1630 981/981 1190/1190
f 1402/1402 1630/1630 1190/1190
f 1402/1402 1190/1190 983/983
f 1631/1631 1024/1024 1402/1402
f 1404/1404 1024/1024 1632/1632
f 1631/1631 1402/1402 983/983
f 1631/1631 983/983 1198/1198
f 1403/1403 1631/1631 1198/1198
f 1403/1403 1198/1198 985/985
f 1632/1632 1024/1024 1403/1403
f 1405/1405 1024/1024 1633/1633
f 1632/1632 1403/1403 985/985
f 1632/1632 985/985 1209/1209
f 1404/1404 1632/1632 1209/1209
f 1404/1404 1209/1209 987/987
f 1633/1633 1024/1024 1404/1404
f 1406/1406 1024/1024 1634/1634
f 1633/1633 1404/1404 987/987
f 1633/1633 987/987 1217/1217
f 1405/1405 1633/1633 1217/1217
f 1405/1405 1217/1217 990/990
f 1634/1634 1024/1024 1405/1405
f 1407/1407 1024/1024 1635/1635
f 1634/1634 1405/1405 990/990
f 1634/1634 990/990 1225/1225
f 1406/1406 1634/1634 1225/1225
f 1406/1406 1225/1225 992/992
f 1024/1024 1406/1406 1635/1635
f 1636/1636 1408/1408 1024/1024
f 1635/1635 1406/1406 992/992
f 1635/1635 992/992 1233/1233
f 1407/1407 1635/1635 1233/1233
f 1407/1407 1233/1233 994/994
f 1636/1636 1407/1407 994/994
f 1636/1636 994/994 1241/1241
f 1408/1408 1636/1636 1241/1241
f 1408/1408 1241/1241 996/996
f 1637/1637 1024/1024 1408/1408
f 1410/1410 1024/1024 1638/1638
f 1637/1637 1408/1408 996/996
f 1637/1637 996/996 1249/1249
f 1409/1409 1637/1637 1249/1249
f 1409/1409 1249/1249 998/998
f 1638/1638 1024/1024 1409/1409
f 1411/1411 1024/1024 1639/1639
f 1638/1638 1409/1409 998/998
f 1638/1638 998/998 1257/1257
f 1410/1410 1638/1638 1257/1257
f 1410/1410 1257/1257 1000/1000
f 1639/1639 1024/1024 1410/1410
f 1412/1412 1024/1024 1640/1640
f 1639/1639 1410/1410 1000/1000
f 1639/1639 1000/1000 1265/1265
f 1411/1411 1639/1639 1265/1265
f 1411/1411 1265/1265 1002/1002
f 1640/1640 1024/1024 1411/1411
f 1413/1413 1024/1024 1641/1641
f 1640/1640 1411/1411 1002/1002
f 1640/1640 1002/1002 1273/1273
f 1412/1412 1640/1640 1273/1273
f 1412/1412 1273/1273 1004/1004
f 1024/1024 1412/1412 1641/1641
f 1414/1414 1024/1024 1642/1642
f 1641/1641 1412/1412 1004/1004
f 1641/1641 1004/1004 1281/1281
f 1413/1413 1641/1641 1281/1281
f 1413/1413 1281/1281 1006/1006
f 1642/1642 1024/1024 1413/1413
f 1415/1415 1024/1024 1643/1643
f 1642/1642 1413/1413 1006/1006
f 1642/1642 1006/1006 1289/1289
f 1414/1414 1642/1642 1289/1289
f 1414/1414 1289/1289 1008/1008
f 1643/1643 1024/1024 1414/1414
f 1416/1416 1024/1024 1644/1644
f 1643/1643 1414/1414 1008/1008
f 1643/1643 1008/1008 1297/1297
f 1415/1415 1643/1643 1297/1297
f 1415/1415 1297/1297 1010/1010
f 1644/1644 1024/1024 1415/1415
f 1417/1417 1024/1024 1645/1645
f 1644/1644 1415/1415 1010/1010
f 1644/1644 1010/1010 1308/1308
f 1416/1416 1644/1644 1308/1308
f 1416/1416 1308/1308 1012/1012
f 1645/1645 1024/1024 1416/1416
f 1418/1418 1024/1024 1646/1646
f 1645/1645 1416/1416 1012/1012
f 1645/1645 1012/1012 1316/1316
f 1417/1417 1645/1645 1316/1316
f 1417/1417 1316/1316 1015/1015
f 1646/1646 1024/1024 1417/1417
f 1419/1419 1024/1024 1647/1647
f 1646/1646 1417/1417 1015/1015
f 1646/1646 1015/1015 1324/1324
f 1418/1418 1646/1646 1324/1324
f 1418/1418 1324/1324 1017/1017
f 1024/1024 1418/1418 1647/1647
f 1420/1420 1024/1024 1648/1648
f 1647/1647 1418/1418 1017/1017
f 1647/1647 1017/1017 1332/1332
f 1419/1419 1647/1647 1332/1332
f 1419/1419 1332/1332 1019/1019
f 1024/1024 1419/1419 1648/1648
f 1398/1398 1024/1024 1649/1649
f 1648/1648 1419/1419 1019/1019
f 1648/1648 1019/1019 1340/1340
f 1420/1420 1648/1648 1340/1340
f 1420/1420 1340/1340 1021/1021
f 1024/1024 1420/1420 1649/1649
f 1649/1649 1420/1420 1021/1021
f 1649/1649 1021/1021 1345/1345
f 1398/1398 1649/1649 1345/1345
f 1398/1398 1345/1345 975/975
f 908/908 1432/1432 1650/1650
f 908/908 1650/1650 1251/1251
f 1432/1432 844/844 1089/1089
f 1432/1432 1089/1089 1650/1650
f 1650/1650 1089/1089 846/846
f 1650/1650 846/846 1431/1431
f 1251/1251 1650/1650 1431/1431
f 1251/1251 1431/1431 911/911
f 911/911 1431/1431 1651/1651
f 911/911 1651/1651 1259/1259
f 1431/1431 846/846 1094/1094
f 1431/1431 1094/1094 1651/1651
f 1651/1651 1094/1094 848/848
f 1651/1651 848/848 1430/1430
f 1259/1259 1651/1651 1430/1430
f 1259/1259 1430/1430 914/914
f 914/914 1430/1430 1652/1652
f 914/914 1652/1652 1267/1267
f 1430/1430 848/848 1099/1099
f 1430/1430 1099/1099 1652/1652
f 1652/1652 1099/1099 850/850
f 1652/1652 850/850 1429/1429
f 1267/1267 1652/1652 1429/1429
f 1267/1267 1429/1429 917/917
f 917/917 1429/1429 1653/1653
f 917/917 1653/1653 1275/1275
f 1429/1429 850/850 1104/1104
f 1429/1429 1104/1104 1653/1653
f 1653/1653 1104/1104 852/852
f 1653/1653 852/852 1428/1428
f 1275/1275 1653/1653 1428/1428
f 1275/1275 1428/1428 920/920
f 941/941 1421/1421 1654/1654
f 941/941 1654/1654 1334/1334
f 1421/1421 866/866 1141/1141
f 1421/1421 1141/1141 1654/1654
f 1654/1654 1141/1141 868/868
f 1654/1654 868/868 1434/1434
f 1334/1334 1654/1654 1434/1434
f 1334/1334 1434/1434 944/944
f 920/920 1428/1428 1655/1655
f 920/920 1655/1655 1283/1283
f 1428/1428 852/852 1109/1109
f 1428/1428 1109/1109 1655/1655
f 1655/1655 1109/1109 854/854
f 1655/1655 854/854 1427/1427
f 1283/1283 1655/1655 1427/1427
f 1283/1283 1427/1427 923/923
f 822/822 1437/1437 1656/1656
f 822/822 1656/1656 1032/1032
f 1437/1437 875/875 1160/1160
f 1437/1437 1160/1160 1656/1656
f 1656/1656 1160/1160 872/872
f 1656/1656 872/872 1436/1436
f 1032/1032 1656/1656 1436/1436
f 1032/1032 1436/1436 820/820
f 824/824 1438/1438 1657/1657
f 824/824 1657/1657 1037/1037
f 1438/1438 878/878 1168/1168
f 1438/1438 1168/1168 1657/1657
f 1657/1657 1168/1168 875/875
f 1657/1657 875/875 1437/1437
f 1037/1037 1657/1657 1437/1437
f 1037/1037 1437/1437 822/822
f 826/826 1439/1439 1658/1658
f 826/826 1658/1658 1042/1042
f 1439/1439 881/881 1176/1176
f 1439/1439 1176/1176 1658/1658
f 1658/1658 1176/1176 878/878
f 1658/1658 878/878 1438/1438
f 1042/1042 1658/1658 1438/1438
f 1042/1042 1438/1438 824/824
f 868/868 1146/1146 1659/1659
f 868/868 1659/1659 1434/1434
f 1146/1146 818/818 1435/1435
f 1146/1146 1435/1435 1659/1659
f 1659/1659 1435/1435 869/869
f 1659/1659 869/869 1342/1342
f 1434/1434 1659/1659 1342/1342
f 1434/1434 1342/1342 944/944
f 935/935 1423/1423 1660/1660
f 935/935 1660/1660 1318/1318
f 1423/1423 862/862 1131/1131
f 1423/1423 1131/1131 1660/1660
f 1660/1660 1131/1131 864/864
f 1660/1660 864/864 1422/1422
f 1318/1318 1660/1660 1422/1422
f 1318/1318 1422/1422 938/938
f 864/864 1136/1136 1661/1661
f 864/864 1661/1661 1422/1422
f 1136/1136 866/866 1421/1421
f 1136/1136 1421/1421 1661/1661
f 1661/1661 1421/1421 941/941
f 1661/1661 941/941 1326/1326
f 1422/1422 1661/1661 1326/1326
f 1422/1422 1326/1326 938/938
f 820/820 1436/1436 1662/1662
f 820/820 1662/1662 1025/1025
f 1436/1436 872/872 1150/1150
f 1436/1436 1150/1150 1662/1662
f 1662/1662 1150/1150 869/869
f 1662/1662 869/869 1435/1435
f 1025/1025 1662/1662 1435/1435
f 1025/1025 1435/1435 818/818
f 1376/1376 1023/1023 1606/1606
f 1347/1347 1023/1023 1578/1578
f 1409/1409 1024/1024 1637/1637
f 1397/1397 1024/1024 1626/1626
f 2097/2097 2739/2739 2738/2738
f 2097/2097 2738/2738 2092/2092
f 2510/2510 2738/2738 2073/2073
f 2510/2510 2073/2073 2071/2071
f 2099/2099 2740/2740 2739/2739
f 2099/2099 2739/2739 2097/2097
f 2738/2738 2739/2739 2074/2074
f 2738/2738 2074/2074 2073/2073
f 2101/2101 2741/2741 2740/2740
f 2101/2101 2740/2740 2099/2099
f 2739/2739 2740/2740 2075/2075
f 2739/2739 2075/2075 2074/2074
f 2103/2103 2742/2742 2741/2741
f 2103/2103 2741/2741 2101/2101
f 2740/2740 2741/2741 2076/2076
f 2740/2740 2076/2076 2075/2075
f 2105/2105 2743/2743 2742/2742
f 2105/2105 2742/2742 2103/2103
f 2741/2741 2742/2742 2077/2077
f 2741/2741 2077/2077 2076/2076
f 2107/2107 2744/2744 2743/2743
f 2107/2107 2743/2743 2105/2105
f 2742/2742 2743/2743 2078/2078
f 2742/2742 2078/2078 2077/2077
f 2109/2109 2745/2745 2744/2744
f 2109/2109 2744/2744 2107/2107
f 2743/2743 2744/2744 2079/2079
f 2743/2743 2079/2079 2078/2078
f 2111/2111 2746/2746 2745/2745
f 2111/2111 2745/2745 2109/2109
f 2744/2744 2745/2745 2080/2080
f 2744/2744 2080/2080 2079/2079
f 2113/2113 2747/2747 2746/2746
f 2113/2113 2746/2746 2111/2111
f 2745/2745 2746/2746 2081/2081
f 2745/2745 2081/2081 2080/2080
f 2115/2115 2748/2748 2747/2747
f 2115/2115 2747/2747 2113/2113
f 2746/2746 2747/2747 2082/2082
f 2746/2746 2082/2082 2081/2081
f 2117/2117 2749/2749 2748/2748
f 2117/2117 2748/2748 2115/2115
f 2747/2747 2748/2748 2083/2083
f 2747/2747 2083/2083 2082/2082
f 2119/2119 2750/2750 2749/2749
f 2119/2119 2749/2749 2117/2117
f 2748/2748 2749/2749 2084/2084
f 2748/2748 2084/2084 2083/2083
f 2121/2121 2751/2751 2750/2750
f 2121/2121 2750/2750 2119/2119
f 2749/2749 2750/2750 2085/2085
f 2749/2749 2085/2085 2084/2084
f 2123/2123 2752/2752 2751/2751
f 2123/2123 2751/2751 2121/2121
f 2750/2750 2751/2751 2086/2086
f 2750/2750 2086/2086 2085/2085
f 2125/2125 2753/2753 2752/2752
f 2125/2125 2752/2752 2123/2123
f 2751/2751 2752/2752 2087/2087
f 2751/2751 2087/2087 2086/2086
f 2127/2127 2754/2754 2753/2753
f 2127/2127 2753/2753 2125/2125
f 2752/2752 2753/2753 2088/2088
f 2752/2752 2088/2088 2087/2087
f 2129/2129 2755/2755 2754/2754
f 2129/2129 2754/2754 2127/2127
f 2753/2753 2754/2754 2089/2089
f 2753/2753 2089/2089 2088/2088
f 2754/2754 2755/2755 2090/2090
f 2754/2754 2090/2090 2089/2089
f 2757/2757 1735/1735 1731/1731
f 2131/2131 2756/2756 2755/2755
f 2131/2131 2755/2755 2129/2129
f 2094/2094 2511/2511 2756/2756
f 2094/2094 2756/2756 2131/2131
f 2755/2755 2756/2756 2091/2091
f 2755/2755 2091/2091 2090/2090
f 2756/2756 2511/2511 2072/2072
f 2756/2756 2072/2072 2091/2091
f 2782/2782 2551/2551 1911/1911
f 2782/2782 1911/1911 1909/1909
f 1663/1663 2532/2532 2531/2531
f 1663/1663 2531/2531 1668/1668
f 2531/2531 2532/2532 1744/1744
f 2531/2531 1744/1744 1747/1747
f 1668/1668 2531/2531 2533/2533
f 1668/1668 2533/2533 1672/1672
f 2533/2533 2531/2531 1747/1747
f 2533/2533 1747/1747 1749/1749
f 1672/1672 2533/2533 2534/2534
f 1672/1672 2534/2534 1676/1676
f 2534/2534 2533/2533 1749/1749
f 2534/2534 1749/1749 1751/1751
f 1676/1676 2534/2534 2535/2535
f 1676/1676 2535/2535 1680/1680
f 2535/2535 2534/2534 1751/1751
f 2535/2535 1751/1751 1753/1753
f 1680/1680 2535/2535 2536/2536
f 1680/1680 2536/2536 1684/1684
f 2536/2536 2535/2535 1753/1753
f 2536/2536 1753/1753 1755/1755
f 1684/1684 2536/2536 2537/2537
f 1684/1684 2537/2537 1688/1688
f 2537/2537 2536/2536 1755/1755
f 2537/2537 1755/1755 1757/1757
f 1688/1688 2537/2537 2538/2538
f 1688/1688 2538/2538 1692/1692
f 2538/2538 2537/2537 1757/1757
f 2538/2538 1757/1757 1759/1759
f 1692/1692 2538/2538 2539/2539
f 1692/1692 2539/2539 1696/1696
f 2539/2539 2538/2538 1759/1759
f 2539/2539 1759/1759 1761/1761
f 1696/1696 2539/2539 2540/2540
f 1696/1696 2540/2540 1700/1700
f 2540/2540 2539/2539 1761/1761
f 2540/2540 1761/1761 1763/1763
f 1700/1700 2540/2540 2541/2541
f 1700/1700 2541/2541 1704/1704
f 2541/2541 2540/2540 1763/1763
f 2541/2541 1763/1763 1765/1765
f 1704/1704 2541/2541 2542/2542
f 1704/1704 2542/2542 1708/1708
f 2542/2542 2541/2541 1765/1765
f 2542/2542 1765/1765 1767/1767
f 1708/1708 2542/2542 2543/2543
f 1708/1708 2543/2543 1713/1713
f 2543/2543 2542/2542 1767/1767
f 2543/2543 1767/1767 1769/1769
f 1713/1713 2543/2543 2544/2544
f 1713/1713 2544/2544 1717/1717
f 2544/2544 2543/2543 1769/1769
f 2544/2544 1769/1769 1771/1771
f 1717/1717 2544/2544 2545/2545
f 1717/1717 2545/2545 1720/1720
f 2545/2545 2544/2544 1771/1771
f 2545/2545 1771/1771 1773/1773
f 1720/1720 2545/2545 2546/2546
f 1720/1720 2546/2546 1724/1724
f 2546/2546 2545/2545 1773/1773
f 2546/2546 1773/1773 1775/1775
f 1724/1724 2546/2546 2547/2547
f 1724/1724 2547/2547 1728/1728
f 2547/2547 2546/2546 1775/1775
f 2547/2547 1775/1775 1777/1777
f 1728/1728 2547/2547 2548/2548
f 1728/1728 2548/2548 1732/1732
f 2548/2548 2547/2547 1777/1777
f 2548/2548 1777/1777 1779/1779
f 1732/1732 2548/2548 2549/2549
f 1732/1732 2549/2549 1736/1736
f 2549/2549 2548/2548 1779/1779
f 2549/2549 1779/1779 1781/1781
f 1736/1736 2549/2549 2550/2550
f 1736/1736 2550/2550 1740/1740
f 2550/2550 2549/2549 1781/1781
f 2550/2550 1781/1781 1783/1783
f 1740/1740 2550/2550 2532/2532
f 1740/1740 2532/2532 1663/1663
f 2532/2532 2550/2550 1783/1783
f 2532/2532 1783/1783 1744/1744
f 2552/2552 2781/2781 2551/2551
f 2552/2552 2551/2551 2782/2782
f 2784/2784 2553/2553 1897/1897
f 2784/2784 1897/1897 1895/1895
f 2554/2554 2783/2783 2553/2553
f 2554/2554 2553/2553 2784/2784
f 2786/2786 2555/2555 1927/1927
f 2786/2786 1927/1927 1925/1925
f 2556/2556 2785/2785 2555/2555
f 2556/2556 2555/2555 2786/2786
f 2551/2551 2557/2557 1913/1913
f 2551/2551 1913/1913 1911/1911
f 2781/2781 2787/2787 2557/2557
f 2781/2781 2557/2557 2551/2551
f 2553/2553 2558/2558 1899/1899
f 2553/2553 1899/1899 1897/1897
f 2783/2783 2788/2788 2558/2558
f 2783/2783 2558/2558 2553/2553
f 2555/2555 2559/2559 1888/1888
f 2555/2555 1888/1888 1927/1927
f 2785/2785 2790/2790 2559/2559
f 2785/2785 2559/2559 2555/2555
f 2557/2557 2561/2561 1915/1915
f 2557/2557 1915/1915 1913/1913
f 2787/2787 2791/2791 2561/2561
f 2787/2787 2561/2561 2557/2557
f 2558/2558 2562/2562 1901/1901
f 2558/2558 1901/1901 1899/1899
f 2788/2788 2792/2792 2562/2562
f 2788/2788 2562/2562 2558/2558
f 2561/2561 2563/2563 1917/1917
f 2561/2561 1917/1917 1915/1915
f 2791/2791 2793/2793 2563/2563
f 2791/2791 2563/2563 2561/2561
f 2562/2562 2564/2564 1903/1903
f 2562/2562 1903/1903 1901/1901
f 2792/2792 2794/2794 2564/2564
f 2792/2792 2564/2564 2562/2562
f 2563/2563 2565/2565 1919/1919
f 2563/2563 1919/1919 1917/1917
f 2793/2793 2795/2795 2565/2565
f 2793/2793 2565/2565 2563/2563
f 2564/2564 2566/2566 1905/1905
f 2564/2564 1905/1905 1903/1903
f 2794/2794 2796/2796 2566/2566
f 2794/2794 2566/2566 2564/2564
f 2560/2560 2567/2567 1891/1891
f 2560/2560 1891/1891 1889/1889
f 2789/2789 2797/2797 2567/2567
f 2789/2789 2567/2567 2560/2560
f 2565/2565 2568/2568 1921/1921
f 2565/2565 1921/1921 1919/1919
f 2795/2795 2798/2798 2568/2568
f 2795/2795 2568/2568 2565/2565
f 2566/2566 2569/2569 1907/1907
f 2566/2566 1907/1907 1905/1905
f 2796/2796 2799/2799 2569/2569
f 2796/2796 2569/2569 2566/2566
f 2567/2567 2570/2570 1893/1893
f 2567/2567 1893/1893 1891/1891
f 2797/2797 2800/2800 2570/2570
f 2797/2797 2570/2570 2567/2567
f 2568/2568 2571/2571 1923/1923
f 2568/2568 1923/1923 1921/1921
f 2798/2798 2801/2801 2571/2571
f 2798/2798 2571/2571 2568/2568
f 2569/2569 2782/2782 1909/1909
f 2569/2569 1909/1909 1907/1907
f 2799/2799 2552/2552 2782/2782
f 2799/2799 2782/2782 2569/2569
f 2570/2570 2784/2784 1895/1895
f 2570/2570 1895/1895 1893/1893
f 2800/2800 2554/2554 2784/2784
f 2800/2800 2784/2784 2570/2570
f 2571/2571 2786/2786 1925/1925
f 2571/2571 1925/1925 1923/1923
f 1929/1929 2636/2636 2635/2635
f 1929/1929 2635/2635 1930/1930
f 1795/1795 2580/2580 2576/2576
f 1795/1795 2576/2576 1788/1788
f 2574/2574 2579/2579 1795/1795
f 2574/2574 1795/1795 1788/1788
f 1991/1991 2578/2578 2572/2572
f 1991/1991 2572/2572 1993/1993
f 2576/2576 2580/2580 1796/1796
f 2576/2576 1796/1796 1790/1790
f 1795/1795 1800/1800 2583/2583
f 1795/1795 2583/2583 2580/2580
f 2572/2572 2578/2578 1794/1794
f 2572/2572 1794/1794 1786/1786
f 1991/1991 1996/1996 2581/2581
f 1991/1991 2581/2581 2578/2578
f 2580/2580 2583/2583 1801/1801
f 2580/2580 1801/1801 1796/1796
f 1790/1790 1796/1796 2697/2697
f 1790/1790 2697/2697 2695/2695
f 2578/2578 2581/2581 1799/1799
f 2578/2578 1799/1799 1794/1794
f 1799/1799 2582/2582 2579/2579
f 1799/1799 2579/2579 1794/1794
f 2695/2695 2697/2697 1949/1949
f 2695/2695 1949/1949 1951/1951
f 1800/1800 1805/1805 2586/2586
f 1800/1800 2586/2586 2583/2583
f 2579/2579 2582/2582 1800/1800
f 2579/2579 1800/1800 1795/1795
f 1996/1996 1998/1998 2584/2584
f 1996/1996 2584/2584 2581/2581
f 2583/2583 2586/2586 1806/1806
f 2583/2583 1806/1806 1801/1801
f 1801/1801 2698/2698 2697/2697
f 1801/1801 2697/2697 1796/1796
f 2581/2581 2584/2584 1804/1804
f 2581/2581 1804/1804 1799/1799
f 1804/1804 2585/2585 2582/2582
f 1804/1804 2582/2582 1799/1799
f 2697/2697 2698/2698 1954/1954
f 2697/2697 1954/1954 1949/1949
f 1806/1806 2699/2699 2698/2698
f 1806/1806 2698/2698 1801/1801
f 2582/2582 2585/2585 1805/1805
f 2582/2582 1805/1805 1800/1800
f 1804/1804 1809/1809 2588/2588
f 1804/1804 2588/2588 2585/2585
f 2698/2698 2699/2699 1956/1956
f 2698/2698 1956/1956 1954/1954
f 1810/1810 2589/2589 2586/2586
f 1810/1810 2586/2586 1805/1805
f 2585/2585 2588/2588 1810/1810
f 2585/2585 1810/1810 1805/1805
f 2000/2000 2587/2587 2584/2584
f 2000/2000 2584/2584 1998/1998
f 2586/2586 2589/2589 1811/1811
f 2586/2586 1811/1811 1806/1806
f 1809/1809 1814/1814 2591/2591
f 1809/1809 2591/2591 2588/2588
f 2584/2584 2587/2587 1809/1809
f 2584/2584 1809/1809 1804/1804
f 1815/1815 2592/2592 2589/2589
f 1815/1815 2589/2589 1810/1810
f 2588/2588 2591/2591 1815/1815
f 2588/2588 1815/1815 1810/1810
f 2002/2002 2590/2590 2587/2587
f 2002/2002 2587/2587 2000/2000
f 2589/2589 2592/2592 1816/1816
f 2589/2589 1816/1816 1811/1811
f 1806/1806 1811/1811 2700/2700
f 1806/1806 2700/2700 2699/2699
f 2587/2587 2590/2590 1814/1814
f 2587/2587 1814/1814 1809/1809
f 1815/1815 1820/1820 2595/2595
f 1815/1815 2595/2595 2592/2592
f 2699/2699 2700/2700 1958/1958
f 2699/2699 1958/1958 1956/1956
f 2002/2002 2004/2004 2593/2593
f 2002/2002 2593/2593 2590/2590
f 2592/2592 2595/2595 1821/1821
f 2592/2592 1821/1821 1816/1816
f 1816/1816 2701/2701 2700/2700
f 1816/1816 2700/2700 1811/1811
f 2590/2590 2593/2593 1819/1819
f 2590/2590 1819/1819 1814/1814
f 1819/1819 2594/2594 2591/2591
f 1819/1819 2591/2591 1814/1814
f 2700/2700 2701/2701 1960/1960
f 2700/2700 1960/1960 1958/1958
f 2004/2004 2006/2006 2596/2596
f 2004/2004 2596/2596 2593/2593
f 2591/2591 2594/2594 1820/1820
f 2591/2591 1820/1820 1815/1815
f 1821/1821 2702/2702 2701/2701
f 1821/1821 2701/2701 1816/1816
f 2593/2593 2596/2596 1824/1824
f 2593/2593 1824/1824 1819/1819
f 1824/1824 2597/2597 2594/2594
f 1824/1824 2594/2594 1819/1819
f 2701/2701 2702/2702 1962/1962
f 2701/2701 1962/1962 1960/1960
f 1825/1825 2598/2598 2595/2595
f 1825/1825 2595/2595 1820/1820
f 2594/2594 2597/2597 1825/1825
f 2594/2594 1825/1825 1820/1820
f 1821/1821 1826/1826 2703/2703
f 1821/1821 2703/2703 2702/2702
f 2595/2595 2598/2598 1826/1826
f 2595/2595 1826/1826 1821/1821
f 1824/1824 1829/1829 2600/2600
f 1824/1824 2600/2600 2597/2597
f 2702/2702 2703/2703 1964/1964
f 2702/2702 1964/1964 1962/1962
f 1830/1830 2601/2601 2598/2598
f 1830/1830 2598/2598 1825/1825
f 2597/2597 2600/2600 1830/1830
f 2597/2597 1830/1830 1825/1825
f 2008/2008 2599/2599 2596/2596
f 2008/2008 2596/2596 2006/2006
f 2598/2598 2601/2601 1831/1831
f 2598/2598 1831/1831 1826/1826
f 1830/1830 1835/1835 2604/2604
f 1830/1830 2604/2604 2601/2601
f 2596/2596 2599/2599 1829/1829
f 2596/2596 1829/1829 1824/1824
f 2010/2010 2602/2602 2599/2599
f 2010/2010 2599/2599 2008/2008
f 2601/2601 2604/2604 1836/1836
f 2601/2601 1836/1836 1831/1831
f 1826/1826 1831/1831 2704/2704
f 1826/1826 2704/2704 2703/2703
f 2599/2599 2602/2602 1834/1834
f 2599/2599 1834/1834 1829/1829
f 1834/1834 2603/2603 2600/2600
f 1834/1834 2600/2600 1829/1829
f 2703/2703 2704/2704 1966/1966
f 2703/2703 1966/1966 1964/1964
f 1835/1835 1840/1840 2607/2607
f 1835/1835 2607/2607 2604/2604
f 2600/2600 2603/2603 1835/1835
f 2600/2600 1835/1835 1830/1830
f 2010/2010 2012/2012 2605/2605
f 2010/2010 2605/2605 2602/2602
f 2604/2604 2607/2607 1841/1841
f 2604/2604 1841/1841 1836/1836
f 1836/1836 2705/2705 2704/2704
f 1836/1836 2704/2704 1831/1831
f 2602/2602 2605/2605 1839/1839
f 2602/2602 1839/1839 1834/1834
f 1839/1839 2606/2606 2603/2603
f 1839/1839 2603/2603 1834/1834
f 2704/2704 2705/2705 1968/1968
f 2704/2704 1968/1968 1966/1966
f 1841/1841 2706/2706 2705/2705
f 1841/1841 2705/2705 1836/1836
f 2603/2603 2606/2606 1840/1840
f 2603/2603 1840/1840 1835/1835
f 1839/1839 1844/1844 2609/2609
f 1839/1839 2609/2609 2606/2606
f 2705/2705 2706/2706 1970/1970
f 2705/2705 1970/1970 1968/1968
f 1845/1845 2610/2610 2607/2607
f 1845/1845 2607/2607 1840/1840
f 2606/2606 2609/2609 1845/1845
f 2606/2606 1845/1845 1840/1840
f 2014/2014 2608/2608 2605/2605
f 2014/2014 2605/2605 2012/2012
f 2607/2607 2610/2610 1846/1846
f 2607/2607 1846/1846 1841/1841
f 1841/1841 1846/1846 2707/2707
f 1841/1841 2707/2707 2706/2706
f 2605/2605 2608/2608 1844/1844
f 2605/2605 1844/1844 1839/1839
f 1844/1844 1849/1849 2612/2612
f 1844/1844 2612/2612 2609/2609
f 2706/2706 2707/2707 1972/1972
f 2706/2706 1972/1972 1970/1970
f 1850/1850 2613/2613 2610/2610
f 1850/1850 2610/2610 1845/1845
f 2609/2609 2612/2612 1850/1850
f 2609/2609 1850/1850 1845/1845
f 2016/2016 2611/2611 2608/2608
f 2016/2016 2608/2608 2014/2014
f 2610/2610 2613/2613 1851/1851
f 2610/2610 1851/1851 1846/1846
f 1850/1850 1855/1855 2616/2616
f 1850/1850 2616/2616 2613/2613
f 2608/2608 2611/2611 1849/1849
f 2608/2608 1849/1849 1844/1844
f 2016/2016 2018/2018 2614/2614
f 2016/2016 2614/2614 2611/2611
f 2613/2613 2616/2616 1856/1856
f 2613/2613 1856/1856 1851/1851
f 1846/1846 1851/1851 2708/2708
f 1846/1846 2708/2708 2707/2707
f 2611/2611 2614/2614 1854/1854
f 2611/2611 1854/1854 1849/1849
f 1854/1854 2615/2615 2612/2612
f 1854/1854 2612/2612 1849/1849
f 2707/2707 2708/2708 1974/1974
f 2707/2707 1974/1974 1972/1972
f 1855/1855 1860/1860 2619/2619
f 1855/1855 2619/2619 2616/2616
f 2612/2612 2615/2615 1855/1855
f 2612/2612 1855/1855 1850/1850
f 2018/2018 2020/2020 2617/2617
f 2018/2018 2617/2617 2614/2614
f 2616/2616 2619/2619 1861/1861
f 2616/2616 1861/1861 1856/1856
f 1856/1856 2709/2709 2708/2708
f 1856/1856 2708/2708 1851/1851
f 2614/2614 2617/2617 1859/1859
f 2614/2614 1859/1859 1854/1854
f 1859/1859 2618/2618 2615/2615
f 1859/1859 2615/2615 1854/1854
f 2708/2708 2709/2709 1976/1976
f 2708/2708 1976/1976 1974/1974
f 1861/1861 2710/2710 2709/2709
f 1861/1861 2709/2709 1856/1856
f 2615/2615 2618/2618 1860/1860
f 2615/2615 1860/1860 1855/1855
f 1859/1859 1864/1864 2621/2621
f 1859/1859 2621/2621 2618/2618
f 2709/2709 2710/2710 1978/1978
f 2709/2709 1978/1978 1976/1976
f 1865/1865 2622/2622 2619/2619
f 1865/1865 2619/2619 1860/1860
f 2618/2618 2621/2621 1865/1865
f 2618/2618 1865/1865 1860/1860
f 2022/2022 2620/2620 2617/2617
f 2022/2022 2617/2617 2020/2020
f 2619/2619 2622/2622 1866/1866
f 2619/2619 1866/1866 1861/1861
f 1864/1864 1869/1869 2624/2624
f 1864/1864 2624/2624 2621/2621
f 2617/2617 2620/2620 1864/1864
f 2617/2617 1864/1864 1859/1859
f 1870/1870 2625/2625 2622/2622
f 1870/1870 2622/2622 1865/1865
f 2621/2621 2624/2624 1870/1870
f 2621/2621 1870/1870 1865/1865
f 2024/2024 2623/2623 2620/2620
f 2024/2024 2620/2620 2022/2022
f 2622/2622 2625/2625 1871/1871
f 2622/2622 1871/1871 1866/1866
f 1861/1861 1866/1866 2711/2711
f 1861/1861 2711/2711 2710/2710
f 2620/2620 2623/2623 1869/1869
f 2620/2620 1869/1869 1864/1864
f 1870/1870 1875/1875 2628/2628
f 1870/1870 2628/2628 2625/2625
f 2710/2710 2711/2711 1980/1980
f 2710/2710 1980/1980 1978/1978
f 2024/2024 2026/2026 2626/2626
f 2024/2024 2626/2626 2623/2623
f 2625/2625 2628/2628 1876/1876
f 2625/2625 1876/1876 1871/1871
f 1871/1871 2712/2712 2711/2711
f 1871/1871 2711/2711 1866/1866
f 2623/2623 2626/2626 1874/1874
f 2623/2623 1874/1874 1869/1869
f 1874/1874 2627/2627 2624/2624
f 1874/1874 2624/2624 1869/1869
f 2711/2711 2712/2712 1982/1982
f 2711/2711 1982/1982 1980/1980
f 2026/2026 2028/2028 2629/2629
f 2026/2026 2629/2629 2626/2626
f 2624/2624 2627/2627 1875/1875
f 2624/2624 1875/1875 1870/1870
f 1876/1876 2713/2713 2712/2712
f 1876/1876 2712/2712 1871/1871
f 2626/2626 2629/2629 1879/1879
f 2626/2626 1879/1879 1874/1874
f 1879/1879 2630/2630 2627/2627
f 1879/1879 2627/2627 1874/1874
f 2712/2712 2713/2713 1984/1984
f 2712/2712 1984/1984 1982/1982
f 1880/1880 2631/2631 2628/2628
f 1880/1880 2628/2628 1875/1875
f 2627/2627 2630/2630 1880/1880
f 2627/2627 1880/1880 1875/1875
f 1876/1876 1881/1881 2714/2714
f 1876/1876 2714/2714 2713/2713
f 2628/2628 2631/2631 1881/1881
f 2628/2628 1881/1881 1876/1876
f 1879/1879 1884/1884 2633/2633
f 1879/1879 2633/2633 2630/2630
f 2713/2713 2714/2714 1986/1986
f 2713/2713 1986/1986 1984/1984
f 1885/1885 2634/2634 2631/2631
f 1885/1885 2631/2631 1880/1880
f 2630/2630 2633/2633 1885/1885
f 2630/2630 1885/1885 1880/1880
f 2030/2030 2632/2632 2629/2629
f 2030/2030 2629/2629 2028/2028
f 2631/2631 2634/2634 1886/1886
f 2631/2631 1886/1886 1881/1881
f 1885/1885 1789/1789 2577/2577
f 1885/1885 2577/2577 2634/2634
f 2629/2629 2632/2632 1884/1884
f 2629/2629 1884/1884 1879/1879
f 1994/1994 2573/2573 2632/2632
f 1994/1994 2632/2632 2030/2030
f 2634/2634 2577/2577 1791/1791
f 2634/2634 1791/1791 1886/1886
f 2632/2632 2573/2573 1787/1787
f 2632/2632 1787/1787 1884/1884
f 2737/2737 1868/1868 1863/1863
f 2736/2736 1822/1822 1827/1827
f 1881/1881 1886/1886 2715/2715
f 1881/1881 2715/2715 2714/2714
f 1787/1787 2575/2575 2633/2633
f 1787/1787 2633/2633 1884/1884
f 2714/2714 2715/2715 1988/1988
f 2714/2714 1988/1988 1986/1986
f 2633/2633 2575/2575 1789/1789
f 2633/2633 1789/1789 1885/1885
f 2635/2635 2636/2636 1890/1890
f 2635/2635 1890/1890 1892/1892
f 1930/1930 2635/2635 2637/2637
f 1930/1930 2637/2637 1931/1931
f 2637/2637 2635/2635 1892/1892
f 2637/2637 1892/1892 1894/1894
f 1931/1931 2637/2637 2638/2638
f 1931/1931 2638/2638 1932/1932
f 2638/2638 2637/2637 1894/1894
f 2638/2638 1894/1894 1896/1896
f 1932/1932 2638/2638 2639/2639
f 1932/1932 2639/2639 1933/1933
f 2639/2639 2638/2638 1896/1896
f 2639/2639 1896/1896 1898/1898
f 1933/1933 2639/2639 2640/2640
f 1933/1933 2640/2640 1934/1934
f 2640/2640 2639/2639 1898/1898
f 2640/2640 1898/1898 1900/1900
f 1934/1934 2640/2640 2641/2641
f 1934/1934 2641/2641 1935/1935
f 2641/2641 2640/2640 1900/1900
f 2641/2641 1900/1900 1902/1902
f 1935/1935 2641/2641 2642/2642
f 1935/1935 2642/2642 1936/1936
f 2642/2642 2641/2641 1902/1902
f 2642/2642 1902/1902 1904/1904
f 1936/1936 2642/2642 2643/2643
f 1936/1936 2643/2643 1937/1937
f 2643/2643 2642/2642 1904/1904
f 2643/2643 1904/1904 1906/1906
f 1937/1937 2643/2643 2644/2644
f 1937/1937 2644/2644 1938/1938
f 2644/2644 2643/2643 1906/1906
f 2644/2644 1906/1906 1908/1908
f 1938/1938 2644/2644 2645/2645
f 1938/1938 2645/2645 1939/1939
f 2645/2645 2644/2644 1908/1908
f 2645/2645 1908/1908 1910/1910
f 1939/1939 2645/2645 2646/2646
f 1939/1939 2646/2646 1940/1940
f 2646/2646 2645/2645 1910/1910
f 2646/2646 1910/1910 1912/1912
f 1940/1940 2646/2646 2647/2647
f 1940/1940 2647/2647 1941/1941
f 2647/2647 2646/2646 1912/1912
f 2647/2647 1912/1912 1914/1914
f 1941/1941 2647/2647 2648/2648
f 1941/1941 2648/2648 1942/1942
f 2648/2648 2647/2647 1914/1914
f 2648/2648 1914/1914 1916/1916
f 1942/1942 2648/2648 2649/2649
f 1942/1942 2649/2649 1943/1943
f 2649/2649 2648/2648 1916/1916
f 2649/2649 1916/1916 1918/1918
f 1943/1943 2649/2649 2650/2650
f 1943/1943 2650/2650 1944/1944
f 2650/2650 2649/2649 1918/1918
f 2650/2650 1918/1918 1920/1920
f 1944/1944 2650/2650 2651/2651
f 1944/1944 2651/2651 1945/1945
f 2651/2651 2650/2650 1920/1920
f 2651/2651 1920/1920 1922/1922
f 1945/1945 2651/2651 2652/2652
f 1945/1945 2652/2652 1946/1946
f 2652/2652 2651/2651 1922/1922
f 2652/2652 1922/1922 1924/1924
f 1946/1946 2652/2652 2653/2653
f 1946/1946 2653/2653 1947/1947
f 2653/2653 2652/2652 1924/1924
f 2653/2653 1924/1924 1926/1926
f 1947/1947 2653/2653 2654/2654
f 1947/1947 2654/2654 1948/1948
f 2654/2654 2653/2653 1926/1926
f 2654/2654 1926/1926 1928/1928
f 1948/1948 2654/2654 2636/2636
f 1948/1948 2636/2636 1929/1929
f 2636/2636 2654/2654 1928/1928
f 2636/2636 1928/1928 1890/1890
f 1931/1931 3011/3011 1930/1930
f 1932/1932 3011/3011 1931/1931
f 1933/1933 3011/3011 1932/1932
f 1934/1934 3011/3011 1933/1933
f 1935/1935 3011/3011 1934/1934
f 1936/1936 3011/3011 1935/1935
f 1936/1936 1937/1937 3011/3011
f 3011/3011 1937/1937 1938/1938
f 3011/3011 1938/1938 1939/1939
f 3011/3011 1939/1939 1940/1940
f 1941/1941 3011/3011 1940/1940
f 3011/3011 1941/1941 1942/1942
f 3011/3011 1942/1942 1943/1943
f 3011/3011 1943/1943 1944/1944
f 3011/3011 1944/1944 1945/1945
f 1946/1946 3011/3011 1945/1945
f 1947/1947 3011/3011 1946/1946
f 1948/1948 3011/3011 1947/1947
f 1929/1929 3011/3011 1948/1948
f 1930/1930 3011/3011 1929/1929
f 2801/2801 2556/2556 2786/2786
f 2801/2801 2786/2786 2571/2571
f 2904/2904 2903/2903 2090/2090
f 2904/2904 2090/2090 2091/2091
f 2655/2655 2658/2658 1953/1953
f 2655/2655 1953/1953 1950/1950
f 2659/2659 2655/2655 1950/1950
f 2659/2659 1950/1950 1955/1955
f 2661/2661 2659/2659 1955/1955
f 2661/2661 1955/1955 1957/1957
f 2663/2663 2661/2661 1957/1957
f 2663/2663 1957/1957 1959/1959
f 2665/2665 2663/2663 1959/1959
f 2665/2665 1959/1959 1961/1961
f 2667/2667 2665/2665 1961/1961
f 2667/2667 1961/1961 1963/1963
f 2670/2670 2667/2667 1963/1963
f 2670/2670 1963/1963 1965/1965
f 2671/2671 2670/2670 1965/1965
f 2671/2671 1965/1965 1967/1967
f 2673/2673 2671/2671 1967/1967
f 2673/2673 1967/1967 1969/1969
f 2675/2675 2673/2673 1969/1969
f 2675/2675 1969/1969 1971/1971
f 2678/2678 2675/2675 1971/1971
f 2678/2678 1971/1971 1973/1973
f 2680/2680 2678/2678 1973/1973
f 2680/2680 1973/1973 1975/1975
f 2681/2681 2680/2680 1975/1975
f 2681/2681 1975/1975 1977/1977
f 2683/2683 2681/2681 1977/1977
f 2683/2683 1977/1977 1979/1979
f 2686/2686 2683/2683 1979/1979
f 2686/2686 1979/1979 1981/1981
f 2688/2688 2686/2686 1981/1981
f 2688/2688 1981/1981 1983/1983
f 2689/2689 2688/2688 1983/1983
f 2689/2689 1983/1983 1985/1985
f 2691/2691 2689/2689 1985/1985
f 2691/2691 1985/1985 1987/1987
f 2694/2694 2691/2691 1987/1987
f 2694/2694 1987/1987 1989/1989
f 1792/1792 2657/2657 2656/2656
f 1792/1792 2656/2656 1797/1797
f 2658/2658 2694/2694 1989/1989
f 2658/2658 1989/1989 1953/1953
f 2656/2656 2660/2660 1802/1802
f 2656/2656 1802/1802 1797/1797
f 2660/2660 2662/2662 1807/1807
f 2660/2660 1807/1807 1802/1802
f 2662/2662 2664/2664 1812/1812
f 2662/2662 1812/1812 1807/1807
f 2664/2664 2666/2666 1817/1817
f 2664/2664 1817/1817 1812/1812
f 2666/2666 2668/2668 1822/1822
f 2666/2666 1822/1822 1817/1817
f 2668/2668 2669/2669 1827/1827
f 2668/2668 1827/1827 1822/1822
f 2669/2669 2672/2672 1832/1832
f 2669/2669 1832/1832 1827/1827
f 2672/2672 2674/2674 1837/1837
f 2672/2672 1837/1837 1832/1832
f 2674/2674 2676/2676 1842/1842
f 2674/2674 1842/1842 1837/1837
f 2676/2676 2677/2677 1847/1847
f 2676/2676 1847/1847 1842/1842
f 2677/2677 2679/2679 1852/1852
f 2677/2677 1852/1852 1847/1847
f 2679/2679 2682/2682 1857/1857
f 2679/2679 1857/1857 1852/1852
f 2682/2682 2684/2684 1862/1862
f 2682/2682 1862/1862 1857/1857
f 2684/2684 2685/2685 1867/1867
f 2684/2684 1867/1867 1862/1862
f 2685/2685 2687/2687 1872/1872
f 2685/2685 1872/1872 1867/1867
f 2687/2687 2690/2690 1877/1877
f 2687/2687 1877/1877 1872/1872
f 2690/2690 2692/2692 1882/1882
f 2690/2690 1882/1882 1877/1877
f 2692/2692 2693/2693 1887/1887
f 2692/2692 1887/1887 1882/1882
f 2693/2693 2657/2657 1792/1792
f 2693/2693 1792/1792 1887/1887
f 1791/1791 2696/2696 2715/2715
f 1791/1791 2715/2715 1886/1886
f 2032/2032 2717/2717 2716/2716
f 2032/2032 2716/2716 2034/2034
f 2715/2715 2696/2696 1952/1952
f 2715/2715 1952/1952 1988/1988
f 2716/2716 2717/2717 1990/1990
f 2716/2716 1990/1990 1992/1992
f 2032/2032 2036/2036 2718/2718
f 2032/2032 2718/2718 2717/2717
f 2717/2717 2718/2718 1995/1995
f 2717/2717 1995/1995 1990/1990
f 2036/2036 2038/2038 2719/2719
f 2036/2036 2719/2719 2718/2718
f 2718/2718 2719/2719 1997/1997
f 2718/2718 1997/1997 1995/1995
f 2040/2040 2720/2720 2719/2719
f 2040/2040 2719/2719 2038/2038
f 2719/2719 2720/2720 1999/1999
f 2719/2719 1999/1999 1997/1997
f 2042/2042 2721/2721 2720/2720
f 2042/2042 2720/2720 2040/2040
f 2720/2720 2721/2721 2001/2001
f 2720/2720 2001/2001 1999/1999
f 2042/2042 2044/2044 2722/2722
f 2042/2042 2722/2722 2721/2721
f 2721/2721 2722/2722 2003/2003
f 2721/2721 2003/2003 2001/2001
f 2044/2044 2046/2046 2723/2723
f 2044/2044 2723/2723 2722/2722
f 2722/2722 2723/2723 2005/2005
f 2722/2722 2005/2005 2003/2003
f 2047/2047 2724/2724 2723/2723
f 2047/2047 2723/2723 2046/2046
f 2723/2723 2724/2724 2007/2007
f 2723/2723 2007/2007 2005/2005
f 2049/2049 2725/2725 2724/2724
f 2049/2049 2724/2724 2047/2047
f 2724/2724 2725/2725 2009/2009
f 2724/2724 2009/2009 2007/2007
f 2049/2049 2051/2051 2726/2726
f 2049/2049 2726/2726 2725/2725
f 2725/2725 2726/2726 2011/2011
f 2725/2725 2011/2011 2009/2009
f 2053/2053 2727/2727 2726/2726
f 2053/2053 2726/2726 2051/2051
f 2726/2726 2727/2727 2013/2013
f 2726/2726 2013/2013 2011/2011
f 2055/2055 2728/2728 2727/2727
f 2055/2055 2727/2727 2053/2053
f 2727/2727 2728/2728 2015/2015
f 2727/2727 2015/2015 2013/2013
f 2055/2055 2057/2057 2729/2729
f 2055/2055 2729/2729 2728/2728
f 2728/2728 2729/2729 2017/2017
f 2728/2728 2017/2017 2015/2015
f 2057/2057 2059/2059 2730/2730
f 2057/2057 2730/2730 2729/2729
f 2729/2729 2730/2730 2019/2019
f 2729/2729 2019/2019 2017/2017
f 2061/2061 2731/2731 2730/2730
f 2061/2061 2730/2730 2059/2059
f 2730/2730 2731/2731 2021/2021
f 2730/2730 2021/2021 2019/2019
f 2063/2063 2732/2732 2731/2731
f 2063/2063 2731/2731 2061/2061
f 2731/2731 2732/2732 2023/2023
f 2731/2731 2023/2023 2021/2021
f 2063/2063 2065/2065 2733/2733
f 2063/2063 2733/2733 2732/2732
f 2732/2732 2733/2733 2025/2025
f 2732/2732 2025/2025 2023/2023
f 2065/2065 2068/2068 2734/2734
f 2065/2065 2734/2734 2733/2733
f 2733/2733 2734/2734 2027/2027
f 2733/2733 2027/2027 2025/2025
f 2070/2070 2735/2735 2734/2734
f 2070/2070 2734/2734 2068/2068
f 2734/2734 2735/2735 2029/2029
f 2734/2734 2029/2029 2027/2027
f 2034/2034 2716/2716 2735/2735
f 2034/2034 2735/2735 2070/2070
f 2735/2735 2716/2716 1992/1992
f 2735/2735 1992/1992 2029/2029
f 1798/1798 2035/2035 2031/2031
f 1798/1798 2031/2031 1793/1793
f 2736/2736 1847/1847 1852/1852
f 1803/1803 2037/2037 2035/2035
f 1803/1803 2035/2035 1798/1798
f 2736/2736 1872/1872 1877/1877
f 1808/1808 2039/2039 2037/2037
f 1808/1808 2037/2037 1803/1803
f 1808/1808 2737/2737 1813/1813
f 1813/1813 2041/2041 2039/2039
f 1813/1813 2039/2039 1808/1808
f 1803/1803 2737/2737 1808/1808
f 1818/1818 2043/2043 2041/2041
f 1818/1818 2041/2041 1813/1813
f 1798/1798 2737/2737 1803/1803
f 1823/1823 2045/2045 2043/2043
f 1823/1823 2043/2043 1818/1818
f 1793/1793 2737/2737 1798/1798
f 1828/1828 2048/2048 2045/2045
f 1828/1828 2045/2045 1823/1823
f 1793/1793 1785/1785 2737/2737
f 1833/1833 2050/2050 2048/2048
f 1833/1833 2048/2048 1828/1828
f 1785/1785 1883/1883 2737/2737
f 1838/1838 2052/2052 2050/2050
f 1838/1838 2050/2050 1833/1833
f 1883/1883 1878/1878 2737/2737
f 1843/1843 2054/2054 2052/2052
f 1843/1843 2052/2052 1838/1838
f 2737/2737 1878/1878 1873/1873
f 1848/1848 2056/2056 2054/2054
f 1848/1848 2054/2054 1843/1843
f 1858/1858 2737/2737 1863/1863
f 1853/1853 2058/2058 2056/2056
f 1853/1853 2056/2056 1848/1848
f 1853/1853 2737/2737 1858/1858
f 1858/1858 2060/2060 2058/2058
f 1858/1858 2058/2058 1853/1853
f 1847/1847 2736/2736 1842/1842
f 1848/1848 2737/2737 1853/1853
f 2736/2736 1837/1837 1842/1842
f 1863/1863 2062/2062 2060/2060
f 1863/1863 2060/2060 1858/1858
f 2736/2736 1832/1832 1837/1837
f 1843/1843 2737/2737 1848/1848
f 2736/2736 1827/1827 1832/1832
f 1868/1868 2064/2064 2062/2062
f 1868/1868 2062/2062 1863/1863
f 1812/1812 1817/1817 2736/2736
f 1833/1833 2737/2737 1838/1838
f 1807/1807 1812/1812 2736/2736
f 1873/1873 2066/2066 2064/2064
f 1873/1873 2064/2064 1868/1868
f 1802/1802 1807/1807 2736/2736
f 1828/1828 2737/2737 1833/1833
f 1797/1797 1802/1802 2736/2736
f 1878/1878 2067/2067 2066/2066
f 1878/1878 2066/2066 1873/1873
f 1797/1797 2736/2736 1792/1792
f 1823/1823 2737/2737 1828/1828
f 2736/2736 1887/1887 1792/1792
f 1883/1883 2069/2069 2067/2067
f 1883/1883 2067/2067 1878/1878
f 2736/2736 1882/1882 1887/1887
f 1818/1818 2737/2737 1823/1823
f 2736/2736 1877/1877 1882/1882
f 2033/2033 2069/2069 1883/1883
f 2033/2033 1883/1883 1785/1785
f 1872/1872 2736/2736 1867/1867
f 2737/2737 1873/1873 1868/1868
f 2736/2736 1862/1862 1867/1867
f 2737/2737 1818/1818 1813/1813
f 2736/2736 1857/1857 1862/1862
f 2737/2737 1843/1843 1838/1838
f 2736/2736 1852/1852 1857/1857
f 1793/1793 2031/2031 2033/2033
f 1793/1793 2033/2033 1785/1785
f 1817/1817 1822/1822 2736/2736
f 2903/2903 2902/2902 2089/2089
f 2903/2903 2089/2089 2090/2090
f 2072/2072 2947/2947 2904/2904
f 2072/2072 2904/2904 2091/2091
f 2902/2902 2901/2901 2088/2088
f 2902/2902 2088/2088 2089/2089
f 2901/2901 2900/2900 2087/2087
f 2901/2901 2087/2087 2088/2088
f 2900/2900 2899/2899 2086/2086
f 2900/2900 2086/2086 2087/2087
f 2899/2899 2898/2898 2085/2085
f 2899/2899 2085/2085 2086/2086
f 2898/2898 2897/2897 2084/2084
f 2898/2898 2084/2084 2085/2085
f 2897/2897 2896/2896 2083/2083
f 2897/2897 2083/2083 2084/2084
f 2896/2896 2895/2895 2082/2082
f 2896/2896 2082/2082 2083/2083
f 2895/2895 2894/2894 2081/2081
f 2895/2895 2081/2081 2082/2082
f 2894/2894 2893/2893 2080/2080
f 2894/2894 2080/2080 2081/2081
f 2893/2893 2892/2892 2079/2079
f 2893/2893 2079/2079 2080/2080
f 2892/2892 2891/2891 2078/2078
f 2892/2892 2078/2078 2079/2079
f 2891/2891 2890/2890 2077/2077
f 2891/2891 2077/2077 2078/2078
f 2890/2890 2889/2889 2076/2076
f 2890/2890 2076/2076 2077/2077
f 2889/2889 2888/2888 2075/2075
f 2889/2889 2075/2075 2076/2076
f 2888/2888 2887/2887 2074/2074
f 2888/2888 2074/2074 2075/2075
f 2887/2887 2886/2886 2073/2073
f 2887/2887 2073/2073 2074/2074
f 2886/2886 2948/2948 2071/2071
f 2886/2886 2071/2071 2073/2073
f 1670/1670 2093/2093 2096/2096
f 1670/1670 2096/2096 1666/1666
f 1674/1674 2098/2098 2093/2093
f 1674/1674 2093/2093 1670/1670
f 1678/1678 2100/2100 2098/2098
f 1678/1678 2098/2098 1674/1674
f 1682/1682 2102/2102 2100/2100
f 1682/1682 2100/2100 1678/1678
f 1675/1675 2757/2757 1679/1679
f 1686/1686 2104/2104 2102/2102
f 1686/1686 2102/2102 1682/1682
f 2757/2757 1683/1683 1679/1679
f 1690/1690 2106/2106 2104/2104
f 1690/1690 2104/2104 1686/1686
f 1687/1687 2757/2757 1691/1691
f 1694/1694 2108/2108 2106/2106
f 1694/1694 2106/2106 1690/1690
f 2757/2757 1687/1687 1683/1683
f 1698/1698 2110/2110 2108/2108
f 1698/1698 2108/2108 1694/1694
f 1675/1675 1671/1671 2757/2757
f 1702/1702 2112/2112 2110/2110
f 1702/1702 2110/2110 1698/1698
f 1671/1671 1667/1667 2757/2757
f 1706/1706 2114/2114 2112/2112
f 1706/1706 2112/2112 1702/1702
f 1667/1667 1743/1743 2757/2757
f 1710/1710 2116/2116 2114/2114
f 1710/1710 2114/2114 1706/1706
f 1743/1743 1739/1739 2757/2757
f 1714/1714 2118/2118 2116/2116
f 1714/1714 2116/2116 1710/1710
f 1723/1723 2757/2757 1727/1727
f 1718/1718 2120/2120 2118/2118
f 1718/1718 2118/2118 1714/1714
f 2757/2757 1731/1731 1727/1727
f 1722/1722 2122/2122 2120/2120
f 1722/1722 2120/2120 1718/1718
f 1719/1719 2757/2757 1723/1723
f 1726/1726 2124/2124 2122/2122
f 1726/1726 2122/2122 1722/1722
f 1715/1715 2757/2757 1719/1719
f 1730/1730 2126/2126 2124/2124
f 1730/1730 2124/2124 1726/1726
f 1707/1707 2757/2757 1711/1711
f 1734/1734 2128/2128 2126/2126
f 1734/1734 2126/2126 1730/1730
f 1703/1703 2757/2757 1707/1707
f 1738/1738 2130/2130 2128/2128
f 1738/1738 2128/2128 1734/1734
f 1695/1695 2757/2757 1699/1699
f 1742/1742 2132/2132 2130/2130
f 1742/1742 2130/2130 1738/1738
f 2757/2757 1703/1703 1699/1699
f 2096/2096 2132/2132 1742/1742
f 2096/2096 1742/1742 1666/1666
f 2757/2757 1739/1739 1735/1735
f 2757/2757 1695/1695 1691/1691
f 2757/2757 1715/1715 1711/1711
f 2152/2152 2133/2133 2512/2512
f 2152/2152 2512/2512 2779/2779
f 2133/2133 2134/2134 2513/2513
f 2133/2133 2513/2513 2512/2512
f 2779/2779 2512/2512 1748/1748
f 2779/2779 1748/1748 1745/1745
f 2134/2134 2135/2135 2514/2514
f 2134/2134 2514/2514 2513/2513
f 2512/2512 2513/2513 1750/1750
f 2512/2512 1750/1750 1748/1748
f 2135/2135 2136/2136 2515/2515
f 2135/2135 2515/2515 2514/2514
f 2513/2513 2514/2514 1752/1752
f 2513/2513 1752/1752 1750/1750
f 2136/2136 2137/2137 2516/2516
f 2136/2136 2516/2516 2515/2515
f 2514/2514 2515/2515 1754/1754
f 2514/2514 1754/1754 1752/1752
f 2137/2137 2138/2138 2517/2517
f 2137/2137 2517/2517 2516/2516
f 2515/2515 2516/2516 1756/1756
f 2515/2515 1756/1756 1754/1754
f 2138/2138 2139/2139 2518/2518
f 2138/2138 2518/2518 2517/2517
f 2516/2516 2517/2517 1758/1758
f 2516/2516 1758/1758 1756/1756
f 2139/2139 2140/2140 2519/2519
f 2139/2139 2519/2519 2518/2518
f 2517/2517 2518/2518 1760/1760
f 2517/2517 1760/1760 1758/1758
f 2140/2140 2141/2141 2520/2520
f 2140/2140 2520/2520 2519/2519
f 2518/2518 2519/2519 1762/1762
f 2518/2518 1762/1762 1760/1760
f 2141/2141 2142/2142 2521/2521
f 2141/2141 2521/2521 2520/2520
f 2519/2519 2520/2520 1764/1764
f 2519/2519 1764/1764 1762/1762
f 2142/2142 2143/2143 2522/2522
f 2142/2142 2522/2522 2521/2521
f 2520/2520 2521/2521 1766/1766
f 2520/2520 1766/1766 1764/1764
f 2143/2143 2144/2144 2523/2523
f 2143/2143 2523/2523 2522/2522
f 2521/2521 2522/2522 1768/1768
f 2521/2521 1768/1768 1766/1766
f 2144/2144 2145/2145 2524/2524
f 2144/2144 2524/2524 2523/2523
f 2522/2522 2523/2523 1770/1770
f 2522/2522 1770/1770 1768/1768
f 2145/2145 2146/2146 2525/2525
f 2145/2145 2525/2525 2524/2524
f 2523/2523 2524/2524 1772/1772
f 2523/2523 1772/1772 1770/1770
f 2146/2146 2147/2147 2526/2526
f 2146/2146 2526/2526 2525/2525
f 2524/2524 2525/2525 1774/1774
f 2524/2524 1774/1774 1772/1772
f 2147/2147 2148/2148 2527/2527
f 2147/2147 2527/2527 2526/2526
f 2525/2525 2526/2526 1776/1776
f 2525/2525 1776/1776 1774/1774
f 2148/2148 2149/2149 2528/2528
f 2148/2148 2528/2528 2527/2527
f 2526/2526 2527/2527 1778/1778
f 2526/2526 1778/1778 1776/1776
f 2149/2149 2150/2150 2529/2529
f 2149/2149 2529/2529 2528/2528
f 2527/2527 2528/2528 1780/1780
f 2527/2527 1780/1780 1778/1778
f 2150/2150 2151/2151 2530/2530
f 2150/2150 2530/2530 2529/2529
f 2528/2528 2529/2529 1782/1782
f 2528/2528 1782/1782 1780/1780
f 2151/2151 2153/2153 2780/2780
f 2151/2151 2780/2780 2530/2530
f 2529/2529 2530/2530 1784/1784
f 2529/2529 1784/1784 1782/1782
f 1733/1733 1737/1737 2556/2556
f 1733/1733 2556/2556 2801/2801
f 2530/2530 2780/2780 1746/1746
f 2530/2530 1746/1746 1784/1784
f 1673/1673 1677/1677 2554/2554
f 1673/1673 2554/2554 2800/2800
f 1701/1701 1705/1705 2552/2552
f 1701/1701 2552/2552 2799/2799
f 1729/1729 1733/1733 2801/2801
f 1729/1729 2801/2801 2798/2798
f 1669/1669 1673/1673 2800/2800
f 1669/1669 2800/2800 2797/2797
f 1697/1697 1701/1701 2799/2799
f 1697/1697 2799/2799 2796/2796
f 1725/1725 1729/1729 2798/2798
f 1725/1725 2798/2798 2795/2795
f 1664/1664 1669/1669 2797/2797
f 1664/1664 2797/2797 2789/2789
f 1693/1693 1697/1697 2796/2796
f 1693/1693 2796/2796 2794/2794
f 1721/1721 1725/1725 2795/2795
f 1721/1721 2795/2795 2793/2793
f 1689/1689 1693/1693 2794/2794
f 1689/1689 2794/2794 2792/2792
f 1716/1716 1721/1721 2793/2793
f 1716/1716 2793/2793 2791/2791
f 1685/1685 1689/1689 2792/2792
f 1685/1685 2792/2792 2788/2788
f 1712/1712 1716/1716 2791/2791
f 1712/1712 2791/2791 2787/2787
f 1741/1741 1665/1665 2790/2790
f 1741/1741 2790/2790 2785/2785
f 1681/1681 1685/1685 2788/2788
f 1681/1681 2788/2788 2783/2783
f 1709/1709 1712/1712 2787/2787
f 1709/1709 2787/2787 2781/2781
f 1737/1737 1741/1741 2785/2785
f 1737/1737 2785/2785 2556/2556
f 1677/1677 1681/1681 2783/2783
f 1677/1677 2783/2783 2554/2554
f 1705/1705 1709/1709 2781/2781
f 1705/1705 2781/2781 2552/2552
f 2207/2207 2210/2210 2869/2869
f 2207/2207 2869/2869 2758/2758
f 2758/2758 2869/2869 2281/2281
f 2758/2758 2281/2281 2277/2277
f 2158/2158 2161/2161 2806/2806
f 2158/2158 2806/2806 2803/2803
f 2143/2143 2865/2865 2868/2868
f 2143/2143 2868/2868 2144/2144
f 2803/2803 2806/2806 2162/2162
f 2803/2803 2162/2162 2154/2154
f 2868/2868 2865/2865 2260/2260
f 2868/2868 2260/2260 2264/2264
f 2161/2161 2164/2164 2808/2808
f 2161/2161 2808/2808 2806/2806
f 2186/2186 2189/2189 2867/2867
f 2186/2186 2867/2867 2760/2760
f 2806/2806 2808/2808 2165/2165
f 2806/2806 2165/2165 2162/2162
f 2760/2760 2867/2867 2253/2253
f 2760/2760 2253/2253 2249/2249
f 2164/2164 2167/2167 2810/2810
f 2164/2164 2810/2810 2808/2808
f 2165/2165 2168/2168 2866/2866
f 2165/2165 2866/2866 2761/2761
f 2808/2808 2810/2810 2168/2168
f 2808/2808 2168/2168 2165/2165
f 2761/2761 2866/2866 2225/2225
f 2761/2761 2225/2225 2221/2221
f 2167/2167 2170/2170 2812/2812
f 2167/2167 2812/2812 2810/2810
f 2142/2142 2759/2759 2865/2865
f 2142/2142 2865/2865 2143/2143
f 2810/2810 2812/2812 2171/2171
f 2810/2810 2171/2171 2168/2168
f 2865/2865 2759/2759 2256/2256
f 2865/2865 2256/2256 2260/2260
f 2170/2170 2173/2173 2814/2814
f 2170/2170 2814/2814 2812/2812
f 2204/2204 2207/2207 2758/2758
f 2204/2204 2758/2758 2763/2763
f 2812/2812 2814/2814 2174/2174
f 2812/2812 2174/2174 2171/2171
f 2763/2763 2758/2758 2277/2277
f 2763/2763 2277/2277 2273/2273
f 2173/2173 2176/2176 2816/2816
f 2173/2173 2816/2816 2814/2814
f 2141/2141 2762/2762 2759/2759
f 2141/2141 2759/2759 2142/2142
f 2814/2814 2816/2816 2177/2177
f 2814/2814 2177/2177 2174/2174
f 2759/2759 2762/2762 2252/2252
f 2759/2759 2252/2252 2256/2256
f 2176/2176 2179/2179 2818/2818
f 2176/2176 2818/2818 2816/2816
f 2183/2183 2186/2186 2760/2760
f 2183/2183 2760/2760 2765/2765
f 2816/2816 2818/2818 2180/2180
f 2816/2816 2180/2180 2177/2177
f 2765/2765 2760/2760 2249/2249
f 2765/2765 2249/2249 2245/2245
f 2179/2179 2181/2181 2820/2820
f 2179/2179 2820/2820 2818/2818
f 2162/2162 2165/2165 2761/2761
f 2162/2162 2761/2761 2768/2768
f 2818/2818 2820/2820 2183/2183
f 2818/2818 2183/2183 2180/2180
f 2768/2768 2761/2761 2221/2221
f 2768/2768 2221/2221 2217/2217
f 2181/2181 2184/2184 2822/2822
f 2181/2181 2822/2822 2820/2820
f 2140/2140 2764/2764 2762/2762
f 2140/2140 2762/2762 2141/2141
f 2820/2820 2822/2822 2186/2186
f 2820/2820 2186/2186 2183/2183
f 2762/2762 2764/2764 2248/2248
f 2762/2762 2248/2248 2252/2252
f 2184/2184 2187/2187 2824/2824
f 2184/2184 2824/2824 2822/2822
f 2201/2201 2204/2204 2763/2763
f 2201/2201 2763/2763 2773/2773
f 2822/2822 2824/2824 2189/2189
f 2822/2822 2189/2189 2186/2186
f 2773/2773 2763/2763 2273/2273
f 2773/2773 2273/2273 2269/2269
f 2187/2187 2190/2190 2826/2826
f 2187/2187 2826/2826 2824/2824
f 2139/2139 2769/2769 2764/2764
f 2139/2139 2764/2764 2140/2140
f 2824/2824 2826/2826 2192/2192
f 2824/2824 2192/2192 2189/2189
f 2764/2764 2769/2769 2243/2243
f 2764/2764 2243/2243 2248/2248
f 2190/2190 2193/2193 2828/2828
f 2190/2190 2828/2828 2826/2826
f 2180/2180 2183/2183 2765/2765
f 2180/2180 2765/2765 2777/2777
f 2826/2826 2828/2828 2195/2195
f 2826/2826 2195/2195 2192/2192
f 2777/2777 2765/2765 2245/2245
f 2777/2777 2245/2245 2241/2241
f 2193/2193 2196/2196 2830/2830
f 2193/2193 2830/2830 2828/2828
f 2154/2154 2162/2162 2768/2768
f 2154/2154 2768/2768 2766/2766
f 2828/2828 2830/2830 2198/2198
f 2828/2828 2198/2198 2195/2195
f 2766/2766 2768/2768 2217/2217
f 2766/2766 2217/2217 2297/2297
f 2196/2196 2199/2199 2832/2832
f 2196/2196 2832/2832 2830/2830
f 2138/2138 2774/2774 2769/2769
f 2138/2138 2769/2769 2139/2139
f 2830/2830 2832/2832 2201/2201
f 2830/2830 2201/2201 2198/2198
f 2769/2769 2774/2774 2239/2239
f 2769/2769 2239/2239 2243/2243
f 2199/2199 2202/2202 2834/2834
f 2199/2199 2834/2834 2832/2832
f 2151/2151 2778/2778 2771/2771
f 2151/2151 2771/2771 2153/2153
f 2832/2832 2834/2834 2204/2204
f 2832/2832 2204/2204 2201/2201
f 2771/2771 2778/2778 2291/2291
f 2771/2771 2291/2291 2294/2294
f 2202/2202 2205/2205 2836/2836
f 2202/2202 2836/2836 2834/2834
f 2198/2198 2201/2201 2773/2773
f 2198/2198 2773/2773 2772/2772
f 2834/2834 2836/2836 2207/2207
f 2834/2834 2207/2207 2204/2204
f 2772/2772 2773/2773 2269/2269
f 2772/2772 2269/2269 2265/2265
f 2205/2205 2208/2208 2839/2839
f 2205/2205 2839/2839 2836/2836
f 2137/2137 2775/2775 2774/2774
f 2137/2137 2774/2774 2138/2138
f 2836/2836 2839/2839 2210/2210
f 2836/2836 2210/2210 2207/2207
f 2774/2774 2775/2775 2235/2235
f 2774/2774 2235/2235 2239/2239
f 2208/2208 2212/2212 2841/2841
f 2208/2208 2841/2841 2839/2839
f 2177/2177 2180/2180 2777/2777
f 2177/2177 2777/2777 2776/2776
f 2839/2839 2841/2841 2213/2213
f 2839/2839 2213/2213 2210/2210
f 2776/2776 2777/2777 2241/2241
f 2776/2776 2241/2241 2237/2237
f 2212/2212 2215/2215 2843/2843
f 2212/2212 2843/2843 2841/2841
f 2150/2150 2802/2802 2778/2778
f 2150/2150 2778/2778 2151/2151
f 2841/2841 2843/2843 2216/2216
f 2841/2841 2216/2216 2213/2213
f 2778/2778 2802/2802 2287/2287
f 2778/2778 2287/2287 2291/2291
f 2215/2215 2159/2159 2804/2804
f 2215/2215 2804/2804 2843/2843
f 2300/2300 2218/2218 2844/2844
f 2300/2300 2844/2844 2864/2864
f 2843/2843 2804/2804 2155/2155
f 2843/2843 2155/2155 2216/2216
f 2218/2218 2222/2222 2845/2845
f 2218/2218 2845/2845 2844/2844
f 2864/2864 2844/2844 2220/2220
f 2864/2864 2220/2220 2296/2296
f 2222/2222 2226/2226 2846/2846
f 2222/2222 2846/2846 2845/2845
f 2844/2844 2845/2845 2224/2224
f 2844/2844 2224/2224 2220/2220
f 2226/2226 2230/2230 2847/2847
f 2226/2226 2847/2847 2846/2846
f 2845/2845 2846/2846 2228/2228
f 2845/2845 2228/2228 2224/2224
f 2230/2230 2234/2234 2848/2848
f 2230/2230 2848/2848 2847/2847
f 2846/2846 2847/2847 2232/2232
f 2846/2846 2232/2232 2228/2228
f 2234/2234 2238/2238 2849/2849
f 2234/2234 2849/2849 2848/2848
f 2847/2847 2848/2848 2236/2236
f 2847/2847 2236/2236 2232/2232
f 2238/2238 2242/2242 2850/2850
f 2238/2238 2850/2850 2849/2849
f 2848/2848 2849/2849 2240/2240
f 2848/2848 2240/2240 2236/2236
f 2242/2242 2246/2246 2851/2851
f 2242/2242 2851/2851 2850/2850
f 2849/2849 2850/2850 2244/2244
f 2849/2849 2244/2244 2240/2240
f 2246/2246 2250/2250 2852/2852
f 2246/2246 2852/2852 2851/2851
f 2850/2850 2851/2851 2247/2247
f 2850/2850 2247/2247 2244/2244
f 2250/2250 2254/2254 2853/2853
f 2250/2250 2853/2853 2852/2852
f 2851/2851 2852/2852 2251/2251
f 2851/2851 2251/2251 2247/2247
f 2254/2254 2258/2258 2854/2854
f 2254/2254 2854/2854 2853/2853
f 2852/2852 2853/2853 2255/2255
f 2852/2852 2255/2255 2251/2251
f 2258/2258 2262/2262 2855/2855
f 2258/2258 2855/2855 2854/2854
f 2853/2853 2854/2854 2259/2259
f 2853/2853 2259/2259 2255/2255
f 2262/2262 2266/2266 2856/2856
f 2262/2262 2856/2856 2855/2855
f 2854/2854 2855/2855 2263/2263
f 2854/2854 2263/2263 2259/2259
f 2266/2266 2270/2270 2857/2857
f 2266/2266 2857/2857 2856/2856
f 2855/2855 2856/2856 2267/2267
f 2855/2855 2267/2267 2263/2263
f 2270/2270 2274/2274 2858/2858
f 2270/2270 2858/2858 2857/2857
f 2856/2856 2857/2857 2271/2271
f 2856/2856 2271/2271 2267/2267
f 2274/2274 2278/2278 2859/2859
f 2274/2274 2859/2859 2858/2858
f 2857/2857 2858/2858 2275/2275
f 2857/2857 2275/2275 2271/2271
f 2278/2278 2282/2282 2860/2860
f 2278/2278 2860/2860 2859/2859
f 2858/2858 2859/2859 2279/2279
f 2858/2858 2279/2279 2275/2275
f 2282/2282 2286/2286 2861/2861
f 2282/2282 2861/2861 2860/2860
f 2859/2859 2860/2860 2283/2283
f 2859/2859 2283/2283 2279/2279
f 2286/2286 2290/2290 2862/2862
f 2286/2286 2862/2862 2861/2861
f 2860/2860 2861/2861 2288/2288
f 2860/2860 2288/2288 2283/2283
f 2290/2290 2299/2299 2863/2863
f 2290/2290 2863/2863 2862/2862
f 2861/2861 2862/2862 2292/2292
f 2861/2861 2292/2292 2288/2288
f 2144/2144 2868/2868 2870/2870
f 2144/2144 2870/2870 2145/2145
f 2862/2862 2863/2863 2295/2295
f 2862/2862 2295/2295 2292/2292
f 2870/2870 2868/2868 2264/2264
f 2870/2870 2264/2264 2268/2268
f 2168/2168 2171/2171 2871/2871
f 2168/2168 2871/2871 2866/2866
f 2866/2866 2871/2871 2229/2229
f 2866/2866 2229/2229 2225/2225
f 2189/2189 2192/2192 2872/2872
f 2189/2189 2872/2872 2867/2867
f 2867/2867 2872/2872 2257/2257
f 2867/2867 2257/2257 2253/2253
f 2145/2145 2870/2870 2873/2873
f 2145/2145 2873/2873 2146/2146
f 2873/2873 2870/2870 2268/2268
f 2873/2873 2268/2268 2272/2272
f 2210/2210 2213/2213 2874/2874
f 2210/2210 2874/2874 2869/2869
f 2869/2869 2874/2874 2285/2285
f 2869/2869 2285/2285 2281/2281
f 2152/2152 2770/2770 2875/2875
f 2152/2152 2875/2875 2133/2133
f 2875/2875 2770/2770 2293/2293
f 2875/2875 2293/2293 2219/2219
f 2146/2146 2873/2873 2876/2876
f 2146/2146 2876/2876 2147/2147
f 2876/2876 2873/2873 2272/2272
f 2876/2876 2272/2272 2276/2276
f 2171/2171 2174/2174 2877/2877
f 2171/2171 2877/2877 2871/2871
f 2871/2871 2877/2877 2233/2233
f 2871/2871 2233/2233 2229/2229
f 2133/2133 2875/2875 2878/2878
f 2133/2133 2878/2878 2134/2134
f 2878/2878 2875/2875 2219/2219
f 2878/2878 2219/2219 2223/2223
f 2192/2192 2195/2195 2879/2879
f 2192/2192 2879/2879 2872/2872
f 2872/2872 2879/2879 2261/2261
f 2872/2872 2261/2261 2257/2257
f 2147/2147 2876/2876 2880/2880
f 2147/2147 2880/2880 2148/2148
f 2880/2880 2876/2876 2276/2276
f 2880/2880 2276/2276 2280/2280
f 2213/2213 2216/2216 2881/2881
f 2213/2213 2881/2881 2874/2874
f 2874/2874 2881/2881 2289/2289
f 2874/2874 2289/2289 2285/2285
f 2134/2134 2878/2878 2882/2882
f 2134/2134 2882/2882 2135/2135
f 2882/2882 2878/2878 2223/2223
f 2882/2882 2223/2223 2227/2227
f 2148/2148 2880/2880 2883/2883
f 2148/2148 2883/2883 2149/2149
f 2883/2883 2880/2880 2280/2280
f 2883/2883 2280/2280 2284/2284
f 2174/2174 2177/2177 2776/2776
f 2174/2174 2776/2776 2877/2877
f 2877/2877 2776/2776 2237/2237
f 2877/2877 2237/2237 2233/2233
f 2135/2135 2882/2882 2884/2884
f 2135/2135 2884/2884 2136/2136
f 2884/2884 2882/2882 2227/2227
f 2884/2884 2227/2227 2231/2231
f 2195/2195 2198/2198 2772/2772
f 2195/2195 2772/2772 2879/2879
f 2879/2879 2772/2772 2265/2265
f 2879/2879 2265/2265 2261/2261
f 2149/2149 2883/2883 2802/2802
f 2149/2149 2802/2802 2150/2150
f 2802/2802 2883/2883 2284/2284
f 2802/2802 2284/2284 2287/2287
f 2216/2216 2155/2155 2767/2767
f 2216/2216 2767/2767 2881/2881
f 2881/2881 2767/2767 2298/2298
f 2881/2881 2298/2298 2289/2289
f 2136/2136 2884/2884 2775/2775
f 2136/2136 2775/2775 2137/2137
f 2775/2775 2884/2884 2231/2231
f 2775/2775 2231/2231 2235/2235
f 2301/2301 2305/2305 2929/2929
f 2301/2301 2929/2929 2930/2930
f 2930/2930 2929/2929 2343/2343
f 2930/2930 2343/2343 2383/2383
f 2185/2185 2809/2809 2928/2928
f 2185/2185 2928/2928 2188/2188
f 2928/2928 2809/2809 2360/2360
f 2928/2928 2360/2360 2362/2362
f 2330/2330 2332/2332 2927/2927
f 2330/2330 2927/2927 2805/2805
f 2805/2805 2927/2927 2369/2369
f 2805/2805 2369/2369 2367/2367
f 2163/2163 2813/2813 2926/2926
f 2163/2163 2926/2926 2166/2166
f 2926/2926 2813/2813 2346/2346
f 2926/2926 2346/2346 2348/2348
f 2328/2328 2330/2330 2805/2805
f 2328/2328 2805/2805 2811/2811
f 2811/2811 2805/2805 2367/2367
f 2811/2811 2367/2367 2365/2365
f 2203/2203 2817/2817 2807/2807
f 2203/2203 2807/2807 2206/2206
f 2807/2807 2817/2817 2372/2372
f 2807/2807 2372/2372 2374/2374
f 2182/2182 2819/2819 2809/2809
f 2182/2182 2809/2809 2185/2185
f 2809/2809 2819/2819 2358/2358
f 2809/2809 2358/2358 2360/2360
f 2326/2326 2328/2328 2811/2811
f 2326/2326 2811/2811 2815/2815
f 2815/2815 2811/2811 2365/2365
f 2815/2815 2365/2365 2363/2363
f 2160/2160 2823/2823 2813/2813
f 2160/2160 2813/2813 2163/2163
f 2813/2813 2823/2823 2344/2344
f 2813/2813 2344/2344 2346/2346
f 2324/2324 2326/2326 2815/2815
f 2324/2324 2815/2815 2821/2821
f 2821/2821 2815/2815 2363/2363
f 2821/2821 2363/2363 2361/2361
f 2200/2200 2827/2827 2817/2817
f 2200/2200 2817/2817 2203/2203
f 2817/2817 2827/2827 2370/2370
f 2817/2817 2370/2370 2372/2372
f 2178/2178 2831/2831 2819/2819
f 2178/2178 2819/2819 2182/2182
f 2819/2819 2831/2831 2356/2356
f 2819/2819 2356/2356 2358/2358
f 2322/2322 2324/2324 2821/2821
f 2322/2322 2821/2821 2825/2825
f 2825/2825 2821/2821 2361/2361
f 2825/2825 2361/2361 2359/2359
f 2157/2157 2837/2837 2823/2823
f 2157/2157 2823/2823 2160/2160
f 2823/2823 2837/2837 2381/2381
f 2823/2823 2381/2381 2344/2344
f 2320/2320 2322/2322 2825/2825
f 2320/2320 2825/2825 2835/2835
f 2835/2835 2825/2825 2359/2359
f 2835/2835 2359/2359 2357/2357
f 2197/2197 2829/2829 2827/2827
f 2197/2197 2827/2827 2200/2200
f 2827/2827 2829/2829 2368/2368
f 2827/2827 2368/2368 2370/2370
f 2175/2175 2833/2833 2831/2831
f 2175/2175 2831/2831 2178/2178
f 2831/2831 2833/2833 2354/2354
f 2831/2831 2354/2354 2356/2356
f 2317/2317 2320/2320 2835/2835
f 2317/2317 2835/2835 2885/2885
f 2885/2885 2835/2835 2357/2357
f 2885/2885 2357/2357 2355/2355
f 2214/2214 2840/2840 2838/2838
f 2214/2214 2838/2838 2156/2156
f 2838/2838 2840/2840 2380/2380
f 2838/2838 2380/2380 2382/2382
f 2315/2315 2317/2317 2885/2885
f 2315/2315 2885/2885 2842/2842
f 2842/2842 2885/2885 2355/2355
f 2842/2842 2355/2355 2353/2353
f 2383/2383 2343/2343 2905/2905
f 2383/2383 2905/2905 2924/2924
f 2343/2343 2345/2345 2906/2906
f 2343/2343 2906/2906 2905/2905
f 2924/2924 2905/2905 2344/2344
f 2924/2924 2344/2344 2381/2381
f 2345/2345 2347/2347 2907/2907
f 2345/2345 2907/2907 2906/2906
f 2905/2905 2906/2906 2346/2346
f 2905/2905 2346/2346 2344/2344
f 2347/2347 2349/2349 2908/2908
f 2347/2347 2908/2908 2907/2907
f 2906/2906 2907/2907 2348/2348
f 2906/2906 2348/2348 2346/2346
f 2349/2349 2351/2351 2909/2909
f 2349/2349 2909/2909 2908/2908
f 2907/2907 2908/2908 2350/2350
f 2907/2907 2350/2350 2348/2348
f 2351/2351 2353/2353 2910/2910
f 2351/2351 2910/2910 2909/2909
f 2908/2908 2909/2909 2352/2352
f 2908/2908 2352/2352 2350/2350
f 2353/2353 2355/2355 2911/2911
f 2353/2353 2911/2911 2910/2910
f 2909/2909 2910/2910 2354/2354
f 2909/2909 2354/2354 2352/2352
f 2355/2355 2357/2357 2912/2912
f 2355/2355 2912/2912 2911/2911
f 2910/2910 2911/2911 2356/2356
f 2910/2910 2356/2356 2354/2354
f 2357/2357 2359/2359 2913/2913
f 2357/2357 2913/2913 2912/2912
f 2911/2911 2912/2912 2358/2358
f 2911/2911 2358/2358 2356/2356
f 2359/2359 2361/2361 2914/2914
f 2359/2359 2914/2914 2913/2913
f 2912/2912 2913/2913 2360/2360
f 2912/2912 2360/2360 2358/2358
f 2361/2361 2363/2363 2915/2915
f 2361/2361 2915/2915 2914/2914
f 2913/2913 2914/2914 2362/2362
f 2913/2913 2362/2362 2360/2360
f 2363/2363 2365/2365 2916/2916
f 2363/2363 2916/2916 2915/2915
f 2914/2914 2915/2915 2364/2364
f 2914/2914 2364/2364 2362/2362
f 2365/2365 2367/2367 2917/2917
f 2365/2365 2917/2917 2916/2916
f 2915/2915 2916/2916 2366/2366
f 2915/2915 2366/2366 2364/2364
f 2367/2367 2369/2369 2918/2918
f 2367/2367 2918/2918 2917/2917
f 2916/2916 2917/2917 2368/2368
f 2916/2916 2368/2368 2366/2366
f 2369/2369 2371/2371 2919/2919
f 2369/2369 2919/2919 2918/2918
f 2917/2917 2918/2918 2370/2370
f 2917/2917 2370/2370 2368/2368
f 2371/2371 2373/2373 2920/2920
f 2371/2371 2920/2920 2919/2919
f 2918/2918 2919/2919 2372/2372
f 2918/2918 2372/2372 2370/2370
f 2373/2373 2375/2375 2921/2921
f 2373/2373 2921/2921 2920/2920
f 2919/2919 2920/2920 2374/2374
f 2919/2919 2374/2374 2372/2372
f 2375/2375 2377/2377 2922/2922
f 2375/2375 2922/2922 2921/2921
f 2920/2920 2921/2921 2376/2376
f 2920/2920 2376/2376 2374/2374
f 2377/2377 2379/2379 2923/2923
f 2377/2377 2923/2923 2922/2922
f 2921/2921 2922/2922 2378/2378
f 2921/2921 2378/2378 2376/2376
f 2379/2379 2384/2384 2925/2925
f 2379/2379 2925/2925 2923/2923
f 2922/2922 2923/2923 2380/2380
f 2922/2922 2380/2380 2378/2378
f 2206/2206 2807/2807 2932/2932
f 2206/2206 2932/2932 2209/2209
f 2923/2923 2925/2925 2382/2382
f 2923/2923 2382/2382 2380/2380
f 2932/2932 2807/2807 2374/2374
f 2932/2932 2374/2374 2376/2376
f 2332/2332 2334/2334 2933/2933
f 2332/2332 2933/2933 2927/2927
f 2927/2927 2933/2933 2371/2371
f 2927/2927 2371/2371 2369/2369
f 2305/2305 2307/2307 2934/2934
f 2305/2305 2934/2934 2929/2929
f 2929/2929 2934/2934 2345/2345
f 2929/2929 2345/2345 2343/2343
f 2166/2166 2926/2926 2935/2935
f 2166/2166 2935/2935 2169/2169
f 2935/2935 2926/2926 2348/2348
f 2935/2935 2348/2348 2350/2350
f 2334/2334 2336/2336 2936/2936
f 2334/2334 2936/2936 2933/2933
f 2933/2933 2936/2936 2373/2373
f 2933/2933 2373/2373 2371/2371
f 2188/2188 2928/2928 2937/2937
f 2188/2188 2937/2937 2191/2191
f 2937/2937 2928/2928 2362/2362
f 2937/2937 2362/2362 2364/2364
f 2307/2307 2309/2309 2938/2938
f 2307/2307 2938/2938 2934/2934
f 2934/2934 2938/2938 2347/2347
f 2934/2934 2347/2347 2345/2345
f 2209/2209 2932/2932 2939/2939
f 2209/2209 2939/2939 2211/2211
f 2939/2939 2932/2932 2376/2376
f 2939/2939 2376/2376 2378/2378
f 2336/2336 2338/2338 2940/2940
f 2336/2336 2940/2940 2936/2936
f 2936/2936 2940/2940 2375/2375
f 2936/2936 2375/2375 2373/2373
f 2309/2309 2311/2311 2941/2941
f 2309/2309 2941/2941 2938/2938
f 2938/2938 2941/2941 2349/2349
f 2938/2938 2349/2349 2347/2347
f 2169/2169 2935/2935 2942/2942
f 2169/2169 2942/2942 2172/2172
f 2942/2942 2935/2935 2350/2350
f 2942/2942 2350/2350 2352/2352
f 2338/2338 2339/2339 2943/2943
f 2338/2338 2943/2943 2940/2940
f 2940/2940 2943/2943 2377/2377
f 2940/2940 2377/2377 2375/2375
f 2191/2191 2937/2937 2944/2944
f 2191/2191 2944/2944 2194/2194
f 2944/2944 2937/2937 2364/2364
f 2944/2944 2364/2364 2366/2366
f 2311/2311 2313/2313 2945/2945
f 2311/2311 2945/2945 2941/2941
f 2941/2941 2945/2945 2351/2351
f 2941/2941 2351/2351 2349/2349
f 2211/2211 2939/2939 2840/2840
f 2211/2211 2840/2840 2214/2214
f 2840/2840 2939/2939 2378/2378
f 2840/2840 2378/2378 2380/2380
f 2339/2339 2341/2341 2946/2946
f 2339/2339 2946/2946 2943/2943
f 2943/2943 2946/2946 2379/2379
f 2943/2943 2379/2379 2377/2377
f 2313/2313 2315/2315 2842/2842
f 2313/2313 2842/2842 2945/2945
f 2945/2945 2842/2842 2353/2353
f 2945/2945 2353/2353 2351/2351
f 2172/2172 2942/2942 2833/2833
f 2172/2172 2833/2833 2175/2175
f 2833/2833 2942/2942 2352/2352
f 2833/2833 2352/2352 2354/2354
f 2341/2341 2302/2302 2931/2931
f 2341/2341 2931/2931 2946/2946
f 2946/2946 2931/2931 2384/2384
f 2946/2946 2384/2384 2379/2379
f 2194/2194 2944/2944 2829/2829
f 2194/2194 2829/2829 2197/2197
f 2829/2829 2944/2944 2366/2366
f 2829/2829 2366/2366 2368/2368
f 2948/2948 2886/2886 2306/2306
f 2948/2948 2306/2306 2304/2304
f 2886/2886 2887/2887 2308/2308
f 2886/2886 2308/2308 2306/2306
f 2887/2887 2888/2888 2310/2310
f 2887/2887 2310/2310 2308/2308
f 2888/2888 2889/2889 2312/2312
f 2888/2888 2312/2312 2310/2310
f 2889/2889 2890/2890 2314/2314
f 2889/2889 2314/2314 2312/2312
f 2890/2890 2891/2891 2316/2316
f 2890/2890 2316/2316 2314/2314
f 2891/2891 2892/2892 2318/2318
f 2891/2891 2318/2318 2316/2316
f 2892/2892 2893/2893 2319/2319
f 2892/2892 2319/2319 2318/2318
f 2893/2893 2894/2894 2321/2321
f 2893/2893 2321/2321 2319/2319
f 2894/2894 2895/2895 2323/2323
f 2894/2894 2323/2323 2321/2321
f 2895/2895 2896/2896 2325/2325
f 2895/2895 2325/2325 2323/2323
f 2896/2896 2897/2897 2327/2327
f 2896/2896 2327/2327 2325/2325
f 2897/2897 2898/2898 2329/2329
f 2897/2897 2329/2329 2327/2327
f 2898/2898 2899/2899 2331/2331
f 2898/2898 2331/2331 2329/2329
f 2899/2899 2900/2900 2333/2333
f 2899/2899 2333/2333 2331/2331
f 2900/2900 2901/2901 2335/2335
f 2900/2900 2335/2335 2333/2333
f 2901/2901 2902/2902 2337/2337
f 2901/2901 2337/2337 2335/2335
f 2902/2902 2903/2903 2340/2340
f 2902/2902 2340/2340 2337/2337
f 2903/2903 2904/2904 2342/2342
f 2903/2903 2342/2342 2340/2340
f 2904/2904 2947/2947 2303/2303
f 2904/2904 2303/2303 2342/2342
f 2975/2975 2417/2417 2446/2446
f 2975/2975 2446/2446 3009/3009
f 3005/3005 3003/3003 2503/2503
f 3005/3005 2503/2503 2505/2505
f 3003/3003 3001/3001 2501/2501
f 3003/3003 2501/2501 2503/2503
f 3001/3001 2999/2999 2499/2499
f 3001/3001 2499/2499 2501/2501
f 2999/2999 2997/2997 2497/2497
f 2999/2999 2497/2497 2499/2499
f 2997/2997 2995/2995 2495/2495
f 2997/2997 2495/2495 2497/2497
f 2995/2995 2993/2993 2493/2493
f 2995/2995 2493/2493 2495/2495
f 2993/2993 2991/2991 2491/2491
f 2993/2993 2491/2491 2493/2493
f 2991/2991 2989/2989 2489/2489
f 2991/2991 2489/2489 2491/2491
f 2988/2988 2986/2986 2486/2486
f 2988/2988 2486/2486 2488/2488
f 2986/2986 2984/2984 2484/2484
f 2986/2986 2484/2484 2486/2486
f 2984/2984 2982/2982 2482/2482
f 2984/2984 2482/2482 2484/2484
f 2982/2982 2980/2980 2480/2480
f 2982/2982 2480/2480 2482/2482
f 2980/2980 2978/2978 2478/2478
f 2980/2980 2478/2478 2480/2480
f 2978/2978 2976/2976 2476/2476
f 2978/2978 2476/2476 2478/2478
f 2974/2974 2972/2972 2472/2472
f 2974/2974 2472/2472 2474/2474
f 2972/2972 2970/2970 2470/2470
f 2972/2972 2470/2470 2472/2472
f 2970/2970 2968/2968 2468/2468
f 2970/2970 2468/2468 2470/2470
f 2968/2968 2966/2966 2466/2466
f 2968/2968 2466/2466 2468/2468
f 2966/2966 2964/2964 2464/2464
f 2966/2966 2464/2464 2466/2466
f 2964/2964 2961/2961 2461/2461
f 2964/2964 2461/2461 2464/2464
f 2962/2962 2959/2959 2459/2459
f 2962/2962 2459/2459 2462/2462
f 2959/2959 2957/2957 2457/2457
f 2959/2959 2457/2457 2459/2459
f 2957/2957 2955/2955 2455/2455
f 2957/2957 2455/2455 2457/2457
f 2955/2955 2953/2953 2453/2453
f 2955/2955 2453/2453 2455/2455
f 2953/2953 2951/2951 2451/2451
f 2953/2953 2451/2451 2453/2453
f 2951/2951 2949/2949 2449/2449
f 2951/2951 2449/2449 2451/2451
f 2385/2385 2447/2447 2441/2441
f 2385/2385 2387/2387 2447/2447
f 2387/2387 2389/2389 2447/2447
f 2389/2389 2391/2391 2447/2447
f 2391/2391 2393/2393 2447/2447
f 2393/2393 2395/2395 2447/2447
f 2395/2395 2397/2397 2447/2447
f 2397/2397 2399/2399 2447/2447
f 2399/2399 2401/2401 2447/2447
f 2401/2401 2404/2404 2447/2447
f 2404/2404 2406/2406 2447/2447
f 2406/2406 2408/2408 2447/2447
f 2408/2408 2410/2410 2447/2447
f 2410/2410 2412/2412 2447/2447
f 2412/2412 2414/2414 2447/2447
f 2414/2414 2444/2444 2447/2447
f 2416/2416 2445/2445 3010/3010
f 2416/2416 3010/3010 3007/3007
f 2417/2417 2418/2418 2447/2447
f 2418/2418 2420/2420 2447/2447
f 2420/2420 2422/2422 2447/2447
f 2422/2422 2424/2424 2447/2447
f 2424/2424 2426/2426 2447/2447
f 2426/2426 2428/2428 2447/2447
f 2428/2428 2431/2431 2447/2447
f 2431/2431 2433/2433 2447/2447
f 2433/2433 2435/2435 2447/2447
f 2435/2435 2437/2437 2447/2447
f 2437/2437 2439/2439 2447/2447
f 2439/2439 2441/2441 2447/2447
f 2448/2448 2950/2950 2952/2952
f 2448/2448 2952/2952 2450/2450
f 2952/2952 2950/2950 2441/2441
f 2952/2952 2441/2441 2439/2439
f 2438/2438 2440/2440 2951/2951
f 2438/2438 2951/2951 2953/2953
f 2450/2450 2952/2952 2954/2954
f 2450/2450 2954/2954 2452/2452
f 2954/2954 2952/2952 2439/2439
f 2954/2954 2439/2439 2437/2437
f 2436/2436 2438/2438 2953/2953
f 2436/2436 2953/2953 2955/2955
f 2452/2452 2954/2954 2956/2956
f 2452/2452 2956/2956 2454/2454
f 2956/2956 2954/2954 2437/2437
f 2956/2956 2437/2437 2435/2435
f 2434/2434 2436/2436 2955/2955
f 2434/2434 2955/2955 2957/2957
f 2454/2454 2956/2956 2958/2958
f 2454/2454 2958/2958 2456/2456
f 2958/2958 2956/2956 2435/2435
f 2958/2958 2435/2435 2433/2433
f 2432/2432 2434/2434 2957/2957
f 2432/2432 2957/2957 2959/2959
f 2456/2456 2958/2958 2960/2960
f 2456/2456 2960/2960 2458/2458
f 2960/2960 2958/2958 2433/2433
f 2960/2960 2433/2433 2431/2431
f 2430/2430 2432/2432 2959/2959
f 2430/2430 2959/2959 2962/2962
f 2458/2458 2960/2960 2963/2963
f 2458/2458 2963/2963 2460/2460
f 2963/2963 2960/2960 2431/2431
f 2963/2963 2431/2431 2428/2428
f 2427/2427 2429/2429 2961/2961
f 2427/2427 2961/2961 2964/2964
f 2460/2460 2963/2963 2965/2965
f 2460/2460 2965/2965 2463/2463
f 2965/2965 2963/2963 2428/2428
f 2965/2965 2428/2428 2426/2426
f 2425/2425 2427/2427 2964/2964
f 2425/2425 2964/2964 2966/2966
f 2463/2463 2965/2965 2967/2967
f 2463/2463 2967/2967 2465/2465
f 2967/2967 2965/2965 2426/2426
f 2967/2967 2426/2426 2424/2424
f 2423/2423 2425/2425 2966/2966
f 2423/2423 2966/2966 2968/2968
f 2465/2465 2967/2967 2969/2969
f 2465/2465 2969/2969 2467/2467
f 2969/2969 2967/2967 2424/2424
f 2969/2969 2424/2424 2422/2422
f 2421/2421 2423/2423 2968/2968
f 2421/2421 2968/2968 2970/2970
f 2467/2467 2969/2969 2971/2971
f 2467/2467 2971/2971 2469/2469
f 2971/2971 2969/2969 2422/2422
f 2971/2971 2422/2422 2420/2420
f 2419/2419 2421/2421 2970/2970
f 2419/2419 2970/2970 2972/2972
f 2469/2469 2971/2971 2973/2973
f 2469/2469 2973/2973 2471/2471
f 2973/2973 2971/2971 2420/2420
f 2973/2973 2420/2420 2418/2418
f 2419/2419 2972/2972 2974/2974
f 2419/2419 2974/2974 2443/2443
f 2471/2471 2973/2973 2975/2975
f 2471/2471 2975/2975 2473/2473
f 2975/2975 2973/2973 2418/2418
f 2975/2975 2418/2418 2417/2417
f 2413/2413 2415/2415 2976/2976
f 2413/2413 2976/2976 2978/2978
f 2475/2475 2977/2977 2979/2979
f 2475/2475 2979/2979 2477/2477
f 2979/2979 2977/2977 2414/2414
f 2979/2979 2414/2414 2412/2412
f 2411/2411 2413/2413 2978/2978
f 2411/2411 2978/2978 2980/2980
f 2477/2477 2979/2979 2981/2981
f 2477/2477 2981/2981 2479/2479
f 2981/2981 2979/2979 2412/2412
f 2981/2981 2412/2412 2410/2410
f 2409/2409 2411/2411 2980/2980
f 2409/2409 2980/2980 2982/2982
f 2479/2479 2981/2981 2983/2983
f 2479/2479 2983/2983 2481/2481
f 2983/2983 2981/2981 2410/2410
f 2983/2983 2410/2410 2408/2408
f 2407/2407 2409/2409 2982/2982
f 2407/2407 2982/2982 2984/2984
f 2481/2481 2983/2983 2985/2985
f 2481/2481 2985/2985 2483/2483
f 2985/2985 2983/2983 2408/2408
f 2985/2985 2408/2408 2406/2406
f 2405/2405 2407/2407 2984/2984
f 2405/2405 2984/2984 2986/2986
f 2483/2483 2985/2985 2987/2987
f 2483/2483 2987/2987 2485/2485
f 2987/2987 2985/2985 2406/2406
f 2987/2987 2406/2406 2404/2404
f 2402/2402 2405/2405 2986/2986
f 2402/2402 2986/2986 2988/2988
f 2485/2485 2987/2987 2990/2990
f 2485/2485 2990/2990 2487/2487
f 2990/2990 2987/2987 2404/2404
f 2990/2990 2404/2404 2401/2401
f 2400/2400 2403/2403 2989/2989
f 2400/2400 2989/2989 2991/2991
f 2487/2487 2990/2990 2992/2992
f 2487/2487 2992/2992 2490/2490
f 2992/2992 2990/2990 2401/2401
f 2992/2992 2401/2401 2399/2399
f 2398/2398 2400/2400 2991/2991
f 2398/2398 2991/2991 2993/2993
f 2490/2490 2992/2992 2994/2994
f 2490/2490 2994/2994 2492/2492
f 2994/2994 2992/2992 2399/2399
f 2994/2994 2399/2399 2397/2397
f 2396/2396 2398/2398 2993/2993
f 2396/2396 2993/2993 2995/2995
f 2492/2492 2994/2994 2996/2996
f 2492/2492 2996/2996 2494/2494
f 2996/2996 2994/2994 2397/2397
f 2996/2996 2397/2397 2395/2395
f 2394/2394 2396/2396 2995/2995
f 2394/2394 2995/2995 2997/2997
f 2494/2494 2996/2996 2998/2998
f 2494/2494 2998/2998 2496/2496
f 2998/2998 2996/2996 2395/2395
f 2998/2998 2395/2395 2393/2393
f 2392/2392 2394/2394 2997/2997
f 2392/2392 2997/2997 2999/2999
f 2496/2496 2998/2998 3000/3000
f 2496/2496 3000/3000 2498/2498
f 3000/3000 2998/2998 2393/2393
f 3000/3000 2393/2393 2391/2391
f 2390/2390 2392/2392 2999/2999
f 2390/2390 2999/2999 3001/3001
f 2498/2498 3000/3000 3002/3002
f 2498/2498 3002/3002 2500/2500
f 3002/3002 3000/3000 2391/2391
f 3002/3002 2391/2391 2389/2389
f 2388/2388 2390/2390 3001/3001
f 2388/2388 3001/3001 3003/3003
f 2500/2500 3002/3002 3004/3004
f 2500/2500 3004/3004 2502/2502
f 2415/2415 2416/2416 3007/3007
f 2415/2415 3007/3007 2976/2976
f 3004/3004 3002/3002 2389/2389
f 3004/3004 2389/2389 2387/2387
f 2448/2448 2504/2504 3006/3006
f 2448/2448 3006/3006 2950/2950
f 3008/3008 3009/3009 2446/2446
f 3008/3008 2446/2446 2444/2444
f 2950/2950 3006/3006 2385/2385
f 2950/2950 2385/2385 2441/2441
f 2949/2949 3005/3005 2505/2505
f 2949/2949 2505/2505 2449/2449
f 2386/2386 2388/2388 3003/3003
f 2386/2386 3003/3003 3005/3005
f 2502/2502 3004/3004 3006/3006
f 2502/2502 3006/3006 2504/2504
f 3007/3007 3010/3010 2509/2509
f 3007/3007 2509/2509 2507/2507
f 3006/3006 3004/3004 2387/2387
f 3006/3006 2387/2387 2385/2385
f 2440/2440 2442/2442 2949/2949
f 2440/2440 2949/2949 2951/2951
f 2975/2975 3009/3009 2508/2508
f 2975/2975 2508/2508 2473/2473
f 2386/2386 3005/3005 2949/2949
f 2386/2386 2949/2949 2442/2442
f 2474/2474 2509/2509 3010/3010
f 2474/2474 3010/3010 2974/2974
f 2444/2444 2446/2446 2447/2447
f 2475/2475 2506/2506 3008/3008
f 2475/2475 3008/3008 2977/2977
f 2977/2977 3008/3008 2444/2444
f 2977/2977 2444/2444 2414/2414
f 2976/2976 3007/3007 2507/2507
f 2976/2976 2507/2507 2476/2476
f 2974/2974 3010/3010 2445/2445
f 2974/2974 2445/2445 2443/2443
f 3009/3009 3008/3008 2506/2506
f 3009/3009 2506/2506 2508/2508
f 2092/2092 2738/2738 2510/2510
f 2092/2092 2510/2510 2095/2095
f 1786/1786 1794/1794 2579/2579
f 1786/1786 2579/2579 2574/2574
f 3265/3265 3890/3890 3889/3889
f 3265/3265 3889/3889 3261/3261
f 3699/3699 3889/3889 3345/3345
f 3699/3699 3345/3345 3344/3344
f 3267/3267 3891/3891 3890/3890
f 3267/3267 3890/3890 3265/3265
f 3889/3889 3890/3890 3346/3346
f 3889/3889 3346/3346 3345/3345
f 3270/3270 3892/3892 3891/3891
f 3270/3270 3891/3891 3267/3267
f 3890/3890 3891/3891 3347/3347
f 3890/3890 3347/3347 3346/3346
f 3272/3272 3893/3893 3892/3892
f 3272/3272 3892/3892 3270/3270
f 3891/3891 3892/3892 3348/3348
f 3891/3891 3348/3348 3347/3347
f 3892/3892 3893/3893 3349/3349
f 3892/3892 3349/3349 3348/3348
f 3274/3274 3894/3894 3893/3893
f 3274/3274 3893/3893 3272/3272
f 3276/3276 3895/3895 3894/3894
f 3276/3276 3894/3894 3274/3274
f 3893/3893 3894/3894 3350/3350
f 3893/3893 3350/3350 3349/3349
f 3277/3277 3896/3896 3895/3895
f 3277/3277 3895/3895 3276/3276
f 3894/3894 3895/3895 3351/3351
f 3894/3894 3351/3351 3350/3350
f 3279/3279 3897/3897 3896/3896
f 3279/3279 3896/3896 3277/3277
f 3895/3895 3896/3896 3352/3352
f 3895/3895 3352/3352 3351/3351
f 3281/3281 3898/3898 3897/3897
f 3281/3281 3897/3897 3279/3279
f 3896/3896 3897/3897 3353/3353
f 3896/3896 3353/3353 3352/3352
f 3283/3283 3899/3899 3898/3898
f 3283/3283 3898/3898 3281/3281
f 3897/3897 3898/3898 3354/3354
f 3897/3897 3354/3354 3353/3353
f 3285/3285 3900/3900 3899/3899
f 3285/3285 3899/3899 3283/3283
f 3898/3898 3899/3899 3355/3355
f 3898/3898 3355/3355 3354/3354
f 3287/3287 3901/3901 3900/3900
f 3287/3287 3900/3900 3285/3285
f 3899/3899 3900/3900 3356/3356
f 3899/3899 3356/3356 3355/3355
f 3289/3289 3902/3902 3901/3901
f 3289/3289 3901/3901 3287/3287
f 3900/3900 3901/3901 3357/3357
f 3900/3900 3357/3357 3356/3356
f 3291/3291 3903/3903 3902/3902
f 3291/3291 3902/3902 3289/3289
f 3901/3901 3902/3902 3358/3358
f 3901/3901 3358/3358 3357/3357
f 3902/3902 3903/3903 3359/3359
f 3902/3902 3359/3359 3358/3358
f 3293/3293 3904/3904 3903/3903
f 3293/3293 3903/3903 3291/3291
f 3295/3295 3905/3905 3904/3904
f 3295/3295 3904/3904 3293/3293
f 3903/3903 3904/3904 3360/3360
f 3903/3903 3360/3360 3359/3359
f 3298/3298 3907/3907 3905/3905
f 3298/3298 3905/3905 3295/3295
f 3904/3904 3905/3905 3361/3361
f 3904/3904 3361/3361 3360/3360
f 3905/3905 3907/3907 3363/3363
f 3905/3905 3363/3363 3361/3361
f 3300/3300 3908/3908 3906/3906
f 3300/3300 3906/3906 3297/3297
f 3263/3263 3699/3699 3908/3908
f 3263/3263 3908/3908 3300/3300
f 3906/3906 3908/3908 3364/3364
f 3906/3906 3364/3364 3362/3362
f 3555/3555 3741/3741 4059/4059
f 3555/3555 4059/4059 3556/3556
f 3908/3908 3699/3699 3344/3344
f 3908/3908 3344/3344 3364/3364
f 4059/4059 3741/3741 3313/3313
f 4059/4059 3313/3313 3312/3312
f 3013/3013 3721/3721 3720/3720
f 3013/3013 3720/3720 3015/3015
f 3720/3720 3721/3721 3054/3054
f 3720/3720 3054/3054 3055/3055
f 3015/3015 3720/3720 3722/3722
f 3015/3015 3722/3722 3017/3017
f 3722/3722 3720/3720 3055/3055
f 3722/3722 3055/3055 3056/3056
f 3017/3017 3722/3722 3723/3723
f 3017/3017 3723/3723 3018/3018
f 3723/3723 3722/3722 3056/3056
f 3723/3723 3056/3056 3057/3057
f 3018/3018 3723/3723 3724/3724
f 3018/3018 3724/3724 3020/3020
f 3724/3724 3723/3723 3057/3057
f 3724/3724 3057/3057 3058/3058
f 3022/3022 3725/3725 3726/3726
f 3022/3022 3726/3726 3024/3024
f 3726/3726 3725/3725 3059/3059
f 3726/3726 3059/3059 3060/3060
f 3024/3024 3726/3726 3727/3727
f 3024/3024 3727/3727 3026/3026
f 3727/3727 3726/3726 3060/3060
f 3727/3727 3060/3060 3061/3061
f 3026/3026 3727/3727 3728/3728
f 3026/3026 3728/3728 3028/3028
f 3728/3728 3727/3727 3061/3061
f 3728/3728 3061/3061 3062/3062
f 3028/3028 3728/3728 3729/3729
f 3028/3028 3729/3729 3030/3030
f 3729/3729 3728/3728 3062/3062
f 3729/3729 3062/3062 3063/3063
f 3030/3030 3729/3729 3730/3730
f 3030/3030 3730/3730 3032/3032
f 3730/3730 3729/3729 3063/3063
f 3730/3730 3063/3063 3064/3064
f 3032/3032 3730/3730 3731/3731
f 3032/3032 3731/3731 3034/3034
f 3731/3731 3730/3730 3064/3064
f 3731/3731 3064/3064 3065/3065
f 3034/3034 3731/3731 3732/3732
f 3034/3034 3732/3732 3036/3036
f 3732/3732 3731/3731 3065/3065
f 3732/3732 3065/3065 3066/3066
f 3036/3036 3732/3732 3733/3733
f 3036/3036 3733/3733 3039/3039
f 3733/3733 3732/3732 3066/3066
f 3733/3733 3066/3066 3067/3067
f 3039/3039 3733/3733 3734/3734
f 3039/3039 3734/3734 3041/3041
f 3734/3734 3733/3733 3067/3067
f 3734/3734 3067/3067 3068/3068
f 3043/3043 3735/3735 3736/3736
f 3043/3043 3736/3736 3045/3045
f 3736/3736 3735/3735 3069/3069
f 3736/3736 3069/3069 3070/3070
f 3045/3045 3736/3736 3737/3737
f 3045/3045 3737/3737 3047/3047
f 3737/3737 3736/3736 3070/3070
f 3737/3737 3070/3070 3071/3071
f 3047/3047 3737/3737 3738/3738
f 3047/3047 3738/3738 3050/3050
f 3738/3738 3737/3737 3071/3071
f 3738/3738 3071/3071 3072/3072
f 3051/3051 3739/3739 3740/3740
f 3051/3051 3740/3740 3053/3053
f 3740/3740 3739/3739 3073/3073
f 3740/3740 3073/3073 3074/3074
f 3053/3053 3740/3740 3721/3721
f 3053/3053 3721/3721 3013/3013
f 3721/3721 3740/3740 3074/3074
f 3721/3721 3074/3074 3054/3054
f 3092/3092 3094/3094 3888/3888
f 3559/3559 3743/3743 4063/4063
f 3559/3559 4063/4063 3560/3560
f 4063/4063 3743/3743 3306/3306
f 4063/4063 3306/3306 3305/3305
f 3563/3563 3745/3745 4067/4067
f 3563/3563 4067/4067 3564/3564
f 4067/4067 3745/3745 3322/3322
f 4067/4067 3322/3322 3320/3320
f 3569/3569 3748/3748 3741/3741
f 3569/3569 3741/3741 3555/3555
f 3741/3741 3748/3748 3314/3314
f 3741/3741 3314/3314 3313/3313
f 3573/3573 3750/3750 3745/3745
f 3573/3573 3745/3745 3563/3563
f 3745/3745 3750/3750 3302/3302
f 3745/3745 3302/3302 3322/3322
f 3575/3575 3751/3751 3748/3748
f 3575/3575 3748/3748 3569/3569
f 3748/3748 3751/3751 3315/3315
f 3748/3748 3315/3315 3314/3314
f 3577/3577 3752/3752 3749/3749
f 3577/3577 3749/3749 3571/3571
f 3749/3749 3752/3752 3308/3308
f 3749/3749 3308/3308 3307/3307
f 3579/3579 3753/3753 3751/3751
f 3579/3579 3751/3751 3575/3575
f 3751/3751 3753/3753 3316/3316
f 3751/3751 3316/3316 3315/3315
f 3581/3581 3754/3754 3752/3752
f 3581/3581 3752/3752 3577/3577
f 3752/3752 3754/3754 3309/3309
f 3752/3752 3309/3309 3308/3308
f 3585/3585 3756/3756 3754/3754
f 3585/3585 3754/3754 3581/3581
f 3754/3754 3756/3756 3310/3310
f 3754/3754 3310/3310 3309/3309
f 3587/3587 3757/3757 3750/3750
f 3587/3587 3750/3750 3573/3573
f 3750/3750 3757/3757 3303/3303
f 3750/3750 3303/3303 3302/3302
f 3589/3589 3758/3758 3755/3755
f 3589/3589 3755/3755 3583/3583
f 3755/3755 3758/3758 3318/3318
f 3755/3755 3318/3318 3317/3317
f 3591/3591 3759/3759 3756/3756
f 3591/3591 3756/3756 3585/3585
f 3756/3756 3759/3759 3311/3311
f 3756/3756 3311/3311 3310/3310
f 3593/3593 3760/3760 3757/3757
f 3593/3593 3757/3757 3587/3587
f 3757/3757 3760/3760 3304/3304
f 3757/3757 3304/3304 3303/3303
f 3595/3595 3761/3761 3758/3758
f 3595/3595 3758/3758 3589/3589
f 3758/3758 3761/3761 3319/3319
f 3758/3758 3319/3319 3318/3318
f 3556/3556 4059/4059 3759/3759
f 3556/3556 3759/3759 3591/3591
f 3759/3759 4059/4059 3312/3312
f 3759/3759 3312/3312 3311/3311
f 3560/3560 4063/4063 3760/3760
f 3560/3560 3760/3760 3593/3593
f 3760/3760 4063/4063 3305/3305
f 3760/3760 3305/3305 3304/3304
f 3565/3565 4068/4068 3761/3761
f 3565/3565 3761/3761 3595/3595
f 3761/3761 4068/4068 3321/3321
f 3761/3761 3321/3321 3319/3319
f 3364/3364 3344/3344 3909/3909
f 3364/3364 3909/3909 4160/4160
f 3118/3118 3125/3125 3767/3767
f 3118/3118 3767/3767 3763/3763
f 3931/3931 3932/3932 3387/3387
f 3931/3931 3387/3387 3386/3386
f 3126/3126 3768/3768 3764/3764
f 3126/3126 3764/3764 3119/3119
f 3763/3763 3767/3767 3126/3126
f 3763/3763 3126/3126 3119/3119
f 3124/3124 3953/3953 3952/3952
f 3124/3124 3952/3952 3117/3117
f 3764/3764 3768/3768 3127/3127
f 3764/3764 3127/3127 3120/3120
f 3126/3126 3133/3133 3772/3772
f 3126/3126 3772/3772 3768/3768
f 3952/3952 3953/3953 3408/3408
f 3952/3952 3408/3408 3407/3407
f 3124/3124 3131/3131 3954/3954
f 3124/3124 3954/3954 3953/3953
f 3768/3768 3772/3772 3134/3134
f 3768/3768 3134/3134 3127/3127
f 3134/3134 3933/3933 3932/3932
f 3134/3134 3932/3932 3127/3127
f 3953/3953 3954/3954 3409/3409
f 3953/3953 3409/3409 3408/3408
f 3132/3132 3771/3771 3767/3767
f 3132/3132 3767/3767 3125/3125
f 3932/3932 3933/3933 3388/3388
f 3932/3932 3388/3388 3387/3387
f 3133/3133 3140/3140 3776/3776
f 3133/3133 3776/3776 3772/3772
f 3767/3767 3771/3771 3133/3133
f 3767/3767 3133/3133 3126/3126
f 3131/3131 3138/3138 3955/3955
f 3131/3131 3955/3955 3954/3954
f 3772/3772 3776/3776 3141/3141
f 3772/3772 3141/3141 3134/3134
f 3141/3141 3934/3934 3933/3933
f 3141/3141 3933/3933 3134/3134
f 3954/3954 3955/3955 3410/3410
f 3954/3954 3410/3410 3409/3409
f 3139/3139 3775/3775 3771/3771
f 3139/3139 3771/3771 3132/3132
f 3933/3933 3934/3934 3389/3389
f 3933/3933 3389/3389 3388/3388
f 3141/3141 3148/3148 3935/3935
f 3141/3141 3935/3935 3934/3934
f 3771/3771 3775/3775 3140/3140
f 3771/3771 3140/3140 3133/3133
f 3139/3139 3146/3146 3779/3779
f 3139/3139 3779/3779 3775/3775
f 3934/3934 3935/3935 3390/3390
f 3934/3934 3390/3390 3389/3389
f 3147/3147 3780/3780 3776/3776
f 3147/3147 3776/3776 3140/3140
f 3775/3775 3779/3779 3147/3147
f 3775/3775 3147/3147 3140/3140
f 3145/3145 3956/3956 3955/3955
f 3145/3145 3955/3955 3138/3138
f 3776/3776 3780/3780 3148/3148
f 3776/3776 3148/3148 3141/3141
f 3146/3146 3153/3153 3783/3783
f 3146/3146 3783/3783 3779/3779
f 3955/3955 3956/3956 3411/3411
f 3955/3955 3411/3411 3410/3410
f 3154/3154 3784/3784 3780/3780
f 3154/3154 3780/3780 3147/3147
f 3779/3779 3783/3783 3154/3154
f 3779/3779 3154/3154 3147/3147
f 3152/3152 3957/3957 3956/3956
f 3152/3152 3956/3956 3145/3145
f 3780/3780 3784/3784 3155/3155
f 3780/3780 3155/3155 3148/3148
f 3155/3155 3936/3936 3935/3935
f 3155/3155 3935/3935 3148/3148
f 3956/3956 3957/3957 3412/3412
f 3956/3956 3412/3412 3411/3411
f 3154/3154 3161/3161 3788/3788
f 3154/3154 3788/3788 3784/3784
f 3935/3935 3936/3936 3391/3391
f 3935/3935 3391/3391 3390/3390
f 3152/3152 3159/3159 3958/3958
f 3152/3152 3958/3958 3957/3957
f 3784/3784 3788/3788 3162/3162
f 3784/3784 3162/3162 3155/3155
f 3162/3162 3937/3937 3936/3936
f 3162/3162 3936/3936 3155/3155
f 3957/3957 3958/3958 3413/3413
f 3957/3957 3413/3413 3412/3412
f 3160/3160 3787/3787 3783/3783
f 3160/3160 3783/3783 3153/3153
f 3936/3936 3937/3937 3392/3392
f 3936/3936 3392/3392 3391/3391
f 3159/3159 3166/3166 3959/3959
f 3159/3159 3959/3959 3958/3958
f 3783/3783 3787/3787 3161/3161
f 3783/3783 3161/3161 3154/3154
f 3162/3162 3169/3169 3938/3938
f 3162/3162 3938/3938 3937/3937
f 3958/3958 3959/3959 3414/3414
f 3958/3958 3414/3414 3413/3413
f 3167/3167 3791/3791 3787/3787
f 3167/3167 3787/3787 3160/3160
f 3937/3937 3938/3938 3393/3393
f 3937/3937 3393/3393 3392/3392
f 3168/3168 3792/3792 3788/3788
f 3168/3168 3788/3788 3161/3161
f 3787/3787 3791/3791 3168/3168
f 3787/3787 3168/3168 3161/3161
f 3169/3169 3176/3176 3939/3939
f 3169/3169 3939/3939 3938/3938
f 3788/3788 3792/3792 3169/3169
f 3788/3788 3169/3169 3162/3162
f 3167/3167 3174/3174 3795/3795
f 3167/3167 3795/3795 3791/3791
f 3938/3938 3939/3939 3394/3394
f 3938/3938 3394/3394 3393/3393
f 3175/3175 3796/3796 3792/3792
f 3175/3175 3792/3792 3168/3168
f 3791/3791 3795/3795 3175/3175
f 3791/3791 3175/3175 3168/3168
f 3173/3173 3960/3960 3959/3959
f 3173/3173 3959/3959 3166/3166
f 3792/3792 3796/3796 3176/3176
f 3792/3792 3176/3176 3169/3169
f 3175/3175 3182/3182 3800/3800
f 3175/3175 3800/3800 3796/3796
f 3959/3959 3960/3960 3415/3415
f 3959/3959 3415/3415 3414/3414
f 3180/3180 3961/3961 3960/3960
f 3180/3180 3960/3960 3173/3173
f 3796/3796 3800/3800 3183/3183
f 3796/3796 3183/3183 3176/3176
f 3183/3183 3940/3940 3939/3939
f 3183/3183 3939/3939 3176/3176
f 3960/3960 3961/3961 3416/3416
f 3960/3960 3416/3416 3415/3415
f 3181/3181 3799/3799 3795/3795
f 3181/3181 3795/3795 3174/3174
f 3939/3939 3940/3940 3395/3395
f 3939/3939 3395/3395 3394/3394
f 3182/3182 3189/3189 3804/3804
f 3182/3182 3804/3804 3800/3800
f 3795/3795 3799/3799 3182/3182
f 3795/3795 3182/3182 3175/3175
f 3180/3180 3187/3187 3962/3962
f 3180/3180 3962/3962 3961/3961
f 3800/3800 3804/3804 3190/3190
f 3800/3800 3190/3190 3183/3183
f 3190/3190 3941/3941 3940/3940
f 3190/3190 3940/3940 3183/3183
f 3961/3961 3962/3962 3417/3417
f 3961/3961 3417/3417 3416/3416
f 3188/3188 3803/3803 3799/3799
f 3188/3188 3799/3799 3181/3181
f 3940/3940 3941/3941 3396/3396
f 3940/3940 3396/3396 3395/3395
f 3190/3190 3197/3197 3942/3942
f 3190/3190 3942/3942 3941/3941
f 3799/3799 3803/3803 3189/3189
f 3799/3799 3189/3189 3182/3182
f 3188/3188 3195/3195 3807/3807
f 3188/3188 3807/3807 3803/3803
f 3941/3941 3942/3942 3397/3397
f 3941/3941 3397/3397 3396/3396
f 3196/3196 3808/3808 3804/3804
f 3196/3196 3804/3804 3189/3189
f 3803/3803 3807/3807 3196/3196
f 3803/3803 3196/3196 3189/3189
f 3194/3194 3963/3963 3962/3962
f 3194/3194 3962/3962 3187/3187
f 3804/3804 3808/3808 3197/3197
f 3804/3804 3197/3197 3190/3190
f 3197/3197 3204/3204 3943/3943
f 3197/3197 3943/3943 3942/3942
f 3962/3962 3963/3963 3418/3418
f 3962/3962 3418/3418 3417/3417
f 3195/3195 3202/3202 3811/3811
f 3195/3195 3811/3811 3807/3807
f 3942/3942 3943/3943 3398/3398
f 3942/3942 3398/3398 3397/3397
f 3203/3203 3812/3812 3808/3808
f 3203/3203 3808/3808 3196/3196
f 3807/3807 3811/3811 3203/3203
f 3807/3807 3203/3203 3196/3196
f 3201/3201 3964/3964 3963/3963
f 3201/3201 3963/3963 3194/3194
f 3808/3808 3812/3812 3204/3204
f 3808/3808 3204/3204 3197/3197
f 3203/3203 3210/3210 3816/3816
f 3203/3203 3816/3816 3812/3812
f 3963/3963 3964/3964 3419/3419
f 3963/3963 3419/3419 3418/3418
f 3201/3201 3208/3208 3965/3965
f 3201/3201 3965/3965 3964/3964
f 3812/3812 3816/3816 3211/3211
f 3812/3812 3211/3211 3204/3204
f 3211/3211 3944/3944 3943/3943
f 3211/3211 3943/3943 3204/3204
f 3964/3964 3965/3965 3420/3420
f 3964/3964 3420/3420 3419/3419
f 3209/3209 3815/3815 3811/3811
f 3209/3209 3811/3811 3202/3202
f 3943/3943 3944/3944 3399/3399
f 3943/3943 3399/3399 3398/3398
f 3210/3210 3217/3217 3820/3820
f 3210/3210 3820/3820 3816/3816
f 3811/3811 3815/3815 3210/3210
f 3811/3811 3210/3210 3203/3203
f 3208/3208 3215/3215 3966/3966
f 3208/3208 3966/3966 3965/3965
f 3816/3816 3820/3820 3218/3218
f 3816/3816 3218/3218 3211/3211
f 3218/3218 3945/3945 3944/3944
f 3218/3218 3944/3944 3211/3211
f 3965/3965 3966/3966 3421/3421
f 3965/3965 3421/3421 3420/3420
f 3216/3216 3819/3819 3815/3815
f 3216/3216 3815/3815 3209/3209
f 3944/3944 3945/3945 3400/3400
f 3944/3944 3400/3400 3399/3399
f 3218/3218 3228/3228 3946/3946
f 3218/3218 3946/3946 3945/3945
f 3815/3815 3819/3819 3217/3217
f 3815/3815 3217/3217 3210/3210
f 3216/3216 3224/3224 3824/3824
f 3216/3216 3824/3824 3819/3819
f 3945/3945 3946/3946 3401/3401
f 3945/3945 3401/3401 3400/3400
f 3226/3226 3826/3826 3820/3820
f 3226/3226 3820/3820 3217/3217
f 3819/3819 3824/3824 3226/3226
f 3819/3819 3226/3226 3217/3217
f 3222/3222 3967/3967 3966/3966
f 3222/3222 3966/3966 3215/3215
f 3820/3820 3826/3826 3228/3228
f 3820/3820 3228/3228 3218/3218
f 3225/3225 3235/3235 3831/3831
f 3225/3225 3831/3831 3825/3825
f 3966/3966 3967/3967 3422/3422
f 3966/3966 3422/3422 3421/3421
f 3236/3236 3832/3832 3827/3827
f 3236/3236 3827/3827 3227/3227
f 3825/3825 3831/3831 3236/3236
f 3825/3825 3236/3236 3227/3227
f 3234/3234 3969/3969 3968/3968
f 3234/3234 3968/3968 3223/3223
f 3827/3827 3832/3832 3237/3237
f 3827/3827 3237/3237 3229/3229
f 3237/3237 3948/3948 3947/3947
f 3237/3237 3947/3947 3229/3229
f 3968/3968 3969/3969 3424/3424
f 3968/3968 3424/3424 3423/3423
f 3236/3236 3243/3243 3836/3836
f 3236/3236 3836/3836 3832/3832
f 3947/3947 3948/3948 3403/3403
f 3947/3947 3403/3403 3402/3402
f 3234/3234 3241/3241 3970/3970
f 3234/3234 3970/3970 3969/3969
f 3832/3832 3836/3836 3244/3244
f 3832/3832 3244/3244 3237/3237
f 3244/3244 3949/3949 3948/3948
f 3244/3244 3948/3948 3237/3237
f 3969/3969 3970/3970 3425/3425
f 3969/3969 3425/3425 3424/3424
f 3242/3242 3835/3835 3831/3831
f 3242/3242 3831/3831 3235/3235
f 3948/3948 3949/3949 3404/3404
f 3948/3948 3404/3404 3403/3403
f 3241/3241 3248/3248 3971/3971
f 3241/3241 3971/3971 3970/3970
f 3831/3831 3835/3835 3243/3243
f 3831/3831 3243/3243 3236/3236
f 3244/3244 3251/3251 3950/3950
f 3244/3244 3950/3950 3949/3949
f 3970/3970 3971/3971 3426/3426
f 3970/3970 3426/3426 3425/3425
f 3249/3249 3839/3839 3835/3835
f 3249/3249 3835/3835 3242/3242
f 3949/3949 3950/3950 3405/3405
f 3949/3949 3405/3405 3404/3404
f 3250/3250 3840/3840 3836/3836
f 3250/3250 3836/3836 3243/3243
f 3835/3835 3839/3839 3250/3250
f 3835/3835 3250/3250 3243/3243
f 3251/3251 3258/3258 3951/3951
f 3251/3251 3951/3951 3950/3950
f 3836/3836 3840/3840 3251/3251
f 3836/3836 3251/3251 3244/3244
f 3249/3249 3256/3256 3843/3843
f 3249/3249 3843/3843 3839/3839
f 3950/3950 3951/3951 3406/3406
f 3950/3950 3406/3406 3405/3405
f 3257/3257 3844/3844 3840/3840
f 3257/3257 3840/3840 3250/3250
f 3839/3839 3843/3843 3257/3257
f 3839/3839 3257/3257 3250/3250
f 3255/3255 3972/3972 3971/3971
f 3255/3255 3971/3971 3248/3248
f 3840/3840 3844/3844 3258/3258
f 3840/3840 3258/3258 3251/3251
f 3257/3257 3119/3119 3764/3764
f 3257/3257 3764/3764 3844/3844
f 3971/3971 3972/3972 3427/3427
f 3971/3971 3427/3427 3426/3426
f 3117/3117 3952/3952 3972/3972
f 3117/3117 3972/3972 3255/3255
f 3844/3844 3764/3764 3120/3120
f 3844/3844 3120/3120 3258/3258
f 3972/3972 3952/3952 3407/3407
f 3972/3972 3407/3407 3427/3427
f 3207/3207 3200/3200 4162/4162
f 3191/3191 3198/3198 4161/4161
f 3120/3120 3931/3931 3951/3951
f 3120/3120 3951/3951 3258/3258
f 3118/3118 3763/3763 3843/3843
f 3118/3118 3843/3843 3256/3256
f 3951/3951 3931/3931 3386/3386
f 3951/3951 3386/3386 3406/3406
f 3385/3385 3365/3365 3762/3762
f 3385/3385 3762/3762 3842/3842
f 3843/3843 3763/3763 3119/3119
f 3843/3843 3119/3119 3257/3257
f 3362/3362 3364/3364 4160/4160
f 3362/3362 4160/4160 4158/4158
f 4160/4160 3909/3909 3678/3678
f 4160/4160 3678/3678 3698/3698
f 3361/3361 3363/3363 4159/4159
f 3361/3361 4159/4159 4157/4157
f 4158/4158 4160/4160 3698/3698
f 4158/4158 3698/3698 3696/3696
f 3360/3360 3361/3361 4157/4157
f 3360/3360 4157/4157 4156/4156
f 4157/4157 4159/4159 3697/3697
f 4157/4157 3697/3697 3695/3695
f 3359/3359 3360/3360 4156/4156
f 3359/3359 4156/4156 4155/4155
f 4156/4156 4157/4157 3695/3695
f 4156/4156 3695/3695 3694/3694
f 3349/3349 3350/3350 4140/4140
f 3349/3349 4140/4140 4153/4153
f 4155/4155 4156/4156 3694/3694
f 4155/4155 3694/3694 3693/3693
f 4153/4153 4140/4140 3684/3684
f 4153/4153 3684/3684 3683/3683
f 3348/3348 3349/3349 4153/4153
f 3348/3348 4153/4153 4152/4152
f 4152/4152 4153/4153 3683/3683
f 4152/4152 3683/3683 3682/3682
f 3347/3347 3348/3348 4152/4152
f 3347/3347 4152/4152 4151/4151
f 3346/3346 3347/3347 4151/4151
f 3346/3346 4151/4151 4150/4150
f 4151/4151 4152/4152 3682/3682
f 4151/4151 3682/3682 3681/3681
f 4150/4150 4151/4151 3681/3681
f 4150/4150 3681/3681 3680/3680
f 3846/3846 3847/3847 3262/3262
f 3846/3846 3262/3262 3264/3264
f 3847/3847 3848/3848 3266/3266
f 3847/3847 3266/3266 3262/3262
f 3848/3848 3849/3849 3268/3268
f 3848/3848 3268/3268 3266/3266
f 3849/3849 3850/3850 3269/3269
f 3849/3849 3269/3269 3268/3268
f 3851/3851 3852/3852 3273/3273
f 3851/3851 3273/3273 3271/3271
f 3852/3852 3853/3853 3275/3275
f 3852/3852 3275/3275 3273/3273
f 3853/3853 3854/3854 3278/3278
f 3853/3853 3278/3278 3275/3275
f 3854/3854 3855/3855 3280/3280
f 3854/3854 3280/3280 3278/3278
f 3855/3855 3856/3856 3282/3282
f 3855/3855 3282/3282 3280/3280
f 3856/3856 3857/3857 3284/3284
f 3856/3856 3284/3284 3282/3282
f 3857/3857 3858/3858 3286/3286
f 3857/3857 3286/3286 3284/3284
f 3858/3858 3859/3859 3288/3288
f 3858/3858 3288/3288 3286/3286
f 3859/3859 3860/3860 3290/3290
f 3859/3859 3290/3290 3288/3288
f 3861/3861 3862/3862 3294/3294
f 3861/3861 3294/3294 3292/3292
f 3862/3862 3863/3863 3296/3296
f 3862/3862 3296/3296 3294/3294
f 3863/3863 3864/3864 3299/3299
f 3863/3863 3299/3299 3296/3296
f 3864/3864 3865/3865 3301/3301
f 3864/3864 3301/3301 3299/3299
f 3865/3865 3846/3846 3264/3264
f 3865/3865 3264/3264 3301/3301
f 3866/3866 4168/4168 4182/4182
f 3323/3323 3868/3868 3867/3867
f 3323/3323 3867/3867 3324/3324
f 3867/3867 3868/3868 3302/3302
f 3867/3867 3302/3302 3303/3303
f 3324/3324 3867/3867 3869/3869
f 3324/3324 3869/3869 3325/3325
f 3869/3869 3867/3867 3303/3303
f 3869/3869 3303/3303 3304/3304
f 3325/3325 3869/3869 3870/3870
f 3325/3325 3870/3870 3326/3326
f 3870/3870 3869/3869 3304/3304
f 3870/3870 3304/3304 3305/3305
f 3326/3326 3870/3870 3871/3871
f 3326/3326 3871/3871 3327/3327
f 3871/3871 3870/3870 3305/3305
f 3871/3871 3305/3305 3306/3306
f 3020/3020 3724/3724 3725/3725
f 3020/3020 3725/3725 3022/3022
f 3725/3725 3724/3724 3058/3058
f 3725/3725 3058/3058 3059/3059
f 3328/3328 3872/3872 3873/3873
f 3328/3328 3873/3873 3329/3329
f 3873/3873 3872/3872 3307/3307
f 3873/3873 3307/3307 3308/3308
f 3329/3329 3873/3873 3874/3874
f 3329/3329 3874/3874 3330/3330
f 3874/3874 3873/3873 3308/3308
f 3874/3874 3308/3308 3309/3309
f 3330/3330 3874/3874 3875/3875
f 3330/3330 3875/3875 3331/3331
f 3875/3875 3874/3874 3309/3309
f 3875/3875 3309/3309 3310/3310
f 3331/3331 3875/3875 3876/3876
f 3331/3331 3876/3876 3332/3332
f 3876/3876 3875/3875 3310/3310
f 3876/3876 3310/3310 3311/3311
f 3332/3332 3876/3876 3877/3877
f 3332/3332 3877/3877 3333/3333
f 3877/3877 3876/3876 3311/3311
f 3877/3877 3311/3311 3312/3312
f 3333/3333 3877/3877 3878/3878
f 3333/3333 3878/3878 3334/3334
f 3878/3878 3877/3877 3312/3312
f 3878/3878 3312/3312 3313/3313
f 3334/3334 3878/3878 3879/3879
f 3334/3334 3879/3879 3335/3335
f 3879/3879 3878/3878 3313/3313
f 3879/3879 3313/3313 3314/3314
f 3335/3335 3879/3879 3880/3880
f 3335/3335 3880/3880 3336/3336
f 3880/3880 3879/3879 3314/3314
f 3880/3880 3314/3314 3315/3315
f 3336/3336 3880/3880 3881/3881
f 3336/3336 3881/3881 3337/3337
f 3881/3881 3880/3880 3315/3315
f 3881/3881 3315/3315 3316/3316
f 3041/3041 3734/3734 3735/3735
f 3041/3041 3735/3735 3043/3043
f 3735/3735 3734/3734 3068/3068
f 3735/3735 3068/3068 3069/3069
f 3338/3338 3882/3882 3883/3883
f 3338/3338 3883/3883 3339/3339
f 3883/3883 3882/3882 3317/3317
f 3883/3883 3317/3317 3318/3318
f 3339/3339 3883/3883 3884/3884
f 3339/3339 3884/3884 3340/3340
f 3884/3884 3883/3883 3318/3318
f 3884/3884 3318/3318 3319/3319
f 3340/3340 3884/3884 3886/3886
f 3340/3340 3886/3886 3342/3342
f 3886/3886 3884/3884 3319/3319
f 3886/3886 3319/3319 3321/3321
f 3341/3341 3885/3885 3887/3887
f 3341/3341 3887/3887 3343/3343
f 3887/3887 3885/3885 3320/3320
f 3887/3887 3320/3320 3322/3322
f 3343/3343 3887/3887 3868/3868
f 3343/3343 3868/3868 3323/3323
f 3868/3868 3887/3887 3322/3322
f 3868/3868 3322/3322 3302/3302
f 3324/3324 3325/3325 3079/3079
f 3324/3324 3079/3079 3077/3077
f 3325/3325 3326/3326 3081/3081
f 3325/3325 3081/3081 3079/3079
f 3326/3326 3327/3327 3083/3083
f 3326/3326 3083/3083 3081/3081
f 3102/3102 3104/3104 3888/3888
f 3328/3328 3329/3329 3087/3087
f 3328/3328 3087/3087 3085/3085
f 3100/3100 3102/3102 3888/3888
f 3327/3327 3871/3871 3872/3872
f 3327/3327 3872/3872 3328/3328
f 3872/3872 3871/3871 3306/3306
f 3872/3872 3306/3306 3307/3307
f 3329/3329 3330/3330 3089/3089
f 3329/3329 3089/3089 3087/3087
f 3888/3888 3098/3098 3100/3100
f 3330/3330 3331/3331 3091/3091
f 3330/3330 3091/3091 3089/3089
f 3106/3106 3108/3108 3888/3888
f 3331/3331 3332/3332 3093/3093
f 3331/3331 3093/3093 3091/3091
f 3084/3084 3086/3086 3888/3888
f 3332/3332 3333/3333 3095/3095
f 3332/3332 3095/3095 3093/3093
f 3082/3082 3084/3084 3888/3888
f 3333/3333 3334/3334 3097/3097
f 3333/3333 3097/3097 3095/3095
f 3080/3080 3082/3082 3888/3888
f 3334/3334 3335/3335 3099/3099
f 3334/3334 3099/3099 3097/3097
f 3888/3888 3078/3078 3080/3080
f 3335/3335 3336/3336 3101/3101
f 3335/3335 3101/3101 3099/3099
f 3113/3113 3888/3888 3110/3110
f 3336/3336 3337/3337 3103/3103
f 3336/3336 3103/3103 3101/3101
f 3888/3888 3108/3108 3110/3110
f 3338/3338 3339/3339 3107/3107
f 3338/3338 3107/3107 3105/3105
f 3076/3076 3078/3078 3888/3888
f 3337/3337 3881/3881 3882/3882
f 3337/3337 3882/3882 3338/3338
f 3882/3882 3881/3881 3316/3316
f 3882/3882 3316/3316 3317/3317
f 3339/3339 3340/3340 3109/3109
f 3339/3339 3109/3109 3107/3107
f 3115/3115 3076/3076 3888/3888
f 3340/3340 3342/3342 3112/3112
f 3340/3340 3112/3112 3109/3109
f 3090/3090 3092/3092 3888/3888
f 3341/3341 3343/3343 3114/3114
f 3341/3341 3114/3114 3111/3111
f 3096/3096 3888/3888 3094/3094
f 3343/3343 3323/3323 3075/3075
f 3343/3343 3075/3075 3114/3114
f 3888/3888 3088/3088 3090/3090
f 3337/3337 3338/3338 3105/3105
f 3337/3337 3105/3105 3103/3103
f 3098/3098 3888/3888 3096/3096
f 3344/3344 3345/3345 4149/4149
f 3344/3344 4149/4149 3909/3909
f 3909/3909 4149/4149 3679/3679
f 3909/3909 3679/3679 3678/3678
f 3068/3068 3713/3713 3714/3714
f 3068/3068 3714/3714 3069/3069
f 3358/3358 3359/3359 4155/4155
f 3358/3358 4155/4155 4154/4154
f 3714/3714 3713/3713 3455/3455
f 3714/3714 3455/3455 3457/3457
f 4154/4154 4155/4155 3693/3693
f 4154/4154 3693/3693 3692/3692
f 3327/3327 3328/3328 3085/3085
f 3327/3327 3085/3085 3083/3083
f 3113/3113 3115/3115 3888/3888
f 3058/3058 3703/3703 3704/3704
f 3058/3058 3704/3704 3059/3059
f 3704/3704 3703/3703 3435/3435
f 3704/3704 3435/3435 3437/3437
f 3086/3086 3088/3088 3888/3888
f 3104/3104 3106/3106 3888/3888
f 3571/3571 3749/3749 3743/3743
f 3571/3571 3743/3743 3559/3559
f 3743/3743 3749/3749 3307/3307
f 3743/3743 3307/3307 3306/3306
f 3583/3583 3755/3755 3753/3753
f 3583/3583 3753/3753 3579/3579
f 3753/3753 3755/3755 3317/3317
f 3753/3753 3317/3317 3316/3316
f 3345/3345 3346/3346 4150/4150
f 3345/3345 4150/4150 4149/4149
f 3350/3350 3351/3351 4141/4141
f 3350/3350 4141/4141 4140/4140
f 4149/4149 4150/4150 3680/3680
f 4149/4149 3680/3680 3679/3679
f 4140/4140 4141/4141 3685/3685
f 4140/4140 3685/3685 3684/3684
f 3351/3351 3352/3352 4142/4142
f 3351/3351 4142/4142 4141/4141
f 4141/4141 4142/4142 3686/3686
f 4141/4141 3686/3686 3685/3685
f 3352/3352 3353/3353 4143/4143
f 3352/3352 4143/4143 4142/4142
f 4142/4142 4143/4143 3687/3687
f 4142/4142 3687/3687 3686/3686
f 3353/3353 3354/3354 4144/4144
f 3353/3353 4144/4144 4143/4143
f 4143/4143 4144/4144 3688/3688
f 4143/4143 3688/3688 3687/3687
f 3354/3354 3355/3355 4145/4145
f 3354/3354 4145/4145 4144/4144
f 4144/4144 4145/4145 3689/3689
f 4144/4144 3689/3689 3688/3688
f 3355/3355 3356/3356 4146/4146
f 3355/3355 4146/4146 4145/4145
f 4145/4145 4146/4146 3690/3690
f 4145/4145 3690/3690 3689/3689
f 3356/3356 3357/3357 4147/4147
f 3356/3356 4147/4147 4146/4146
f 4146/4146 4147/4147 3691/3691
f 4146/4146 3691/3691 3690/3690
f 3357/3357 3358/3358 4154/4154
f 3357/3357 4154/4154 4147/4147
f 4147/4147 4154/4154 3692/3692
f 4147/4147 3692/3692 3691/3691
f 3467/3467 3468/3468 4012/4012
f 3467/3467 4012/4012 3719/3719
f 3384/3384 3385/3385 3842/3842
f 3384/3384 3842/3842 3838/3838
f 3842/3842 3762/3762 3118/3118
f 3842/3842 3118/3118 3256/3256
f 3383/3383 3384/3384 3838/3838
f 3383/3383 3838/3838 3834/3834
f 3838/3838 3842/3842 3256/3256
f 3838/3838 3256/3256 3249/3249
f 3382/3382 3383/3383 3834/3834
f 3382/3382 3834/3834 3830/3830
f 3834/3834 3838/3838 3249/3249
f 3834/3834 3249/3249 3242/3242
f 3381/3381 3382/3382 3830/3830
f 3381/3381 3830/3830 3823/3823
f 3830/3830 3834/3834 3242/3242
f 3830/3830 3242/3242 3235/3235
f 3379/3379 3380/3380 3822/3822
f 3379/3379 3822/3822 3818/3818
f 3823/3823 3830/3830 3235/3235
f 3823/3823 3235/3235 3225/3225
f 3378/3378 3379/3379 3818/3818
f 3378/3378 3818/3818 3814/3814
f 3818/3818 3822/3822 3224/3224
f 3818/3818 3224/3224 3216/3216
f 3377/3377 3378/3378 3814/3814
f 3377/3377 3814/3814 3810/3810
f 3814/3814 3818/3818 3216/3216
f 3814/3814 3216/3216 3209/3209
f 3376/3376 3377/3377 3810/3810
f 3376/3376 3810/3810 3806/3806
f 3810/3810 3814/3814 3209/3209
f 3810/3810 3209/3209 3202/3202
f 3375/3375 3376/3376 3806/3806
f 3375/3375 3806/3806 3802/3802
f 3806/3806 3810/3810 3202/3202
f 3806/3806 3202/3202 3195/3195
f 3374/3374 3375/3375 3802/3802
f 3374/3374 3802/3802 3798/3798
f 3802/3802 3806/3806 3195/3195
f 3802/3802 3195/3195 3188/3188
f 3373/3373 3374/3374 3798/3798
f 3373/3373 3798/3798 3794/3794
f 3798/3798 3802/3802 3188/3188
f 3798/3798 3188/3188 3181/3181
f 3372/3372 3373/3373 3794/3794
f 3372/3372 3794/3794 3790/3790
f 3794/3794 3798/3798 3181/3181
f 3794/3794 3181/3181 3174/3174
f 3371/3371 3372/3372 3790/3790
f 3371/3371 3790/3790 3786/3786
f 3790/3790 3794/3794 3174/3174
f 3790/3790 3174/3174 3167/3167
f 3370/3370 3371/3371 3786/3786
f 3370/3370 3786/3786 3782/3782
f 3786/3786 3790/3790 3167/3167
f 3786/3786 3167/3167 3160/3160
f 3369/3369 3370/3370 3782/3782
f 3369/3369 3782/3782 3778/3778
f 3782/3782 3786/3786 3160/3160
f 3782/3782 3160/3160 3153/3153
f 3368/3368 3369/3369 3778/3778
f 3368/3368 3778/3778 3774/3774
f 3778/3778 3782/3782 3153/3153
f 3778/3778 3153/3153 3146/3146
f 3367/3367 3368/3368 3774/3774
f 3367/3367 3774/3774 3770/3770
f 3774/3774 3778/3778 3146/3146
f 3774/3774 3146/3146 3139/3139
f 3366/3366 3367/3367 3770/3770
f 3366/3366 3770/3770 3766/3766
f 3770/3770 3774/3774 3139/3139
f 3770/3770 3139/3139 3132/3132
f 3365/3365 3366/3366 3766/3766
f 3365/3365 3766/3766 3762/3762
f 3766/3766 3770/3770 3132/3132
f 3766/3766 3132/3132 3125/3125
f 3406/3406 3386/3386 3765/3765
f 3406/3406 3765/3765 3845/3845
f 3762/3762 3766/3766 3125/3125
f 3762/3762 3125/3125 3118/3118
f 3405/3405 3406/3406 3845/3845
f 3405/3405 3845/3845 3841/3841
f 3845/3845 3765/3765 3122/3122
f 3845/3845 3122/3122 3260/3260
f 3404/3404 3405/3405 3841/3841
f 3404/3404 3841/3841 3837/3837
f 3841/3841 3845/3845 3260/3260
f 3841/3841 3260/3260 3253/3253
f 3403/3403 3404/3404 3837/3837
f 3403/3403 3837/3837 3833/3833
f 3837/3837 3841/3841 3253/3253
f 3837/3837 3253/3253 3246/3246
f 3402/3402 3403/3403 3833/3833
f 3402/3402 3833/3833 3829/3829
f 3833/3833 3837/3837 3246/3246
f 3833/3833 3246/3246 3239/3239
f 3400/3400 3401/3401 3828/3828
f 3400/3400 3828/3828 3821/3821
f 3829/3829 3833/3833 3239/3239
f 3829/3829 3239/3239 3232/3232
f 3399/3399 3400/3400 3821/3821
f 3399/3399 3821/3821 3817/3817
f 3821/3821 3828/3828 3231/3231
f 3821/3821 3231/3231 3220/3220
f 3398/3398 3399/3399 3817/3817
f 3398/3398 3817/3817 3813/3813
f 3817/3817 3821/3821 3220/3220
f 3817/3817 3220/3220 3213/3213
f 3397/3397 3398/3398 3813/3813
f 3397/3397 3813/3813 3809/3809
f 3813/3813 3817/3817 3213/3213
f 3813/3813 3213/3213 3206/3206
f 3396/3396 3397/3397 3809/3809
f 3396/3396 3809/3809 3805/3805
f 3809/3809 3813/3813 3206/3206
f 3809/3809 3206/3206 3199/3199
f 3395/3395 3396/3396 3805/3805
f 3395/3395 3805/3805 3801/3801
f 3805/3805 3809/3809 3199/3199
f 3805/3805 3199/3199 3192/3192
f 3394/3394 3395/3395 3801/3801
f 3394/3394 3801/3801 3797/3797
f 3801/3801 3805/3805 3192/3192
f 3801/3801 3192/3192 3185/3185
f 3393/3393 3394/3394 3797/3797
f 3393/3393 3797/3797 3793/3793
f 3797/3797 3801/3801 3185/3185
f 3797/3797 3185/3185 3178/3178
f 3392/3392 3393/3393 3793/3793
f 3392/3392 3793/3793 3789/3789
f 3793/3793 3797/3797 3178/3178
f 3793/3793 3178/3178 3171/3171
f 3391/3391 3392/3392 3789/3789
f 3391/3391 3789/3789 3785/3785
f 3789/3789 3793/3793 3171/3171
f 3789/3789 3171/3171 3164/3164
f 3390/3390 3391/3391 3785/3785
f 3390/3390 3785/3785 3781/3781
f 3785/3785 3789/3789 3164/3164
f 3785/3785 3164/3164 3157/3157
f 3389/3389 3390/3390 3781/3781
f 3389/3389 3781/3781 3777/3777
f 3781/3781 3785/3785 3157/3157
f 3781/3781 3157/3157 3150/3150
f 3388/3388 3389/3389 3777/3777
f 3388/3388 3777/3777 3773/3773
f 3777/3777 3781/3781 3150/3150
f 3777/3777 3150/3150 3143/3143
f 3387/3387 3388/3388 3773/3773
f 3387/3387 3773/3773 3769/3769
f 3773/3773 3777/3777 3143/3143
f 3773/3773 3143/3143 3136/3136
f 3386/3386 3387/3387 3769/3769
f 3386/3386 3769/3769 3765/3765
f 3769/3769 3773/3773 3136/3136
f 3769/3769 3136/3136 3129/3129
f 3427/3427 3407/3407 3910/3910
f 3427/3427 3910/3910 3930/3930
f 3765/3765 3769/3769 3129/3129
f 3765/3765 3129/3129 3122/3122
f 3426/3426 3427/3427 3930/3930
f 3426/3426 3930/3930 3929/3929
f 3930/3930 3910/3910 3365/3365
f 3930/3930 3365/3365 3385/3385
f 3425/3425 3426/3426 3929/3929
f 3425/3425 3929/3929 3928/3928
f 3929/3929 3930/3930 3385/3385
f 3929/3929 3385/3385 3384/3384
f 3424/3424 3425/3425 3928/3928
f 3424/3424 3928/3928 3927/3927
f 3928/3928 3929/3929 3384/3384
f 3928/3928 3384/3384 3383/3383
f 3423/3423 3424/3424 3927/3927
f 3423/3423 3927/3927 3926/3926
f 3927/3927 3928/3928 3383/3383
f 3927/3927 3383/3383 3382/3382
f 3421/3421 3422/3422 3925/3925
f 3421/3421 3925/3925 3924/3924
f 3926/3926 3927/3927 3382/3382
f 3926/3926 3382/3382 3381/3381
f 3420/3420 3421/3421 3924/3924
f 3420/3420 3924/3924 3923/3923
f 3924/3924 3925/3925 3380/3380
f 3924/3924 3380/3380 3379/3379
f 3419/3419 3420/3420 3923/3923
f 3419/3419 3923/3923 3922/3922
f 3923/3923 3924/3924 3379/3379
f 3923/3923 3379/3379 3378/3378
f 3418/3418 3419/3419 3922/3922
f 3418/3418 3922/3922 3921/3921
f 3922/3922 3923/3923 3378/3378
f 3922/3922 3378/3378 3377/3377
f 3417/3417 3418/3418 3921/3921
f 3417/3417 3921/3921 3920/3920
f 3921/3921 3922/3922 3377/3377
f 3921/3921 3377/3377 3376/3376
f 3416/3416 3417/3417 3920/3920
f 3416/3416 3920/3920 3919/3919
f 3920/3920 3921/3921 3376/3376
f 3920/3920 3376/3376 3375/3375
f 3415/3415 3416/3416 3919/3919
f 3415/3415 3919/3919 3918/3918
f 3919/3919 3920/3920 3375/3375
f 3919/3919 3375/3375 3374/3374
f 3414/3414 3415/3415 3918/3918
f 3414/3414 3918/3918 3917/3917
f 3918/3918 3919/3919 3374/3374
f 3918/3918 3374/3374 3373/3373
f 3413/3413 3414/3414 3917/3917
f 3413/3413 3917/3917 3916/3916
f 3917/3917 3918/3918 3373/3373
f 3917/3917 3373/3373 3372/3372
f 3412/3412 3413/3413 3916/3916
f 3412/3412 3916/3916 3915/3915
f 3916/3916 3917/3917 3372/3372
f 3916/3916 3372/3372 3371/3371
f 3411/3411 3412/3412 3915/3915
f 3411/3411 3915/3915 3914/3914
f 3915/3915 3916/3916 3371/3371
f 3915/3915 3371/3371 3370/3370
f 3410/3410 3411/3411 3914/3914
f 3410/3410 3914/3914 3913/3913
f 3914/3914 3915/3915 3370/3370
f 3914/3914 3370/3370 3369/3369
f 3238/3238 4161/4161 3219/3219
f 3238/3238 3219/3219 3230/3230
f 3409/3409 3410/3410 3913/3913
f 3409/3409 3913/3913 3912/3912
f 3913/3913 3914/3914 3369/3369
f 3913/3913 3369/3369 3368/3368
f 3245/3245 4161/4161 3238/3238
f 3252/3252 4161/4161 3245/3245
f 3408/3408 3409/3409 3912/3912
f 3408/3408 3912/3912 3911/3911
f 3912/3912 3913/3913 3368/3368
f 3912/3912 3368/3368 3367/3367
f 3252/3252 3259/3259 4161/4161
f 3259/3259 3121/3121 4161/4161
f 3407/3407 3408/3408 3911/3911
f 3407/3407 3911/3911 3910/3910
f 3911/3911 3912/3912 3367/3367
f 3911/3911 3367/3367 3366/3366
f 3121/3121 3128/3128 4161/4161
f 3128/3128 3135/3135 4161/4161
f 3170/3170 3177/3177 4161/4161
f 3910/3910 3911/3911 3366/3366
f 3910/3910 3366/3366 3365/3365
f 3135/3135 3142/3142 4161/4161
f 4161/4161 3212/3212 3219/3219
f 3431/3431 4042/4042 3974/3974
f 3431/3431 3974/3974 3433/3433
f 3719/3719 4012/4012 3054/3054
f 3719/3719 3054/3054 3074/3074
f 3974/3974 4042/4042 3477/3477
f 3974/3974 3477/3477 3480/3480
f 3465/3465 3467/3467 3719/3719
f 3465/3465 3719/3719 3718/3718
f 3458/3458 3460/3460 3976/3976
f 3458/3458 3976/3976 4041/4041
f 3718/3718 3719/3719 3074/3074
f 3718/3718 3074/3074 3073/3073
f 4041/4041 3976/3976 3534/3534
f 4041/4041 3534/3534 3530/3530
f 3461/3461 3464/3464 3717/3717
f 3461/3461 3717/3717 3716/3716
f 3482/3482 4038/4038 4002/4002
f 3482/3482 4002/4002 3486/3486
f 3716/3716 3717/3717 3072/3072
f 3716/3716 3072/3072 3071/3071
f 3459/3459 3461/3461 3716/3716
f 3459/3459 3716/3716 3715/3715
f 4002/4002 4038/4038 3434/3434
f 4002/4002 3434/3434 3436/3436
f 3445/3445 4040/4040 3979/3979
f 3445/3445 3979/3979 3447/3447
f 3715/3715 3716/3716 3071/3071
f 3715/3715 3071/3071 3070/3070
f 3979/3979 4040/4040 3504/3504
f 3979/3979 3504/3504 3508/3508
f 3457/3457 3459/3459 3715/3715
f 3457/3457 3715/3715 3714/3714
f 3432/3432 3434/3434 4038/4038
f 3432/3432 4038/4038 4039/4039
f 3714/3714 3715/3715 3070/3070
f 3714/3714 3070/3070 3069/3069
f 4039/4039 4038/4038 3482/3482
f 4039/4039 3482/3482 3478/3478
f 3459/3459 4037/4037 3982/3982
f 3459/3459 3982/3982 3461/3461
f 3982/3982 4037/4037 3533/3533
f 3982/3982 3533/3533 3537/3537
f 3453/3453 3455/3455 3713/3713
f 3453/3453 3713/3713 3712/3712
f 3435/3435 4035/4035 3987/3987
f 3435/3435 3987/3987 3437/3437
f 3712/3712 3713/3713 3068/3068
f 3712/3712 3068/3068 3067/3067
f 3987/3987 4035/4035 3484/3484
f 3987/3987 3484/3484 3488/3488
f 3451/3451 3453/3453 3712/3712
f 3451/3451 3712/3712 3711/3711
f 3446/3446 3448/3448 3985/3985
f 3446/3446 3985/3985 4036/4036
f 3711/3711 3712/3712 3067/3067
f 3711/3711 3067/3067 3066/3066
f 4036/4036 3985/3985 3510/3510
f 4036/4036 3510/3510 3506/3506
f 3449/3449 3451/3451 3711/3711
f 3449/3449 3711/3711 3710/3710
f 3433/3433 3974/3974 4035/4035
f 3433/3433 4035/4035 3435/3435
f 3710/3710 3711/3711 3066/3066
f 3710/3710 3066/3066 3065/3065
f 4035/4035 3974/3974 3480/3480
f 4035/4035 3480/3480 3484/3484
f 3447/3447 3449/3449 3710/3710
f 3447/3447 3710/3710 3709/3709
f 3460/3460 3463/3463 3991/3991
f 3460/3460 3991/3991 3976/3976
f 3709/3709 3710/3710 3065/3065
f 3709/3709 3065/3065 3064/3064
f 3976/3976 3991/3991 3539/3539
f 3976/3976 3539/3539 3534/3534
f 3445/3445 3447/3447 3709/3709
f 3445/3445 3709/3709 3708/3708
f 3443/3443 3445/3445 3708/3708
f 3443/3443 3708/3708 3707/3707
f 3708/3708 3709/3709 3064/3064
f 3708/3708 3064/3064 3063/3063
f 3447/3447 3979/3979 4000/4000
f 3447/3447 4000/4000 3449/3449
f 3707/3707 3708/3708 3063/3063
f 3707/3707 3063/3063 3062/3062
f 4000/4000 3979/3979 3508/3508
f 4000/4000 3508/3508 3512/3512
f 3441/3441 3443/3443 3707/3707
f 3441/3441 3707/3707 3706/3706
f 3439/3439 3441/3441 3706/3706
f 3439/3439 3706/3706 3705/3705
f 3706/3706 3707/3707 3062/3062
f 3706/3706 3062/3062 3061/3061
f 3461/3461 3982/3982 4008/4008
f 3461/3461 4008/4008 3464/3464
f 3705/3705 3706/3706 3061/3061
f 3705/3705 3061/3061 3060/3060
f 4008/4008 3982/3982 3537/3537
f 4008/4008 3537/3537 3544/3544
f 3437/3437 3439/3439 3705/3705
f 3437/3437 3705/3705 3704/3704
f 3448/3448 3450/3450 4011/4011
f 3448/3448 4011/4011 3985/3985
f 3704/3704 3705/3705 3060/3060
f 3704/3704 3060/3060 3059/3059
f 3985/3985 4011/4011 3514/3514
f 3985/3985 3514/3514 3510/3510
f 3433/3433 3435/3435 3703/3703
f 3433/3433 3703/3703 3702/3702
f 3431/3431 3433/3433 3702/3702
f 3431/3431 3702/3702 3701/3701
f 3702/3702 3703/3703 3058/3058
f 3702/3702 3058/3058 3057/3057
f 3462/3462 3466/3466 3993/3993
f 3462/3462 3993/3993 3990/3990
f 3701/3701 3702/3702 3057/3057
f 3701/3701 3057/3057 3056/3056
f 3990/3990 3993/3993 3546/3546
f 3990/3990 3546/3546 3538/3538
f 3429/3429 3431/3431 3701/3701
f 3429/3429 3701/3701 3700/3700
f 3468/3468 3429/3429 3700/3700
f 3468/3468 3700/3700 4012/4012
f 3700/3700 3701/3701 3056/3056
f 3700/3700 3056/3056 3055/3055
f 3449/3449 4000/4000 3998/3998
f 3449/3449 3998/3998 3451/3451
f 4012/4012 3700/3700 3055/3055
f 4012/4012 3055/3055 3054/3054
f 3998/3998 4000/4000 3512/3512
f 3998/3998 3512/3512 3516/3516
f 3436/3436 3438/3438 4005/4005
f 3436/3436 4005/4005 4002/4002
f 4002/4002 4005/4005 3490/3490
f 4002/4002 3490/3490 3486/3486
f 3860/3860 3861/3861 3292/3292
f 3860/3860 3292/3292 3290/3290
f 3465/3465 4009/4009 4007/4007
f 3465/3465 4007/4007 3467/3467
f 4007/4007 4009/4009 3545/3545
f 4007/4007 3545/3545 3549/3549
f 3850/3850 3851/3851 3271/3271
f 3850/3850 3271/3271 3269/3269
f 3450/3450 3452/3452 4013/4013
f 3450/3450 4013/4013 4011/4011
f 4011/4011 4013/4013 3518/3518
f 4011/4011 3518/3518 3514/3514
f 3547/3547 3553/3553 4034/4034
f 3547/3547 4034/4034 4033/4033
f 3541/3541 3547/3547 4033/4033
f 3541/3541 4033/4033 4032/4032
f 4033/4033 4034/4034 3550/3550
f 4033/4033 3550/3550 3548/3548
f 3535/3535 3540/3540 4031/4031
f 3535/3535 4031/4031 4030/4030
f 4032/4032 4033/4033 3548/3548
f 4032/4032 3548/3548 3543/3543
f 3531/3531 3535/3535 4030/4030
f 3531/3531 4030/4030 4029/4029
f 4030/4030 4031/4031 3542/3542
f 4030/4030 3542/3542 3536/3536
f 3527/3527 3531/3531 4029/4029
f 3527/3527 4029/4029 4028/4028
f 4029/4029 4030/4030 3536/3536
f 4029/4029 3536/3536 3532/3532
f 3524/3524 4027/4027 4028/4028
f 3524/3524 4028/4028 3528/3528
f 4028/4028 4029/4029 3532/3532
f 4028/4028 3532/3532 3528/3528
f 3519/3519 3523/3523 4027/4027
f 3519/3519 4027/4027 4026/4026
f 4028/4028 4027/4027 3523/3523
f 4028/4028 3523/3523 3527/3527
f 3515/3515 3519/3519 4026/4026
f 3515/3515 4026/4026 4025/4025
f 4026/4026 4027/4027 3524/3524
f 4026/4026 3524/3524 3520/3520
f 3511/3511 3515/3515 4025/4025
f 3511/3511 4025/4025 4024/4024
f 4025/4025 4026/4026 3520/3520
f 4025/4025 3520/3520 3517/3517
f 3507/3507 3511/3511 4024/4024
f 3507/3507 4024/4024 4023/4023
f 4024/4024 4025/4025 3517/3517
f 4024/4024 3517/3517 3513/3513
f 3503/3503 3507/3507 4023/4023
f 3503/3503 4023/4023 4022/4022
f 4023/4023 4024/4024 3513/3513
f 4023/4023 3513/3513 3509/3509
f 3499/3499 3503/3503 4022/4022
f 3499/3499 4022/4022 4021/4021
f 4022/4022 4023/4023 3509/3509
f 4022/4022 3509/3509 3505/3505
f 3495/3495 3499/3499 4021/4021
f 3495/3495 4021/4021 4020/4020
f 4021/4021 4022/4022 3505/3505
f 4021/4021 3505/3505 3501/3501
f 3491/3491 3495/3495 4020/4020
f 3491/3491 4020/4020 4019/4019
f 4020/4020 4021/4021 3501/3501
f 4020/4020 3501/3501 3497/3497
f 3487/3487 3491/3491 4019/4019
f 3487/3487 4019/4019 4018/4018
f 4019/4019 4020/4020 3497/3497
f 4019/4019 3497/3497 3493/3493
f 3485/3485 4017/4017 4018/4018
f 3485/3485 4018/4018 3489/3489
f 4018/4018 4019/4019 3493/3493
f 4018/4018 3493/3493 3489/3489
f 3479/3479 3483/3483 4017/4017
f 3479/3479 4017/4017 4016/4016
f 4018/4018 4017/4017 3483/3483
f 4018/4018 3483/3483 3487/3487
f 3475/3475 3479/3479 4016/4016
f 3475/3475 4016/4016 4015/4015
f 4016/4016 4017/4017 3485/3485
f 4016/4016 3485/3485 3481/3481
f 3471/3471 3475/3475 4015/4015
f 3471/3471 4015/4015 4014/4014
f 4015/4015 4016/4016 3481/3481
f 4015/4015 3481/3481 3476/3476
f 3553/3553 3471/3471 4014/4014
f 3553/3553 4014/4014 4034/4034
f 4014/4014 4015/4015 3476/3476
f 4014/4014 3476/3476 3472/3472
f 3455/3455 4010/4010 4044/4044
f 3455/3455 4044/4044 3457/3457
f 4034/4034 4014/4014 3472/3472
f 4034/4034 3472/3472 3550/3550
f 4044/4044 4010/4010 3525/3525
f 4044/4044 3525/3525 3529/3529
f 3444/3444 3446/3446 4036/4036
f 3444/3444 4036/4036 4043/4043
f 4043/4043 4036/4036 3506/3506
f 4043/4043 3506/3506 3502/3502
f 3457/3457 4044/4044 4037/4037
f 3457/3457 4037/4037 3459/3459
f 4037/4037 4044/4044 3529/3529
f 4037/4037 3529/3529 3533/3533
f 3430/3430 3432/3432 4039/4039
f 3430/3430 4039/4039 4045/4045
f 4045/4045 4039/4039 3478/3478
f 4045/4045 3478/3478 3474/3474
f 3443/3443 4046/4046 4040/4040
f 3443/3443 4040/4040 3445/3445
f 4040/4040 4046/4046 3500/3500
f 4040/4040 3500/3500 3504/3504
f 3456/3456 3458/3458 4041/4041
f 3456/3456 4041/4041 4047/4047
f 4047/4047 4041/4041 3530/3530
f 4047/4047 3530/3530 3526/3526
f 3429/3429 4048/4048 4042/4042
f 3429/3429 4042/4042 3431/3431
f 4042/4042 4048/4048 3473/3473
f 4042/4042 3473/3473 3477/3477
f 3442/3442 3444/3444 4043/4043
f 3442/3442 4043/4043 4049/4049
f 4049/4049 4043/4043 3502/3502
f 4049/4049 3502/3502 3498/3498
f 3522/3522 3995/3995 4047/4047
f 3522/3522 4047/4047 3526/3526
f 3428/3428 3430/3430 4045/4045
f 3428/3428 4045/4045 4050/4050
f 4047/4047 3995/3995 3454/3454
f 4047/4047 3454/3454 3456/3456
f 4050/4050 4045/4045 3474/3474
f 4050/4050 3474/3474 3470/3470
f 3441/3441 4051/4051 4046/4046
f 3441/3441 4046/4046 3443/3443
f 4046/4046 4051/4051 3496/3496
f 4046/4046 3496/3496 3500/3500
f 3468/3468 4052/4052 4048/4048
f 3468/3468 4048/4048 3429/3429
f 4048/4048 4052/4052 3551/3551
f 4048/4048 3551/3551 3473/3473
f 3440/3440 3442/3442 4049/4049
f 3440/3440 4049/4049 4053/4053
f 4053/4053 4049/4049 3498/3498
f 4053/4053 3498/3498 3494/3494
f 3453/3453 4054/4054 4010/4010
f 3453/3453 4010/4010 3455/3455
f 4010/4010 4054/4054 3521/3521
f 4010/4010 3521/3521 3525/3525
f 3469/3469 3428/3428 4050/4050
f 3469/3469 4050/4050 4055/4055
f 4055/4055 4050/4050 3470/3470
f 4055/4055 3470/3470 3552/3552
f 3439/3439 4056/4056 4051/4051
f 3439/3439 4051/4051 3441/3441
f 4051/4051 4056/4056 3492/3492
f 4051/4051 3492/3492 3496/3496
f 3452/3452 3454/3454 3995/3995
f 3452/3452 3995/3995 4013/4013
f 4013/4013 3995/3995 3522/3522
f 4013/4013 3522/3522 3518/3518
f 3467/3467 4007/4007 4052/4052
f 3467/3467 4052/4052 3468/3468
f 4052/4052 4007/4007 3549/3549
f 4052/4052 3549/3549 3551/3551
f 3438/3438 3440/3440 4053/4053
f 3438/3438 4053/4053 4005/4005
f 4005/4005 4053/4053 3494/3494
f 4005/4005 3494/3494 3490/3490
f 3451/3451 3998/3998 4054/4054
f 3451/3451 4054/4054 3453/3453
f 4054/4054 3998/3998 3516/3516
f 4054/4054 3516/3516 3521/3521
f 3466/3466 3469/3469 4055/4055
f 3466/3466 4055/4055 3993/3993
f 3993/3993 4055/4055 3552/3552
f 3993/3993 3552/3552 3546/3546
f 3437/3437 3987/3987 4056/4056
f 3437/3437 4056/4056 3439/3439
f 4056/4056 3987/3987 3488/3488
f 4056/4056 3488/3488 3492/3492
f 3558/3558 4070/4070 4134/4134
f 3558/3558 4134/4134 3561/3561
f 4134/4134 4070/4070 3605/3605
f 4134/4134 3605/3605 3611/3611
f 3570/3570 4096/4096 4070/4070
f 3570/3570 4070/4070 3558/3558
f 4070/4070 4096/4096 3627/3627
f 4070/4070 3627/3627 3605/3605
f 3593/3593 3587/3587 4133/4133
f 3593/3593 4133/4133 4095/4095
f 4095/4095 4133/4133 3660/3660
f 4095/4095 3660/3660 3672/3672
f 3582/3582 3578/3578 4078/4078
f 3582/3582 4078/4078 4081/4081
f 3578/3578 4131/4131 4132/4132
f 3578/3578 4132/4132 3574/3574
f 4081/4081 4078/4078 3040/3040
f 4081/4081 3040/3040 3042/3042
f 4132/4132 4131/4131 3643/3643
f 4132/4132 3643/3643 3635/3635
f 3046/3046 3048/3048 3746/3746
f 3046/3046 3746/3746 4092/4092
f 4092/4092 3746/3746 3566/3566
f 4092/4092 3566/3566 3594/3594
f 3563/3563 3564/3564 4128/4128
f 3563/3563 4128/4128 4130/4130
f 4130/4130 4128/4128 3616/3616
f 4130/4130 3616/3616 3614/3614
f 3016/3016 3019/3019 3744/3744
f 3016/3016 3744/3744 4090/4090
f 4090/4090 3744/3744 3561/3561
f 4090/4090 3561/3561 3592/3592
f 3592/3592 4126/4126 4127/4127
f 3592/3592 4127/4127 3586/3586
f 4127/4127 4126/4126 3671/3671
f 4127/4127 3671/3671 3659/3659
f 3031/3031 3033/3033 3742/3742
f 3031/3031 3742/3742 4089/4089
f 4089/4089 3742/3742 3557/3557
f 4089/4089 3557/3557 3590/3590
f 3044/3044 3046/3046 4092/4092
f 3044/3044 4092/4092 4087/4087
f 4087/4087 4092/4092 3594/3594
f 4087/4087 3594/3594 3588/3588
f 3581/3581 3577/3577 4125/4125
f 3581/3581 4125/4125 4093/4093
f 4093/4093 4125/4125 3640/3640
f 4093/4093 3640/3640 3648/3648
f 3014/3014 3016/3016 4090/4090
f 3014/3014 4090/4090 4085/4085
f 4085/4085 4090/4090 3592/3592
f 4085/4085 3592/3592 3586/3586
f 3595/3595 3589/3589 4123/4123
f 3595/3595 4123/4123 4124/4124
f 4124/4124 4123/4123 3664/3664
f 4124/4124 3664/3664 3676/3676
f 3029/3029 3031/3031 4089/4089
f 3029/3029 4089/4089 4083/4083
f 4083/4083 4089/4089 3590/3590
f 4083/4083 3590/3590 3584/3584
f 3562/3562 4120/4120 4122/4122
f 3562/3562 4122/4122 3567/3567
f 4122/4122 4120/4120 3613/3613
f 4122/4122 3613/3613 3621/3621
f 3042/3042 3044/3044 4087/4087
f 3042/3042 4087/4087 4081/4081
f 4081/4081 4087/4087 3588/3588
f 4081/4081 3588/3588 3582/3582
f 3582/3582 4082/4082 4131/4131
f 3582/3582 4131/4131 3578/3578
f 4131/4131 4082/4082 3651/3651
f 4131/4131 3651/3651 3643/3643
f 3012/3012 3014/3014 4085/4085
f 3012/3012 4085/4085 4072/4072
f 4072/4072 4085/4085 3586/3586
f 4072/4072 3586/3586 3572/3572
f 3580/3580 4117/4117 4118/4118
f 3580/3580 4118/4118 3576/3576
f 4118/4118 4117/4117 3647/3647
f 4118/4118 3647/3647 3639/3639
f 3027/3027 3029/3029 4083/4083
f 3027/3027 4083/4083 4080/4080
f 4080/4080 4083/4083 3584/3584
f 4080/4080 3584/3584 3580/3580
f 3594/3594 4060/4060 4058/4058
f 3594/3594 4058/4058 3588/3588
f 4058/4058 4060/4060 3675/3675
f 4058/4058 3675/3675 3663/3663
f 3569/3569 3555/3555 4064/4064
f 3569/3569 4064/4064 4062/4062
f 4062/4062 4064/4064 3598/3598
f 4062/4062 3598/3598 3624/3624
f 3025/3025 3027/3027 4080/4080
f 3025/3025 4080/4080 4076/4076
f 4076/4076 4080/4080 3580/3580
f 4076/4076 3580/3580 3576/3576
f 3038/3038 3040/3040 4078/4078
f 3038/3038 4078/4078 4074/4074
f 4074/4074 4078/4078 3578/3578
f 4074/4074 3578/3578 3574/3574
f 3023/3023 3025/3025 4076/4076
f 3023/3023 4076/4076 4071/4071
f 4071/4071 4076/4076 3576/3576
f 4071/4071 3576/3576 3570/3570
f 3556/3556 3591/3591 4075/4075
f 3556/3556 4075/4075 4073/4073
f 4073/4073 4075/4075 3668/3668
f 4073/4073 3668/3668 3600/3600
f 3037/3037 3038/3038 4074/4074
f 3037/3037 4074/4074 4069/4069
f 4069/4069 4074/4074 3574/3574
f 4069/4069 3574/3574 3568/3568
f 3568/3568 4079/4079 4077/4077
f 3568/3568 4077/4077 3554/3554
f 4077/4077 4079/4079 3623/3623
f 4077/4077 3623/3623 3597/3597
f 3052/3052 3012/3012 4072/4072
f 3052/3052 4072/4072 4065/4065
f 4065/4065 4072/4072 3572/3572
f 4065/4065 3572/3572 3562/3562
f 3557/3557 4086/4086 4084/4084
f 3557/3557 4084/4084 3590/3590
f 4084/4084 4086/4086 3603/3603
f 4084/4084 3603/3603 3667/3667
f 3035/3035 3037/3037 4069/4069
f 3035/3035 4069/4069 4057/4057
f 4057/4057 4069/4069 3568/3568
f 4057/4057 3568/3568 3554/3554
f 3049/3049 3052/3052 4065/4065
f 3049/3049 4065/4065 3747/3747
f 3747/3747 4065/4065 3562/3562
f 3747/3747 3562/3562 3567/3567
f 3585/3585 3581/3581 4093/4093
f 3585/3585 4093/4093 4091/4091
f 4091/4091 4093/4093 3648/3648
f 4091/4091 3648/3648 3656/3656
f 3019/3019 3021/3021 4061/4061
f 3019/3019 4061/4061 3744/3744
f 3744/3744 4061/4061 3558/3558
f 3744/3744 3558/3558 3561/3561
f 3560/3560 3593/3593 4095/4095
f 3560/3560 4095/4095 4094/4094
f 4094/4094 4095/4095 3672/3672
f 4094/4094 3672/3672 3608/3608
f 3033/3033 3035/3035 4057/4057
f 3033/3033 4057/4057 3742/3742
f 3742/3742 4057/4057 3554/3554
f 3742/3742 3554/3554 3557/3557
f 3570/3570 3558/3558 4061/4061
f 3570/3570 4061/4061 4071/4071
f 3571/3571 3559/3559 4119/4119
f 3571/3571 4119/4119 4088/4088
f 4071/4071 4061/4061 3021/3021
f 4071/4071 3021/3021 3023/3023
f 4088/4088 4119/4119 3606/3606
f 4088/4088 3606/3606 3628/3628
f 3626/3626 4104/4104 4099/4099
f 3626/3626 4099/4099 3604/3604
f 4099/4099 4104/4104 3629/3629
f 4099/4099 3629/3629 3607/3607
f 3650/3650 4110/4110 4108/4108
f 3650/3650 4108/4108 3642/3642
f 4108/4108 4110/4110 3653/3653
f 4108/4108 3653/3653 3645/3645
f 3619/3619 4102/4102 4116/4116
f 3619/3619 4116/4116 3674/3674
f 4116/4116 4102/4102 3618/3618
f 4116/4116 3618/3618 3677/3677
f 3610/3610 4100/4100 4115/4115
f 3610/3610 4115/4115 3670/3670
f 4115/4115 4100/4100 3609/3609
f 4115/4115 3609/3609 3673/3673
f 3602/3602 4098/4098 4114/4114
f 3602/3602 4114/4114 3666/3666
f 4114/4114 4098/4098 3601/3601
f 4114/4114 3601/3601 3669/3669
f 3674/3674 4116/4116 4113/4113
f 3674/3674 4113/4113 3662/3662
f 4113/4113 4116/4116 3677/3677
f 4113/4113 3677/3677 3665/3665
f 3670/3670 4115/4115 4112/4112
f 3670/3670 4112/4112 3658/3658
f 4112/4112 4115/4115 3673/3673
f 4112/4112 3673/3673 3661/3661
f 3666/3666 4114/4114 4111/4111
f 3666/3666 4111/4111 3654/3654
f 4111/4111 4114/4114 3669/3669
f 4111/4111 3669/3669 3657/3657
f 3662/3662 4113/4113 4110/4110
f 3662/3662 4110/4110 3650/3650
f 4110/4110 4113/4113 3665/3665
f 4110/4110 3665/3665 3653/3653
f 3658/3658 4112/4112 4105/4105
f 3658/3658 4105/4105 3630/3630
f 4105/4105 4112/4112 3661/3661
f 4105/4105 3661/3661 3633/3633
f 3654/3654 4111/4111 4109/4109
f 3654/3654 4109/4109 3646/3646
f 4109/4109 4111/4111 3657/3657
f 4109/4109 3657/3657 3649/3649
f 3646/3646 4109/4109 4107/4107
f 3646/3646 4107/4107 3638/3638
f 4107/4107 4109/4109 3649/3649
f 4107/4107 3649/3649 3641/3641
f 3642/3642 4108/4108 4106/4106
f 3642/3642 4106/4106 3634/3634
f 4106/4106 4108/4108 3645/3645
f 4106/4106 3645/3645 3637/3637
f 3638/3638 4107/4107 4104/4104
f 3638/3638 4104/4104 3626/3626
f 4104/4104 4107/4107 3641/3641
f 4104/4104 3641/3641 3629/3629
f 3634/3634 4106/4106 4103/4103
f 3634/3634 4103/4103 3622/3622
f 4103/4103 4106/4106 3637/3637
f 4103/4103 3637/3637 3625/3625
f 3630/3630 4105/4105 4101/4101
f 3630/3630 4101/4101 3612/3612
f 4101/4101 4105/4105 3633/3633
f 4101/4101 3633/3633 3615/3615
f 3622/3622 4103/4103 4097/4097
f 3622/3622 4097/4097 3596/3596
f 4097/4097 4103/4103 3625/3625
f 4097/4097 3625/3625 3599/3599
f 3612/3612 4101/4101 4102/4102
f 3612/3612 4102/4102 3619/3619
f 4102/4102 4101/4101 3615/3615
f 4102/4102 3615/3615 3618/3618
f 3604/3604 4099/4099 4100/4100
f 3604/3604 4100/4100 3610/3610
f 4100/4100 4099/4099 3607/3607
f 4100/4100 3607/3607 3609/3609
f 3596/3596 4097/4097 4098/4098
f 3596/3596 4098/4098 3602/3602
f 4098/4098 4097/4097 3599/3599
f 4098/4098 3599/3599 3601/3601
f 3579/3579 3575/3575 4135/4135
f 3579/3579 4135/4135 4136/4136
f 4136/4136 4135/4135 3636/3636
f 4136/4136 3636/3636 3644/3644
f 3652/3652 4066/4066 4136/4136
f 3652/3652 4136/4136 3644/3644
f 3590/3590 4084/4084 4137/4137
f 3590/3590 4137/4137 3584/3584
f 4136/4136 4066/4066 3583/3583
f 4136/4136 3583/3583 3579/3579
f 4137/4137 4084/4084 3667/3667
f 4137/4137 3667/3667 3655/3655
f 3559/3559 3560/3560 4094/4094
f 3559/3559 4094/4094 4119/4119
f 4119/4119 4094/4094 3608/3608
f 4119/4119 3608/3608 3606/3606
f 3576/3576 4118/4118 4096/4096
f 3576/3576 4096/4096 3570/3570
f 4096/4096 4118/4118 3639/3639
f 4096/4096 3639/3639 3627/3627
f 3591/3591 3585/3585 4091/4091
f 3591/3591 4091/4091 4075/4075
f 4075/4075 4091/4091 3656/3656
f 4075/4075 3656/3656 3668/3668
f 3554/3554 4077/4077 4086/4086
f 3554/3554 4086/4086 3557/3557
f 4086/4086 4077/4077 3597/3597
f 4086/4086 3597/3597 3603/3603
f 3577/3577 3571/3571 4088/4088
f 3577/3577 4088/4088 4125/4125
f 4125/4125 4088/4088 3628/3628
f 4125/4125 3628/3628 3640/3640
f 3588/3588 4058/4058 4082/4082
f 3588/3588 4082/4082 3582/3582
f 4082/4082 4058/4058 3663/3663
f 4082/4082 3663/3663 3651/3651
f 3555/3555 3556/3556 4073/4073
f 3555/3555 4073/4073 4064/4064
f 4064/4064 4073/4073 3600/3600
f 4064/4064 3600/3600 3598/3598
f 3574/3574 4132/4132 4079/4079
f 3574/3574 4079/4079 3568/3568
f 4079/4079 4132/4132 3635/3635
f 4079/4079 3635/3635 3623/3623
f 3589/3589 3583/3583 4066/4066
f 3589/3589 4066/4066 4123/4123
f 4123/4123 4066/4066 3652/3652
f 4123/4123 3652/3652 3664/3664
f 3575/3575 3569/3569 4062/4062
f 3575/3575 4062/4062 4135/4135
f 4135/4135 4062/4062 3624/3624
f 4135/4135 3624/3624 3636/3636
f 3566/3566 4121/4121 4060/4060
f 3566/3566 4060/4060 3594/3594
f 4060/4060 4121/4121 3620/3620
f 4060/4060 3620/3620 3675/3675
f 3586/3586 4127/4127 4138/4138
f 3586/3586 4138/4138 3572/3572
f 4138/4138 4127/4127 3659/3659
f 4138/4138 3659/3659 3631/3631
f 3572/3572 4138/4138 4120/4120
f 3572/3572 4120/4120 3562/3562
f 4120/4120 4138/4138 3631/3631
f 4120/4120 3631/3631 3613/3613
f 3565/3565 3595/3595 4124/4124
f 3565/3565 4124/4124 4129/4129
f 4129/4129 4124/4124 3676/3676
f 4129/4129 3676/3676 3617/3617
f 3587/3587 3573/3573 4139/4139
f 3587/3587 4139/4139 4133/4133
f 4133/4133 4139/4139 3632/3632
f 4133/4133 3632/3632 3660/3660
f 3573/3573 3563/3563 4130/4130
f 3573/3573 4130/4130 4139/4139
f 4139/4139 4130/4130 3614/3614
f 4139/4139 3614/3614 3632/3632
f 3561/3561 4134/4134 4126/4126
f 3561/3561 4126/4126 3592/3592
f 4126/4126 4134/4134 3611/3611
f 4126/4126 3611/3611 3671/3671
f 3584/3584 4137/4137 4117/4117
f 3584/3584 4117/4117 3580/3580
f 4117/4117 4137/4137 3655/3655
f 4117/4117 3655/3655 3647/3647
f 3698/3698 3678/3678 4148/4148
f 3698/3698 4148/4148 4006/4006
f 3696/3696 3698/3698 4006/4006
f 3696/3696 4006/4006 4003/4003
f 4006/4006 4148/4148 3469/3469
f 4006/4006 3469/3469 3466/3466
f 3695/3695 3697/3697 4004/4004
f 3695/3695 4004/4004 4001/4001
f 4003/4003 4006/4006 3466/3466
f 4003/4003 3466/3466 3462/3462
f 3694/3694 3695/3695 4001/4001
f 3694/3694 4001/4001 3999/3999
f 4001/4001 4004/4004 3463/3463
f 4001/4001 3463/3463 3460/3460
f 3693/3693 3694/3694 3999/3999
f 3693/3693 3999/3999 3997/3997
f 3999/3999 4001/4001 3460/3460
f 3999/3999 3460/3460 3458/3458
f 3454/3454 3996/3996 3997/3997
f 3454/3454 3997/3997 3456/3456
f 3997/3997 3999/3999 3458/3458
f 3997/3997 3458/3458 3456/3456
f 3691/3691 3692/3692 3996/3996
f 3691/3691 3996/3996 3994/3994
f 3997/3997 3996/3996 3692/3692
f 3997/3997 3692/3692 3693/3693
f 3690/3690 3691/3691 3994/3994
f 3690/3690 3994/3994 3992/3992
f 3994/3994 3996/3996 3454/3454
f 3994/3994 3454/3454 3452/3452
f 3689/3689 3690/3690 3992/3992
f 3689/3689 3992/3992 3989/3989
f 3992/3992 3994/3994 3452/3452
f 3992/3992 3452/3452 3450/3450
f 3688/3688 3689/3689 3989/3989
f 3688/3688 3989/3989 3988/3988
f 3989/3989 3992/3992 3450/3450
f 3989/3989 3450/3450 3448/3448
f 3687/3687 3688/3688 3988/3988
f 3687/3687 3988/3988 3986/3986
f 3988/3988 3989/3989 3448/3448
f 3988/3988 3448/3448 3446/3446
f 3686/3686 3687/3687 3986/3986
f 3686/3686 3986/3986 3984/3984
f 3986/3986 3988/3988 3446/3446
f 3986/3986 3446/3446 3444/3444
f 3685/3685 3686/3686 3984/3984
f 3685/3685 3984/3984 3983/3983
f 3984/3984 3986/3986 3444/3444
f 3984/3984 3444/3444 3442/3442
f 3684/3684 3685/3685 3983/3983
f 3684/3684 3983/3983 3981/3981
f 3983/3983 3984/3984 3442/3442
f 3983/3983 3442/3442 3440/3440
f 3683/3683 3684/3684 3981/3981
f 3683/3683 3981/3981 3980/3980
f 3981/3981 3983/3983 3440/3440
f 3981/3981 3440/3440 3438/3438
f 3434/3434 3978/3978 3980/3980
f 3434/3434 3980/3980 3436/3436
f 3980/3980 3981/3981 3438/3438
f 3980/3980 3438/3438 3436/3436
f 3681/3681 3682/3682 3978/3978
f 3681/3681 3978/3978 3977/3977
f 3980/3980 3978/3978 3682/3682
f 3980/3980 3682/3682 3683/3683
f 3680/3680 3681/3681 3977/3977
f 3680/3680 3977/3977 3975/3975
f 3977/3977 3978/3978 3434/3434
f 3977/3977 3434/3434 3432/3432
f 3679/3679 3680/3680 3975/3975
f 3679/3679 3975/3975 3973/3973
f 3975/3975 3977/3977 3432/3432
f 3975/3975 3432/3432 3430/3430
f 3678/3678 3679/3679 3973/3973
f 3678/3678 3973/3973 4148/4148
f 3973/3973 3975/3975 3430/3430
f 3973/3973 3430/3430 3428/3428
f 4148/4148 3973/3973 3428/3428
f 4148/4148 3428/3428 3469/3469
f 3120/3120 3127/3127 3932/3932
f 3120/3120 3932/3932 3931/3931
f 3212/3212 4161/4161 3205/3205
f 4161/4161 3177/3177 3184/3184
f 3205/3205 4161/4161 3198/3198
f 3184/3184 3191/3191 4161/4161
f 4161/4161 3142/3142 3149/3149
f 3149/3149 3156/3156 4161/4161
f 3156/3156 3163/3163 4161/4161
f 3163/3163 3170/3170 4161/4161
f 3233/3233 3221/3221 4162/4162
f 3165/3165 3158/3158 4162/4162
f 3137/3137 3130/3130 4162/4162
f 3186/3186 4162/4162 3193/3193
f 4162/4162 3221/3221 3214/3214
f 3193/3193 4162/4162 3200/3200
f 3214/3214 3207/3207 4162/4162
f 4162/4162 3116/3116 3254/3254
f 3254/3254 3247/3247 4162/4162
f 3247/3247 3240/3240 4162/4162
f 3240/3240 3233/3233 4162/4162
f 3158/3158 3151/3151 4162/4162
f 4162/4162 3186/3186 3179/3179
f 3179/3179 3172/3172 4162/4162
f 3172/3172 3165/3165 4162/4162
f 3130/3130 3123/3123 4162/4162
f 3123/3123 3116/3116 4162/4162
f 4162/4162 3151/3151 3144/3144
f 3137/3137 4162/4162 3144/3144
f 3261/3261 3889/3889 3699/3699
f 3261/3261 3699/3699 3263/3263
f 3075/3075 3323/3323 3324/3324
f 3075/3075 3324/3324 3077/3077
f 4169/4169 4171/4171 3860/3860
f 4169/4169 3860/3860 3859/3859
f 4178/4178 4173/4173 3865/3865
f 4178/4178 3865/3865 3864/3864
f 4177/4177 4167/4167 3850/3850
f 4177/4177 3850/3850 3849/3849
f 4182/4182 4168/4168 3855/3855
f 4182/4182 3855/3855 3854/3854
f 3866/3866 4180/4180 4173/4173
f 3866/3866 4178/4178 4175/4175
f 4172/4172 3866/3866 4175/4175
f 3866/3866 4172/4172 4170/4170
f 3866/3866 4169/4169 4181/4181
f 3866/3866 4181/4181 4164/4164
f 3866/3866 4164/4164 4165/4165
f 3866/3866 4165/4165 4168/4168
f 4179/4179 3866/3866 4182/4182
f 3866/3866 4179/4179 4176/4176
f 3866/3866 4176/4176 4163/4163
f 3866/3866 4177/4177 4174/4174
f 3866/3866 4163/4163 4167/4167
f 3866/3866 4174/4174 4166/4166
f 3866/3866 4166/4166 4180/4180
f 3846/3846 4180/4180 4166/4166
f 3846/3846 4166/4166 3847/3847
f 3847/3847 4166/4166 4174/4174
f 3847/3847 4174/4174 3848/3848
f 3850/3850 4167/4167 4163/4163
f 3850/3850 4163/4163 3851/3851
f 3848/3848 4174/4174 4177/4177
f 3848/3848 4177/4177 3849/3849
f 3851/3851 4163/4163 4176/4176
f 3851/3851 4176/4176 3852/3852
f 3852/3852 4176/4176 4179/4179
f 3852/3852 4179/4179 3853/3853
f 3853/3853 4179/4179 4182/4182
f 3853/3853 4182/4182 3854/3854
f 3855/3855 4168/4168 4165/4165
f 3855/3855 4165/4165 3856/3856
f 3856/3856 4165/4165 4164/4164
f 3856/3856 4164/4164 3857/3857
f 3857/3857 4164/4164 4181/4181
f 3857/3857 4181/4181 3858/3858
f 3858/3858 4181/4181 4169/4169
f 3858/3858 4169/4169 3859/3859
f 3861/3861 4170/4170 4172/4172
f 3861/3861 4172/4172 3862/3862
f 3862/3862 4172/4172 4175/4175
f 3862/3862 4175/4175 3863/3863
f 3863/3863 4175/4175 4178/4178
f 3863/3863 4178/4178 3864/3864
f 3865/3865 4173/4173 4180/4180
f 3865/3865 4180/4180 3846/3846
f 3860/3860 4171/4171 4170/4170
f 3860/3860 4170/4170 3861/3861
f 3866/3866 4167/4167 4177/4177
f 3866/3866 4173/4173 4178/4178
f 3866/3866 4171/4171 4169/4169
f 3866/3866 4170/4170 4171/4171
f 4237/4237 4756/4756 5435/5435
f 4237/4237 5435/5435 4778/4778
f 4756/4756 4194/4194 4711/4711
f 4756/4756 4711/4711 5435/5435
f 5435/5435 4711/4711 4202/4202
f 5435/5435 4202/4202 4758/4758
f 4778/4778 5435/5435 4758/4758
f 4778/4778 4758/4758 4239/4239
f 4693/4693 4196/4196 4707/4707
f 4693/4693 4707/4707 5436/5436
f 5436/5436 4707/4707 4204/4204
f 5436/5436 4204/4204 4705/4705
f 4235/4235 4754/4754 5437/5437
f 4235/4235 5437/5437 4777/4777
f 4754/4754 4184/4184 4695/4695
f 4754/4754 4695/4695 5437/5437
f 5437/5437 4695/4695 4194/4194
f 5437/5437 4194/4194 4756/4756
f 4777/4777 5437/5437 4756/4756
f 4777/4777 4756/4756 4237/4237
f 4249/4249 4779/4779 5438/5438
f 4249/4249 5438/5438 4805/4805
f 4779/4779 4187/4187 4698/4698
f 4779/4779 4698/4698 5438/5438
f 5438/5438 4698/4698 4191/4191
f 5438/5438 4191/4191 4781/4781
f 4805/4805 5438/5438 4781/4781
f 4805/4805 4781/4781 4251/4251
f 4689/4689 4190/4190 4701/4701
f 4689/4689 4701/4701 5439/5439
f 5439/5439 4701/4701 4196/4196
f 5439/5439 4196/4196 4693/4693
f 4346/4346 4687/4687 5440/5440
f 4346/4346 5440/5440 4937/4937
f 4687/4687 4185/4185 4696/4696
f 4687/4687 4696/4696 5440/5440
f 5440/5440 4696/4696 4197/4197
f 5440/5440 4197/4197 4691/4691
f 4937/4937 5440/5440 4691/4691
f 4937/4937 4691/4691 4348/4348
f 4350/4350 4703/4703 5441/5441
f 4350/4350 5441/5441 4936/4936
f 4703/4703 4205/4205 4718/4718
f 4703/4703 4718/4718 5441/5441
f 5441/5441 4718/4718 4213/4213
f 5441/5441 4213/4213 4715/4715
f 4936/4936 5441/5441 4715/4715
f 4936/4936 4715/4715 4352/4352
f 4251/4251 4781/4781 5442/5442
f 4251/4251 5442/5442 4802/4802
f 4781/4781 4191/4191 4708/4708
f 4781/4781 4708/4708 5442/5442
f 5442/5442 4708/4708 4199/4199
f 5442/5442 4199/4199 4783/4783
f 4802/4802 5442/5442 4783/4783
f 4802/4802 4783/4783 4253/4253
f 4348/4348 4691/4691 5443/5443
f 4348/4348 5443/5443 4935/4935
f 4691/4691 4197/4197 4712/4712
f 4691/4691 4712/4712 5443/5443
f 5443/5443 4712/4712 4205/4205
f 5443/5443 4205/4205 4703/4703
f 4935/4935 5443/5443 4703/4703
f 4935/4935 4703/4703 4350/4350
f 4705/4705 4204/4204 4721/4721
f 4705/4705 4721/4721 5444/5444
f 5444/5444 4721/4721 4212/4212
f 5444/5444 4212/4212 4717/4717
f 4239/4239 4758/4758 5445/5445
f 4239/4239 5445/5445 4776/4776
f 4758/4758 4202/4202 4725/4725
f 4758/4758 4725/4725 5445/5445
f 5445/5445 4725/4725 4210/4210
f 5445/5445 4210/4210 4760/4760
f 4776/4776 5445/5445 4760/4760
f 4776/4776 4760/4760 4241/4241
f 4253/4253 4783/4783 5446/5446
f 4253/4253 5446/5446 4800/4800
f 4783/4783 4199/4199 4722/4722
f 4783/4783 4722/4722 5446/5446
f 5446/5446 4722/4722 4207/4207
f 5446/5446 4207/4207 4785/4785
f 4800/4800 5446/5446 4785/4785
f 4800/4800 4785/4785 4255/4255
f 4384/4384 4990/4990 5447/5447
f 4384/4384 5447/5447 4775/4775
f 4990/4990 4380/4380 4751/4751
f 4990/4990 4751/4751 5447/5447
f 5447/5447 4751/4751 4228/4228
f 5447/5447 4228/4228 4765/4765
f 4775/4775 5447/5447 4765/4765
f 4775/4775 4765/4765 4246/4246
f 4989/4989 4376/4376 4747/4747
f 4989/4989 4747/4747 5448/5448
f 5448/5448 4747/4747 4231/4231
f 5448/5448 4231/4231 4745/4745
f 4352/4352 4715/4715 5449/5449
f 4352/4352 5449/5449 4934/4934
f 4715/4715 4213/4213 4730/4730
f 4715/4715 4730/4730 5449/5449
f 5449/5449 4730/4730 4221/4221
f 5449/5449 4221/4221 4727/4727
f 4934/4934 5449/5449 4727/4727
f 4934/4934 4727/4727 4354/4354
f 4717/4717 4212/4212 4733/4733
f 4717/4717 4733/4733 5450/5450
f 5450/5450 4733/4733 4220/4220
f 5450/5450 4220/4220 4729/4729
f 4241/4241 4760/4760 5451/5451
f 4241/4241 5451/5451 4774/4774
f 4760/4760 4210/4210 4737/4737
f 4760/4760 4737/4737 5451/5451
f 5451/5451 4737/4737 4218/4218
f 5451/5451 4218/4218 4762/4762
f 4774/4774 5451/5451 4762/4762
f 4774/4774 4762/4762 4243/4243
f 4255/4255 4785/4785 5452/5452
f 4255/4255 5452/5452 4798/4798
f 4785/4785 4207/4207 4734/4734
f 4785/4785 4734/4734 5452/5452
f 5452/5452 4734/4734 4215/4215
f 5452/5452 4215/4215 4787/4787
f 4798/4798 5452/5452 4787/4787
f 4798/4798 4787/4787 4257/4257
f 4930/4930 4962/4962 4372/4372
f 4930/4930 4372/4372 4357/4357
f 5453/5453 4744/4744 4229/4229
f 5453/5453 4229/4229 4791/4791
f 4797/4797 5453/5453 4791/4791
f 4797/4797 4791/4791 4261/4261
f 4386/4386 4988/4988 5454/5454
f 4386/4386 5454/5454 4796/4796
f 4988/4988 4377/4377 4967/4967
f 4988/4988 4967/4967 5454/5454
f 5454/5454 4967/4967 4224/4224
f 5454/5454 4224/4224 4790/4790
f 4796/4796 5454/5454 4790/4790
f 4796/4796 4790/4790 4260/4260
f 4388/4388 4987/4987 5455/5455
f 4388/4388 5455/5455 4933/4933
f 4987/4987 4381/4381 4971/4971
f 4987/4987 4971/4971 5455/5455
f 5455/5455 4971/4971 4233/4233
f 5455/5455 4233/4233 4741/4741
f 4933/4933 5455/5455 4741/4741
f 4933/4933 4741/4741 4358/4358
f 4242/4242 4717/4717 5450/5450
f 4242/4242 5450/5450 4772/4772
f 4793/4793 5453/5453 4797/4797
f 4793/4793 4797/4797 4263/4263
f 4214/4214 4716/4716 5456/5456
f 4214/4214 5456/5456 4731/4731
f 4731/4731 5456/5456 4728/4728
f 4731/4731 4728/4728 4222/4222
f 5450/5450 4729/4729 4244/4244
f 5450/5450 4244/4244 4772/4772
f 4383/4383 4989/4989 5448/5448
f 4383/4383 5448/5448 4771/4771
f 5448/5448 4745/4745 4248/4248
f 5448/5448 4248/4248 4771/4771
f 4240/4240 4705/4705 5444/5444
f 4240/4240 5444/5444 4770/4770
f 4382/4382 4986/4986 5457/5457
f 4382/4382 5457/5457 4972/4972
f 4972/4972 5457/5457 4743/4743
f 4972/4972 4743/4743 4234/4234
f 4206/4206 4704/4704 5458/5458
f 4206/4206 5458/5458 4719/4719
f 4719/4719 5458/5458 4716/4716
f 4719/4719 4716/4716 4214/4214
f 5444/5444 4717/4717 4242/4242
f 5444/5444 4242/4242 4770/4770
f 4236/4236 4689/4689 5439/5439
f 4236/4236 5439/5439 4769/4769
f 5439/5439 4693/4693 4238/4238
f 5439/5439 4238/4238 4769/4769
f 4238/4238 4693/4693 5436/5436
f 4238/4238 5436/5436 4768/4768
f 4186/4186 4688/4688 5459/5459
f 4186/4186 5459/5459 4697/4697
f 4697/4697 5459/5459 4692/4692
f 4697/4697 4692/4692 4198/4198
f 5436/5436 4705/4705 4240/4240
f 5436/5436 4240/4240 4768/4768
f 4716/4716 4241/4241 4774/4774
f 4716/4716 4774/4774 5456/5456
f 4198/4198 4692/4692 5460/5460
f 4198/4198 5460/5460 4713/4713
f 4713/4713 5460/5460 4704/4704
f 4713/4713 4704/4704 4206/4206
f 4192/4192 4757/4757 5461/5461
f 4192/4192 5461/5461 4709/4709
f 4757/4757 4238/4238 4768/4768
f 4757/4757 4768/4768 5461/5461
f 5461/5461 4768/4768 4240/4240
f 5461/5461 4240/4240 4759/4759
f 4709/4709 5461/5461 4759/4759
f 4709/4709 4759/4759 4200/4200
f 4188/4188 4755/4755 5462/5462
f 4188/4188 5462/5462 4699/4699
f 4755/4755 4236/4236 4769/4769
f 4755/4755 4769/4769 5462/5462
f 5462/5462 4769/4769 4238/4238
f 5462/5462 4238/4238 4757/4757
f 4699/4699 5462/5462 4757/4757
f 4699/4699 4757/4757 4192/4192
f 4200/4200 4759/4759 5463/5463
f 4200/4200 5463/5463 4723/4723
f 4759/4759 4240/4240 4770/4770
f 4759/4759 4770/4770 5463/5463
f 5463/5463 4770/4770 4242/4242
f 5463/5463 4242/4242 4761/4761
f 4723/4723 5463/5463 4761/4761
f 4723/4723 4761/4761 4208/4208
f 4378/4378 4985/4985 5464/5464
f 4378/4378 5464/5464 4968/4968
f 4985/4985 4383/4383 4771/4771
f 4985/4985 4771/4771 5464/5464
f 5464/5464 4771/4771 4248/4248
f 5464/5464 4248/4248 4767/4767
f 4968/4968 5464/5464 4767/4767
f 4968/4968 4767/4767 4225/4225
f 4208/4208 4761/4761 5465/5465
f 4208/4208 5465/5465 4735/4735
f 4761/4761 4242/4242 4772/4772
f 4761/4761 4772/4772 5465/5465
f 5465/5465 4772/4772 4244/4244
f 5465/5465 4244/4244 4763/4763
f 4735/4735 5465/5465 4763/4763
f 4735/4735 4763/4763 4216/4216
f 4259/4259 4789/4789 5466/5466
f 4259/4259 5466/5466 4794/4794
f 4789/4789 4223/4223 4766/4766
f 4789/4789 4766/4766 5466/5466
f 5466/5466 4766/4766 4247/4247
f 5466/5466 4247/4247 4793/4793
f 4794/4794 5466/5466 4793/4793
f 4794/4794 4793/4793 4263/4263
f 5456/5456 4774/4774 4243/4243
f 5456/5456 4243/4243 4728/4728
f 4384/4384 4775/4775 5457/5457
f 4384/4384 5457/5457 4986/4986
f 5457/5457 4775/4775 4246/4246
f 5457/5457 4246/4246 4743/4743
f 4704/4704 4239/4239 4776/4776
f 4704/4704 4776/4776 5458/5458
f 5458/5458 4776/4776 4241/4241
f 5458/5458 4241/4241 4716/4716
f 4688/4688 4235/4235 4777/4777
f 4688/4688 4777/4777 5459/5459
f 5459/5459 4777/4777 4237/4237
f 5459/5459 4237/4237 4692/4692
f 4692/4692 4237/4237 4778/4778
f 4692/4692 4778/4778 5460/5460
f 5460/5460 4778/4778 4239/4239
f 5460/5460 4239/4239 4704/4704
f 4263/4263 4797/4797 5470/5470
f 4263/4263 5470/5470 4952/4952
f 4370/4370 4948/4948 5467/5467
f 4370/4370 5467/5467 4964/4964
f 4948/4948 4259/4259 4794/4794
f 4948/4948 4794/4794 5467/5467
f 5467/5467 4794/4794 4263/4263
f 5467/5467 4263/4263 4952/4952
f 4964/4964 5467/5467 4952/4952
f 4964/4964 4952/4952 4374/4374
f 4359/4359 4930/4930 5527/5527
f 4359/4359 5527/5527 4773/4773
f 4952/4952 5470/5470 4962/4962
f 4952/4952 4962/4962 4374/4374
f 4375/4375 4984/4984 5468/5468
f 4375/4375 5468/5468 4746/4746
f 4984/4984 4385/4385 4795/4795
f 4984/4984 4795/4795 5468/5468
f 5468/5468 4795/4795 4262/4262
f 5468/5468 4262/4262 4792/4792
f 4746/4746 5468/5468 4792/4792
f 4746/4746 4792/4792 4230/4230
f 4390/4390 4983/4983 5469/5469
f 4390/4390 5469/5469 4963/4963
f 4983/4983 4386/4386 4796/4796
f 4983/4983 4796/4796 5469/5469
f 5469/5469 4796/4796 4260/4260
f 5469/5469 4260/4260 4949/4949
f 4963/4963 5469/5469 4949/4949
f 4963/4963 4949/4949 4371/4371
f 5470/5470 4797/4797 4261/4261
f 5470/5470 4261/4261 4950/4950
f 4962/4962 5470/5470 4950/4950
f 4962/4962 4950/4950 4372/4372
f 4366/4366 4944/4944 5471/5471
f 4366/4366 5471/5471 4961/4961
f 4944/4944 4255/4255 4798/4798
f 4944/4944 4798/4798 5471/5471
f 5471/5471 4798/4798 4257/4257
f 5471/5471 4257/4257 4946/4946
f 4961/4961 5471/5471 4946/4946
f 4961/4961 4946/4946 4368/4368
f 4211/4211 4786/4786 5472/5472
f 4211/4211 5472/5472 4732/4732
f 4786/4786 4256/4256 4799/4799
f 4786/4786 4799/4799 5472/5472
f 5472/5472 4799/4799 4258/4258
f 5472/5472 4258/4258 4788/4788
f 4732/4732 5472/5472 4788/4788
f 4732/4732 4788/4788 4219/4219
f 4364/4364 4942/4942 5473/5473
f 4364/4364 5473/5473 4960/4960
f 4942/4942 4253/4253 4800/4800
f 4942/4942 4800/4800 5473/5473
f 5473/5473 4800/4800 4255/4255
f 5473/5473 4255/4255 4944/4944
f 4960/4960 5473/5473 4944/4944
f 4960/4960 4944/4944 4366/4366
f 4195/4195 4782/4782 5474/5474
f 4195/4195 5474/5474 4706/4706
f 4782/4782 4252/4252 4801/4801
f 4782/4782 4801/4801 5474/5474
f 5474/5474 4801/4801 4254/4254
f 5474/5474 4254/4254 4784/4784
f 4706/4706 5474/5474 4784/4784
f 4706/4706 4784/4784 4203/4203
f 4362/4362 4940/4940 5475/5475
f 4362/4362 5475/5475 4959/4959
f 4940/4940 4251/4251 4802/4802
f 4940/4940 4802/4802 5475/5475
f 5475/5475 4802/4802 4253/4253
f 5475/5475 4253/4253 4942/4942
f 4959/4959 5475/5475 4942/4942
f 4959/4959 4942/4942 4364/4364
f 4203/4203 4784/4784 5476/5476
f 4203/4203 5476/5476 4720/4720
f 4784/4784 4254/4254 4803/4803
f 4784/4784 4803/4803 5476/5476
f 5476/5476 4803/4803 4256/4256
f 5476/5476 4256/4256 4786/4786
f 4720/4720 5476/5476 4786/4786
f 4720/4720 4786/4786 4211/4211
f 4189/4189 4780/4780 5477/5477
f 4189/4189 5477/5477 4700/4700
f 4780/4780 4250/4250 4804/4804
f 4780/4780 4804/4804 5477/5477
f 5477/5477 4804/4804 4252/4252
f 5477/5477 4252/4252 4782/4782
f 4700/4700 5477/5477 4782/4782
f 4700/4700 4782/4782 4195/4195
f 4360/4360 4938/4938 5478/5478
f 4360/4360 5478/5478 4958/4958
f 4938/4938 4249/4249 4805/4805
f 4938/4938 4805/4805 5478/5478
f 5478/5478 4805/4805 4251/4251
f 5478/5478 4251/4251 4940/4940
f 4958/4958 5478/5478 4940/4940
f 4958/4958 4940/4940 4362/4362
f 4318/4318 4876/4876 5479/5479
f 4318/4318 5479/5479 4898/4898
f 4876/4876 4275/4275 4831/4831
f 4876/4876 4831/4831 5479/5479
f 5479/5479 4831/4831 4283/4283
f 5479/5479 4283/4283 4878/4878
f 4898/4898 5479/5479 4878/4878
f 4898/4898 4878/4878 4320/4320
f 4813/4813 4277/4277 4827/4827
f 4813/4813 4827/4827 5480/5480
f 5480/5480 4827/4827 4285/4285
f 5480/5480 4285/4285 4825/4825
f 4316/4316 4874/4874 5481/5481
f 4316/4316 5481/5481 4897/4897
f 4874/4874 4265/4265 4815/4815
f 4874/4874 4815/4815 5481/5481
f 5481/5481 4815/4815 4275/4275
f 5481/5481 4275/4275 4876/4876
f 4897/4897 5481/5481 4876/4876
f 4897/4897 4876/4876 4318/4318
f 4330/4330 4899/4899 5482/5482
f 4330/4330 5482/5482 4925/4925
f 4899/4899 4268/4268 4818/4818
f 4899/4899 4818/4818 5482/5482
f 5482/5482 4818/4818 4272/4272
f 5482/5482 4272/4272 4901/4901
f 4925/4925 5482/5482 4901/4901
f 4925/4925 4901/4901 4332/4332
f 4809/4809 4271/4271 4821/4821
f 4809/4809 4821/4821 5483/5483
f 5483/5483 4821/4821 4277/4277
f 5483/5483 4277/4277 4813/4813
f 4392/4392 4991/4991 5484/5484
f 4392/4392 5484/5484 5003/5003
f 4991/4991 4266/4266 4816/4816
f 4991/4991 4816/4816 5484/5484
f 5484/5484 4816/4816 4278/4278
f 5484/5484 4278/4278 4811/4811
f 5003/5003 5484/5484 4811/4811
f 5003/5003 4811/4811 4394/4394
f 4396/4396 4823/4823 5485/5485
f 4396/4396 5485/5485 5002/5002
f 4823/4823 4286/4286 4838/4838
f 4823/4823 4838/4838 5485/5485
f 5485/5485 4838/4838 4294/4294
f 5485/5485 4294/4294 4835/4835
f 5002/5002 5485/5485 4835/4835
f 5002/5002 4835/4835 4398/4398
f 4332/4332 4901/4901 5486/5486
f 4332/4332 5486/5486 4922/4922
f 4901/4901 4272/4272 4828/4828
f 4901/4901 4828/4828 5486/5486
f 5486/5486 4828/4828 4280/4280
f 5486/5486 4280/4280 4903/4903
f 4922/4922 5486/5486 4903/4903
f 4922/4922 4903/4903 4334/4334
f 4394/4394 4811/4811 5487/5487
f 4394/4394 5487/5487 5001/5001
f 4811/4811 4278/4278 4832/4832
f 4811/4811 4832/4832 5487/5487
f 5487/5487 4832/4832 4286/4286
f 5487/5487 4286/4286 4823/4823
f 5001/5001 5487/5487 4823/4823
f 5001/5001 4823/4823 4396/4396
f 4825/4825 4285/4285 4841/4841
f 4825/4825 4841/4841 5488/5488
f 5488/5488 4841/4841 4293/4293
f 5488/5488 4293/4293 4837/4837
f 4320/4320 4878/4878 5489/5489
f 4320/4320 5489/5489 4896/4896
f 4878/4878 4283/4283 4845/4845
f 4878/4878 4845/4845 5489/5489
f 5489/5489 4845/4845 4291/4291
f 5489/5489 4291/4291 4880/4880
f 4896/4896 5489/5489 4880/4880
f 4896/4896 4880/4880 4322/4322
f 4334/4334 4903/4903 5490/5490
f 4334/4334 5490/5490 4920/4920
f 4903/4903 4280/4280 4842/4842
f 4903/4903 4842/4842 5490/5490
f 5490/5490 4842/4842 4288/4288
f 5490/5490 4288/4288 4905/4905
f 4920/4920 5490/5490 4905/4905
f 4920/4920 4905/4905 4336/4336
f 4430/4430 5055/5055 5491/5491
f 4430/4430 5491/5491 4895/4895
f 5055/5055 4426/4426 4871/4871
f 5055/5055 4871/4871 5491/5491
f 5491/5491 4871/4871 4309/4309
f 5491/5491 4309/4309 4885/4885
f 4895/4895 5491/5491 4885/4885
f 4895/4895 4885/4885 4327/4327
f 5054/5054 4422/4422 4867/4867
f 5054/5054 4867/4867 5492/5492
f 5492/5492 4867/4867 4312/4312
f 5492/5492 4312/4312 4865/4865
f 4398/4398 4835/4835 5493/5493
f 4398/4398 5493/5493 5000/5000
f 4835/4835 4294/4294 4850/4850
f 4835/4835 4850/4850 5493/5493
f 5493/5493 4850/4850 4302/4302
f 5493/5493 4302/4302 4847/4847
f 5000/5000 5493/5493 4847/4847
f 5000/5000 4847/4847 4400/4400
f 4837/4837 4293/4293 4853/4853
f 4837/4837 4853/4853 5494/5494
f 5494/5494 4853/4853 4301/4301
f 5494/5494 4301/4301 4849/4849
f 4322/4322 4880/4880 5495/5495
f 4322/4322 5495/5495 4894/4894
f 4880/4880 4291/4291 4857/4857
f 4880/4880 4857/4857 5495/5495
f 5495/5495 4857/4857 4299/4299
f 5495/5495 4299/4299 4882/4882
f 4894/4894 5495/5495 4882/4882
f 4894/4894 4882/4882 4324/4324
f 4336/4336 4905/4905 5496/5496
f 4336/4336 5496/5496 4918/4918
f 4905/4905 4288/4288 4854/4854
f 4905/4905 4854/4854 5496/5496
f 5496/5496 4854/4854 4296/4296
f 5496/5496 4296/4296 4907/4907
f 4918/4918 5496/5496 4907/4907
f 4918/4918 4907/4907 4338/4338
f 4996/4996 5027/5027 4419/4419
f 4996/4996 4419/4419 4404/4404
f 5497/5497 4864/4864 4311/4311
f 5497/5497 4311/4311 4912/4912
f 4917/4917 5497/5497 4912/4912
f 4917/4917 4912/4912 4343/4343
f 4432/4432 5053/5053 5498/5498
f 4432/4432 5498/5498 4916/4916
f 5053/5053 4423/4423 5032/5032
f 5053/5053 5032/5032 5498/5498
f 5498/5498 5032/5032 4304/4304
f 5498/5498 4304/4304 4909/4909
f 4916/4916 5498/5498 4909/4909
f 4916/4916 4909/4909 4340/4340
f 4434/4434 5052/5052 5499/5499
f 4434/4434 5499/5499 4999/4999
f 5052/5052 4427/4427 5036/5036
f 5052/5052 5036/5036 5499/5499
f 5499/5499 5036/5036 4313/4313
f 5499/5499 4313/4313 4860/4860
f 4999/4999 5499/5499 4860/4860
f 4999/4999 4860/4860 4403/4403
f 4323/4323 4837/4837 5494/5494
f 4323/4323 5494/5494 4892/4892
f 4913/4913 5497/5497 4917/4917
f 4913/4913 4917/4917 4344/4344
f 4295/4295 4836/4836 5500/5500
f 4295/4295 5500/5500 4851/4851
f 4851/4851 5500/5500 4848/4848
f 4851/4851 4848/4848 4303/4303
f 5494/5494 4849/4849 4325/4325
f 5494/5494 4325/4325 4892/4892
f 4429/4429 5054/5054 5492/5492
f 4429/4429 5492/5492 4891/4891
f 5492/5492 4865/4865 4329/4329
f 5492/5492 4329/4329 4891/4891
f 4321/4321 4825/4825 5488/5488
f 4321/4321 5488/5488 4890/4890
f 4428/4428 5051/5051 5501/5501
f 4428/4428 5501/5501 5037/5037
f 5037/5037 5501/5501 4863/4863
f 5037/5037 4863/4863 4315/4315
f 4287/4287 4824/4824 5502/5502
f 4287/4287 5502/5502 4839/4839
f 4839/4839 5502/5502 4836/4836
f 4839/4839 4836/4836 4295/4295
f 5488/5488 4837/4837 4323/4323
f 5488/5488 4323/4323 4890/4890
f 4809/4809 5483/5483 4889/4889
f 4809/4809 4889/4889 4317/4317
f 5483/5483 4813/4813 4319/4319
f 5483/5483 4319/4319 4889/4889
f 4319/4319 4813/4813 5480/5480
f 4319/4319 5480/5480 4888/4888
f 4267/4267 4808/4808 5503/5503
f 4267/4267 5503/5503 4817/4817
f 4817/4817 5503/5503 4812/4812
f 4817/4817 4812/4812 4279/4279
f 5480/5480 4825/4825 4321/4321
f 5480/5480 4321/4321 4888/4888
f 4836/4836 4322/4322 4894/4894
f 4836/4836 4894/4894 5500/5500
f 4279/4279 4812/4812 5504/5504
f 4279/4279 5504/5504 4833/4833
f 4833/4833 5504/5504 4824/4824
f 4833/4833 4824/4824 4287/4287
f 4273/4273 4877/4877 5505/5505
f 4273/4273 5505/5505 4829/4829
f 4877/4877 4319/4319 4888/4888
f 4877/4877 4888/4888 5505/5505
f 5505/5505 4888/4888 4321/4321
f 5505/5505 4321/4321 4879/4879
f 4829/4829 5505/5505 4879/4879
f 4829/4829 4879/4879 4281/4281
f 4269/4269 4875/4875 5506/5506
f 4269/4269 5506/5506 4819/4819
f 4875/4875 4317/4317 4889/4889
f 4875/4875 4889/4889 5506/5506
f 5506/5506 4889/4889 4319/4319
f 5506/5506 4319/4319 4877/4877
f 4819/4819 5506/5506 4877/4877
f 4819/4819 4877/4877 4273/4273
f 4281/4281 4879/4879 5507/5507
f 4281/4281 5507/5507 4843/4843
f 4879/4879 4321/4321 4890/4890
f 4879/4879 4890/4890 5507/5507
f 5507/5507 4890/4890 4323/4323
f 5507/5507 4323/4323 4881/4881
f 4843/4843 5507/5507 4881/4881
f 4843/4843 4881/4881 4289/4289
f 4424/4424 5050/5050 5508/5508
f 4424/4424 5508/5508 5033/5033
f 5050/5050 4429/4429 4891/4891
f 5050/5050 4891/4891 5508/5508
f 5508/5508 4891/4891 4329/4329
f 5508/5508 4329/4329 4887/4887
f 5033/5033 5508/5508 4887/4887
f 5033/5033 4887/4887 4306/4306
f 4289/4289 4881/4881 5509/5509
f 4289/4289 5509/5509 4855/4855
f 4881/4881 4323/4323 4892/4892
f 4881/4881 4892/4892 5509/5509
f 5509/5509 4892/4892 4325/4325
f 5509/5509 4325/4325 4883/4883
f 4855/4855 5509/5509 4883/4883
f 4855/4855 4883/4883 4297/4297
f 4341/4341 4910/4910 5510/5510
f 4341/4341 5510/5510 4914/4914
f 4910/4910 4305/4305 4886/4886
f 4910/4910 4886/4886 5510/5510
f 5510/5510 4886/4886 4328/4328
f 5510/5510 4328/4328 4913/4913
f 4914/4914 5510/5510 4913/4913
f 4914/4914 4913/4913 4344/4344
f 5500/5500 4894/4894 4324/4324
f 5500/5500 4324/4324 4848/4848
f 4430/4430 4895/4895 5501/5501
f 4430/4430 5501/5501 5051/5051
f 5501/5501 4895/4895 4327/4327
f 5501/5501 4327/4327 4863/4863
f 4824/4824 4320/4320 4896/4896
f 4824/4824 4896/4896 5502/5502
f 5502/5502 4896/4896 4322/4322
f 5502/5502 4322/4322 4836/4836
f 4808/4808 4316/4316 4897/4897
f 4808/4808 4897/4897 5503/5503
f 5503/5503 4897/4897 4318/4318
f 5503/5503 4318/4318 4812/4812
f 4812/4812 4318/4318 4898/4898
f 4812/4812 4898/4898 5504/5504
f 5504/5504 4898/4898 4320/4320
f 5504/5504 4320/4320 4824/4824
f 4344/4344 4917/4917 5514/5514
f 4344/4344 5514/5514 5017/5017
f 4417/4417 5014/5014 5511/5511
f 4417/4417 5511/5511 5029/5029
f 5014/5014 4341/4341 4914/4914
f 5014/5014 4914/4914 5511/5511
f 5511/5511 4914/4914 4344/4344
f 5511/5511 4344/4344 5017/5017
f 5029/5029 5511/5511 5017/5017
f 5029/5029 5017/5017 4420/4420
f 4405/4405 4996/4996 5549/5549
f 4405/4405 5549/5549 4893/4893
f 5017/5017 5514/5514 5027/5027
f 5017/5017 5027/5027 4420/4420
f 4421/4421 5049/5049 5512/5512
f 4421/4421 5512/5512 4866/4866
f 5049/5049 4431/4431 4915/4915
f 5049/5049 4915/4915 5512/5512
f 5512/5512 4915/4915 4342/4342
f 5512/5512 4342/4342 4911/4911
f 4866/4866 5512/5512 4911/4911
f 4866/4866 4911/4911 4310/4310
f 4436/4436 5048/5048 5513/5513
f 4436/4436 5513/5513 5028/5028
f 5048/5048 4432/4432 4916/4916
f 5048/5048 4916/4916 5513/5513
f 5513/5513 4916/4916 4340/4340
f 5513/5513 4340/4340 5013/5013
f 5028/5028 5513/5513 5013/5013
f 5028/5028 5013/5013 4416/4416
f 5514/5514 4917/4917 4343/4343
f 5514/5514 4343/4343 5016/5016
f 5027/5027 5514/5514 5016/5016
f 5027/5027 5016/5016 4419/4419
f 4412/4412 5009/5009 5515/5515
f 4412/4412 5515/5515 5026/5026
f 5009/5009 4336/4336 4918/4918
f 5009/5009 4918/4918 5515/5515
f 5515/5515 4918/4918 4338/4338
f 5515/5515 4338/4338 5011/5011
f 5026/5026 5515/5515 5011/5011
f 5026/5026 5011/5011 4414/4414
f 4292/4292 4906/4906 5516/5516
f 4292/4292 5516/5516 4852/4852
f 4906/4906 4337/4337 4919/4919
f 4906/4906 4919/4919 5516/5516
f 5516/5516 4919/4919 4339/4339
f 5516/5516 4339/4339 4908/4908
f 4852/4852 5516/5516 4908/4908
f 4852/4852 4908/4908 4300/4300
f 4410/4410 5007/5007 5517/5517
f 4410/4410 5517/5517 5025/5025
f 5007/5007 4334/4334 4920/4920
f 5007/5007 4920/4920 5517/5517
f 5517/5517 4920/4920 4336/4336
f 5517/5517 4336/4336 5009/5009
f 5025/5025 5517/5517 5009/5009
f 5025/5025 5009/5009 4412/4412
f 4276/4276 4902/4902 5518/5518
f 4276/4276 5518/5518 4826/4826
f 4902/4902 4333/4333 4921/4921
f 4902/4902 4921/4921 5518/5518
f 5518/5518 4921/4921 4335/4335
f 5518/5518 4335/4335 4904/4904
f 4826/4826 5518/5518 4904/4904
f 4826/4826 4904/4904 4284/4284
f 4408/4408 5005/5005 5519/5519
f 4408/4408 5519/5519 5024/5024
f 5005/5005 4332/4332 4922/4922
f 5005/5005 4922/4922 5519/5519
f 5519/5519 4922/4922 4334/4334
f 5519/5519 4334/4334 5007/5007
f 5024/5024 5519/5519 5007/5007
f 5024/5024 5007/5007 4410/4410
f 4284/4284 4904/4904 5520/5520
f 4284/4284 5520/5520 4840/4840
f 4904/4904 4335/4335 4923/4923
f 4904/4904 4923/4923 5520/5520
f 5520/5520 4923/4923 4337/4337
f 5520/5520 4337/4337 4906/4906
f 4840/4840 5520/5520 4906/4906
f 4840/4840 4906/4906 4292/4292
f 4270/4270 4900/4900 5521/5521
f 4270/4270 5521/5521 4820/4820
f 4900/4900 4331/4331 4924/4924
f 4900/4900 4924/4924 5521/5521
f 5521/5521 4924/4924 4333/4333
f 5521/5521 4333/4333 4902/4902
f 4820/4820 5521/5521 4902/4902
f 4820/4820 4902/4902 4276/4276
f 4407/4407 5004/5004 5522/5522
f 4407/4407 5522/5522 5023/5023
f 5004/5004 4330/4330 4925/4925
f 5004/5004 4925/4925 5522/5522
f 5522/5522 4925/4925 4332/4332
f 5522/5522 4332/4332 5005/5005
f 5023/5023 5522/5522 5005/5005
f 5023/5023 5005/5005 4408/4408
f 4183/4183 4686/4686 5523/5523
f 4183/4183 5523/5523 4694/4694
f 4686/4686 4345/4345 4926/4926
f 4686/4686 4926/4926 5523/5523
f 5523/5523 4926/4926 4347/4347
f 5523/5523 4347/4347 4690/4690
f 4694/4694 5523/5523 4690/4690
f 4694/4694 4690/4690 4193/4193
f 4193/4193 4690/4690 5524/5524
f 4193/4193 5524/5524 4710/4710
f 4690/4690 4347/4347 4927/4927
f 4690/4690 4927/4927 5524/5524
f 5524/5524 4927/4927 4349/4349
f 5524/5524 4349/4349 4702/4702
f 4710/4710 5524/5524 4702/4702
f 4710/4710 4702/4702 4201/4201
f 4201/4201 4702/4702 5525/5525
f 4201/4201 5525/5525 4724/4724
f 4702/4702 4349/4349 4928/4928
f 4702/4702 4928/4928 5525/5525
f 5525/5525 4928/4928 4351/4351
f 5525/5525 4351/4351 4714/4714
f 4724/4724 5525/5525 4714/4714
f 4724/4724 4714/4714 4209/4209
f 4209/4209 4714/4714 5526/5526
f 4209/4209 5526/5526 4736/4736
f 4714/4714 4351/4351 4929/4929
f 4714/4714 4929/4929 5526/5526
f 5526/5526 4929/4929 4353/4353
f 5526/5526 4353/4353 4726/4726
f 4736/4736 5526/5526 4726/4726
f 4736/4736 4726/4726 4217/4217
f 5527/5527 4930/4930 4357/4357
f 5527/5527 4357/4357 4740/4740
f 4742/4742 5527/5527 4740/4740
f 4742/4742 4740/4740 4232/4232
f 4379/4379 4982/4982 5528/5528
f 4379/4379 5528/5528 4750/4750
f 4982/4982 4387/4387 4931/4931
f 4982/4982 4931/4931 5528/5528
f 5528/5528 4931/4931 4356/4356
f 5528/5528 4356/4356 4739/4739
f 4750/4750 5528/5528 4739/4739
f 4750/4750 4739/4739 4227/4227
f 4388/4388 4933/4933 4957/4957
f 4388/4388 4957/4957 4389/4389
f 4773/4773 5527/5527 4742/4742
f 4773/4773 4742/4742 4245/4245
f 4226/4226 4738/4738 5529/5529
f 4226/4226 5529/5529 4764/4764
f 4738/4738 4355/4355 4932/4932
f 4738/4738 4932/4932 5529/5529
f 5529/5529 4932/4932 4359/4359
f 5529/5529 4359/4359 4773/4773
f 4764/4764 5529/5529 4773/4773
f 4764/4764 4773/4773 4245/4245
f 4957/4957 4933/4933 4358/4358
f 4957/4957 4358/4358 4373/4373
f 4367/4367 4352/4352 4934/4934
f 4367/4367 4934/4934 4956/4956
f 4956/4956 4934/4934 4354/4354
f 4956/4956 4354/4354 4369/4369
f 4363/4363 4348/4348 4935/4935
f 4363/4363 4935/4935 4955/4955
f 4955/4955 4935/4935 4350/4350
f 4955/4955 4350/4350 4365/4365
f 4365/4365 4350/4350 4936/4936
f 4365/4365 4936/4936 4954/4954
f 4954/4954 4936/4936 4352/4352
f 4954/4954 4352/4352 4367/4367
f 4361/4361 4346/4346 4937/4937
f 4361/4361 4937/4937 4953/4953
f 4953/4953 4937/4937 4348/4348
f 4953/4953 4348/4348 4363/4363
f 4360/4360 4958/4958 4926/4926
f 4360/4360 4926/4926 4345/4345
f 4250/4250 4939/4939 5530/5530
f 4250/4250 5530/5530 4804/4804
f 4939/4939 4361/4361 4953/4953
f 4939/4939 4953/4953 5530/5530
f 5530/5530 4953/4953 4363/4363
f 5530/5530 4363/4363 4941/4941
f 4804/4804 5530/5530 4941/4941
f 4804/4804 4941/4941 4252/4252
f 4254/4254 4943/4943 5531/5531
f 4254/4254 5531/5531 4803/4803
f 4943/4943 4365/4365 4954/4954
f 4943/4943 4954/4954 5531/5531
f 5531/5531 4954/4954 4367/4367
f 5531/5531 4367/4367 4945/4945
f 4803/4803 5531/5531 4945/4945
f 4803/4803 4945/4945 4256/4256
f 4252/4252 4941/4941 5532/5532
f 4252/4252 5532/5532 4801/4801
f 4941/4941 4363/4363 4955/4955
f 4941/4941 4955/4955 5532/5532
f 5532/5532 4955/4955 4365/4365
f 5532/5532 4365/4365 4943/4943
f 4801/4801 5532/5532 4943/4943
f 4801/4801 4943/4943 4254/4254
f 4256/4256 4945/4945 5533/5533
f 4256/4256 5533/5533 4799/4799
f 4945/4945 4367/4367 4956/4956
f 4945/4945 4956/4956 5533/5533
f 5533/5533 4956/4956 4369/4369
f 5533/5533 4369/4369 4947/4947
f 4799/4799 5533/5533 4947/4947
f 4799/4799 4947/4947 4258/4258
f 4385/4385 4981/4981 5534/5534
f 4385/4385 5534/5534 4795/4795
f 4981/4981 4389/4389 4957/4957
f 4981/4981 4957/4957 5534/5534
f 5534/5534 4957/4957 4373/4373
f 5534/5534 4373/4373 4951/4951
f 4795/4795 5534/5534 4951/4951
f 4795/4795 4951/4951 4262/4262
f 4926/4926 4958/4958 4362/4362
f 4926/4926 4362/4362 4347/4347
f 4362/4362 4959/4959 4927/4927
f 4362/4362 4927/4927 4347/4347
f 4927/4927 4959/4959 4364/4364
f 4927/4927 4364/4364 4349/4349
f 4364/4364 4960/4960 4928/4928
f 4364/4364 4928/4928 4349/4349
f 4928/4928 4960/4960 4366/4366
f 4928/4928 4366/4366 4351/4351
f 4366/4366 4961/4961 4929/4929
f 4366/4366 4929/4929 4351/4351
f 4929/4929 4961/4961 4368/4368
f 4929/4929 4368/4368 4353/4353
f 4370/4370 4964/4964 4932/4932
f 4370/4370 4932/4932 4355/4355
f 4390/4390 4963/4963 4931/4931
f 4390/4390 4931/4931 4387/4387
f 4931/4931 4963/4963 4371/4371
f 4931/4931 4371/4371 4356/4356
f 4374/4374 4962/4962 4930/4930
f 4374/4374 4930/4930 4359/4359
f 4932/4932 4964/4964 4374/4374
f 4932/4932 4374/4374 4359/4359
f 4368/4368 4980/4980 4977/4977
f 4368/4368 4977/4977 4353/4353
f 4977/4977 4980/4980 4390/4390
f 4977/4977 4390/4390 4387/4387
f 4369/4369 4354/4354 4978/4978
f 4369/4369 4978/4978 4979/4979
f 4258/4258 4947/4947 5535/5535
f 4258/4258 5535/5535 4975/4975
f 4947/4947 4369/4369 4979/4979
f 4947/4947 4979/4979 5535/5535
f 5535/5535 4979/4979 4389/4389
f 5535/5535 4389/4389 4981/4981
f 4975/4975 5535/5535 4981/4981
f 4975/4975 4981/4981 4385/4385
f 4979/4979 4978/4978 4388/4388
f 4979/4979 4388/4388 4389/4389
f 4728/4728 4243/4243 4974/4974
f 4728/4728 4974/4974 5540/5540
f 4217/4217 4726/4726 5536/5536
f 4217/4217 5536/5536 4969/4969
f 4726/4726 4353/4353 4977/4977
f 4726/4726 4977/4977 5536/5536
f 5536/5536 4977/4977 4387/4387
f 5536/5536 4387/4387 4982/4982
f 4969/4969 5536/5536 4982/4982
f 4969/4969 4982/4982 4379/4379
f 4368/4368 4946/4946 5537/5537
f 4368/4368 5537/5537 4980/4980
f 4946/4946 4257/4257 4976/4976
f 4946/4946 4976/4976 5537/5537
f 5537/5537 4976/4976 4386/4386
f 5537/5537 4386/4386 4983/4983
f 4980/4980 5537/5537 4983/4983
f 4980/4980 4983/4983 4390/4390
f 4219/4219 4788/4788 5538/5538
f 4219/4219 5538/5538 4965/4965
f 4788/4788 4258/4258 4975/4975
f 4788/4788 4975/4975 5538/5538
f 5538/5538 4975/4975 4385/4385
f 5538/5538 4385/4385 4984/4984
f 4965/4965 5538/5538 4984/4984
f 4965/4965 4984/4984 4375/4375
f 5540/5540 4974/4974 4384/4384
f 5540/5540 4384/4384 4986/4986
f 4729/4729 5543/5543 4973/4973
f 4729/4729 4973/4973 4244/4244
f 4247/4247 4744/4744 5453/5453
f 4247/4247 5453/5453 4793/4793
f 4216/4216 4763/4763 5539/5539
f 4216/4216 5539/5539 4749/4749
f 4763/4763 4244/4244 4973/4973
f 4763/4763 4973/4973 5539/5539
f 5539/5539 4973/4973 4383/4383
f 5539/5539 4383/4383 4985/4985
f 4749/4749 5539/5539 4985/4985
f 4749/4749 4985/4985 4378/4378
f 4222/4222 4728/4728 5540/5540
f 4222/4222 5540/5540 4753/4753
f 4753/4753 5540/5540 4986/4986
f 4753/4753 4986/4986 4382/4382
f 4973/4973 5543/5543 4989/4989
f 4973/4973 4989/4989 4383/4383
f 4354/4354 4727/4727 5541/5541
f 4354/4354 5541/5541 4978/4978
f 4727/4727 4221/4221 4752/4752
f 4727/4727 4752/4752 5541/5541
f 5541/5541 4752/4752 4381/4381
f 5541/5541 4381/4381 4987/4987
f 4978/4978 5541/5541 4987/4987
f 4978/4978 4987/4987 4388/4388
f 4257/4257 4787/4787 5542/5542
f 4257/4257 5542/5542 4976/4976
f 4787/4787 4215/4215 4748/4748
f 4787/4787 4748/4748 5542/5542
f 5542/5542 4748/4748 4377/4377
f 5542/5542 4377/4377 4988/4988
f 4976/4976 5542/5542 4988/4988
f 4976/4976 4988/4988 4386/4386
f 4729/4729 4220/4220 4966/4966
f 4729/4729 4966/4966 5543/5543
f 5543/5543 4966/4966 4376/4376
f 5543/5543 4376/4376 4989/4989
f 4243/4243 4762/4762 5544/5544
f 4243/4243 5544/5544 4974/4974
f 4762/4762 4218/4218 4970/4970
f 4762/4762 4970/4970 5544/5544
f 5544/5544 4970/4970 4380/4380
f 5544/5544 4380/4380 4990/4990
f 4974/4974 5544/5544 4990/4990
f 4974/4974 4990/4990 4384/4384
f 4264/4264 4806/4806 5545/5545
f 4264/4264 5545/5545 4814/4814
f 4806/4806 4391/4391 4992/4992
f 4806/4806 4992/4992 5545/5545
f 5545/5545 4992/4992 4393/4393
f 5545/5545 4393/4393 4810/4810
f 4814/4814 5545/5545 4810/4810
f 4814/4814 4810/4810 4274/4274
f 4274/4274 4810/4810 5546/5546
f 4274/4274 5546/5546 4830/4830
f 4810/4810 4393/4393 4993/4993
f 4810/4810 4993/4993 5546/5546
f 5546/5546 4993/4993 4395/4395
f 5546/5546 4395/4395 4822/4822
f 4830/4830 5546/5546 4822/4822
f 4830/4830 4822/4822 4282/4282
f 4282/4282 4822/4822 5547/5547
f 4282/4282 5547/5547 4844/4844
f 4822/4822 4395/4395 4994/4994
f 4822/4822 4994/4994 5547/5547
f 5547/5547 4994/4994 4397/4397
f 5547/5547 4397/4397 4834/4834
f 4844/4844 5547/5547 4834/4834
f 4844/4844 4834/4834 4290/4290
f 4290/4290 4834/4834 5548/5548
f 4290/4290 5548/5548 4856/4856
f 4834/4834 4397/4397 4995/4995
f 4834/4834 4995/4995 5548/5548
f 5548/5548 4995/4995 4399/4399
f 5548/5548 4399/4399 4846/4846
f 4856/4856 5548/5548 4846/4846
f 4856/4856 4846/4846 4298/4298
f 5549/5549 4996/4996 4404/4404
f 5549/5549 4404/4404 4861/4861
f 4862/4862 5549/5549 4861/4861
f 4862/4862 4861/4861 4314/4314
f 4425/4425 5047/5047 5550/5550
f 4425/4425 5550/5550 4870/4870
f 5047/5047 4433/4433 4997/4997
f 5047/5047 4997/4997 5550/5550
f 5550/5550 4997/4997 4401/4401
f 5550/5550 4401/4401 4858/4858
f 4870/4870 5550/5550 4858/4858
f 4870/4870 4858/4858 4307/4307
f 4434/4434 4999/4999 5022/5022
f 4434/4434 5022/5022 4435/4435
f 4893/4893 5549/5549 4862/4862
f 4893/4893 4862/4862 4326/4326
f 4308/4308 4859/4859 5551/5551
f 4308/4308 5551/5551 4884/4884
f 4859/4859 4402/4402 4998/4998
f 4859/4859 4998/4998 5551/5551
f 5551/5551 4998/4998 4405/4405
f 5551/5551 4405/4405 4893/4893
f 4884/4884 5551/5551 4893/4893
f 4884/4884 4893/4893 4326/4326
f 5022/5022 4999/4999 4403/4403
f 5022/5022 4403/4403 4418/4418
f 4413/4413 4398/4398 5000/5000
f 4413/4413 5000/5000 5021/5021
f 5021/5021 5000/5000 4400/4400
f 5021/5021 4400/4400 4415/4415
f 4409/4409 4394/4394 5001/5001
f 4409/4409 5001/5001 5020/5020
f 5020/5020 5001/5001 4396/4396
f 5020/5020 4396/4396 4411/4411
f 4411/4411 4396/4396 5002/5002
f 4411/4411 5002/5002 5019/5019
f 5019/5019 5002/5002 4398/4398
f 5019/5019 4398/4398 4413/4413
f 4392/4392 5003/5003 5018/5018
f 4392/4392 5018/5018 4406/4406
f 5018/5018 5003/5003 4394/4394
f 5018/5018 4394/4394 4409/4409
f 4407/4407 5023/5023 4992/4992
f 4407/4407 4992/4992 4391/4391
f 4331/4331 4807/4807 5552/5552
f 4331/4331 5552/5552 4924/4924
f 4807/4807 4406/4406 5018/5018
f 4807/4807 5018/5018 5552/5552
f 5552/5552 5018/5018 4409/4409
f 5552/5552 4409/4409 5006/5006
f 4924/4924 5552/5552 5006/5006
f 4924/4924 5006/5006 4333/4333
f 4335/4335 5008/5008 5553/5553
f 4335/4335 5553/5553 4923/4923
f 5008/5008 4411/4411 5019/5019
f 5008/5008 5019/5019 5553/5553
f 5553/5553 5019/5019 4413/4413
f 5553/5553 4413/4413 5010/5010
f 4923/4923 5553/5553 5010/5010
f 4923/4923 5010/5010 4337/4337
f 4333/4333 5006/5006 5554/5554
f 4333/4333 5554/5554 4921/4921
f 5006/5006 4409/4409 5020/5020
f 5006/5006 5020/5020 5554/5554
f 5554/5554 5020/5020 4411/4411
f 5554/5554 4411/4411 5008/5008
f 4921/4921 5554/5554 5008/5008
f 4921/4921 5008/5008 4335/4335
f 4337/4337 5010/5010 5555/5555
f 4337/4337 5555/5555 4919/4919
f 5010/5010 4413/4413 5021/5021
f 5010/5010 5021/5021 5555/5555
f 5555/5555 5021/5021 4415/4415
f 5555/5555 4415/4415 5012/5012
f 4919/4919 5555/5555 5012/5012
f 4919/4919 5012/5012 4339/4339
f 4431/4431 5046/5046 5556/5556
f 4431/4431 5556/5556 4915/4915
f 5046/5046 4435/4435 5022/5022
f 5046/5046 5022/5022 5556/5556
f 5556/5556 5022/5022 4418/4418
f 5556/5556 4418/4418 5015/5015
f 4915/4915 5556/5556 5015/5015
f 4915/4915 5015/5015 4342/4342
f 4992/4992 5023/5023 4408/4408
f 4992/4992 4408/4408 4393/4393
f 4408/4408 5024/5024 4993/4993
f 4408/4408 4993/4993 4393/4393
f 4993/4993 5024/5024 4410/4410
f 4993/4993 4410/4410 4395/4395
f 4410/4410 5025/5025 4994/4994
f 4410/4410 4994/4994 4395/4395
f 4994/4994 5025/5025 4412/4412
f 4994/4994 4412/4412 4397/4397
f 4412/4412 5026/5026 4995/4995
f 4412/4412 4995/4995 4397/4397
f 4995/4995 5026/5026 4414/4414
f 4995/4995 4414/4414 4399/4399
f 4417/4417 5029/5029 4998/4998
f 4417/4417 4998/4998 4402/4402
f 4436/4436 5028/5028 4997/4997
f 4436/4436 4997/4997 4433/4433
f 4997/4997 5028/5028 4416/4416
f 4997/4997 4416/4416 4401/4401
f 4420/4420 5027/5027 4996/4996
f 4420/4420 4996/4996 4405/4405
f 4998/4998 5029/5029 4420/4420
f 4998/4998 4420/4420 4405/4405
f 4414/4414 5045/5045 5042/5042
f 4414/4414 5042/5042 4399/4399
f 5042/5042 5045/5045 4436/4436
f 5042/5042 4436/4436 4433/4433
f 4415/4415 4400/4400 5043/5043
f 4415/4415 5043/5043 5044/5044
f 4339/4339 5012/5012 5557/5557
f 4339/4339 5557/5557 5040/5040
f 5012/5012 4415/4415 5044/5044
f 5012/5012 5044/5044 5557/5557
f 5557/5557 5044/5044 4435/4435
f 5557/5557 4435/4435 5046/5046
f 5040/5040 5557/5557 5046/5046
f 5040/5040 5046/5046 4431/4431
f 5044/5044 5043/5043 4434/4434
f 5044/5044 4434/4434 4435/4435
f 4848/4848 4324/4324 5039/5039
f 4848/4848 5039/5039 5562/5562
f 4298/4298 4846/4846 5558/5558
f 4298/4298 5558/5558 5034/5034
f 4846/4846 4399/4399 5042/5042
f 4846/4846 5042/5042 5558/5558
f 5558/5558 5042/5042 4433/4433
f 5558/5558 4433/4433 5047/5047
f 5034/5034 5558/5558 5047/5047
f 5034/5034 5047/5047 4425/4425
f 4414/4414 5011/5011 5559/5559
f 4414/4414 5559/5559 5045/5045
f 5011/5011 4338/4338 5041/5041
f 5011/5011 5041/5041 5559/5559
f 5559/5559 5041/5041 4432/4432
f 5559/5559 4432/4432 5048/5048
f 5045/5045 5559/5559 5048/5048
f 5045/5045 5048/5048 4436/4436
f 4300/4300 4908/4908 5560/5560
f 4300/4300 5560/5560 5030/5030
f 4908/4908 4339/4339 5040/5040
f 4908/4908 5040/5040 5560/5560
f 5560/5560 5040/5040 4431/4431
f 5560/5560 4431/4431 5049/5049
f 5030/5030 5560/5560 5049/5049
f 5030/5030 5049/5049 4421/4421
f 5562/5562 5039/5039 4430/4430
f 5562/5562 4430/4430 5051/5051
f 4849/4849 5565/5565 5038/5038
f 4849/4849 5038/5038 4325/4325
f 4328/4328 4864/4864 5497/5497
f 4328/4328 5497/5497 4913/4913
f 4297/4297 4883/4883 5561/5561
f 4297/4297 5561/5561 4869/4869
f 4883/4883 4325/4325 5038/5038
f 4883/4883 5038/5038 5561/5561
f 5561/5561 5038/5038 4429/4429
f 5561/5561 4429/4429 5050/5050
f 4869/4869 5561/5561 5050/5050
f 4869/4869 5050/5050 4424/4424
f 4303/4303 4848/4848 5562/5562
f 4303/4303 5562/5562 4873/4873
f 4873/4873 5562/5562 5051/5051
f 4873/4873 5051/5051 4428/4428
f 5038/5038 5565/5565 5054/5054
f 5038/5038 5054/5054 4429/4429
f 4400/4400 4847/4847 5563/5563
f 4400/4400 5563/5563 5043/5043
f 4847/4847 4302/4302 4872/4872
f 4847/4847 4872/4872 5563/5563
f 5563/5563 4872/4872 4427/4427
f 5563/5563 4427/4427 5052/5052
f 5043/5043 5563/5563 5052/5052
f 5043/5043 5052/5052 4434/4434
f 4338/4338 4907/4907 5564/5564
f 4338/4338 5564/5564 5041/5041
f 4907/4907 4296/4296 4868/4868
f 4907/4907 4868/4868 5564/5564
f 5564/5564 4868/4868 4423/4423
f 5564/5564 4423/4423 5053/5053
f 5041/5041 5564/5564 5053/5053
f 5041/5041 5053/5053 4432/4432
f 4849/4849 4301/4301 5031/5031
f 4849/4849 5031/5031 5565/5565
f 5565/5565 5031/5031 4422/4422
f 5565/5565 4422/4422 5054/5054
f 4324/4324 4882/4882 5566/5566
f 4324/4324 5566/5566 5039/5039
f 4882/4882 4299/4299 5035/5035
f 4882/4882 5035/5035 5566/5566
f 5566/5566 5035/5035 4426/4426
f 5566/5566 4426/4426 5055/5055
f 5039/5039 5566/5566 5055/5055
f 5039/5039 5055/5055 4430/4430
f 4491/4491 5113/5113 5567/5567
f 4491/4491 5567/5567 5134/5134
f 5113/5113 4448/4448 5075/5075
f 5113/5113 5075/5075 5567/5567
f 5567/5567 5075/5075 4456/4456
f 5567/5567 4456/4456 5115/5115
f 5134/5134 5567/5567 5115/5115
f 5134/5134 5115/5115 4493/4493
f 5059/5059 4450/4450 5071/5071
f 5059/5059 5071/5071 5568/5568
f 5568/5568 5071/5071 4458/4458
f 5568/5568 4458/4458 5069/5069
f 4489/4489 5111/5111 5569/5569
f 4489/4489 5569/5569 5133/5133
f 5111/5111 4438/4438 5061/5061
f 5111/5111 5061/5061 5569/5569
f 5569/5569 5061/5061 4448/4448
f 5569/5569 4448/4448 5113/5113
f 5133/5133 5569/5569 5113/5113
f 5133/5133 5113/5113 4491/4491
f 4503/4503 5135/5135 5570/5570
f 4503/4503 5570/5570 5161/5161
f 5135/5135 4441/4441 5064/5064
f 5135/5135 5064/5064 5570/5570
f 5570/5570 5064/5064 4445/4445
f 5570/5570 4445/4445 5137/5137
f 5161/5161 5570/5570 5137/5137
f 5161/5161 5137/5137 4505/4505
f 5057/5057 4444/4444 5067/5067
f 5057/5057 5067/5067 5571/5571
f 5571/5571 5067/5067 4450/4450
f 5571/5571 4450/4450 5059/5059
f 5240/5240 5078/5078 4519/4519
f 5240/5240 4519/4519 4563/4563
f 4501/4501 5101/5101 5582/5582
f 4501/4501 5582/5582 5149/5149
f 4545/4545 5220/5220 5572/5572
f 4545/4545 5572/5572 5151/5151
f 5220/5220 4518/4518 5173/5173
f 5220/5220 5173/5173 5572/5572
f 5572/5572 5173/5173 4529/4529
f 5572/5572 4529/4529 5185/5185
f 5151/5151 5572/5572 5185/5185
f 5151/5151 5185/5185 4515/4515
f 4505/4505 5137/5137 5573/5573
f 4505/4505 5573/5573 5158/5158
f 5137/5137 4445/4445 5072/5072
f 5137/5137 5072/5072 5573/5573
f 5573/5573 5072/5072 4453/4453
f 5573/5573 4453/4453 5139/5139
f 5158/5158 5573/5573 5139/5139
f 5158/5158 5139/5139 4507/4507
f 5069/5069 4458/4458 5084/5084
f 5069/5069 5084/5084 5574/5574
f 5574/5574 5084/5084 4466/4466
f 5574/5574 4466/4466 5080/5080
f 4493/4493 5115/5115 5575/5575
f 4493/4493 5575/5575 5132/5132
f 5115/5115 4456/4456 5088/5088
f 5115/5115 5088/5088 5575/5575
f 5575/5575 5088/5088 4464/4464
f 5575/5575 4464/4464 5117/5117
f 5132/5132 5575/5575 5117/5117
f 5132/5132 5117/5117 4495/4495
f 4507/4507 5139/5139 5576/5576
f 4507/4507 5576/5576 5156/5156
f 5139/5139 4453/4453 5085/5085
f 5139/5139 5085/5085 5576/5576
f 5576/5576 5085/5085 4461/4461
f 5576/5576 4461/4461 5141/5141
f 5156/5156 5576/5576 5141/5141
f 5156/5156 5141/5141 4509/4509
f 4544/4544 5225/5225 5577/5577
f 4544/4544 5577/5577 5131/5131
f 5225/5225 4540/4540 5108/5108
f 5225/5225 5108/5108 5577/5577
f 5577/5577 5108/5108 4482/4482
f 5577/5577 4482/4482 5122/5122
f 5131/5131 5577/5577 5122/5122
f 5131/5131 5122/5122 4500/4500
f 5224/5224 4536/4536 5104/5104
f 5224/5224 5104/5104 5578/5578
f 5578/5578 5104/5104 4485/4485
f 5578/5578 4485/4485 5102/5102
f 5080/5080 4466/4466 5094/5094
f 5080/5080 5094/5094 5579/5579
f 5579/5579 5094/5094 4474/4474
f 5579/5579 4474/4474 5090/5090
f 4495/4495 5117/5117 5580/5580
f 4495/4495 5580/5580 5130/5130
f 5117/5117 4464/4464 5098/5098
f 5117/5117 5098/5098 5580/5580
f 5580/5580 5098/5098 4472/4472
f 5580/5580 4472/4472 5119/5119
f 5130/5130 5580/5580 5119/5119
f 5130/5130 5119/5119 4497/4497
f 4509/4509 5141/5141 5581/5581
f 4509/4509 5581/5581 5154/5154
f 5141/5141 4461/4461 5095/5095
f 5141/5141 5095/5095 5581/5581
f 5581/5581 5095/5095 4469/4469
f 5581/5581 4469/4469 5143/5143
f 5154/5154 5581/5581 5143/5143
f 5154/5154 5143/5143 4511/4511
f 5582/5582 5101/5101 4484/4484
f 5582/5582 4484/4484 5148/5148
f 5153/5153 5582/5582 5148/5148
f 5153/5153 5148/5148 4516/4516
f 4546/4546 5223/5223 5583/5583
f 4546/4546 5583/5583 5152/5152
f 5223/5223 4537/4537 5209/5209
f 5223/5223 5209/5209 5583/5583
f 5583/5583 5209/5209 4479/4479
f 5583/5583 4479/4479 5146/5146
f 5152/5152 5583/5583 5146/5146
f 5152/5152 5146/5146 4514/4514
f 4496/4496 5080/5080 5579/5579
f 4496/4496 5579/5579 5129/5129
f 5149/5149 5582/5582 5153/5153
f 5149/5149 5153/5153 4517/4517
f 4468/4468 5079/5079 5584/5584
f 4468/4468 5584/5584 5092/5092
f 5092/5092 5584/5584 5089/5089
f 5092/5092 5089/5089 4476/4476
f 5579/5579 5090/5090 4498/4498
f 5579/5579 4498/4498 5129/5129
f 4543/4543 5224/5224 5578/5578
f 4543/4543 5578/5578 5128/5128
f 5578/5578 5102/5102 4502/4502
f 5578/5578 4502/4502 5128/5128
f 4494/4494 5069/5069 5574/5574
f 4494/4494 5574/5574 5127/5127
f 4542/4542 5222/5222 5585/5585
f 4542/4542 5585/5585 5213/5213
f 5213/5213 5585/5585 5100/5100
f 5213/5213 5100/5100 4488/4488
f 4460/4460 5068/5068 5586/5586
f 4460/4460 5586/5586 5082/5082
f 5082/5082 5586/5586 5079/5079
f 5082/5082 5079/5079 4468/4468
f 5574/5574 5080/5080 4496/4496
f 5574/5574 4496/4496 5127/5127
f 4490/4490 5057/5057 5571/5571
f 4490/4490 5571/5571 5126/5126
f 5571/5571 5059/5059 4492/4492
f 5571/5571 4492/4492 5126/5126
f 4492/4492 5059/5059 5568/5568
f 4492/4492 5568/5568 5125/5125
f 4440/4440 5056/5056 5587/5587
f 4440/4440 5587/5587 5063/5063
f 5063/5063 5587/5587 5058/5058
f 5063/5063 5058/5058 4452/4452
f 5568/5568 5069/5069 4494/4494
f 5568/5568 4494/4494 5125/5125
f 5079/5079 4495/4495 5130/5130
f 5079/5079 5130/5130 5584/5584
f 4452/4452 5058/5058 5588/5588
f 4452/4452 5588/5588 5077/5077
f 5077/5077 5588/5588 5068/5068
f 5077/5077 5068/5068 4460/4460
f 4446/4446 5114/5114 5589/5589
f 4446/4446 5589/5589 5073/5073
f 5114/5114 4492/4492 5125/5125
f 5114/5114 5125/5125 5589/5589
f 5589/5589 5125/5125 4494/4494
f 5589/5589 4494/4494 5116/5116
f 5073/5073 5589/5589 5116/5116
f 5073/5073 5116/5116 4454/4454
f 4442/4442 5112/5112 5590/5590
f 4442/4442 5590/5590 5065/5065
f 5112/5112 4490/4490 5126/5126
f 5112/5112 5126/5126 5590/5590
f 5590/5590 5126/5126 4492/4492
f 5590/5590 4492/4492 5114/5114
f 5065/5065 5590/5590 5114/5114
f 5065/5065 5114/5114 4446/4446
f 4454/4454 5116/5116 5591/5591
f 4454/4454 5591/5591 5086/5086
f 5116/5116 4494/4494 5127/5127
f 5116/5116 5127/5127 5591/5591
f 5591/5591 5127/5127 4496/4496
f 5591/5591 4496/4496 5118/5118
f 5086/5086 5591/5591 5118/5118
f 5086/5086 5118/5118 4462/4462
f 4538/4538 5221/5221 5592/5592
f 4538/4538 5592/5592 5208/5208
f 5221/5221 4543/4543 5128/5128
f 5221/5221 5128/5128 5592/5592
f 5592/5592 5128/5128 4502/4502
f 5592/5592 4502/4502 5124/5124
f 5208/5208 5592/5592 5124/5124
f 5208/5208 5124/5124 4478/4478
f 4462/4462 5118/5118 5593/5593
f 4462/4462 5593/5593 5096/5096
f 5118/5118 4496/4496 5129/5129
f 5118/5118 5129/5129 5593/5593
f 5593/5593 5129/5129 4498/4498
f 5593/5593 4498/4498 5120/5120
f 5096/5096 5593/5593 5120/5120
f 5096/5096 5120/5120 4470/4470
f 4513/4513 5145/5145 5594/5594
f 4513/4513 5594/5594 5150/5150
f 5145/5145 4477/4477 5123/5123
f 5145/5145 5123/5123 5594/5594
f 5594/5594 5123/5123 4501/4501
f 5594/5594 4501/4501 5149/5149
f 5150/5150 5594/5594 5149/5149
f 5150/5150 5149/5149 4517/4517
f 5584/5584 5130/5130 4497/4497
f 5584/5584 4497/4497 5089/5089
f 4544/4544 5131/5131 5585/5585
f 4544/4544 5585/5585 5222/5222
f 5585/5585 5131/5131 4500/4500
f 5585/5585 4500/4500 5100/5100
f 5068/5068 4493/4493 5132/5132
f 5068/5068 5132/5132 5586/5586
f 5586/5586 5132/5132 4495/4495
f 5586/5586 4495/4495 5079/5079
f 5056/5056 4489/4489 5133/5133
f 5056/5056 5133/5133 5587/5587
f 5587/5587 5133/5133 4491/4491
f 5587/5587 4491/4491 5058/5058
f 5058/5058 4491/4491 5134/5134
f 5058/5058 5134/5134 5588/5588
f 5588/5588 5134/5134 4493/4493
f 5588/5588 4493/4493 5068/5068
f 4527/4527 5162/5162 5239/5239
f 4527/4527 5239/5239 4554/4554
f 5239/5239 5162/5162 4531/4531
f 5239/5239 4531/4531 4551/4551
f 4517/4517 5153/5153 5599/5599
f 4517/4517 5599/5599 5187/5187
f 4535/4535 5219/5219 5595/5595
f 4535/4535 5595/5595 5103/5103
f 5219/5219 4545/4545 5151/5151
f 5219/5219 5151/5151 5595/5595
f 5595/5595 5151/5151 4515/4515
f 5595/5595 4515/4515 5147/5147
f 5103/5103 5595/5595 5147/5147
f 5103/5103 5147/5147 4483/4483
f 4527/4527 5183/5183 5596/5596
f 4527/4527 5596/5596 5162/5162
f 5183/5183 4513/4513 5150/5150
f 5183/5183 5150/5150 5596/5596
f 5596/5596 5150/5150 4517/4517
f 5596/5596 4517/4517 5187/5187
f 5162/5162 5596/5596 5187/5187
f 5162/5162 5187/5187 4531/4531
f 4532/4532 5174/5174 5228/5228
f 4532/4532 5228/5228 4550/4550
f 5187/5187 5599/5599 5164/5164
f 5187/5187 5164/5164 4531/4531
f 4563/4563 5238/5238 5597/5597
f 4563/4563 5597/5597 5218/5218
f 5238/5238 4555/4555 5198/5198
f 5238/5238 5198/5198 5597/5597
f 5597/5597 5198/5198 4481/4481
f 5597/5597 4481/4481 5107/5107
f 5218/5218 5597/5597 5107/5107
f 5218/5218 5107/5107 4539/4539
f 4465/4465 5142/5142 5598/5598
f 4465/4465 5598/5598 5093/5093
f 5142/5142 4510/4510 5155/5155
f 5142/5142 5155/5155 5598/5598
f 5598/5598 5155/5155 4512/4512
f 5598/5598 4512/4512 5144/5144
f 5093/5093 5598/5598 5144/5144
f 5093/5093 5144/5144 4473/4473
f 5599/5599 5153/5153 4516/4516
f 5599/5599 4516/4516 5186/5186
f 5164/5164 5599/5599 5186/5186
f 5164/5164 5186/5186 4530/4530
f 4523/4523 5179/5179 5600/5600
f 4523/4523 5600/5600 5165/5165
f 5179/5179 4509/4509 5154/5154
f 5179/5179 5154/5154 5600/5600
f 5600/5600 5154/5154 4511/4511
f 5600/5600 4511/4511 5181/5181
f 5165/5165 5600/5600 5181/5181
f 5165/5165 5181/5181 4525/4525
f 4449/4449 5138/5138 5601/5601
f 4449/4449 5601/5601 5070/5070
f 5138/5138 4506/4506 5157/5157
f 5138/5138 5157/5157 5601/5601
f 5601/5601 5157/5157 4508/4508
f 5601/5601 4508/4508 5140/5140
f 5070/5070 5601/5601 5140/5140
f 5070/5070 5140/5140 4457/4457
f 4521/4521 5177/5177 5602/5602
f 4521/4521 5602/5602 5166/5166
f 5177/5177 4507/4507 5156/5156
f 5177/5177 5156/5156 5602/5602
f 5602/5602 5156/5156 4509/4509
f 5602/5602 4509/4509 5179/5179
f 5166/5166 5602/5602 5179/5179
f 5166/5166 5179/5179 4523/4523
f 4457/4457 5140/5140 5603/5603
f 4457/4457 5603/5603 5083/5083
f 5140/5140 4508/4508 5159/5159
f 5140/5140 5159/5159 5603/5603
f 5603/5603 5159/5159 4510/4510
f 5603/5603 4510/4510 5142/5142
f 5083/5083 5603/5603 5142/5142
f 5083/5083 5142/5142 4465/4465
f 4443/4443 5136/5136 5604/5604
f 4443/4443 5604/5604 5066/5066
f 5136/5136 4504/4504 5160/5160
f 5136/5136 5160/5160 5604/5604
f 5604/5604 5160/5160 4506/4506
f 5604/5604 4506/4506 5138/5138
f 5066/5066 5604/5604 5138/5138
f 5066/5066 5138/5138 4449/4449
f 4534/4534 5190/5190 5605/5605
f 4534/4534 5605/5605 5167/5167
f 5190/5190 4503/4503 5161/5161
f 5190/5190 5161/5161 5605/5605
f 5605/5605 5161/5161 4505/4505
f 5605/5605 4505/4505 5188/5188
f 5167/5167 5605/5605 5188/5188
f 5167/5167 5188/5188 4532/4532
f 4525/4525 5078/5078 5240/5240
f 4525/4525 5240/5240 4557/4557
f 4523/4523 5165/5165 5236/5236
f 4523/4523 5236/5236 4559/4559
f 5236/5236 5165/5165 4525/4525
f 5236/5236 4525/4525 4557/4557
f 4521/4521 5166/5166 5235/5235
f 4521/4521 5235/5235 4561/4561
f 4546/4546 5152/5152 5606/5606
f 4546/4546 5606/5606 5175/5175
f 5152/5152 4514/4514 5184/5184
f 5152/5152 5184/5184 5606/5606
f 5606/5606 5184/5184 4528/4528
f 5606/5606 4528/4528 5163/5163
f 5175/5175 5606/5606 5163/5163
f 5175/5175 5163/5163 4519/4519
f 5235/5235 5166/5166 4523/4523
f 5235/5235 4523/4523 4559/4559
f 4534/4534 5167/5167 5234/5234
f 4534/4534 5234/5234 4548/4548
f 5234/5234 5167/5167 4532/4532
f 5234/5234 4532/4532 4550/4550
f 4520/4520 5169/5169 5233/5233
f 4520/4520 5233/5233 4562/4562
f 4524/4524 5170/5170 5232/5232
f 4524/4524 5232/5232 4558/4558
f 5233/5233 5169/5169 4533/4533
f 5233/5233 4533/4533 4549/4549
f 4522/4522 5171/5171 5231/5231
f 4522/4522 5231/5231 4560/4560
f 5232/5232 5170/5170 4522/4522
f 5232/5232 4522/4522 4560/4560
f 4526/4526 5172/5172 5230/5230
f 4526/4526 5230/5230 4556/4556
f 5231/5231 5171/5171 4520/4520
f 5231/5231 4520/4520 4562/4562
f 5230/5230 5172/5172 4524/4524
f 5230/5230 4524/4524 4558/4558
f 4531/4531 5164/5164 5237/5237
f 4531/4531 5237/5237 4551/4551
f 4533/4533 5169/5169 5607/5607
f 4533/4533 5607/5607 5189/5189
f 5169/5169 4520/4520 5176/5176
f 5169/5169 5176/5176 5607/5607
f 5607/5607 5176/5176 4506/4506
f 5607/5607 4506/4506 5160/5160
f 5189/5189 5607/5607 5160/5160
f 5189/5189 5160/5160 4504/4504
f 4522/4522 5170/5170 5608/5608
f 4522/4522 5608/5608 5178/5178
f 5170/5170 4524/4524 5180/5180
f 5170/5170 5180/5180 5608/5608
f 5608/5608 5180/5180 4510/4510
f 5608/5608 4510/4510 5159/5159
f 5178/5178 5608/5608 5159/5159
f 5178/5178 5159/5159 4508/4508
f 4520/4520 5171/5171 5609/5609
f 4520/4520 5609/5609 5176/5176
f 5171/5171 4522/4522 5178/5178
f 5171/5171 5178/5178 5609/5609
f 5609/5609 5178/5178 4508/4508
f 5609/5609 4508/4508 5157/5157
f 5176/5176 5609/5609 5157/5157
f 5176/5176 5157/5157 4506/4506
f 4524/4524 5172/5172 5610/5610
f 4524/4524 5610/5610 5180/5180
f 5172/5172 4526/4526 5182/5182
f 5172/5172 5182/5182 5610/5610
f 5610/5610 5182/5182 4512/4512
f 5610/5610 4512/4512 5155/5155
f 5180/5180 5610/5610 5155/5155
f 5180/5180 5155/5155 4510/4510
f 4547/4547 5226/5226 5611/5611
f 4547/4547 5611/5611 5229/5229
f 5226/5226 4541/4541 5212/5212
f 5226/5226 5212/5212 5611/5611
f 5611/5611 5212/5212 4486/4486
f 5611/5611 4486/4486 5195/5195
f 5229/5229 5611/5611 5195/5195
f 5229/5229 5195/5195 4552/4552
f 4532/4532 5188/5188 5612/5612
f 4532/4532 5612/5612 5174/5174
f 5188/5188 4505/4505 5158/5158
f 5188/5188 5158/5158 5612/5612
f 5612/5612 5158/5158 4507/4507
f 5612/5612 4507/4507 5177/5177
f 5174/5174 5612/5612 5177/5177
f 5174/5174 5177/5177 4521/4521
f 5228/5228 5174/5174 4521/4521
f 5228/5228 4521/4521 4561/4561
f 4547/4547 4518/4518 5168/5168
f 4547/4547 5168/5168 5227/5227
f 4525/4525 5181/5181 5613/5613
f 4525/4525 5613/5613 5078/5078
f 5181/5181 4511/4511 5217/5217
f 5181/5181 5217/5217 5613/5613
f 5613/5613 5217/5217 4546/4546
f 5613/5613 4546/4546 5175/5175
f 5078/5078 5613/5613 5175/5175
f 5078/5078 5175/5175 4519/4519
f 4526/4526 5168/5168 5614/5614
f 4526/4526 5614/5614 5182/5182
f 5168/5168 4518/4518 5220/5220
f 5168/5168 5220/5220 5614/5614
f 5614/5614 5220/5220 4545/4545
f 5614/5614 4545/4545 5216/5216
f 5182/5182 5614/5614 5216/5216
f 5182/5182 5216/5216 4512/4512
f 5089/5089 4497/4497 5215/5215
f 5089/5089 5215/5215 5617/5617
f 5227/5227 5168/5168 4526/4526
f 5227/5227 4526/4526 4556/4556
f 4473/4473 5144/5144 5615/5615
f 4473/4473 5615/5615 5206/5206
f 5144/5144 4512/4512 5216/5216
f 5144/5144 5216/5216 5615/5615
f 5615/5615 5216/5216 4545/4545
f 5615/5615 4545/4545 5219/5219
f 5206/5206 5615/5615 5219/5219
f 5206/5206 5219/5219 4535/4535
f 5617/5617 5215/5215 4544/4544
f 5617/5617 4544/4544 5222/5222
f 5090/5090 5619/5619 5214/5214
f 5090/5090 5214/5214 4498/4498
f 5237/5237 5164/5164 4530/4530
f 5237/5237 4530/4530 4553/4553
f 4470/4470 5120/5120 5616/5616
f 4470/4470 5616/5616 5106/5106
f 5120/5120 4498/4498 5214/5214
f 5120/5120 5214/5214 5616/5616
f 5616/5616 5214/5214 4543/4543
f 5616/5616 4543/4543 5221/5221
f 5106/5106 5616/5616 5221/5221
f 5106/5106 5221/5221 4538/4538
f 4476/4476 5089/5089 5617/5617
f 4476/4476 5617/5617 5110/5110
f 5110/5110 5617/5617 5222/5222
f 5110/5110 5222/5222 4542/4542
f 5214/5214 5619/5619 5224/5224
f 5214/5214 5224/5224 4543/4543
f 4547/4547 5229/5229 5173/5173
f 4547/4547 5173/5173 4518/4518
f 4511/4511 5143/5143 5618/5618
f 4511/4511 5618/5618 5217/5217
f 5143/5143 4469/4469 5105/5105
f 5143/5143 5105/5105 5618/5618
f 5618/5618 5105/5105 4537/4537
f 5618/5618 4537/4537 5223/5223
f 5217/5217 5618/5618 5223/5223
f 5217/5217 5223/5223 4546/4546
f 5090/5090 4474/4474 5207/5207
f 5090/5090 5207/5207 5619/5619
f 5619/5619 5207/5207 4536/4536
f 5619/5619 4536/4536 5224/5224
f 4497/4497 5119/5119 5620/5620
f 4497/4497 5620/5620 5215/5215
f 5119/5119 4472/4472 5211/5211
f 5119/5119 5211/5211 5620/5620
f 5620/5620 5211/5211 4540/4540
f 5620/5620 4540/4540 5225/5225
f 5215/5215 5620/5620 5225/5225
f 5215/5215 5225/5225 4544/4544
f 4475/4475 5109/5109 5621/5621
f 4475/4475 5621/5621 5199/5199
f 5109/5109 4541/4541 5226/5226
f 5109/5109 5226/5226 5621/5621
f 5621/5621 5226/5226 4547/4547
f 5621/5621 4547/4547 5227/5227
f 5199/5199 5621/5621 5227/5227
f 5199/5199 5227/5227 4556/4556
f 4447/4447 5193/5193 5622/5622
f 4447/4447 5622/5622 5074/5074
f 5193/5193 4550/4550 5228/5228
f 5193/5193 5228/5228 5622/5622
f 5622/5622 5228/5228 4561/4561
f 5622/5622 4561/4561 5204/5204
f 5074/5074 5622/5622 5204/5204
f 5074/5074 5204/5204 4455/4455
f 5173/5173 5229/5229 4552/4552
f 5173/5173 4552/4552 4529/4529
f 4551/4551 5237/5237 5630/5630
f 4551/4551 5630/5630 5194/5194
f 4528/4528 4555/4555 5238/5238
f 4528/4528 5238/5238 5163/5163
f 5194/5194 5630/5630 5099/5099
f 5194/5194 5099/5099 4499/4499
f 4467/4467 5091/5091 5623/5623
f 4467/4467 5623/5623 5201/5201
f 5091/5091 4475/4475 5199/5199
f 5091/5091 5199/5199 5623/5623
f 5623/5623 5199/5199 4556/4556
f 5623/5623 4556/4556 5230/5230
f 5201/5201 5623/5623 5230/5230
f 5201/5201 5230/5230 4558/4558
f 4451/4451 5076/5076 5624/5624
f 4451/4451 5624/5624 5205/5205
f 5076/5076 4459/4459 5203/5203
f 5076/5076 5203/5203 5624/5624
f 5624/5624 5203/5203 4560/4560
f 5624/5624 4560/4560 5231/5231
f 5205/5205 5624/5624 5231/5231
f 5205/5205 5231/5231 4562/4562
f 4459/4459 5081/5081 5625/5625
f 4459/4459 5625/5625 5203/5203
f 5081/5081 4467/4467 5201/5201
f 5081/5081 5201/5201 5625/5625
f 5625/5625 5201/5201 4558/4558
f 5625/5625 4558/4558 5232/5232
f 5203/5203 5625/5625 5232/5232
f 5203/5203 5232/5232 4560/4560
f 4439/4439 5062/5062 5626/5626
f 4439/4439 5626/5626 5192/5192
f 5062/5062 4451/4451 5205/5205
f 5062/5062 5205/5205 5626/5626
f 5626/5626 5205/5205 4562/4562
f 5626/5626 4562/4562 5233/5233
f 5192/5192 5626/5626 5233/5233
f 5192/5192 5233/5233 4549/4549
f 4437/4437 5191/5191 5627/5627
f 4437/4437 5627/5627 5060/5060
f 5191/5191 4548/4548 5234/5234
f 5191/5191 5234/5234 5627/5627
f 5627/5627 5234/5234 4550/4550
f 5627/5627 4550/4550 5193/5193
f 5060/5060 5627/5627 5193/5193
f 5060/5060 5193/5193 4447/4447
f 4455/4455 5204/5204 5628/5628
f 4455/4455 5628/5628 5087/5087
f 5204/5204 4561/4561 5235/5235
f 5204/5204 5235/5235 5628/5628
f 5628/5628 5235/5235 4559/4559
f 5628/5628 4559/4559 5202/5202
f 5087/5087 5628/5628 5202/5202
f 5087/5087 5202/5202 4463/4463
f 4463/4463 5202/5202 5629/5629
f 4463/4463 5629/5629 5097/5097
f 5202/5202 4559/4559 5236/5236
f 5202/5202 5236/5236 5629/5629
f 5629/5629 5236/5236 4557/4557
f 5629/5629 4557/4557 5200/5200
f 5097/5097 5629/5629 5200/5200
f 5097/5097 5200/5200 4471/4471
f 5630/5630 5237/5237 4553/4553
f 5630/5630 4553/4553 5196/5196
f 5099/5099 5630/5630 5196/5196
f 5099/5099 5196/5196 4487/4487
f 5163/5163 5238/5238 4563/4563
f 5163/5163 4563/4563 4519/4519
f 4480/4480 5197/5197 5631/5631
f 4480/4480 5631/5631 5121/5121
f 5197/5197 4554/4554 5239/5239
f 5197/5197 5239/5239 5631/5631
f 5631/5631 5239/5239 4551/4551
f 5631/5631 4551/4551 5194/5194
f 5121/5121 5631/5631 5194/5194
f 5121/5121 5194/5194 4499/4499
f 4471/4471 5200/5200 5632/5632
f 4471/4471 5632/5632 5210/5210
f 5200/5200 4557/4557 5240/5240
f 5200/5200 5240/5240 5632/5632
f 5632/5632 5240/5240 4563/4563
f 5632/5632 4563/4563 5218/5218
f 5210/5210 5632/5632 5218/5218
f 5210/5210 5218/5218 4539/4539
f 5242/5242 4571/4571 5250/5250
f 5242/5242 5250/5250 5633/5633
f 5633/5633 5250/5250 4577/4577
f 5633/5633 4577/4577 5244/5244
f 5301/5301 5242/5242 5633/5633
f 5301/5301 5633/5633 5655/5655
f 5654/5654 5634/5634 5302/5302
f 5654/5654 5302/5302 5243/5243
f 5300/5300 4565/4565 5246/5246
f 5300/5300 5246/5246 5634/5634
f 5634/5634 5246/5246 4575/4575
f 5634/5634 4575/4575 5302/5302
f 4678/4678 5434/5434 5635/5635
f 4678/4678 5635/5635 5358/5358
f 5434/5434 4682/4682 5362/5362
f 5434/5434 5362/5362 5635/5635
f 5635/5635 5362/5362 4628/4628
f 5635/5635 4628/4628 5330/5330
f 5358/5358 5635/5635 5330/5330
f 5358/5358 5330/5330 4610/4610
f 4616/4616 5316/5316 5636/5636
f 4616/4616 5636/5636 5340/5340
f 5316/5316 4568/4568 5251/5251
f 5316/5316 5251/5251 5636/5636
f 5636/5636 5251/5251 4572/4572
f 5636/5636 4572/4572 5320/5320
f 5340/5340 5636/5636 5320/5320
f 5340/5340 5320/5320 4618/4618
f 5653/5653 5637/5637 5306/5306
f 5653/5653 5306/5306 5268/5268
f 5304/5304 4583/4583 5271/5271
f 5304/5304 5271/5271 5637/5637
f 5637/5637 5271/5271 4591/4591
f 5637/5637 4591/4591 5306/5306
f 5634/5634 5654/5654 5241/5241
f 5634/5634 5241/5241 5300/5300
f 4618/4618 5320/5320 5638/5638
f 4618/4618 5638/5638 5339/5339
f 5320/5320 4572/4572 5258/5258
f 5320/5320 5258/5258 5638/5638
f 5638/5638 5258/5258 4580/4580
f 5638/5638 4580/4580 5322/5322
f 5339/5339 5638/5638 5322/5322
f 5339/5339 5322/5322 4620/4620
f 5244/5244 4577/4577 5263/5263
f 5244/5244 5263/5263 5639/5639
f 5639/5639 5263/5263 4585/4585
f 5639/5639 4585/4585 5257/5257
f 5652/5652 5640/5640 5304/5304
f 5652/5652 5304/5304 5256/5256
f 5302/5302 4575/4575 5261/5261
f 5302/5302 5261/5261 5640/5640
f 5640/5640 5261/5261 4583/4583
f 5640/5640 4583/4583 5304/5304
f 5637/5637 5653/5653 5256/5256
f 5637/5637 5256/5256 5304/5304
f 5253/5253 4635/4635 5288/5288
f 5253/5253 5288/5288 5641/5641
f 5641/5641 5288/5288 4601/4601
f 5641/5641 4601/4601 5282/5282
f 4630/4630 5254/5254 5642/5642
f 4630/4630 5642/5642 5337/5337
f 5254/5254 4638/4638 5283/5283
f 5254/5254 5283/5283 5642/5642
f 5642/5642 5283/5283 4596/4596
f 5642/5642 4596/4596 5326/5326
f 5337/5337 5642/5642 5326/5326
f 5337/5337 5326/5326 4624/4624
f 4620/4620 5322/5322 5643/5643
f 4620/4620 5643/5643 5335/5335
f 5322/5322 4580/4580 5276/5276
f 5322/5322 5276/5276 5643/5643
f 5643/5643 5276/5276 4588/4588
f 5643/5643 4588/4588 5324/5324
f 5335/5335 5643/5643 5324/5324
f 5335/5335 5324/5324 4622/4622
f 5257/5257 4585/4585 5275/5275
f 5257/5257 5275/5275 5644/5644
f 5644/5644 5275/5275 4593/4593
f 5644/5644 4593/4593 5269/5269
f 5651/5651 5645/5645 5308/5308
f 5651/5651 5308/5308 5281/5281
f 5255/5255 4637/4637 5315/5315
f 5255/5255 5315/5315 5645/5645
f 5645/5645 5315/5315 4599/4599
f 5645/5645 4599/4599 5308/5308
f 5640/5640 5652/5652 5243/5243
f 5640/5640 5243/5243 5302/5302
f 5410/5410 5364/5364 4654/4654
f 5410/5410 4654/4654 4656/4656
f 4647/4647 5279/5279 5409/5409
f 4647/4647 5409/5409 4664/4664
f 4672/4672 5342/5342 5408/5408
f 4672/4672 5408/5408 4685/4685
f 5397/5397 5343/5343 4649/4649
f 5397/5397 4649/4649 4662/4662
f 5312/5312 5294/5294 5646/5646
f 5312/5312 5646/5646 5659/5659
f 5646/5646 5294/5294 4611/4611
f 5646/5646 4611/4611 5331/5331
f 5333/5333 5646/5646 5331/5331
f 5333/5333 5331/5331 4629/4629
f 4683/4683 5433/5433 5647/5647
f 4683/4683 5647/5647 5363/5363
f 5433/5433 4674/4674 5354/5354
f 5433/5433 5354/5354 5647/5647
f 5647/5647 5354/5354 4604/4604
f 5647/5647 4604/4604 5328/5328
f 5363/5363 5647/5647 5328/5328
f 5363/5363 5328/5328 4626/4626
f 5432/5432 4679/4679 5359/5359
f 5432/5432 5359/5359 5648/5648
f 5648/5648 5359/5359 4612/4612
f 5648/5648 4612/4612 5295/5295
f 5648/5648 5660/5660 5429/5429
f 5648/5648 5429/5429 5432/5432
f 5408/5408 5342/5342 4645/4645
f 5408/5408 4645/4645 4665/4665
f 4640/4640 5344/5344 5407/5407
f 4640/4640 5407/5407 4670/4670
f 5650/5650 5649/5649 5311/5311
f 5650/5650 5311/5311 5293/5293
f 5431/5431 4677/4677 5416/5416
f 5431/5431 5416/5416 5649/5649
f 5649/5649 5416/5416 4609/4609
f 5649/5649 4609/4609 5311/5311
f 4681/4681 5430/5430 5650/5650
f 4681/4681 5650/5650 5420/5420
f 5420/5420 5650/5650 5293/5293
f 5420/5420 5293/5293 4615/4615
f 4633/4633 5266/5266 5651/5651
f 4633/4633 5651/5651 5297/5297
f 5297/5297 5651/5651 5281/5281
f 5297/5297 5281/5281 4603/4603
f 4579/4579 5243/5243 5652/5652
f 4579/4579 5652/5652 5265/5265
f 5265/5265 5652/5652 5256/5256
f 5265/5265 5256/5256 4587/4587
f 4587/4587 5256/5256 5653/5653
f 4587/4587 5653/5653 5273/5273
f 5273/5273 5653/5653 5268/5268
f 5273/5273 5268/5268 4595/4595
f 4567/4567 5241/5241 5654/5654
f 4567/4567 5654/5654 5248/5248
f 5248/5248 5654/5654 5243/5243
f 5248/5248 5243/5243 4579/4579
f 4569/4569 5301/5301 5655/5655
f 4569/4569 5655/5655 5252/5252
f 5633/5633 5244/5244 5303/5303
f 5633/5633 5303/5303 5655/5655
f 5303/5303 5244/5244 5639/5639
f 5303/5303 5639/5639 5656/5656
f 5252/5252 5655/5655 5303/5303
f 5252/5252 5303/5303 4573/4573
f 4573/4573 5303/5303 5656/5656
f 4573/4573 5656/5656 5259/5259
f 5639/5639 5257/5257 5305/5305
f 5639/5639 5305/5305 5656/5656
f 5641/5641 5657/5657 5267/5267
f 5641/5641 5267/5267 5253/5253
f 5259/5259 5656/5656 5305/5305
f 5259/5259 5305/5305 4581/4581
f 4639/4639 5267/5267 5657/5657
f 4639/4639 5657/5657 5284/5284
f 5641/5641 5282/5282 5309/5309
f 5641/5641 5309/5309 5657/5657
f 5305/5305 5257/5257 5644/5644
f 5305/5305 5644/5644 5658/5658
f 5284/5284 5657/5657 5309/5309
f 5284/5284 5309/5309 4597/4597
f 4581/4581 5305/5305 5658/5658
f 4581/4581 5658/5658 5277/5277
f 5644/5644 5269/5269 5307/5307
f 5644/5644 5307/5307 5658/5658
f 5645/5645 5651/5651 5266/5266
f 5645/5645 5266/5266 5255/5255
f 5277/5277 5658/5658 5307/5307
f 5277/5277 5307/5307 4589/4589
f 4627/4627 5329/5329 5659/5659
f 4627/4627 5659/5659 5332/5332
f 5329/5329 4605/4605 5312/5312
f 5329/5329 5312/5312 5659/5659
f 5659/5659 5646/5646 5333/5333
f 5659/5659 5333/5333 5332/5332
f 4675/4675 5429/5429 5660/5660
f 4675/4675 5660/5660 5355/5355
f 5648/5648 5295/5295 5313/5313
f 5648/5648 5313/5313 5660/5660
f 5649/5649 5650/5650 5430/5430
f 5649/5649 5430/5430 5431/5431
f 5355/5355 5660/5660 5313/5313
f 5355/5355 5313/5313 4606/4606
f 4642/4642 5367/5367 5661/5661
f 4642/4642 5661/5661 5364/5364
f 5367/5367 4622/4622 5280/5280
f 5367/5367 5280/5280 5661/5661
f 5661/5661 5280/5280 4630/4630
f 5661/5661 4630/4630 5395/5395
f 5364/5364 5661/5661 5395/5395
f 5364/5364 5395/5395 4654/4654
f 4647/4647 5372/5372 5662/5662
f 4647/4647 5662/5662 5279/5279
f 5372/5372 4627/4627 5332/5332
f 5372/5372 5332/5332 5662/5662
f 5662/5662 5665/5665 5343/5343
f 5662/5662 5343/5343 5279/5279
f 4672/4672 5428/5428 5663/5663
f 4672/4672 5663/5663 5342/5342
f 5428/5428 4682/4682 5421/5421
f 5428/5428 5421/5421 5663/5663
f 5663/5663 5421/5421 4625/4625
f 5663/5663 4625/4625 5370/5370
f 5342/5342 5663/5663 5370/5370
f 5342/5342 5370/5370 4645/4645
f 4634/4634 5278/5278 5664/5664
f 4634/4634 5664/5664 5287/5287
f 5278/5278 4631/4631 5334/5334
f 5278/5278 5334/5334 5664/5664
f 5664/5664 5334/5334 4625/4625
f 5664/5664 4625/4625 5327/5327
f 5287/5287 5664/5664 5327/5327
f 5287/5287 5327/5327 4600/4600
f 5332/5332 5333/5333 5665/5665
f 5332/5332 5665/5665 5662/5662
f 5665/5665 5333/5333 4629/4629
f 5665/5665 4629/4629 5374/5374
f 5343/5343 5665/5665 5374/5374
f 5343/5343 5374/5374 4649/4649
f 4584/4584 5323/5323 5666/5666
f 4584/4584 5666/5666 5274/5274
f 5323/5323 4621/4621 5336/5336
f 5323/5323 5336/5336 5666/5666
f 5666/5666 5336/5336 4623/4623
f 5666/5666 4623/4623 5325/5325
f 5274/5274 5666/5666 5325/5325
f 5274/5274 5325/5325 4592/4592
f 4576/4576 5321/5321 5667/5667
f 4576/4576 5667/5667 5262/5262
f 5321/5321 4619/4619 5338/5338
f 5321/5321 5338/5338 5667/5667
f 5667/5667 5338/5338 4621/4621
f 5667/5667 4621/4621 5323/5323
f 5262/5262 5667/5667 5323/5323
f 5262/5262 5323/5323 4584/4584
f 4640/4640 5365/5365 5668/5668
f 4640/4640 5668/5668 5344/5344
f 5365/5365 4620/4620 5335/5335
f 5365/5365 5335/5335 5668/5668
f 5668/5668 5335/5335 4622/4622
f 5668/5668 4622/4622 5367/5367
f 5344/5344 5668/5668 5367/5367
f 5344/5344 5367/5367 4642/4642
f 4654/4654 5395/5395 5669/5669
f 4654/4654 5669/5669 5345/5345
f 5395/5395 4630/4630 5337/5337
f 5395/5395 5337/5337 5669/5669
f 5669/5669 5337/5337 4624/4624
f 5669/5669 4624/4624 5369/5369
f 5345/5345 5669/5669 5369/5369
f 5345/5345 5369/5369 4644/4644
f 4653/4653 5378/5378 5670/5670
f 4653/4653 5670/5670 5346/5346
f 5378/5378 4616/4616 5340/5340
f 5378/5378 5340/5340 5670/5670
f 5670/5670 5340/5340 4618/4618
f 5670/5670 4618/4618 5376/5376
f 5346/5346 5670/5670 5376/5376
f 5346/5346 5376/5376 4651/4651
f 4570/4570 5317/5317 5671/5671
f 4570/4570 5671/5671 5249/5249
f 5317/5317 4617/4617 5341/5341
f 5317/5317 5341/5341 5671/5671
f 5671/5671 5341/5341 4619/4619
f 5671/5671 4619/4619 5321/5321
f 5249/5249 5671/5671 5321/5321
f 5249/5249 5321/5321 4576/4576
f 5407/5407 5344/5344 4642/4642
f 5407/5407 4642/4642 4668/4668
f 4654/4654 5345/5345 5406/5406
f 4654/4654 5406/5406 4656/4656
f 4655/4655 5379/5379 5672/5672
f 4655/4655 5672/5672 5347/5347
f 5379/5379 4631/4631 5291/5291
f 5379/5379 5291/5291 5672/5672
f 5672/5672 5291/5291 4623/4623
f 5672/5672 4623/4623 5368/5368
f 5347/5347 5672/5672 5368/5368
f 5347/5347 5368/5368 4643/4643
f 5673/5673 5253/5253 5267/5267
f 5673/5673 5267/5267 5677/5677
f 5269/5269 4593/4593 5299/5299
f 5269/5269 5299/5299 5673/5673
f 5673/5673 5299/5299 4635/4635
f 5673/5673 4635/4635 5253/5253
f 5675/5675 5676/5676 5268/5268
f 5675/5675 5268/5268 5306/5306
f 4622/4622 5324/5324 5674/5674
f 4622/4622 5674/5674 5280/5280
f 5324/5324 4588/4588 5318/5318
f 5324/5324 5318/5318 5674/5674
f 5674/5674 5318/5318 4638/4638
f 5674/5674 4638/4638 5254/5254
f 5280/5280 5674/5674 5254/5254
f 5280/5280 5254/5254 4630/4630
f 5306/5306 4591/4591 5286/5286
f 5306/5306 5286/5286 5675/5675
f 5675/5675 5286/5286 4637/4637
f 5675/5675 4637/4637 5255/5255
f 4595/4595 5268/5268 5676/5676
f 4595/4595 5676/5676 5290/5290
f 5676/5676 5675/5675 5255/5255
f 5676/5676 5255/5255 5266/5266
f 5290/5290 5676/5676 5266/5266
f 5290/5290 5266/5266 4633/4633
f 4589/4589 5307/5307 5677/5677
f 4589/4589 5677/5677 5319/5319
f 5307/5307 5269/5269 5673/5673
f 5307/5307 5673/5673 5677/5677
f 5319/5319 5677/5677 5267/5267
f 5319/5319 5267/5267 4639/4639
f 4592/4592 5325/5325 5678/5678
f 4592/4592 5678/5678 5298/5298
f 5325/5325 4623/4623 5291/5291
f 5325/5325 5291/5291 5678/5678
f 5678/5678 5291/5291 4631/4631
f 5678/5678 4631/4631 5278/5278
f 5298/5298 5678/5678 5278/5278
f 5298/5298 5278/5278 4634/4634
f 4651/4651 5376/5376 5679/5679
f 4651/4651 5679/5679 5348/5348
f 5376/5376 4618/4618 5339/5339
f 5376/5376 5339/5339 5679/5679
f 5679/5679 5339/5339 4620/4620
f 5679/5679 4620/4620 5365/5365
f 5348/5348 5679/5679 5365/5365
f 5348/5348 5365/5365 4640/4640
f 5406/5406 5345/5345 4644/4644
f 5406/5406 4644/4644 4666/4666
f 4653/4653 5346/5346 5405/5405
f 4653/4653 5405/5405 4657/4657
f 5405/5405 5346/5346 4651/4651
f 5405/5405 4651/4651 4659/4659
f 4671/4671 4655/4655 5347/5347
f 4671/4671 5347/5347 5404/5404
f 5404/5404 5347/5347 4643/4643
f 5404/5404 4643/4643 4667/4667
f 4651/4651 5348/5348 5403/5403
f 4651/4651 5403/5403 4659/4659
f 5403/5403 5348/5348 4640/4640
f 5403/5403 4640/4640 4670/4670
f 4650/4650 5349/5349 5402/5402
f 4650/4650 5402/5402 4660/4660
f 4641/4641 5350/5350 5401/5401
f 4641/4641 5401/5401 4669/4669
f 5402/5402 5349/5349 4652/4652
f 5402/5402 4652/4652 4658/4658
f 4643/4643 5351/5351 5400/5400
f 4643/4643 5400/5400 4667/4667
f 5401/5401 5350/5350 4650/4650
f 5401/5401 4650/4650 4660/4660
f 4644/4644 5412/5412 5423/5423
f 4644/4644 5423/5423 4666/4666
f 5400/5400 5351/5351 4641/4641
f 5400/5400 4641/4641 4669/4669
f 4631/4631 5379/5379 5680/5680
f 4631/4631 5680/5680 5334/5334
f 5379/5379 4655/4655 5352/5352
f 5379/5379 5352/5352 5680/5680
f 5680/5680 5352/5352 4645/4645
f 5680/5680 4645/4645 5370/5370
f 5334/5334 5680/5680 5370/5370
f 5334/5334 5370/5370 4625/4625
f 4652/4652 5349/5349 5681/5681
f 4652/4652 5681/5681 5377/5377
f 5349/5349 4650/4650 5375/5375
f 5349/5349 5375/5375 5681/5681
f 5681/5681 5375/5375 4619/4619
f 5681/5681 4619/4619 5341/5341
f 5377/5377 5681/5681 5341/5341
f 5377/5377 5341/5341 4617/4617
f 4650/4650 5350/5350 5682/5682
f 4650/4650 5682/5682 5375/5375
f 5350/5350 4641/4641 5366/5366
f 5350/5350 5366/5366 5682/5682
f 5682/5682 5366/5366 4621/4621
f 5682/5682 4621/4621 5338/5338
f 5375/5375 5682/5682 5338/5338
f 5375/5375 5338/5338 4619/4619
f 4641/4641 5351/5351 5683/5683
f 4641/4641 5683/5683 5366/5366
f 5351/5351 4643/4643 5368/5368
f 5351/5351 5368/5368 5683/5683
f 5683/5683 5368/5368 4623/4623
f 5683/5683 4623/4623 5336/5336
f 5366/5366 5683/5683 5336/5336
f 5366/5366 5336/5336 4621/4621
f 4671/4671 5396/5396 5684/5684
f 4671/4671 5684/5684 5399/5399
f 5396/5396 4632/4632 5296/5296
f 5396/5396 5296/5296 5684/5684
f 5684/5684 5296/5296 4602/4602
f 5684/5684 4602/4602 5389/5389
f 5399/5399 5684/5684 5389/5389
f 5399/5399 5389/5389 4665/4665
f 4673/4673 5412/5412 5685/5685
f 4673/4673 5685/5685 5427/5427
f 5412/5412 4644/4644 5369/5369
f 5412/5412 5369/5369 5685/5685
f 5685/5685 5369/5369 4624/4624
f 5685/5685 4624/4624 5422/5422
f 5427/5427 5685/5685 5422/5422
f 5427/5427 5422/5422 4683/4683
f 5343/5343 5397/5397 5409/5409
f 5343/5343 5409/5409 5279/5279
f 5423/5423 5412/5412 4673/4673
f 5423/5423 4673/4673 4684/4684
f 4671/4671 5399/5399 5352/5352
f 4671/4671 5352/5352 4655/4655
f 5697/5697 5686/5686 5292/5292
f 5697/5697 5292/5292 5310/5310
f 5686/5686 5397/5397 4662/4662
f 5686/5686 4662/4662 5386/5386
f 5292/5292 5686/5686 5386/5386
f 5292/5292 5386/5386 4614/4614
f 4676/4676 5356/5356 5687/5687
f 4676/4676 5687/5687 5426/5426
f 5356/5356 4598/4598 5390/5390
f 5356/5356 5390/5390 5687/5687
f 5687/5687 5390/5390 4666/4666
f 5687/5687 4666/4666 5423/5423
f 5426/5426 5687/5687 5423/5423
f 5426/5426 5423/5423 4684/4684
f 5352/5352 5399/5399 4665/4665
f 5352/5352 4665/4665 4645/4645
f 4684/4684 4673/4673 5353/5353
f 4684/4684 5353/5353 5398/5398
f 4586/4586 5272/5272 5688/5688
f 4586/4586 5688/5688 5393/5393
f 5272/5272 4594/4594 5391/5391
f 5272/5272 5391/5391 5688/5688
f 5688/5688 5391/5391 4667/4667
f 5688/5688 4667/4667 5400/5400
f 5393/5393 5688/5688 5400/5400
f 5393/5393 5400/5400 4669/4669
f 4578/4578 5264/5264 5689/5689
f 4578/4578 5689/5689 5384/5384
f 5264/5264 4586/4586 5393/5393
f 5264/5264 5393/5393 5689/5689
f 5689/5689 5393/5393 4669/4669
f 5689/5689 4669/4669 5401/5401
f 5384/5384 5689/5689 5401/5401
f 5384/5384 5401/5401 4660/4660
f 4566/4566 5247/5247 5690/5690
f 4566/4566 5690/5690 5382/5382
f 5247/5247 4578/4578 5384/5384
f 5247/5247 5384/5384 5690/5690
f 5690/5690 5384/5384 4660/4660
f 5690/5690 4660/4660 5402/5402
f 5382/5382 5690/5690 5402/5402
f 5382/5382 5402/5402 4658/4658
f 4574/4574 5383/5383 5691/5691
f 4574/4574 5691/5691 5260/5260
f 5383/5383 4659/4659 5403/5403
f 5383/5383 5403/5403 5691/5691
f 5691/5691 5403/5403 4670/4670
f 5691/5691 4670/4670 5394/5394
f 5260/5260 5691/5691 5394/5394
f 5260/5260 5394/5394 4582/4582
f 4632/4632 5396/5396 5692/5692
f 4632/4632 5692/5692 5289/5289
f 5396/5396 4671/4671 5404/5404
f 5396/5396 5404/5404 5692/5692
f 5692/5692 5404/5404 4667/4667
f 5692/5692 4667/4667 5391/5391
f 5289/5289 5692/5692 5391/5391
f 5289/5289 5391/5391 4594/4594
f 4564/4564 5381/5381 5693/5693
f 4564/4564 5693/5693 5245/5245
f 5381/5381 4657/4657 5405/5405
f 5381/5381 5405/5405 5693/5693
f 5693/5693 5405/5405 4659/4659
f 5693/5693 4659/4659 5383/5383
f 5245/5245 5693/5693 5383/5383
f 5245/5245 5383/5383 4574/4574
f 4636/4636 5380/5380 5694/5694
f 4636/4636 5694/5694 5314/5314
f 5380/5380 4656/4656 5406/5406
f 5380/5380 5406/5406 5694/5694
f 5694/5694 5406/5406 4666/4666
f 5694/5694 4666/4666 5390/5390
f 5314/5314 5694/5694 5390/5390
f 5314/5314 5390/5390 4598/4598
f 4582/4582 5394/5394 5695/5695
f 4582/4582 5695/5695 5270/5270
f 5394/5394 4670/4670 5407/5407
f 5394/5394 5407/5407 5695/5695
f 5695/5695 5407/5407 4668/4668
f 5695/5695 4668/4668 5392/5392
f 5270/5270 5695/5695 5392/5392
f 5270/5270 5392/5392 4590/4590
f 4680/4680 5425/5425 5696/5696
f 4680/4680 5696/5696 5360/5360
f 5425/5425 4685/4685 5408/5408
f 5425/5425 5408/5408 5696/5696
f 5696/5696 5408/5408 4665/4665
f 5696/5696 4665/4665 5389/5389
f 5360/5360 5696/5696 5389/5389
f 5360/5360 5389/5389 4602/4602
f 4608/4608 5388/5388 5697/5697
f 4608/4608 5697/5697 5310/5310
f 5388/5388 4664/4664 5409/5409
f 5388/5388 5409/5409 5697/5697
f 5409/5409 5397/5397 5686/5686
f 5409/5409 5686/5686 5697/5697
f 4590/4590 5392/5392 5698/5698
f 4590/4590 5698/5698 5285/5285
f 5392/5392 4668/4668 5410/5410
f 5392/5392 5410/5410 5698/5698
f 5698/5698 5410/5410 4656/4656
f 5698/5698 4656/4656 5380/5380
f 5285/5285 5698/5698 5380/5380
f 5285/5285 5380/5380 4636/4636
f 4613/4613 5385/5385 5699/5699
f 4613/4613 5699/5699 5419/5419
f 5385/5385 4661/4661 5424/5424
f 5385/5385 5424/5424 5699/5699
f 5699/5699 5424/5424 4685/4685
f 5699/5699 4685/4685 5425/5425
f 5419/5419 5699/5699 5425/5425
f 5419/5419 5425/5425 4680/4680
f 4607/4607 5415/5415 5700/5700
f 4607/4607 5700/5700 5387/5387
f 5415/5415 4676/4676 5426/5426
f 5415/5415 5426/5426 5700/5700
f 5700/5700 5426/5426 4684/4684
f 5700/5700 4684/4684 5398/5398
f 5387/5387 5700/5700 5398/5398
f 5387/5387 5398/5398 4663/4663
f 4648/4648 5411/5411 5424/5424
f 4648/4648 5424/5424 4661/4661
f 5398/5398 5353/5353 4646/4646
f 5398/5398 4646/4646 4663/4663
f 4646/4646 5353/5353 5701/5701
f 4646/4646 5701/5701 5371/5371
f 5353/5353 4673/4673 5427/5427
f 5353/5353 5427/5427 5701/5701
f 5701/5701 5427/5427 4683/4683
f 5701/5701 4683/4683 5363/5363
f 5371/5371 5701/5701 5363/5363
f 5371/5371 5363/5363 4626/4626
f 4648/4648 5373/5373 5702/5702
f 4648/4648 5702/5702 5411/5411
f 5373/5373 4628/4628 5362/5362
f 5373/5373 5362/5362 5702/5702
f 5702/5702 5362/5362 4682/4682
f 5702/5702 4682/4682 5428/5428
f 5411/5411 5702/5702 5428/5428
f 5411/5411 5428/5428 4672/4672
f 4597/4597 5309/5309 5703/5703
f 4597/4597 5703/5703 5414/5414
f 5703/5703 5706/5706 5432/5432
f 5703/5703 5432/5432 5429/5429
f 5705/5705 5704/5704 5281/5281
f 5705/5705 5281/5281 5308/5308
f 5414/5414 5703/5703 5429/5429
f 5414/5414 5429/5429 4675/4675
f 4603/4603 5281/5281 5704/5704
f 4603/4603 5704/5704 5361/5361
f 5361/5361 5704/5704 5430/5430
f 5361/5361 5430/5430 4681/4681
f 5705/5705 5431/5431 5430/5430
f 5705/5705 5430/5430 5704/5704
f 5308/5308 4599/4599 5357/5357
f 5308/5308 5357/5357 5705/5705
f 5705/5705 5357/5357 4677/4677
f 5705/5705 4677/4677 5431/5431
f 4642/4642 5364/5364 5410/5410
f 4642/4642 5410/5410 4668/4668
f 5424/5424 5411/5411 4672/4672
f 5424/5424 4672/4672 4685/4685
f 5282/5282 4601/4601 5418/5418
f 5282/5282 5418/5418 5706/5706
f 5706/5706 5418/5418 4679/4679
f 5706/5706 4679/4679 5432/5432
f 5309/5309 5282/5282 5706/5706
f 5309/5309 5706/5706 5703/5703
f 4624/4624 5326/5326 5707/5707
f 4624/4624 5707/5707 5422/5422
f 5326/5326 4596/4596 5413/5413
f 5326/5326 5413/5413 5707/5707
f 5707/5707 5413/5413 4674/4674
f 5707/5707 4674/4674 5433/5433
f 5422/5422 5707/5707 5433/5433
f 5422/5422 5433/5433 4683/4683
f 4600/4600 5327/5327 5708/5708
f 4600/4600 5708/5708 5417/5417
f 5327/5327 4625/4625 5421/5421
f 5327/5327 5421/5421 5708/5708
f 5708/5708 5421/5421 4682/4682
f 5708/5708 4682/4682 5434/5434
f 5417/5417 5708/5708 5434/5434
f 5417/5417 5434/5434 4678/4678
f 5743/5743 5753/5753 5722/5722
f 5743/5743 5722/5722 5710/5710
f 5759/5759 5769/5769 5754/5754
f 5759/5759 5754/5754 5742/5742
f 5727/5727 5737/5737 5770/5770
f 5727/5727 5770/5770 5758/5758
f 5711/5711 5721/5721 5738/5738
f 5711/5711 5738/5738 5726/5726
f 5709/5709 5713/5713 5715/5715
f 5709/5709 5715/5715 5719/5719
f 5710/5710 5717/5717 5714/5714
f 5710/5710 5714/5714 5712/5712
f 5711/5711 5720/5720 5716/5716
f 5711/5711 5716/5716 5718/5718
f 5725/5725 5728/5728 5731/5731
f 5725/5725 5731/5731 5736/5736
f 5726/5726 5734/5734 5732/5732
f 5726/5726 5732/5732 5729/5729
f 5727/5727 5735/5735 5730/5730
f 5727/5727 5730/5730 5733/5733
f 5741/5741 5744/5744 5747/5747
f 5741/5741 5747/5747 5752/5752
f 5742/5742 5750/5750 5748/5748
f 5742/5742 5748/5748 5745/5745
f 5743/5743 5751/5751 5746/5746
f 5743/5743 5746/5746 5749/5749
f 5757/5757 5761/5761 5763/5763
f 5757/5757 5763/5763 5767/5767
f 5758/5758 5765/5765 5762/5762
f 5758/5758 5762/5762 5760/5760
f 5759/5759 5768/5768 5764/5764
f 5759/5759 5764/5764 5766/5766
f 5725/5725 5709/5709 5719/5719
f 5725/5725 5719/5719 5728/5728
f 5729/5729 5720/5720 5711/5711
f 5729/5729 5711/5711 5726/5726
f 5710/5710 5722/5722 5723/5723
f 5710/5710 5723/5723 5717/5717
f 5718/5718 5724/5724 5721/5721
f 5718/5718 5721/5721 5711/5711
f 5737/5737 5727/5727 5733/5733
f 5737/5737 5733/5733 5739/5739
f 5740/5740 5734/5734 5726/5726
f 5740/5740 5726/5726 5738/5738
f 5757/5757 5725/5725 5736/5736
f 5757/5757 5736/5736 5761/5761
f 5760/5760 5735/5735 5727/5727
f 5760/5760 5727/5727 5758/5758
f 5769/5769 5759/5759 5766/5766
f 5769/5769 5766/5766 5772/5772
f 5771/5771 5765/5765 5758/5758
f 5771/5771 5758/5758 5770/5770
f 5741/5741 5757/5757 5767/5767
f 5741/5741 5767/5767 5744/5744
f 5745/5745 5768/5768 5759/5759
f 5745/5745 5759/5759 5742/5742
f 5753/5753 5743/5743 5749/5749
f 5753/5753 5749/5749 5755/5755
f 5756/5756 5750/5750 5742/5742
f 5756/5756 5742/5742 5754/5754
f 5709/5709 5741/5741 5752/5752
f 5709/5709 5752/5752 5713/5713
f 5712/5712 5751/5751 5743/5743
f 5712/5712 5743/5743 5710/5710
f 5725/5725 5757/5757 5741/5741
f 5725/5725 5741/5741 5709/5709
f 5807/5807 5817/5817 5786/5786
f 5807/5807 5786/5786 5774/5774
f 5823/5823 5833/5833 5818/5818
f 5823/5823 5818/5818 5806/5806
f 5791/5791 5801/5801 5834/5834
f 5791/5791 5834/5834 5822/5822
f 5775/5775 5785/5785 5802/5802
f 5775/5775 5802/5802 5790/5790
f 5773/5773 5776/5776 5779/5779
f 5773/5773 5779/5779 5784/5784
f 5774/5774 5782/5782 5780/5780
f 5774/5774 5780/5780 5777/5777
f 5775/5775 5783/5783 5778/5778
f 5775/5775 5778/5778 5781/5781
f 5789/5789 5793/5793 5795/5795
f 5789/5789 5795/5795 5799/5799
f 5790/5790 5797/5797 5794/5794
f 5790/5790 5794/5794 5792/5792
f 5791/5791 5800/5800 5796/5796
f 5791/5791 5796/5796 5798/5798
f 5805/5805 5808/5808 5810/5810
f 5805/5805 5810/5810 5815/5815
f 5806/5806 5813/5813 5811/5811
f 5806/5806 5811/5811 5809/5809
f 5807/5807 5816/5816 5812/5812
f 5807/5807 5812/5812 5814/5814
f 5821/5821 5824/5824 5826/5826
f 5821/5821 5826/5826 5831/5831
f 5822/5822 5830/5830 5828/5828
f 5822/5822 5828/5828 5825/5825
f 5823/5823 5832/5832 5827/5827
f 5823/5823 5827/5827 5829/5829
f 5789/5789 5773/5773 5784/5784
f 5789/5789 5784/5784 5793/5793
f 5792/5792 5783/5783 5775/5775
f 5792/5792 5775/5775 5790/5790
f 5774/5774 5786/5786 5788/5788
f 5774/5774 5788/5788 5782/5782
f 5781/5781 5787/5787 5785/5785
f 5781/5781 5785/5785 5775/5775
f 5801/5801 5791/5791 5798/5798
f 5801/5801 5798/5798 5804/5804
f 5803/5803 5797/5797 5790/5790
f 5803/5803 5790/5790 5802/5802
f 5821/5821 5789/5789 5799/5799
f 5821/5821 5799/5799 5824/5824
f 5825/5825 5800/5800 5791/5791
f 5825/5825 5791/5791 5822/5822
f 5833/5833 5823/5823 5829/5829
f 5833/5833 5829/5829 5835/5835
f 5836/5836 5830/5830 5822/5822
f 5836/5836 5822/5822 5834/5834
f 5805/5805 5821/5821 5831/5831
f 5805/5805 5831/5831 5808/5808
f 5809/5809 5832/5832 5823/5823
f 5809/5809 5823/5823 5806/5806
f 5817/5817 5807/5807 5814/5814
f 5817/5817 5814/5814 5820/5820
f 5819/5819 5813/5813 5806/5806
f 5819/5819 5806/5806 5818/5818
f 5773/5773 5805/5805 5815/5815
f 5773/5773 5815/5815 5776/5776
f 5777/5777 5816/5816 5807/5807
f 5777/5777 5807/5807 5774/5774
f 5789/5789 5821/5821 5805/5805
f 5789/5789 5805/5805 5773/5773
f 5871/5871 5881/5881 5850/5850
f 5871/5871 5850/5850 5838/5838
f 5887/5887 5897/5897 5882/5882
f 5887/5887 5882/5882 5870/5870
f 5855/5855 5865/5865 5898/5898
f 5855/5855 5898/5898 5886/5886
f 5839/5839 5849/5849 5866/5866
f 5839/5839 5866/5866 5854/5854
f 5837/5837 5841/5841 5844/5844
f 5837/5837 5844/5844 5848/5848
f 5838/5838 5846/5846 5843/5843
f 5838/5838 5843/5843 5840/5840
f 5839/5839 5847/5847 5842/5842
f 5839/5839 5842/5842 5845/5845
f 5853/5853 5857/5857 5860/5860
f 5853/5853 5860/5860 5864/5864
f 5854/5854 5861/5861 5858/5858
f 5854/5854 5858/5858 5856/5856
f 5855/5855 5863/5863 5859/5859
f 5855/5855 5859/5859 5862/5862
f 5869/5869 5873/5873 5876/5876
f 5869/5869 5876/5876 5880/5880
f 5870/5870 5877/5877 5874/5874
f 5870/5870 5874/5874 5872/5872
f 5871/5871 5879/5879 5875/5875
f 5871/5871 5875/5875 5878/5878
f 5885/5885 5889/5889 5892/5892
f 5885/5885 5892/5892 5896/5896
f 5886/5886 5894/5894 5891/5891
f 5886/5886 5891/5891 5888/5888
f 5887/5887 5895/5895 5890/5890
f 5887/5887 5890/5890 5893/5893
f 5853/5853 5837/5837 5848/5848
f 5853/5853 5848/5848 5857/5857
f 5856/5856 5847/5847 5839/5839
f 5856/5856 5839/5839 5854/5854
f 5838/5838 5850/5850 5852/5852
f 5838/5838 5852/5852 5846/5846
f 5845/5845 5851/5851 5849/5849
f 5845/5845 5849/5849 5839/5839
f 5865/5865 5855/5855 5862/5862
f 5865/5865 5862/5862 5868/5868
f 5867/5867 5861/5861 5854/5854
f 5867/5867 5854/5854 5866/5866
f 5885/5885 5853/5853 5864/5864
f 5885/5885 5864/5864 5889/5889
f 5888/5888 5863/5863 5855/5855
f 5888/5888 5855/5855 5886/5886
f 5897/5897 5887/5887 5893/5893
f 5897/5897 5893/5893 5899/5899
f 5900/5900 5894/5894 5886/5886
f 5900/5900 5886/5886 5898/5898
f 5869/5869 5885/5885 5896/5896
f 5869/5869 5896/5896 5873/5873
f 5872/5872 5895/5895 5887/5887
f 5872/5872 5887/5887 5870/5870
f 5881/5881 5871/5871 5878/5878
f 5881/5881 5878/5878 5884/5884
f 5883/5883 5877/5877 5870/5870
f 5883/5883 5870/5870 5882/5882
f 5837/5837 5869/5869 5880/5880
f 5837/5837 5880/5880 5841/5841
f 5840/5840 5879/5879 5871/5871
f 5840/5840 5871/5871 5838/5838
f 5853/5853 5885/5885 5869/5869
f 5853/5853 5869/5869 5837/5837
f 5935/5935 5945/5945 5914/5914
f 5935/5935 5914/5914 5902/5902
f 5951/5951 5961/5961 5946/5946
f 5951/5951 5946/5946 5934/5934
f 5919/5919 5929/5929 5962/5962
f 5919/5919 5962/5962 5950/5950
f 5903/5903 5913/5913 5930/5930
f 5903/5903 5930/5930 5918/5918
f 5901/5901 5905/5905 5908/5908
f 5901/5901 5908/5908 5912/5912
f 5902/5902 5910/5910 5907/5907
f 5902/5902 5907/5907 5904/5904
f 5903/5903 5911/5911 5906/5906
f 5903/5903 5906/5906 5909/5909
f 5917/5917 5921/5921 5923/5923
f 5917/5917 5923/5923 5927/5927
f 5918/5918 5925/5925 5922/5922
f 5918/5918 5922/5922 5920/5920
f 5919/5919 5928/5928 5924/5924
f 5919/5919 5924/5924 5926/5926
f 5933/5933 5936/5936 5939/5939
f 5933/5933 5939/5939 5944/5944
f 5934/5934 5942/5942 5940/5940
f 5934/5934 5940/5940 5937/5937
f 5935/5935 5943/5943 5938/5938
f 5935/5935 5938/5938 5941/5941
f 5949/5949 5952/5952 5954/5954
f 5949/5949 5954/5954 5959/5959
f 5950/5950 5958/5958 5956/5956
f 5950/5950 5956/5956 5953/5953
f 5951/5951 5960/5960 5955/5955
f 5951/5951 5955/5955 5957/5957
f 5917/5917 5901/5901 5912/5912
f 5917/5917 5912/5912 5921/5921
f 5920/5920 5911/5911 5903/5903
f 5920/5920 5903/5903 5918/5918
f 5902/5902 5914/5914 5916/5916
f 5902/5902 5916/5916 5910/5910
f 5909/5909 5915/5915 5913/5913
f 5909/5909 5913/5913 5903/5903
f 5929/5929 5919/5919 5926/5926
f 5929/5929 5926/5926 5932/5932
f 5931/5931 5925/5925 5918/5918
f 5931/5931 5918/5918 5930/5930
f 5949/5949 5917/5917 5927/5927
f 5949/5949 5927/5927 5952/5952
f 5953/5953 5928/5928 5919/5919
f 5953/5953 5919/5919 5950/5950
f 5961/5961 5951/5951 5957/5957
f 5961/5961 5957/5957 5963/5963
f 5964/5964 5958/5958 5950/5950
f 5964/5964 5950/5950 5962/5962
f 5933/5933 5949/5949 5959/5959
f 5933/5933 5959/5959 5936/5936
f 5937/5937 5960/5960 5951/5951
f 5937/5937 5951/5951 5934/5934
f 5945/5945 5935/5935 5941/5941
f 5945/5945 5941/5941 5947/5947
f 5948/5948 5942/5942 5934/5934
f 5948/5948 5934/5934 5946/5946
f 5901/5901 5933/5933 5944/5944
f 5901/5901 5944/5944 5905/5905
f 5904/5904 5943/5943 5935/5935
f 5904/5904 5935/5935 5902/5902
f 5917/5917 5949/5949 5933/5933
f 5917/5917 5933/5933 5901/5901
f 2417/2417 2447/2447 2446/2446

